frame,time_s,episode,split,status,object_x_proxy_cm,object_y_proxy_cm,heading_rad,contact_x_proxy_cm,contact_y_proxy_cm,virtual_rear_x_cm,virtual_rear_y_cm,roof_spacing_proxy_cm,tool_spacing_proxy_cm
195,6.501888315041963,v2_left_01,train,accepted,22.105215162815057,14.989174712588849,0.02328133713360871,12.10449568893971,12.931054216200591,7.812987020364201,13.408738763443994,3.17337556368774,4.318012179132185
196,6.535231332042178,v2_left_01,train,accepted,22.109283264677046,14.977591155505811,0.022301028506966386,12.32923306149431,12.554452264008756,8.071391332710796,13.009147745774003,3.174027242253755,4.282051397228659
197,6.568574349042393,v2_left_01,train,accepted,22.1122245327756,14.978604688305587,0.023947146373896267,12.480699484915386,12.580198259709139,8.287809316388074,12.929000753944079,3.176507387627288,4.207373425941357
198,6.601917366042609,v2_left_01,train,accepted,22.109894001054425,14.98323491039794,0.025467124141149874,12.611702464623741,12.674370289521029,8.438626237504167,12.928687337339083,3.1730527642163393,4.180818383781031
199,6.635260383042824,v2_left_01,train,accepted,22.108242718123293,14.983910300008757,0.02556089090793218,12.70511795683813,12.550716592825674,8.554111067348252,12.763518730775745,3.1763392315004007,4.156457980842408
200,6.668603400043039,v2_left_01,train,accepted,22.107228839544625,14.983543271499574,0.02519385409512091,12.80594671748533,12.378228510398035,8.668528025720029,12.565869843910766,3.174476380134069,4.141671486370126
201,6.701946417043254,v2_left_01,train,accepted,22.10135702488015,14.987280814866672,0.023843193004595267,12.892234574461002,12.319568650923575,8.78897071785859,12.476816497527105,3.1753607887057913,4.106275826361539
202,6.7352894340434695,v2_left_01,train,accepted,22.10925780868559,14.979326608103259,0.021258220613243985,13.009338248208682,12.432363498620617,8.925329978766618,12.541871785749878,3.1721432419851285,4.085476179078903
203,6.768632451043684,v2_left_01,train,accepted,22.105556796749163,14.985140850949152,0.02124406101905115,13.109787776545499,12.439064473620862,9.027696431651679,12.524240187539553,3.1723900735072945,4.082979873854217
204,6.801975468043899,v2_left_01,train,accepted,22.09605968010359,14.993433959586994,0.0210385501520516,13.200819803397398,12.439228278870592,9.122097735815196,12.508198971360175,3.17631203347187,4.079305168898808
205,6.835318485044115,v2_left_01,train,accepted,22.09914864619502,14.991711658202354,0.022034234358850276,13.326349825725652,12.330488230080562,9.249125049138375,12.425003831461169,3.1789520337804,4.07832012938189
206,6.86866150204433,v2_left_01,train,accepted,22.09933236501616,15.003955787053156,0.027205055899692993,13.488308385185844,12.234286283027076,9.415888341211863,12.337401959155525,3.172578673998657,4.073725304586021
207,6.902004519044545,v2_left_01,train,accepted,22.097123193707326,15.005645623793132,0.027270629123046525,13.715517010578797,12.23408913741024,9.638452399733353,12.350238419410495,3.17238931110309,4.07871873223902
208,6.935347536044761,v2_left_01,train,accepted,22.096963722655715,15.005812451344049,0.02727854042291998,14.020238773098665,12.31022995282831,9.951416389991913,12.434574825779555,3.1724511244697355,4.070721954727413
209,6.968690553044976,v2_left_01,train,accepted,22.095736372053878,15.006780840804616,0.02726184308690538,14.372763293167814,12.408920157341903,10.280504758870125,12.507784907505988,3.1726163699939347,4.093452595347512
210,7.002033570045191,v2_left_01,train,accepted,22.09273577250177,15.006374054550292,0.026550105376336237,14.711716616114277,12.527670560499097,10.644041184913434,12.63847381327613,3.1695653936207373,4.069184288579339
211,7.035376587045406,v2_left_01,train,accepted,22.09751808791726,15.01273817259208,0.03034065135094938,15.119790351156345,12.764557505590853,11.04281691005749,12.870116869095652,3.173874850402605,4.078339762531926
212,7.068719604045621,v2_left_01,train,accepted,22.095331284267623,15.014315651860118,0.030274270533578423,15.473670415135512,12.95706504311385,11.424954875582802,13.00153853988049,3.174023769783995,4.0489597938396775
213,7.102062621045836,v2_left_01,train,accepted,22.102034955298052,15.00658879236472,0.02908102298948084,15.793952549300435,12.950879053785739,11.759119561717894,13.044582713993808,3.17144223227305,4.0359209127063735
214,7.135405638046052,v2_left_01,train,accepted,22.098414558700636,15.009064542440822,0.028962577036131594,16.08525454246181,13.071550881932351,12.02956716256843,13.108006187353219,3.1716039861919656,4.055851219253459
215,7.168748655046267,v2_left_01,train,accepted,22.099003394578453,15.011916195809507,0.03166434062006119,16.332957743344735,13.186704087544825,12.329557339925604,13.214022299393923,3.1705493993899596,4.00349360868668
216,7.202091672046482,v2_left_01,train,accepted,22.098411708337537,15.012365236347359,0.03165176561115216,16.5489992036981,13.10679126330267,12.547163778292438,13.164127784920806,3.1706115839200755,4.002246150443894
217,7.235434689046698,v2_left_01,train,accepted,22.099013241331278,15.013881618793683,0.030357252846065788,16.78055636975384,13.089476142585271,12.772668716791598,13.160100673964257,3.1777013189571495,4.008509855694467
218,7.2687777060469125,v2_left_01,train,accepted,22.104636219646878,15.002549979278346,0.02959091588592504,17.009743287741095,13.185278074207698,12.994956791050123,13.236515440379033,3.182689410568572,4.015113433230042
219,7.3021207230471274,v2_left_01,train,accepted,22.100581949058572,14.998567480982603,0.028443215320983897,17.197955458535098,13.251686419148287,13.22321749600977,13.30286715242007,3.1778257296662717,3.975067463351815
220,7.335463740047342,v2_left_01,train,accepted,22.09880246258237,14.995837881488924,0.028893304383027705,17.424040360302797,13.192755645101075,13.428950256275314,13.264757736617135,3.1803383877422657,3.9957388854229468
221,7.368806757047558,v2_left_01,train,accepted,22.242980254606923,14.994361916577402,0.033484644107315394,17.644555562853537,13.264806984185803,13.65795748154231,13.312899245829321,3.1823956458125546,3.9868881508695906
222,7.402149774047773,v2_left_01,train,accepted,22.485286201309414,15.005933293129369,0.02925038314101189,17.847760307140977,13.316596915474307,13.886562449103156,13.370075962683796,3.193925595968055,3.9615588445729104
223,7.435492791047988,v2_left_01,train,accepted,22.77750705733454,15.016007097065472,0.03625186725932405,18.15814636595077,13.3285927075483,14.175260081244282,13.382847067276048,3.1716531907068903,3.9832557904875405
224,7.468835808048204,v2_left_01,train,accepted,23.07752415681264,15.036743161868024,0.03244482679738147,18.410347848929188,13.323291091364025,14.462561676126096,13.381301197495919,3.203959050802897,3.9482123598647423
225,7.502178825048419,v2_left_01,train,accepted,23.438498052405095,15.070869343847669,0.025731522734624795,18.767103820390062,13.440004454177943,14.7984231121675,13.457496633231347,3.166297117600599,3.968719256907192
226,7.535521842048634,v2_left_01,train,accepted,23.83702023593159,15.093053106523652,0.016309125456369998,19.13604021779717,13.604148481900863,15.175780255974711,13.581121322318598,3.1982193045300185,3.960326907629274
227,7.568864859048849,v2_left_01,train,accepted,24.265644648539347,15.123292698293096,0.0344608103419122,19.52945168466335,13.67079742963199,15.579798818776302,13.605326647007267,3.1906981958737295,3.9501954615420316
228,7.602207876049064,v2_left_01,train,accepted,24.675935469185863,15.142629854542541,0.04289638872223683,19.915851486129604,13.572205339988871,15.980318719197511,13.539266316319582,3.192994367209663,3.935670608533756
229,7.635550893049279,v2_left_01,train,accepted,25.09910432260084,15.15469323495628,0.057340397276237284,20.31760514609291,13.477606759232863,16.38280903913941,13.466069759338911,3.1915219718583057,3.934813020419515
230,7.668893910049495,v2_left_01,train,accepted,25.544317039035697,15.160099269345043,0.060179540409244045,20.712401607580393,13.445651563485626,16.795692348430457,13.415950718553418,3.1890756454719167,3.916821869947693
231,7.70223692704971,v2_left_01,train,accepted,25.997557081787726,15.157420280929514,0.06272497293998752,21.141038903301876,13.311072730933105,17.219445589747934,13.299081522730114,3.187978967557649,3.9216116465026403
232,7.735579944049925,v2_left_01,train,accepted,26.46318139353719,15.11274133809485,0.06347703968080198,21.58203168783485,13.201315532833624,17.659411022311538,13.213336727096548,3.217610300548808,3.92263908545026
233,7.768922961050141,v2_left_01,train,accepted,26.92486811882732,15.075994007172348,0.06331744264007579,22.01076029438448,13.185107352408146,18.09798533483098,13.180488639963613,3.204450418780291,3.9127776855596497
234,7.802265978050356,v2_left_01,train,accepted,27.388857072679205,15.062113406094365,0.05591108911328225,22.45001596090867,13.217469721597755,18.53043501385611,13.214032132341748,3.2057821768418187,3.919582454486361
235,7.8356089950505705,v2_left_01,train,accepted,27.854377973200826,15.044664958182416,0.049595991225921766,22.862971542988866,13.286140308022832,18.959626501173737,13.236229220853742,3.214704968636837,3.903664129005613
236,7.868952012050786,v2_left_01,train,accepted,28.329177894591503,15.055714221661828,0.039874529086781664,23.283714930012508,13.437304689526222,19.39662088767449,13.362530150967459,3.2238510495391335,3.8878131803877074
237,7.902295029051001,v2_left_01,train,accepted,28.77528136318132,15.108498080036231,0.03818453581250096,23.708526094149196,13.49914270373443,19.801433559112777,13.41269700853974,3.212230568516607,3.9080487376125452
238,7.935638046051216,v2_left_01,train,accepted,29.187290014690923,15.148243601425525,0.047809040969590336,24.064861635709665,13.492788404163958,20.17490266691802,13.445171957957259,3.235387563565443,3.8902503910200847
239,7.968981063051431,v2_left_01,train,accepted,29.560560324535288,15.188609055861281,0.06033010340738567,24.410058881522126,13.594174647925415,20.519160474094587,13.494341915069818,3.2401413770026153,3.8921789516248575
240,8.002324080051647,v2_left_01,train,accepted,29.889802494431997,15.25430357471846,0.05118518339728082,24.719576343399964,13.686687320734027,20.830788479284003,13.59435767870793,3.2493830147080978,3.889883779098323
241,8.035667097051862,v2_left_01,train,accepted,30.152861381333366,15.291263797876848,0.05232333492558381,24.9652983931456,13.745503371402402,21.052292972096375,13.627502381568135,3.2387289594261457,3.9147842416616627
242,8.069010114052077,v2_left_01,train,accepted,30.41628446328376,15.314157146625696,0.051982031824046246,25.19871735073664,13.753649623553407,21.29477779527391,13.64454596042528,3.2454656005264413,3.905463821624075
243,8.102353131052292,v2_left_01,train,accepted,30.622486037099108,15.331261288350088,0.05455613305062716,25.384148263272337,13.748767580471565,21.48341300260177,13.666801087961003,3.260139427169165,3.901596350179395
244,8.135696148052508,v2_left_01,train,accepted,30.776548288444765,15.353438858610614,0.06012286155206791,25.518323912277843,13.817371750901566,21.61719135015089,13.72979527331771,3.2552344742953707,3.902115439952181
245,8.169039165052723,v2_left_01,train,accepted,30.90550204715771,15.363184957146302,0.0589551477728314,25.630846915804458,13.843861247858543,21.730920711318802,13.745612348131324,3.2537916420253254,3.9011635760028702
246,8.202382182052938,v2_left_01,train,accepted,30.96384939938983,15.366728428237904,0.05773911261842503,25.69048550359398,13.826716777245808,21.784862205709523,13.746225015113394,3.2655641498359724,3.9064526451435504
247,8.235725199053153,v2_left_01,train,accepted,30.963119792683475,15.368892052078841,0.05527723763421011,25.670891059903557,13.826011749697384,21.77382824005057,13.743140084626052,3.2567894337515577,3.897943859876924
248,8.269068216053368,v2_left_01,train,accepted,30.965289908207403,15.365807777302514,0.05627333314934432,25.55520317620575,13.719765578407022,21.659762775808403,13.727737970015864,3.2575296194055645,3.8954485585200347
249,8.302411233053583,v2_left_01,train,accepted,30.97016465207799,15.364279435161468,0.055461942524026864,25.38999739296151,13.479865570026792,21.37591889244345,13.561827525107203,3.266476415186255,4.014915188444449
250,8.335754250053798,v2_left_01,train,accepted,30.965410537752135,15.365797644888833,0.052888426079331724,25.02432978488828,13.251225294619434,20.876252864626768,13.474287640793223,3.269797392428861,4.154070166317222
251,8.369097267054014,v2_left_01,train,accepted,30.96585807443143,15.365299616644137,0.05352745935612778,24.43888647224788,13.294652200176268,20.185287823103135,13.630733146529929,3.2686337456434327,4.266855032750465
252,8.40244028405423,v2_left_01,train,accepted,30.971628699591065,15.365379396456884,0.05398470303789903,23.667909907402525,13.061937599837798,19.329865424823048,13.618298337860713,3.2688244020406354,4.3735760201066185
253,8.435783301054444,v2_left_01,train,accepted,30.97404658116799,15.362814359158588,0.05502552056963142,22.773428187393808,12.546118219683548,18.45782401695416,13.443493877942876,3.2675914789485,4.407915882585834
254,8.46912631805466,v2_left_01,train,accepted,30.959639235003607,15.343735585467098,0.05530155986703778,21.654249159545177,11.59602844556201,17.51833869599651,12.967612395978836,3.2719207872669074,4.357407244627519
255,8.502469335054874,v2_left_01,train,missing_or_ambiguous_corners,nan,nan,nan,nan,nan,nan,nan,nan,nan
256,8.535812352055089,v2_left_01,train,missing_or_ambiguous_corners,nan,nan,nan,nan,nan,nan,nan,nan,nan
257,8.569155369055306,v2_left_01,train,missing_or_ambiguous_corners,nan,nan,nan,nan,nan,nan,nan,nan,nan
258,8.60249838605552,v2_left_01,train,missing_or_ambiguous_corners,nan,nan,nan,nan,nan,nan,nan,nan,nan
259,8.635841403055736,v2_left_01,train,missing_or_ambiguous_corners,nan,nan,nan,nan,nan,nan,nan,nan,nan
260,8.66918442005595,v2_left_01,train,missing_or_ambiguous_corners,nan,nan,nan,nan,nan,nan,nan,nan,nan
261,8.702527437056165,v2_left_01,train,missing_or_ambiguous_corners,nan,nan,nan,nan,nan,nan,nan,nan,nan
262,8.73587045405638,v2_left_01,train,missing_or_ambiguous_corners,nan,nan,nan,nan,nan,nan,nan,nan,nan
263,8.769213471056597,v2_left_01,train,missing_marker,31.044116074026824,15.492899032143496,0.054376920514575565,nan,nan,nan,nan,3.221461434800462,nan
363,12.103515171078115,v2_left_02,train,accepted,20.684088452443845,15.189999478907048,0.029952973028176344,12.493718083075283,11.215146014723608,8.431670883614537,11.655830153896694,3.1447169680447105,4.085881785020904
364,12.13685818807833,v2_left_02,train,accepted,20.68555672745734,15.194816702931394,0.028187141236707656,12.67292711818007,10.974641121247561,8.623434386502588,11.408474685311683,3.1476369756829587,4.072665336756425
365,12.170201205078547,v2_left_02,train,accepted,20.683339291634265,15.196318426411779,0.028248447910038412,12.908260685669342,10.822499825932647,8.849913982699285,11.291623996793284,3.1474776032742655,4.085370907175212
366,12.203544222078762,v2_left_02,train,accepted,20.68306806691224,15.198658662843979,0.027599091578039543,13.203989473337321,11.038265661678153,9.165128772705367,11.45151464486377,3.1463317759964475,4.059947103253093
367,12.236887239078976,v2_left_02,train,accepted,20.6822600886107,15.205120839163943,0.02797284540612627,13.471312547159474,11.121895999662467,9.444139349823947,11.503565374302912,3.1464653398157494,4.045218841160028
368,12.270230256079191,v2_left_02,train,accepted,20.67846527071543,15.206669603058431,0.029327548239513324,13.737657241188069,10.978129601937093,9.707493759920732,11.400035040702061,3.144742481900602,4.052187296387017
369,12.303573273079406,v2_left_02,train,accepted,20.67884186738672,15.203490626384415,0.028410985599059194,13.99779303381446,10.945944205061503,9.970888286026389,11.377953209566638,3.1494011630592333,4.050011558962718
370,12.336916290079621,v2_left_02,train,accepted,20.67941716123326,15.202610390815895,0.028399678058092275,14.285685666026064,11.015780030996996,10.26958074572416,11.439323928241265,3.14931806690952,4.038376921953427
371,12.370259307079838,v2_left_02,train,accepted,20.676177901092554,15.20559866533457,0.029186447137199457,14.572087033029243,11.24253417173342,10.561463419222466,11.626203124090813,3.145742588395249,4.028933312506866
372,12.403602324080053,v2_left_02,train,accepted,20.677708959056286,15.200141443395289,0.028301700063560423,14.842416037822272,11.740980692072496,10.848238692115514,12.036608401044852,3.138592801888056,4.005102796592033
373,12.436945341080268,v2_left_02,train,accepted,20.677305652305705,15.200246119830037,0.028311769416814795,15.106336580298798,12.306002714076547,11.114280172218162,12.492598918917462,3.138643756178141,3.9964149570532213
374,12.470288358080483,v2_left_02,train,accepted,20.676149628919873,15.200952346654944,0.028297414060428,15.220271456244427,12.5009218694229,11.221002563794059,12.637435078651318,3.1383122818223197,4.001598122052618
375,12.503631375080698,v2_left_02,train,accepted,20.679300678167248,15.197946917553416,0.029449112712813592,15.258933079488717,12.510395706798779,11.253994870446027,12.64406592621008,3.1393038002834492,4.0071683001600436
376,12.536974392080912,v2_left_02,train,accepted,20.68452223433814,15.1941394665076,0.029536829987098563,15.258178947081655,12.507736441450433,11.253290466931087,12.643543366627696,3.1394590350902805,4.007190444609393
377,12.57031740908113,v2_left_02,train,accepted,20.68476756183084,15.193962782214445,0.029546377189658656,15.258165748190851,12.523720464080965,11.253687551474107,12.664469266804883,3.1394573925952436,4.0069509422312635
378,12.603660426081344,v2_left_02,train,accepted,20.68489959192705,15.193853491890202,0.029543518380437384,15.328429202535052,12.815447133724772,11.342012687620489,12.884056151917054,3.1394217850024084,3.9870068758105845
379,12.637003443081559,v2_left_02,train,accepted,20.68498340056626,15.193905475695939,0.02952682219388255,15.502527239506428,13.23372063407762,11.520872484125952,13.25436508350744,3.1394713605519695,3.9817082746399457
380,12.670346460081774,v2_left_02,train,accepted,20.68504588238418,15.193952537357326,0.02951186428340026,15.668448270941694,13.539304300908908,11.697133835493842,13.492110697112972,3.1392655934372575,3.971594841047578
381,12.703689477081989,v2_left_02,train,accepted,20.681892987327394,15.19632034465431,0.029547317161185253,15.888761561920115,13.587558129899369,11.88447949956978,13.543809651717009,3.1391096194956507,4.004521040549534
382,12.737032494082204,v2_left_02,train,accepted,20.68710056893511,15.20186792582767,0.03316269945735612,16.10544420406495,13.684339444063694,12.11594933754002,13.601554327134101,3.1402224488785704,3.990353701818149
383,12.770375511082419,v2_left_02,train,accepted,20.83829882198752,15.198081963506507,0.02188219959839563,16.333064506209993,13.710071027406897,12.330428563600162,13.668720294582675,3.189572274367281,4.002849531543397
384,12.803718528082635,v2_left_02,train,accepted,21.05251009435112,15.201945786612306,0.019896029282744965,16.542672393694463,13.81034149444345,12.557647535671688,13.716597366941993,3.1902359764573545,3.986127328686385
385,12.83706154508285,v2_left_02,train,accepted,21.292692464884116,15.217698451925632,0.0236533595455793,16.753066761832272,13.922910043410258,12.761228332070658,13.823352783698796,3.1697459703120634,3.9930797258861395
386,12.870404562083065,v2_left_02,train,accepted,21.564115838221465,15.226659376659097,0.03171531217835961,16.989007433061055,13.991450636312024,13.022977896333488,13.8624408503825,3.1634022855201205,3.968127242297184
387,12.90374757908328,v2_left_02,train,accepted,21.870307651082697,15.245886966771383,0.03064274881758424,17.287028520044867,14.051976308083919,13.290364919297994,13.902736047066309,3.179369637173788,3.9994490361853043
388,12.937090596083495,v2_left_02,train,accepted,22.201630037701996,15.250039746723644,0.02658986858938236,17.598168029906255,14.049536672873776,13.613814851271036,13.916298924458014,3.20233101364287,3.9865803076952404
389,12.97043361308371,v2_left_02,train,accepted,22.56308279758889,15.262592428775932,0.03471530782340238,17.914041059800006,14.106755795009395,13.950240722021347,13.976469478882002,3.1841357625183866,3.9659409529069216
390,13.003776630083927,v2_left_02,train,accepted,22.941699240792833,15.303738857714976,0.02413785023196742,18.29087477684822,14.107719129610505,14.310143543567273,13.97683124188168,3.1954938651501448,3.9828824726286567
391,13.037119647084142,v2_left_02,train,accepted,23.347379204220395,15.311984829343828,0.03252851260129607,18.653991487467216,14.111419067945922,14.704580354211288,13.979965874792077,3.1684658647884945,3.9515981882620883
392,13.070462664084356,v2_left_02,train,accepted,23.746663076906557,15.34153775495165,0.02223852854297816,19.044861473735295,14.164569311946419,15.085121454400875,13.991664336474347,3.1938528058093008,3.963513233390492
393,13.103805681084571,v2_left_02,train,accepted,24.170544475614257,15.365313816796345,0.02913183087381867,19.40647494476392,14.221220078241016,15.465938523296083,14.090622864529756,3.1971625126917163,3.94269995322288
394,13.137148698084786,v2_left_02,train,accepted,24.600140932949927,15.381734608763477,0.043059560664563734,19.814911451377682,14.118655855942308,15.870038640245447,13.993301923223521,3.1970583459976805,3.946863958189896
395,13.170491715085001,v2_left_02,train,accepted,25.026863052363332,15.374543468643502,0.04635182596283477,20.21125006461902,14.096788885718603,16.25614877248202,13.974286848994971,3.210035072271774,3.956997975746916
396,13.203834732085218,v2_left_02,train,accepted,25.418114129164984,15.352568961201854,0.04475550983069499,20.59292832399954,14.080821056632692,16.644371526903768,13.981592305763588,3.1918680765983014,3.9498034286392363
397,13.237177749085433,v2_left_02,train,accepted,25.82649194836044,15.32757281437948,0.035585102157882686,20.93580094516753,14.083127787088813,17.008541403276148,13.97137040180735,3.195181083300266,3.928849350960386
398,13.270520766085648,v2_left_02,train,accepted,26.20909868670583,15.295794614714666,0.04343490067734933,21.319517785191646,14.005104307886493,17.37378386686736,13.863296765844744,3.201837804145815,3.948281339164504
399,13.303863783085863,v2_left_02,train,accepted,26.597190143881193,15.286859588489394,0.045523004423982064,21.661026985247887,14.008550367899717,17.736717249792477,13.87111584677039,3.2066461680869014,3.9267155674161267
400,13.337206800086078,v2_left_02,train,accepted,26.980913530771534,15.290467761190818,0.03944822847253111,22.024156897972823,14.00245118085565,18.090111393746458,13.875157379829156,3.224264484363553,3.9361043864592116
401,13.370549817086292,v2_left_02,train,accepted,27.365302020326403,15.288009936738444,0.037885694500480765,22.36742829000259,13.995466068619132,18.450553502488095,13.86898337796722,3.2303814394321524,3.918916428312967
402,13.403892834086507,v2_left_02,train,accepted,27.748107734749638,15.292341458546138,0.04777268550422536,22.718968184002485,13.999998395935467,18.790238098636006,13.870113553979325,3.230986497308963,3.93087651241217
403,13.437235851086724,v2_left_02,train,accepted,28.128229041341537,15.299616854191777,0.0400339042289562,23.081636295093087,14.09695512502825,19.15280817947667,13.906565754566069,3.22521463141723,3.9334385052321648
404,13.470578868086939,v2_left_02,train,accepted,28.502787715913712,15.328325861030727,0.03913822792019075,23.412180862243883,14.118262641707556,19.495734316236145,13.965824306452268,3.2325932482416344,3.919412072465887
405,13.503921885087154,v2_left_02,train,accepted,28.88634479077107,15.352647167480502,0.03333954511108556,23.783297222995643,14.130727136889208,19.848750117019897,13.993644200184267,3.2161684050098693,3.936934424228802
406,13.537264902087369,v2_left_02,train,accepted,29.29774943655858,15.380709494044813,0.03717050768831395,24.175906507316196,14.178645849036721,20.226508231481628,14.011959021464037,3.2411324149178524,3.9529142717305805
407,13.570607919087584,v2_left_02,train,accepted,29.730225836491876,15.38657336975394,0.034855665616969116,24.542463396023738,14.242247836900436,20.62710338267521,14.046606547720884,3.2616144693713656,3.9202448326807895
408,13.603950936087799,v2_left_02,train,accepted,30.125581429401947,15.409186081549247,0.04192694752108879,24.926810233476584,14.217992397827317,20.96866563335219,14.062869566873838,3.2560785933339034,3.9611831273215463
409,13.637293953088015,v2_left_02,train,accepted,30.518308587086207,15.430427801516949,0.04882429759554238,25.289937728981343,14.214771177249485,21.341259580101557,14.107795106372203,3.2586683171733903,3.950126960387607
410,13.67063697008823,v2_left_02,train,accepted,30.86206049917183,15.437351106270873,0.05197916095148602,25.605150596171512,14.199021079897843,21.652678933346305,14.101763789315223,3.2486931882462824,3.9536680723105384
411,13.703979987088445,v2_left_02,train,accepted,31.088277322999254,15.438788318039673,0.05049356167261554,25.816735341838534,14.162812972234498,21.86313162882003,14.056990447218821,3.246313640500401,3.9550196872322116
412,13.73732300408866,v2_left_02,train,accepted,31.23270671762114,15.440646960630314,0.05840432108086775,25.933938063713597,14.112820832208307,21.98145491385225,14.00486136895491,3.2616337200883048,3.953957295627235
413,13.770666021088875,v2_left_02,train,accepted,31.270665906122495,15.443718113682506,0.04907906068355837,25.933368226373716,14.110610692943128,22.000415239408213,13.994392243081556,3.259053028120302,3.934669735285174
414,13.80400903808909,v2_left_02,train,accepted,31.27044301328862,15.44359493234644,0.04905645521917137,25.817977744844317,13.967391900991887,21.888493141805935,13.959756808622393,3.2590902526916774,3.9294920206244472
415,13.837352055089307,v2_left_02,train,accepted,31.270419917941652,15.445007290600882,0.047948164798389356,25.585004448516703,13.432231799926754,21.63962490090093,13.601606311988572,3.258261920986656,3.9490134844136726
416,13.870695072089521,v2_left_02,train,accepted,31.269298803926887,15.447454787708697,0.04769857433358902,25.153744997584994,12.469606587333011,21.22436327683402,12.939093665512658,3.2568463085768937,3.9573297593136654
417,13.904038089089736,v2_left_02,train,accepted,31.26887150788064,15.445071760155956,0.048209142825071605,24.61163867639619,11.272471475175442,20.657291499621262,12.134883028085472,3.2579736766079845,4.047297281033422
418,13.937381106089951,v2_left_02,train,accepted,31.267666459392643,15.447026885133951,0.04903141157369189,23.678947344858468,9.819416828995154,19.83096137466576,11.163659303853843,3.258110433529752,4.076025497713936
419,13.970724123090166,v2_left_02,train,accepted,31.26459170506093,15.449237354143294,0.049614319395375264,22.582631131863582,8.31096446098513,18.939075766298444,10.144838998122612,3.260825502809669,4.079042966174753
420,14.004067140090381,v2_left_02,train,accepted,31.266843633699732,15.444391758094584,0.05363643263791652,21.397802107051756,6.836002949810185,18.031588021315304,9.136422364327156,3.2481689322596456,4.077171415785349
421,14.037410157090596,v2_left_02,train,accepted,31.190089452965594,15.41326387157022,0.0566223195149509,19.910968910571544,5.3280931884873315,16.935319082108897,8.097401059585579,3.2751218941626763,4.064917955698059
422,14.070753174090813,v2_left_02,train,missing_or_ambiguous_corners,nan,nan,nan,nan,nan,nan,nan,nan,nan
423,14.104096191091028,v2_left_02,train,missing_or_ambiguous_corners,nan,nan,nan,nan,nan,nan,nan,nan,nan
424,14.137439208091243,v2_left_02,train,missing_or_ambiguous_corners,nan,nan,nan,nan,nan,nan,nan,nan,nan
425,14.170782225091457,v2_left_02,train,missing_or_ambiguous_corners,nan,nan,nan,nan,nan,nan,nan,nan,nan
588,19.605693996126533,v2_top_01,train,accepted,22.060056261669324,15.094729866810386,0.04912196180612207,20.550373970648177,18.796594638888333,20.124599398771384,23.541636620713774,3.183708583458306,4.764106148622506
589,19.63903701312675,v2_top_01,train,accepted,22.05265719381271,15.10425952209754,0.04785099112447103,20.63269232430829,18.61981294763748,20.2409233899233,23.347990453991436,3.179444135575665,4.744380405231083
590,19.672380030126966,v2_top_01,train,accepted,22.05553276512682,15.104592559983125,0.04734003272858462,20.74819871748274,18.370807672315287,20.354717355066143,23.09352416451962,3.183392933747151,4.739079936897882
591,19.70572304712718,v2_top_01,train,accepted,22.05924547264142,15.0998847811129,0.04866231280915585,20.7146669921669,18.06173731391979,20.354481470598472,22.747923311761262,3.181534520609562,4.700007746409893
592,19.739066064127396,v2_top_01,train,accepted,22.06209825645547,15.098921232329182,0.048096093160086895,20.46428914427535,17.656919151970843,20.189297418931268,22.315205409466504,3.1837403450714072,4.6663959653870615
593,19.77240908112761,v2_top_01,train,accepted,22.065634085461227,15.09336403000166,0.04737757773673242,20.062608122622535,17.24451323657279,19.917614363265464,21.86592237091772,3.1794650590882694,4.623683118170972
594,19.805752098127826,v2_top_01,train,accepted,22.075309359675472,15.07823613089025,0.047169783663471514,20.07445134937632,17.11124426209289,19.92654558498306,21.662456817936324,3.177344079054354,4.553615249843545
595,19.83909511512804,v2_top_01,train,accepted,22.0801666975382,15.078195717923833,0.047215009941144276,20.18786318168579,17.07559635786106,20.053206867341903,21.646954453907412,3.1813517783525764,4.573340919424356
596,19.872438132128256,v2_top_01,train,accepted,22.075529660164054,15.082674925184193,0.04727919254255142,20.360818801715,17.09842861541805,20.197714611016846,21.679351566210972,3.1812976096629146,4.583825701106513
597,19.905781149128472,v2_top_01,train,accepted,22.078911230227117,15.07989109952226,0.04703570077953709,20.40977917297339,17.03838625516998,20.27775303245271,21.6243531259345,3.17906648432113,4.587866938080325
598,19.939124166128686,v2_top_01,train,accepted,22.07496066224831,15.081806030156022,0.04870298132591834,20.405150031482464,17.01827710256408,20.221164476160325,21.601424442269746,3.1779169012653807,4.586838804887121
599,19.972467183128902,v2_top_01,train,accepted,22.074581993747117,15.082144651551324,0.0487725263780327,20.326500182830483,17.01511577280387,20.212060853234743,21.59994473111698,3.177399853456986,4.5862569637063295
600,20.005810200129115,v2_top_01,train,accepted,22.080628890089315,15.079826493171213,0.04863220027717144,20.28317929757391,17.021744091502097,20.20758342290756,21.605752114739964,3.174495642987126,4.584631314879716
601,20.039153217129332,v2_top_01,train,accepted,22.072034892427347,15.08609079548092,0.04831760176361147,20.271247908950585,17.026566143325983,20.16135712321961,21.605477085600036,3.174479021744012,4.580229404960589
602,20.07249623412955,v2_top_01,train,accepted,22.071165129102223,15.086459987566121,0.04853899994231089,20.2347720272206,17.021187937179477,20.13983909774334,21.59327790101589,3.1744742496052814,4.573075431098071
603,20.105839251129762,v2_top_01,train,accepted,22.071440903743472,15.086432849810851,0.04841792793520259,20.157402401808604,16.953782884373027,20.085724577854098,21.521567738438208,3.1739834287668485,4.568347204785788
604,20.13918226812998,v2_top_01,train,accepted,22.05663771287642,15.099854806445357,0.04910168024038334,20.12198013445179,16.93716300075678,20.018071800258767,21.501824353607855,3.17407756074744,4.565843865938364
605,20.17252528513019,v2_top_01,train,accepted,22.05606410812915,15.099718631964652,0.04907898545009761,20.11316584169432,16.90510876288851,20.00950227370849,21.488447612943556,3.1736605541700946,4.584511004431276
606,20.20586830213041,v2_top_01,train,accepted,22.055666620696407,15.099371732246219,0.04905456168623934,20.085306818638752,16.886102899976876,19.99374040597768,21.475157075931943,3.173927237175373,4.589967607486817
607,20.23921131913062,v2_top_01,train,accepted,22.054925695791702,15.098754685014828,0.04902868598342311,20.08431262557239,16.88424707663734,19.988569476596314,21.472324662065983,3.1739456822618064,4.589076451802539
608,20.27255433613084,v2_top_01,train,accepted,22.04562030841707,15.10336413336248,0.04923795630633828,20.183147054673675,16.883289267198553,20.063815099042756,21.47834746908377,3.177555029611189,4.596607444012083
609,20.305897353131055,v2_top_01,train,accepted,22.065286161853166,15.091822698377062,0.04927086362364843,20.341914028663446,16.892448325264194,20.20205942822585,21.462048434567045,3.177839999760302,4.5717397638321655
610,20.339240370131268,v2_top_01,train,accepted,22.063719454551926,15.096611638765769,0.05089105564312652,20.388306791753468,16.863246947561596,20.21849382886214,21.462902951875,3.1815601283552057,4.602789567249659
611,20.372583387131485,v2_top_01,train,accepted,22.061676153138045,15.095724696522495,0.049434734242537366,20.340374045311723,16.793251230679616,20.208824691963144,21.381030538162722,3.176715118334436,4.589664934016056
612,20.405926404131698,v2_top_01,train,accepted,22.07383788211972,15.091367864946346,0.049362715377306195,20.38279773908035,16.741632075281565,20.26365082193429,21.322534460458588,3.181647784159022,4.5824515982589435
613,20.439269421131915,v2_top_01,train,accepted,22.05632776412686,15.102446744606393,0.04843802459681245,20.477698263480974,16.670859070376796,20.34391687046714,21.25743158047656,3.1808234287213817,4.588523166719284
614,20.472612438132128,v2_top_01,train,accepted,22.058176378147113,15.102139785531618,0.05004150575206881,20.5004990687628,16.601924062871287,20.366734777393145,21.182475425047603,3.1784382843147894,4.582504082614758
615,20.505955455132344,v2_top_01,train,accepted,22.048064151515703,15.107434474789894,0.05013258898131087,20.472163255756815,16.494038503795483,20.37300025810497,21.06911698644858,3.178944027770999,4.576153015638646
616,20.53929847213256,v2_top_01,train,accepted,22.05111638857926,15.104427259705174,0.050030391452499746,20.56134775048949,16.37537361277093,20.454191669417227,20.922914866839406,3.177919553843651,4.548803566122136
617,20.572641489132774,v2_top_01,train,accepted,22.06668810914004,15.095669210195283,0.04848513094197272,20.636498652451447,16.266288672581354,20.538890127767786,20.770614888811227,3.1811321667112016,4.505383678035274
618,20.60598450613299,v2_top_01,train,accepted,22.068619588637496,15.09684059179334,0.04994196189237864,20.714946612752485,16.179742498633967,20.60324811843365,20.647839762811888,3.1775943221845253,4.469493228072654
619,20.639327523133204,v2_top_01,train,accepted,22.04521352693277,15.10795182174946,0.04722589075627351,20.79722634525979,16.116621063377067,20.67811986664573,20.53463171920146,3.1773975515950417,4.419615877904518
620,20.67267054013342,v2_top_01,train,accepted,22.043535828602387,15.108808907303244,0.04780033823256938,20.844143939714424,16.058080497731552,20.730090538077572,20.370983898225223,3.1790624476252347,4.314411190465601
621,20.706013557133637,v2_top_01,train,accepted,22.042154558629832,15.108557811589616,0.047935489034388566,20.882196778012347,16.01295636917208,20.788754035830795,20.20385391687303,3.1813030639319546,4.191939145716721
622,20.73935657413385,v2_top_01,train,accepted,22.05058342171309,15.10126591688046,0.048605509875832,20.937532752829323,15.969361599991952,20.849755048408905,20.04849593450465,3.182874148715841,4.080078656642991
623,20.772699591134067,v2_top_01,train,accepted,22.053560113392656,14.98295726275666,0.05804372824754851,20.978370842100475,15.808115746599654,20.917442770870043,19.887082539404915,3.1603812656313712,4.079421812790619
624,20.80604260813428,v2_top_01,train,accepted,22.04803048224985,14.878878969311053,0.07801576541974854,21.066677277271225,15.678732826265254,21.010714736941832,19.694388388845606,3.173897141555942,4.016045493168951
625,20.839385625134497,v2_top_01,train,accepted,22.108965956902793,14.703229217015926,0.0934119927484392,21.10574380476544,15.51704812305789,21.066283195475023,19.50488552305687,3.1823506017451715,3.988032631325401
626,20.87272864213471,v2_top_01,train,accepted,22.176659127078622,14.53817675779523,0.08677610939294336,21.273938930099504,15.349704305497742,21.143788642889987,19.36744488295046,3.193093747946875,4.019848062423605
627,20.906071659134927,v2_top_01,train,accepted,22.23534719060158,14.36940794279039,0.10683866104364147,21.211764765738465,15.158752485385387,21.178746252329113,19.159466063192,3.1791802146219426,4.000849828958088
628,20.939414676135144,v2_top_01,train,accepted,22.27568198003815,14.18709246894381,0.10342357770707672,21.22490719558298,15.00137179871311,21.222328170404506,18.978989260675853,3.1863906610808463,3.9776182980625228
629,20.972757693135357,v2_top_01,train,accepted,22.355640402375364,14.015198802985752,0.11290791619881982,21.333899702220304,14.803598125428321,21.285583212559466,18.805679432462163,3.1872637955276866,4.0023729550459
630,21.006100710135573,v2_top_01,train,accepted,22.460011526062708,13.803746490512161,0.10917891464524361,21.430667287821212,14.60624495072538,21.348041048021624,18.603971821893076,3.1822065941924857,3.9985806521764276
631,21.039443727135787,v2_top_01,train,accepted,22.514660969456102,13.619396439995542,0.12132223712532245,21.44159742286439,14.412550736647717,21.407574249974655,18.40244711872536,3.1854915564102826,3.990041442893763
632,21.072786744136003,v2_top_01,train,accepted,22.554302794617236,13.420545263831048,0.13409285669504295,21.440520311712458,14.2075072837621,21.425267123229325,18.211331049617,3.172711725890491,4.003852820444758
633,21.106129761136216,v2_top_01,train,accepted,22.608391807779462,13.243112267077818,0.14957393026842059,21.508906341772953,14.04203121663922,21.485705472039115,18.006920345860912,3.1865950940697703,3.9649570095244107
634,21.139472778136433,v2_top_01,train,accepted,22.677826531753144,13.062136256990675,0.15492559562401204,21.532085448952262,13.82020283264106,21.523717162199457,17.842030598274533,3.1861535744740834,4.0218364716437085
635,21.17281579513665,v2_top_01,train,accepted,22.763183083773676,12.861060045024992,0.15612913192116154,21.62658936387497,13.648558504448415,21.616635408714565,17.604530210013927,3.173802831119581,3.955984228540129
636,21.206158812136863,v2_top_01,train,accepted,22.826332065010043,12.679931387722817,0.1762121972572799,21.621566609140306,13.444437727143262,21.630332081410117,17.433120408330794,3.1933091812139724,3.988692312614433
637,21.23950182913708,v2_top_01,train,accepted,22.894717737202228,12.49985118639264,0.2083105562729135,21.60343067088451,13.208108142147067,21.63326386241176,17.196892346752044,3.189022088067811,3.9888957682826054
638,21.272844846137293,v2_top_01,train,accepted,23.001140715702995,12.3181145181407,0.22892740035823536,21.650540783480768,12.970650219520362,21.716725119995044,16.95140781029912,3.174343987092736,3.981307745319688
639,21.30618786313751,v2_top_01,train,accepted,23.12411316997489,12.131545686176018,0.25548058136953994,21.73786538357805,12.800972223853197,21.807247761189934,16.76349679199287,3.19376035422554,3.9631319518070054
640,21.339530880137726,v2_top_01,train,accepted,23.2267823213396,11.951967090967214,0.2890527999555035,21.770416952052283,12.558915805221726,21.824169190655287,16.534494343723992,3.1919607939677515,3.9759419033676355
641,21.37287389713794,v2_top_01,train,accepted,23.33831628095836,11.782954735831577,0.3149893346769544,21.831317266124536,12.323915252803296,21.898249910838928,16.287984843118494,3.1861915122974835,3.964634623239593
642,21.406216914138156,v2_top_01,train,accepted,23.44984033505338,11.58510464416092,0.32503224914109047,21.860719119885985,12.089674487381394,22.010891821818507,16.040971305621195,3.1809954168694112,3.9541495149068004
643,21.43955993113837,v2_top_01,train,accepted,23.559615090690933,11.39316431238654,0.33437164039409917,21.97492272406444,11.927980492298177,22.08101926187046,15.887936518260625,3.2014099578644366,3.9613770589140755
644,21.472902948138586,v2_top_01,train,accepted,23.658485415447682,11.185286943418387,0.34076030522251044,22.060503006338287,11.702466013314986,22.135394608750566,15.651019449670432,3.189661041092674,3.949263601213052
645,21.5062459651388,v2_top_01,train,accepted,23.72222607172992,10.988884754666124,0.35353697803410944,22.120513842304764,11.466226260330144,22.212451428221577,15.421068598122803,3.1870936210375587,3.955910822617405
646,21.539588982139016,v2_top_01,train,accepted,23.787285895448495,10.805242774270347,0.3692156543109252,22.127358757375276,11.25985359928759,22.216243818153185,15.229069858191972,3.1893449779340606,3.970211362633026
647,21.572931999139232,v2_top_01,train,accepted,23.8703804469584,10.603558490646972,0.3817440530121946,22.198837121555798,11.06707967482119,22.297233865129666,14.993557474820882,3.205142615130491,3.927710507794122
648,21.606275016139445,v2_top_01,train,accepted,23.940040758619325,10.425609059875633,0.3961646625167818,22.215301648981008,10.84038929330112,22.293023129413825,14.778622828023154,3.1928682997021456,3.939000381128425
649,21.639618033139662,v2_top_01,train,accepted,24.035428626852973,10.22565738120841,0.4157417573379188,22.289864678537928,10.602781123252306,22.375486252401863,14.569798704694595,3.2022962067266074,3.9679414745410697
650,21.672961050139875,v2_top_01,train,accepted,24.13102647767265,10.037611124592352,0.4377008610311456,22.298637085388815,10.348597162943625,22.396029908715903,14.344866949494175,3.1867122394084464,3.9974563873709
651,21.706304067140092,v2_top_01,train,accepted,24.24657442437595,9.828755298898024,0.4521673569316415,22.38127621096311,10.115972351554529,22.486367460190056,14.094550714741654,3.1929922934402324,3.979966075569593
652,21.739647084140305,v2_top_01,train,accepted,24.3428697565989,9.632562952680559,0.46737698490999335,22.469581592315752,9.950679516182978,22.574896346497894,13.862481830066166,3.2066968671539597,3.9132197153175934
653,21.772990101140522,v2_top_01,train,accepted,24.474207835943673,9.448366852662543,0.48621131895918446,22.561579658042575,9.703132412824145,22.632569753817734,13.647640034288944,3.2003709605215844,3.9451463812502645
654,21.80633311814074,v2_top_01,train,accepted,24.59825524011061,9.270753187798476,0.4996014538206151,22.630258125129746,9.474077916140356,22.70815559723657,13.451593885330574,3.2020278133132876,3.9782786857287706
655,21.83967613514095,v2_top_01,train,accepted,24.698324551010266,9.108636730448456,0.5241783941064787,22.66515178718918,9.245009246037917,22.776330555317944,13.228862944627108,3.2027662710071487,3.9854047486102853
656,21.87301915214117,v2_top_01,train,accepted,24.798135893172052,8.959208660979971,0.5433894307294788,22.758711190623842,9.101021248352092,22.817360348951404,13.061676895242707,3.2009186132697107,3.9610898597506026
657,21.90636216914138,v2_top_01,train,accepted,24.927013846487764,8.833066199289513,0.5586310387411075,22.83712911479393,8.94268371370652,22.89919391197825,12.880217509441698,3.208592937698174,3.938022908974274
658,21.939705186141598,v2_top_01,train,accepted,24.997638555459595,8.747382605282823,0.5674483992214192,22.877489917280638,8.823331394383057,22.978531932827767,12.767621973946387,3.2166262342917666,3.945584578353105
659,21.973048203141815,v2_top_01,train,accepted,25.036727028731534,8.686239938026281,0.5792481631028831,22.862225670025712,8.744835428339307,22.983125585571916,12.719488949817036,3.20428831294642,3.976491846511745
660,22.006391220142028,v2_top_01,train,accepted,25.083606916153826,8.655447124402217,0.5837864049209366,22.925224518403002,8.712920978223798,22.99013401724033,12.65696652260383,3.2125901453335226,3.944579635294906
661,22.039734237142245,v2_top_01,train,accepted,25.112221474066743,8.63919865532377,0.5771579191978288,22.969780527053313,8.720691600269463,23.06138045680448,12.664869832803134,3.2084589855550214,3.9452417514168703
662,22.073077254142458,v2_top_01,train,accepted,25.12727089583097,8.627810120026844,0.5741806889557635,22.986989349018806,8.714986161890709,23.080318499790497,12.71648665695541,3.2090953706590155,4.002588730107906
663,22.106420271142674,v2_top_01,train,accepted,25.149999028877257,8.62053205460632,0.57054491354841,23.042044884518358,8.780025440358061,23.097983497227137,12.747826162933334,3.214624089128139,3.968195018199161
664,22.139763288142888,v2_top_01,train,accepted,25.165058227523552,8.601046995629225,0.5658666654904034,23.09407882964517,8.78448405920387,23.115142790755907,12.841475281330919,3.2104834305050853,4.057045903964312
665,22.173106305143104,v2_top_01,train,accepted,25.176128069093853,8.586780181288262,0.5646154916463547,23.120484485588786,8.864373807527713,23.12768653772439,12.947652115721853,3.2060163947637945,4.083284659648867
666,22.20644932214332,v2_top_01,train,accepted,25.193266750564423,8.596770626871843,0.5614653477398776,23.16891738504433,8.920486768481306,23.13982994240814,13.134246204413646,3.2007618060449947,4.213859829565757
667,22.239792339143534,v2_top_01,train,accepted,25.232507409957933,8.579154150655661,0.5530199953932402,23.237135518875295,9.09691505981754,23.16890605453051,13.289910048614601,3.200318917086043,4.193550075518598
668,22.27313535614375,v2_top_01,train,accepted,25.239548263376626,8.570763664304849,0.5444502562989062,23.302248804741875,9.318064973189188,23.18525623947825,13.535381854149223,3.1899895233145834,4.218939313945799
669,22.306478373143964,v2_top_01,train,accepted,25.224701136797616,8.5808591287539,0.5441237063267156,23.27390659043496,9.56669910694247,23.106596630949443,13.83975023179227,3.194422095567445,4.27632535456824
670,22.33982139014418,v2_top_01,train,accepted,25.248093735221907,8.56910698089022,0.5446940499873147,23.108873602055326,9.884198390457883,22.92588065739584,14.176767523022892,3.200276247252309,4.296467872060149
671,22.373164407144394,v2_top_01,train,accepted,25.235267110150463,8.576726276749161,0.544055339986872,22.809546750075967,10.290839269681388,22.59285569942858,14.60088780688131,3.2019322668390537,4.31549225517204
672,22.40650742414461,v2_top_01,train,accepted,25.225691212850187,8.585295069881806,0.54539237539304,22.490564907134242,10.74431741572924,22.21783983428382,15.077552866573914,3.2044199602060126,4.34180935069912
673,22.439850441144827,v2_top_01,train,accepted,25.238543896225654,8.577313248447277,0.5439598679115281,22.180480038854228,11.208088948619183,21.847865102769923,15.544464464009387,3.2016054648597705,4.349113163184193
674,22.47319345814504,v2_top_01,train,accepted,25.238350152950293,8.577446204725316,0.5439514896734666,21.733090768111623,11.54417411992345,21.300857768736538,15.84335174154062,3.2016321918057744,4.320851025893236
675,22.506536475145257,v2_top_01,train,accepted,25.251471893803913,8.568072525603208,0.5449585249287865,20.91472544530158,11.501742160919633,20.4778163366778,15.814537295761005,3.200938641711302,4.334869253427354
676,22.53987949214547,v2_top_01,train,accepted,25.246235384198208,8.57285748063693,0.5435800838798496,19.71514622454609,11.055259990708933,19.285028381073094,15.390701502778187,3.1959567824627877,4.356725199487248
677,22.573222509145687,v2_top_01,train,accepted,25.25439945165796,8.569653029096468,0.5461409108412192,18.26173047409807,10.277310901035483,17.830605769690315,14.625544114980972,3.2089537569844326,4.36955382088485
678,22.606565526145904,v2_top_01,train,accepted,25.24795226314331,8.579000520592336,0.5463858234650593,16.568096425798423,9.276495492108479,16.16046698987773,13.584104195019048,3.2137494540703977,4.326852723911446
679,22.639908543146117,v2_top_01,train,accepted,25.258092554192903,8.574364470234226,0.5450300644444791,14.738778216246395,8.131399981044154,14.409013256617966,12.418652831351691,3.214035998030107,4.299916502801984
680,22.673251560146333,v2_top_01,train,accepted,25.265000527773545,8.565596591147898,0.544208297833635,13.103724938106563,7.044157946747369,12.815304973346809,11.270267972720053,3.203915409187081,4.235940512766776
783,26.107582311168496,v2_top_02,train,tool_spacing,22.898979827468732,16.214382192192417,0.10265742103810732,20.060934111873465,21.93903294708959,20.106608024606373,27.04643184915241,3.1949372867812404,5.1076031219248845
784,26.140925328168713,v2_top_02,train,tool_spacing,22.90282406991368,16.21330588707105,0.10345902489827942,20.102733821140728,21.57204724164798,20.200458800044576,26.674173672268026,3.192946079571954,5.103062245900339
785,26.174268345168926,v2_top_02,train,tool_spacing,22.895886964055805,16.215487760812717,0.1030366674943046,20.190979911978385,20.992553854202967,20.294824077651597,26.08779713896129,3.188677606183954,5.0963013786097004
786,26.207611362169143,v2_top_02,train,tool_spacing,22.890739079224993,16.216705121058016,0.1029966380067459,20.552669841727944,20.6384370490923,20.629823098575304,25.640421976379198,3.1858327915715448,5.002579918186962
787,26.24095437916936,v2_top_02,train,accepted,22.896105312819557,16.21412121270368,0.10290215644303903,21.148631622084867,20.348522275604402,21.159319188485664,25.32506567485319,3.1860609562131703,4.976554875481857
788,26.274297396169572,v2_top_02,train,accepted,22.893403640192417,16.217515183369883,0.10296783655895682,21.66993447488339,20.05594895018494,21.647216999181175,24.99825127271401,3.189038276670349,4.942354533112585
789,26.30764041316979,v2_top_02,train,accepted,22.8892019607514,16.22120268216269,0.10299754361778665,21.7663557230967,19.70290892280961,21.756284369441193,24.60106099684343,3.1921190144308316,4.898162428148567
790,26.340983430170002,v2_top_02,train,accepted,22.889576547362214,16.220296904388732,0.10369355117746851,21.33304116952252,19.33340416850323,21.36852727388464,24.175491776301648,3.1879520116747675,4.842217639181227
791,26.37432644717022,v2_top_02,train,accepted,22.889576547362214,16.220296904388732,0.10369355117746851,20.956835554474804,18.860532656878554,21.08216126963965,23.72896437178772,3.1879520116747675,4.8700445478060015
792,26.407669464170436,v2_top_02,train,accepted,22.890839540868825,16.21781181296153,0.10451607922234032,21.11401988928873,18.436758765470422,21.21850281916272,23.2863915141792,3.188525791051926,4.85075813455832
793,26.44101248117065,v2_top_02,train,accepted,22.892339276158744,16.21825272408096,0.10439893021488414,21.363105398560236,18.053019117887338,21.429946198398365,22.784653312739316,3.1884284876010733,4.732106280126803
794,26.474355498170866,v2_top_02,train,accepted,22.889152510537293,16.216801652522435,0.10714674149728493,21.504630055876113,17.636319709356737,21.54765037838643,22.329109248473372,3.1864170114298322,4.6929867255929265
795,26.50769851517108,v2_top_02,train,accepted,22.885567034026522,16.218998290969616,0.10662434169004728,21.72187722951301,17.306683477583803,21.748586378460526,21.977865207645785,3.1874425146736702,4.671258088984417
796,26.541041532171295,v2_top_02,train,accepted,22.919507537333097,16.193003876649087,0.10333913765730887,22.116386604113348,17.197591121161096,22.077851069892915,21.651145210534555,3.1950570458255307,4.453720805615537
797,26.57438454917151,v2_top_02,train,accepted,22.907869069897732,16.203851635398514,0.1017793603104411,22.36923857121913,17.149413222266404,22.32967249364437,21.40848837932299,3.1943100015339136,4.25925893412824
798,26.607727566171725,v2_top_02,train,accepted,22.923992117843838,16.16678771457067,0.0951329904809448,22.558029519644684,17.027612834321253,22.490129167948826,21.23688590898054,3.2015177513628585,4.209820693902778
799,26.641070583171942,v2_top_02,train,accepted,22.926977887832848,16.021315241056108,0.07758763732657757,22.68670996906237,16.892910399024878,22.624646572486796,21.074663604703318,3.2007028322587,4.182213736574974
800,26.674413600172155,v2_top_02,train,accepted,22.904166920579748,15.913900841449134,0.05904383501445019,22.74153836234942,16.77898593542585,22.703337078887866,20.976477993485013,3.1846065227699234,4.197665888982572
801,26.70775661717237,v2_top_02,train,accepted,22.91640079315453,15.823390191251153,0.034290131788266,22.71307609948725,16.670837529208125,22.752831226331,20.848178701436698,3.17021810584572,4.177530339723022
802,26.741099634172585,v2_top_02,train,accepted,22.937198809333537,15.731173637422867,0.009298738899834173,22.810929521543788,16.630983195668772,22.799254875223898,20.752797354417957,3.201777775961167,4.121830692378321
803,26.7744426511728,v2_top_02,train,accepted,22.923410772218553,15.615583080258375,-0.014551182038915443,22.848137468885426,16.541532706603935,22.854132503591163,20.6392557302297,3.2155998169420057,4.0977274090395275
804,26.807785668173015,v2_top_02,train,accepted,22.93340588764533,15.435278065374462,-0.037485122339112394,22.855493438378588,16.373160746326942,22.891062406733532,20.463739208217177,3.2104201592038355,4.090733101094487
805,26.84112868517323,v2_top_02,train,accepted,22.927224464423652,15.284670572064542,-0.05362592143205333,22.802822370762495,16.161125586339743,22.840108215084705,20.308414892663894,3.188649398363031,4.147456910510039
806,26.874471702173448,v2_top_02,train,accepted,22.932864765521888,15.113660290419405,-0.09983511591826934,22.6898440014806,16.010907248156574,22.71707878759127,20.16344653752342,3.1569426670398837,4.152628599250095
807,26.90781471917366,v2_top_02,train,accepted,22.92790227900646,15.028699853788211,-0.13255483227511902,22.504256106383632,15.915178682507497,22.573666509033792,20.010032551281796,3.1552071535549304,4.0954421019728615
808,26.941157736173878,v2_top_02,train,accepted,22.920916053574224,14.916111195734278,-0.14639158104108652,22.44747918605976,15.837096963712376,22.51440637528304,19.896915491171164,3.1455697694864218,4.060370146249596
809,26.97450075317409,v2_top_02,train,accepted,22.89657657805177,14.786257604278564,-0.15180740788433653,22.446709964324647,15.701986955836345,22.51596671579536,19.759563088218826,3.152071745665517,4.058167143884572
810,27.007843770174308,v2_top_02,train,accepted,22.867008043120727,14.660135517400791,-0.14165142526885702,22.38106776131803,15.575522087173276,22.508238982390605,19.632637806190893,3.2017335807378844,4.059108335209707
811,27.041186787174524,v2_top_02,train,accepted,22.827395554141212,14.52942730793529,-0.1603234263568875,22.35804167904553,15.45888418705581,22.502880930557744,19.501290899169824,3.1740555090044387,4.045000671807489
812,27.074529804174738,v2_top_02,train,accepted,22.812384076061885,14.374734018563455,-0.19626178673523126,22.49928200218132,15.297377510726012,22.57669832480465,19.356145269770344,3.1746951675352544,4.059506005521642
813,27.107872821174954,v2_top_02,train,accepted,22.766006271290742,14.166674260268588,-0.23307793082588538,22.488178998868143,15.104688102956887,22.59389128015703,19.118414803633144,3.1716385798521483,4.0151185678802594
814,27.141215838175167,v2_top_02,train,accepted,22.662458461345167,13.945921120397717,-0.25551611306026656,22.457151176302396,14.910795547911738,22.55531355211325,18.925466237253744,3.1813394869462694,4.015870590032336
815,27.174558855175384,v2_top_02,train,accepted,22.574371645741586,13.718868999178692,-0.286537684041176,22.467292608682936,14.677762454128102,22.54393976122477,18.68723813759334,3.1841622998696297,4.010208229293314
816,27.207901872175597,v2_top_02,train,accepted,22.491902656514682,13.494029847696307,-0.31824729269961494,22.480121205419753,14.436384705941917,22.5541158092716,18.424847173767475,3.1796368433048237,3.989148788733297
817,27.241244889175814,v2_top_02,train,accepted,22.366828882372197,13.231057080555441,-0.35717627124809814,22.443769425864808,14.181149882574548,22.523589394395742,18.16583443203337,3.1725991956901187,3.9854839337365453
818,27.27458790617603,v2_top_02,train,accepted,22.250295996822018,12.998200643106031,-0.3911260937354689,22.376339070674632,13.932928385440352,22.486214718675853,17.89525466160145,3.1731222634176763,3.9638494139889278
819,27.307930923176244,v2_top_02,train,accepted,22.12686140400065,12.767659916005673,-0.4289745294206657,22.36505843982504,13.684618078019929,22.465296199307964,17.63280913727234,3.1787893040991024,3.949463286167733
820,27.34127394017646,v2_top_02,train,accepted,22.02289494500632,12.49335106533296,-0.47931253058038864,22.354100692020392,13.379147375117434,22.45949269813178,17.3267080756868,3.1810266743193765,3.9489673282558164
821,27.374616957176674,v2_top_02,train,accepted,21.894887806295266,12.244659837660926,-0.5174892486324045,22.409778267887894,13.083137547726036,22.44481533110516,17.01366951160415,3.182236653401014,3.930688122309684
822,27.40795997417689,v2_top_02,train,accepted,21.757050864129656,11.98549356387123,-0.5694925661032416,22.393205782280774,12.79225758426383,22.4261783336649,16.71783904487873,3.1788499303874778,3.9257199330910253
823,27.441302991177103,v2_top_02,train,accepted,21.629375465144967,11.717020809485806,-0.6160029388039095,22.39456230863999,12.446818994452116,22.416047808134635,16.385747341891665,3.193831211247327,3.938986945009008
824,27.47464600817732,v2_top_02,train,accepted,21.474748489323424,11.465136570629443,-0.6564826225791024,22.404639990521563,12.131449109841096,22.38808320099302,16.07743958742455,3.185428966893961,3.9460252123445434
825,27.507989025177537,v2_top_02,train,accepted,21.30639526733823,11.217794795731582,-0.7028994971288798,22.35947490842909,11.739736701483054,22.353068177593794,15.77098342905786,3.199000775604464,4.0312518185772745
826,27.54133204217775,v2_top_02,train,accepted,21.17628538256045,11.003021868494624,-0.7462837664995272,22.305416998972298,11.481777510492764,22.324866453524752,15.49944992464303,3.20236717404048,4.01771949104295
827,27.574675059177967,v2_top_02,train,accepted,21.045769722123662,10.812591223860315,-0.7848656518336999,22.299792911579104,11.211131917513447,22.287311571239222,15.23462648593274,3.209639016547427,4.023513927645365
828,27.60801807617818,v2_top_02,train,accepted,20.923653768173384,10.619137098154855,-0.8173536114768223,22.25308423696536,10.95887727381907,22.259475912489165,14.988184740168041,3.216293288918049,4.029312535891398
829,27.641361093178396,v2_top_02,train,accepted,20.835951183186612,10.432079833869373,-0.8593399843311559,22.218490846806464,10.6957277372627,22.215301135624017,14.732857085107218,3.2097511501545584,4.03713060792996
830,27.674704110178613,v2_top_02,train,accepted,20.719363319750435,10.251202862551636,-0.8894006427541261,22.163706354195156,10.449214390165345,22.203677271511197,14.509137040910163,3.2098080598687866,4.060119407635928
831,27.708047127178826,v2_top_02,train,accepted,20.60639756579997,10.07955007144071,-0.9191076233393107,22.133824368566646,10.184863631639486,22.17415839213514,14.262825605613774,3.234433154208147,4.078161435578231
832,27.741390144179043,v2_top_02,train,accepted,20.46071207804806,9.891439564965356,-0.9490567191189042,22.062320450930592,9.913870626405544,22.09589308544124,14.026409037299704,3.2205035689216905,4.112675443414888
833,27.774733161179256,v2_top_02,train,accepted,20.30934290165512,9.726332498157038,-0.978561924820528,21.969619737889865,9.68943076550053,22.00241349231101,13.822798633308487,3.2331361757026205,4.133497957052396
834,27.808076178179473,v2_top_02,train,accepted,20.13920703496745,9.576518738750831,-1.0098851733777032,21.81837873504315,9.478314442930024,21.907320117326545,13.618578187399246,3.232965638365445,4.14121895620707
835,27.841419195179686,v2_top_02,train,accepted,19.988480653839275,9.444431148553974,-1.033489552511176,21.76708107890177,9.277346615910645,21.83532039046747,13.438876701973566,3.2132751478590764,4.162089530614379
836,27.874762212179903,v2_top_02,train,accepted,19.87416943503827,9.31860540935023,-1.0524620461695136,21.666844335454428,9.1052941272754,21.762649092729838,13.27676220154285,3.2166033767520332,4.172568087658869
837,27.90810522918012,v2_top_02,train,accepted,19.774984797378533,9.203664765843977,-1.0688199851657707,21.594931939230857,8.974257116426777,21.70466291753578,13.129537383047387,3.229802412792548,4.156728879992825
838,27.941448246180332,v2_top_02,train,accepted,19.699210688236136,9.086281403965756,-1.082885242250181,21.524124151039054,8.813315241648784,21.66082227783042,12.982646688884646,3.2315641108457696,4.171571777493246
839,27.97479126318055,v2_top_02,train,accepted,19.593046452268617,8.96193987981718,-1.0895887594464724,21.484078199562145,8.662769982661237,21.588519909286084,12.842528722854539,3.222503752881836,4.181063405038526
840,28.008134280180762,v2_top_02,train,accepted,19.489648952795164,8.856292842995625,-1.099747716939926,21.401050197429328,8.513077159918454,21.5216186772008,12.719325462687253,3.2298694371571517,4.207975943712108
841,28.04147729718098,v2_top_02,train,accepted,19.416794648210278,8.756505064908062,-1.118054365380818,21.342145380541243,8.399469922662297,21.471747004988323,12.591766607956465,3.2255159418420365,4.19429947411815
842,28.074820314181192,v2_top_02,train,accepted,19.354243438058557,8.678754742314513,-1.1353550970320736,21.290030475592886,8.283511814196814,21.43075908777757,12.48287223437773,3.2312033656859627,4.2017178011938725
843,28.10816333118141,v2_top_02,train,accepted,19.322101742633585,8.633074896622873,-1.1399937957672168,21.27279890371357,8.228398103271466,21.423494025641943,12.429272255860456,3.2378750136811942,4.203576175789284
844,28.141506348181625,v2_top_02,train,accepted,19.32636015382972,8.620671250905048,-1.141175805898435,21.276018570294344,8.216442980735552,21.431125922701916,12.425140369998127,3.2324753965214854,4.211554582948736
845,28.17484936518184,v2_top_02,train,accepted,19.332980310311903,8.628300394233495,-1.1400517209381766,21.33710395822489,8.23313711849149,21.50436037725467,12.460638622566314,3.2299863447916737,4.230808867895307
846,28.208192382182055,v2_top_02,train,accepted,19.330777773200012,8.629174834323186,-1.1394856667364544,21.387947481964417,8.28911284735483,21.61136595755037,12.529507153679008,3.2347162603174993,4.246275978824229
847,28.24153539918227,v2_top_02,train,accepted,19.329280478525185,8.628947158953691,-1.1413337589576344,21.536662580060952,8.377787591763864,21.78931777418599,12.659151751955287,3.233218366143173,4.2888126234763355
848,28.274878416182485,v2_top_02,train,accepted,19.330835030288846,8.629814924716353,-1.1407703780664478,21.822649604444955,8.533751062392282,22.063984930488648,12.869633168299815,3.227762026089747,4.342593277746117
849,28.308221433182702,v2_top_02,train,accepted,19.33494110105566,8.62555428801382,-1.140884486665644,22.190266464697316,8.877748245333821,22.383887250515365,13.254679056211884,3.231993737499906,4.381211285924761
850,28.341564450182915,v2_top_02,train,accepted,19.3248263997298,8.631060027014453,-1.141411622558069,22.54631516073191,9.349348281980904,22.6696494283865,13.788750192305642,3.2314036430767885,4.44111479957148
851,28.37490746718313,v2_top_02,train,accepted,19.329705964930238,8.627706653098322,-1.1420300511880197,22.862119621791916,10.039117209188166,22.962307196270114,14.544800881689655,3.232315677290526,4.506797411325067
852,28.408250484183345,v2_top_02,train,accepted,19.331462332444566,8.625864136110792,-1.1420324796456642,23.18899841904742,10.92994077743429,23.274459037202554,15.498111308285887,3.2325155720319034,4.568969852843902
853,28.44159350118356,v2_top_02,train,accepted,19.329770039088018,8.626896539200992,-1.1426667693913861,23.3485994865701,11.894404343490294,23.354679752610018,16.549495355132137,3.2389933297598033,4.6550949825222485
854,28.474936518183775,v2_top_02,train,accepted,19.32079462321164,8.640296476924846,-1.14019981519388,22.950038960670522,12.781354431317348,23.003389042240123,17.47780113212055,3.2360647581176822,4.696749710671068
855,28.50827953518399,v2_top_02,train,accepted,19.319623964774244,8.64431774236954,-1.1399367376888032,22.21872289466545,13.448543885205222,22.28315735870253,18.19451627289822,3.236032030304753,4.746409770015661
856,28.541622552184208,v2_top_02,train,accepted,19.32316090689524,8.642955493367078,-1.1399651238046726,21.27954078632412,13.804525086283096,21.311134801707276,18.555324828226823,3.2399812754537547,4.750904794863881
857,28.57496556918442,v2_top_02,train,accepted,19.31704602688184,8.646508414884304,-1.1391951245035978,19.766831444582195,13.69590275162995,19.893915098651917,18.459146035599886,3.2434021602284684,4.764938282645057
858,28.608308586184638,v2_top_02,train,accepted,19.32222884261091,8.641238500162517,-1.1409173877559722,18.05145093707908,13.31297267693925,18.214962299750443,18.05304063849658,3.245861598932111,4.742887332195959
859,28.64165160318485,v2_top_02,train,accepted,19.325154812463538,8.640749463366756,-1.1407764658514443,16.477305796478106,12.648858031757785,16.65306965853794,17.336441743204517,3.2457607597138245,4.690877741641421
860,28.674994620185068,v2_top_02,train,accepted,19.324583124004512,8.639053010255344,-1.1406392557974527,14.893817281692971,11.775284165146848,15.083992821949959,16.408460345549475,3.245772203525368,4.6370775553965355
861,28.70833763718528,v2_top_02,train,accepted,19.318960289708144,8.638902821603022,-1.1385690942169553,13.223562945396711,10.70299903399225,13.485088061776931,15.262854723570777,3.241120596249894,4.567349263662607
862,28.741680654185497,v2_top_02,train,accepted,19.31399244978529,8.644460246601682,-1.139734347386111,11.735790165137526,9.484487256212889,12.021387563192079,13.962570993718487,3.2389649861994965,4.487181725079522
863,28.775023671185714,v2_top_02,train,accepted,19.318457521871757,8.641842748335302,-1.1374428150173246,10.46003516580342,8.213549892491647,10.76664224173401,12.64793935207902,3.2385807068804695,4.444976690412481
864,28.808366688185927,v2_top_02,train,accepted,19.319291273757706,8.63847553561465,-1.1384932270460235,9.447268636156114,7.001533603469659,9.79435696681177,11.356816645572621,3.2412444109827128,4.36909151725012
865,28.841709705186144,v2_top_02,train,accepted,19.319792640326625,8.638846728630984,-1.1391011074083583,8.775052740429379,5.809819494063745,9.118369100998182,10.117432397022716,3.241631970752383,4.32127238729206
866,28.875052722186357,v2_top_02,train,missing_marker,19.315356749823838,8.63809375101403,-1.1397588314149334,nan,nan,nan,nan,3.240156227577456,nan
981,32.709499677211106,v2_right_01,train,accepted,21.891635439552353,16.3596313779167,0.0041500256513785925,28.989293777957545,15.158530257730503,33.27208157973199,15.155414579870905,3.2121175001433513,4.282788935083826
982,32.74284269421132,v2_right_01,train,accepted,21.901933374016348,16.35396389255657,0.004789093603887921,28.513403714695066,15.146786812020954,32.7820066870529,15.19793644582999,3.2173202832956087,4.268909418184101
983,32.77618571121154,v2_right_01,train,accepted,21.898891274745804,16.35167657777528,0.004823838296017782,27.966988043845568,15.075031296557956,32.25104258187845,15.14070974432677,3.2175789573996263,4.284557963587543
984,32.80952872821175,v2_right_01,train,accepted,21.89735925980537,16.354549547626107,0.004336490227742023,27.46322938257974,14.62366452706571,31.691081042408324,14.823250012477592,3.2138830633070037,4.232559984631336
985,32.842871745211966,v2_right_01,train,accepted,21.901723422224862,16.353422281437915,0.004386372599913355,26.960446384982635,14.404585454747883,31.229838283569222,14.702546776468143,3.215354643846903,4.27977664521854
986,32.87621476221218,v2_right_01,train,accepted,21.89883693332109,16.355821497184877,0.004280403326227544,26.56100230031044,14.704392787084558,30.795109730005215,14.92514358663442,3.215456786247293,4.23985809216516
987,32.9095577792124,v2_right_01,train,accepted,21.90045353237975,16.356180374703165,0.004321857504158804,26.138994715541443,15.085472372274998,30.362918000585502,15.248878370354744,3.215468536947675,4.227082852055993
988,32.94290079621261,v2_right_01,train,accepted,21.89692222134918,16.3571857991464,0.004417988846586101,25.74201066107773,15.116050624524972,29.945699426798576,15.280670780053255,3.2142311741342535,4.206910866021978
989,32.976243813212825,v2_right_01,train,accepted,21.896956726010032,16.35176129316629,0.004611589930292598,25.3461705568802,14.979771196232274,29.526232228615218,15.217810754321006,3.2160618330974815,4.186833936368056
990,33.009586830213046,v2_right_01,train,accepted,21.887427386254444,16.353416040439818,0.0054649677697643844,25.154060028279506,14.976332864750395,29.16464938360511,15.199274517471325,3.2008907048932147,4.016781044265293
991,33.04292984721326,v2_right_01,train,accepted,21.531456187983295,16.29218936282342,-0.03639240124618599,24.77834159124833,14.967026236413977,28.774755004909952,15.171006026832869,3.1735591756198263,4.001615664677689
992,33.07627286421347,v2_right_01,train,accepted,21.13355066647124,16.26602151128501,-0.04596966864164943,24.394499878601117,14.974372662222603,28.380661636667607,15.199768001264042,3.1755846844378213,3.992529100749717
993,33.109615881213685,v2_right_01,train,accepted,20.74659003904985,16.273304742321187,-0.023050262746919563,23.994943015289536,15.156917802776864,27.979167002192522,15.359695242074794,3.1673607870011864,3.989380837636506
994,33.142958898213905,v2_right_01,train,accepted,20.315174612346468,16.326248376264033,0.03139743632079284,23.57204912243716,15.364468401522783,27.555865990386753,15.512550066774772,3.142457024231426,3.9865680750419275
995,33.17630191521412,v2_right_01,train,accepted,19.818196002697164,16.303819591373593,0.06557911963140195,23.13261950905691,15.320552092930349,27.05859951112666,15.492016462206534,3.1895294423253886,3.929722510124967
996,33.20964493221433,v2_right_01,train,accepted,19.301425594202414,16.21434157962104,0.06843844010719974,22.66704563183086,15.227631034147596,26.53941580317717,15.382712717061855,3.172834757569033,3.8754743028832204
997,33.24298794921455,v2_right_01,train,accepted,18.776442255379422,16.12913053511268,0.08935312245491632,22.153642665821916,15.172697340616015,26.027785706263206,15.357566480520418,3.1811843397776545,3.8785513915234735
998,33.276330966214765,v2_right_01,train,accepted,18.212884840262475,16.02610216966739,0.10527994517524952,21.623510602578044,15.116846285157019,25.49369956567145,15.332291298735976,3.1768701290939276,3.8761810024721552
999,33.30967398321498,v2_right_01,train,accepted,17.680997443491968,15.928084590991867,0.11193574037524709,21.12565572716631,15.070385271141236,24.93853977557988,15.257295497796857,3.187624739289988,3.817462534128541
1000,33.34301700021519,v2_right_01,train,accepted,17.15886686013304,15.84510865347248,0.12960556122353376,20.573225706795117,15.088822560805568,24.43742592009495,15.261053531748596,3.1905179271766873,3.868036555646604
1001,33.37636001721541,v2_right_01,train,accepted,16.648785520507268,15.80140558414083,0.15492714061493068,20.101077646013437,15.135224014779363,23.928660882245687,15.290371012075145,3.180953990196092,3.8307263046393754
1002,33.409703034215624,v2_right_01,train,accepted,16.11597863173938,15.739115165250466,0.16830641637233265,19.585508468827467,15.120174203953784,23.387084828903344,15.278093737615734,3.186506489643468,3.8048549776042404
1003,33.44304605121584,v2_right_01,train,accepted,15.598320903649075,15.629914320275223,0.17418601457625804,19.07564122589403,15.008890741514197,22.909234376802228,15.218414375472378,3.1732733281049956,3.8393146002740224
1004,33.47638906821606,v2_right_01,train,accepted,15.135571630883788,15.542535784517305,0.18431929481092907,18.634727265112147,15.012283982211905,22.453718701908116,15.179901828788745,3.1711494019107977,3.8226680913744
1005,33.50973208521627,v2_right_01,train,accepted,14.670965497688437,15.431308079153515,0.1959426963288041,18.196807293555437,14.904915971211874,22.010915012913802,15.107586825336327,3.1820055239207727,3.8194886005826225
1006,33.543075102216484,v2_right_01,train,accepted,14.194774664085589,15.273564334075663,0.1837597379345099,17.743518795229082,14.723888995344387,21.56513033826641,14.962195272023804,3.177256766563557,3.8290344301639485
1007,33.576418119216704,v2_right_01,train,accepted,13.769085871731674,15.134223961764274,0.16912390619043752,17.364941287352504,14.54612017146839,21.18648444866821,14.809856769491214,3.174338596127962,3.83063299298373
1008,33.60976113621692,v2_right_01,train,accepted,13.445085131049144,15.02590944457468,0.1765720137637611,17.031157513460933,14.479712236165309,20.854084798305017,14.741599177977529,3.1805672666395384,3.831886975824981
1009,33.64310415321713,v2_right_01,train,accepted,13.165709958010243,14.927494128979452,0.18814050512548813,16.75057194248994,14.438990733749977,20.574333800857122,14.696804530605124,3.187728611330118,3.8324434377238377
1010,33.676447170217344,v2_right_01,train,accepted,12.913381044033855,14.881853498644334,0.19734462782432696,16.51433778854663,14.381435188360186,20.33384814353436,14.650580633863166,3.1909595639564445,3.8289814079848314
1011,33.709790187217564,v2_right_01,train,accepted,12.706087973140145,14.860878849235299,0.20598307436195046,16.29097887941211,14.393973770829847,20.11665780676035,14.661017043808455,3.1918388034097056,3.834987792001368
1012,33.74313320421778,v2_right_01,train,accepted,12.553160483865746,14.835077969791401,0.21555396627079063,16.156453279317766,14.465722462501331,19.98743174249473,14.68234921083691,3.1963745432517303,3.8370982699717486
1013,33.77647622121799,v2_right_01,train,accepted,12.404535249406354,14.804711786786692,0.22759731035847616,16.003566416570038,14.468032558252368,19.841001165662473,14.671776898680262,3.1881630034149255,3.8428397325153325
1014,33.80981923821821,v2_right_01,train,accepted,12.319268222659206,14.77800225714407,0.23646017203955016,15.944092723714181,14.440296788066103,19.7531859167783,14.658381847302126,3.1946515783444807,3.8153311843809026
1015,33.843162255218424,v2_right_01,train,accepted,12.299177977997461,14.773892353740775,0.23421840434386815,15.884819978571782,14.45452773158095,19.721686503980003,14.662735662649093,3.182582893435356,3.842511584414267
1016,33.87650527221864,v2_right_01,train,accepted,12.306267545997505,14.776185033308204,0.23118844242725725,15.922688543727759,14.441963249926122,19.75919586376676,14.654118359681474,3.200627083861357,3.842368827599472
1017,33.90984828921885,v2_right_01,train,accepted,12.301382676141275,14.777041149007998,0.2302987689489939,15.917046250363182,14.390916334456248,19.782368757578997,14.615272103742333,3.2030648777752497,3.8718281981515017
1018,33.94319130621907,v2_right_01,train,accepted,12.306696746405741,14.770646786538428,0.2284644986082256,15.980890894186354,14.345000123719293,19.851578124605048,14.609081312426708,3.199135082435684,3.879685362236927
1019,33.97653432321928,v2_right_01,train,accepted,12.31436320839687,14.765059371066869,0.22944931461740517,16.001921041927233,14.335794827649345,19.9054041628586,14.57805658350496,3.19843229700521,3.9109936376509644
1020,34.0098773402195,v2_right_01,train,accepted,12.305516098356891,14.768507014345671,0.23106294309057462,16.0504705665077,14.350751559982646,19.976326293323908,14.572148625099109,3.191916481212424,3.932093570633564
1021,34.04322035721972,v2_right_01,train,accepted,12.30929828920216,14.762948239490578,0.22954248999564056,16.0505810445614,14.34233153134268,19.988291706737463,14.563208921920742,3.191780063424379,3.9439006174957827
1022,34.07656337421993,v2_right_01,train,accepted,12.311797429687447,14.762079295613706,0.22819426436350965,16.06249363880037,14.333404246898658,19.98844726869375,14.597482823502654,3.1938502504114243,3.9348252056087842
1023,34.10990639122014,v2_right_01,train,accepted,12.306183133078795,14.760118599953396,0.22732747950394463,16.201761079705,14.258772134322575,20.165672733535892,14.641702159999102,3.1964394808476726,3.982365001345429
1024,34.143249408220356,v2_right_01,train,accepted,12.30433645477688,14.761706880172678,0.22946248522438528,16.568097710960995,14.004510246875942,20.491832234700656,14.580040017081345,3.199679187292375,3.9657189927148377
1025,34.176592425220576,v2_right_01,train,accepted,12.305165148835956,14.762651879872024,0.229021940659323,17.019522013874514,13.618585653146067,20.973799653619082,14.481961108467207,3.201216679531837,4.047434845557722
1026,34.20993544222079,v2_right_01,train,accepted,12.302521133439718,14.762992928214675,0.22888084687109367,17.599862226202696,12.839780657992865,21.577027845229363,14.091021153481215,3.2011138324783923,4.169346368283367
1027,34.243278459221,v2_right_01,train,accepted,12.319313403530334,14.751685420130626,0.22798303348391039,18.5932546652389,11.187396253203623,22.46512181406676,12.99248001821,3.2033931559326003,4.271964725610685
1028,34.27662147622122,v2_right_01,train,missing_or_ambiguous_corners,nan,nan,nan,nan,nan,nan,nan,nan,nan
1122,37.41086507424145,v2_right_02,train,accepted,19.980879086544014,15.103776333633121,0.011916736073531142,25.485372154153875,13.512058232068139,29.676313164100286,13.974994490131904,3.1909377934216607,4.216431729303905
1123,37.44420809124166,v2_right_02,train,accepted,19.98877131328436,15.104209007438971,0.010907787370989706,25.33232229879693,13.45388648467563,29.510240139333423,13.896877152083263,3.1874911057480597,4.201337669562322
1124,37.477551108241876,v2_right_02,train,accepted,19.988472848351385,15.10790933876771,0.00974093268287643,25.14647975809492,13.512108262136358,29.31064752701944,13.908448419363546,3.1936270422333948,4.182986819006331
1125,37.510894125242096,v2_right_02,train,accepted,19.98695137948571,15.111360135349504,0.011122362717453706,24.97767334272368,13.586476719293485,29.128125277148285,13.939191956416051,3.190072924102998,4.165412260325187
1126,37.54423714224231,v2_right_02,train,accepted,19.98572482548317,15.11043195757269,0.01121733897625161,24.7859246556726,13.659134057940248,28.910655373161305,13.972175417712865,3.189870134133444,4.136592605602247
1127,37.57758015924252,v2_right_02,train,accepted,19.965616107473004,15.092589996644964,0.010429639515338896,24.553518436622028,13.60865140891582,28.67678884338431,13.943135629461905,3.1869469725344244,4.136815023792568
1128,37.61092317624274,v2_right_02,train,accepted,19.97905781023377,15.085758830771239,0.012194170572054965,24.290650450424796,13.439281283863595,28.40918033073313,13.79712462467723,3.185833831572841,4.134046471867151
1129,37.644266193242956,v2_right_02,train,accepted,19.97747449032525,15.088267510427965,0.011798620137027134,24.01546495615824,13.318617033976421,28.16801266505675,13.682162171908068,3.1834636038709765,4.168431064800281
1130,37.67760921024317,v2_right_02,train,accepted,19.97627536083637,15.086535631418814,0.010257122386300038,23.76073706621616,13.278982217621618,27.898378795092285,13.675009858317956,3.184060976633925,4.156551090595727
1131,37.71095222724338,v2_right_02,train,accepted,19.973315443623683,15.086627725333535,0.01071737304792732,23.540251863649857,13.28838519443432,27.640333561732994,13.67357539852902,3.1858784323331433,4.118135673370515
1132,37.7442952442436,v2_right_02,train,accepted,19.97311637700902,15.084672170343635,0.011305725340260392,23.35263161601536,13.412120757551493,27.420563468641543,13.775631143145542,3.19379381783001,4.084141202020987
1133,37.777638261243816,v2_right_02,train,accepted,19.89630728558712,15.091758621500261,0.01286621423432623,23.15790750715157,13.561781905725748,27.20055453264642,13.903824177558706,3.1609101486434077,4.0570910623823835
1134,37.81098127824403,v2_right_02,train,accepted,19.653079917457163,15.089058517984002,0.00601585222875071,22.944742807464884,13.612940733182548,26.94678340641929,13.931843251724388,3.1630452089263037,4.014726363279528
1135,37.84432429524425,v2_right_02,train,accepted,19.407192577135877,15.094579529493188,-0.004264584699636521,22.760539486648113,13.695989505283741,26.70362172117968,13.955000168465565,3.2043528201051688,3.9515799412286143
1136,37.87766731224446,v2_right_02,train,accepted,19.13041963947966,15.100614835457042,-0.003398000918458864,22.452880672541966,13.912627331797701,26.390426080752935,14.111230852670339,3.1429034636462667,3.9425508494154258
1137,37.911010329244675,v2_right_02,train,accepted,18.808952715187196,15.129405802521456,0.024328439182547797,22.15650161607363,14.049718285452448,26.086305998465495,14.233923707808193,3.1525785530803243,3.9341192307162687
1138,37.94435334624489,v2_right_02,train,accepted,18.457155654887615,15.112542567133913,0.04259184259963445,21.83102014979712,14.067025747079034,25.731829793775525,14.248536143645678,3.149250822027158,3.9050303331237664
1139,37.97769636324511,v2_right_02,train,accepted,18.044283501301607,15.072283723146544,0.05508515908319887,21.446413020543588,14.06669198753208,25.33037186474467,14.2434096502508,3.183416953963416,3.887977036424543
1140,38.01103938024532,v2_right_02,train,accepted,17.631385851799955,15.01252518722887,0.07512756793814164,21.03510808550251,14.092255383960849,24.95338941444651,14.259456382794271,3.1744070025500495,3.9218471090497697
1141,38.044382397245535,v2_right_02,train,accepted,17.167087724555937,14.939983664619648,0.0765116413397402,20.582517650366164,13.98999548644816,24.490854402965716,14.215467983015849,3.152128124205866,3.9148351202099025
1142,38.077725414245755,v2_right_02,train,accepted,16.67694983242784,14.806170412476611,0.08175275194355441,20.13188468347306,13.91976365200925,24.030714057886698,14.126449218716868,3.1768333413592815,3.904303960282278
1143,38.11106843124597,v2_right_02,train,accepted,16.211974796227796,14.676189099839043,0.09015964433921009,19.68240539277179,13.816594093607854,23.565311534707142,14.071766024199464,3.172609983175495,3.8912816424978955
1144,38.14441144824618,v2_right_02,train,accepted,15.753470189459149,14.565427405314177,0.10337546311694666,19.267342125760454,13.74071392941528,23.101489263900827,13.99589853461704,3.1710823034926645,3.8426297583350384
1145,38.177754465246394,v2_right_02,train,accepted,15.310994241999875,14.47700234630138,0.11616700907218368,18.81719760766132,13.712596606894781,22.697287314970044,13.97797785973188,3.1692246412595395,3.889154579869574
1146,38.211097482246615,v2_right_02,train,accepted,14.853080985857245,14.379690825895027,0.12075172601727267,18.35728989164722,13.666191321630965,22.276576104009795,13.941241095081299,3.1779426691897816,3.928925653698535
1147,38.24444049924683,v2_right_02,train,accepted,14.403210871884742,14.236659546617354,0.11080765244157897,17.959022182025226,13.49659990697153,21.841865010832763,13.809324183721504,3.1814946011329286,3.895415883636933
1148,38.27778351624704,v2_right_02,train,accepted,13.981699016825255,14.129437276466101,0.12613694541372553,17.55717900177761,13.442631343077528,21.396763995790035,13.715896724078736,3.1792712204206177,3.8492969351167416
1149,38.31112653324726,v2_right_02,train,accepted,13.567859126517158,14.033116508019685,0.13743060383707617,17.18317756664992,13.368844571808415,21.00545256457105,13.658922739952235,3.1990363361583074,3.833266427391482
1150,38.344469550247474,v2_right_02,train,accepted,13.06705076638871,13.848182567702565,0.1212879512302629,16.671002297459037,13.151881235317042,20.56548377772832,13.451445707323767,3.191792595631728,3.9059857748139724
1151,38.37781256724769,v2_right_02,train,accepted,12.632398451520718,13.692351399343394,0.11263905157296113,16.31323513190481,13.01107547160329,20.14830784090024,13.332962782307359,3.1951524394407183,3.848557408182167
1152,38.4111555842479,v2_right_02,train,accepted,12.212716715348868,13.605940962564727,0.12193380804260671,15.889377266209811,13.037812879952593,19.713197107786947,13.356536748869399,3.193322003318142,3.837080020726216
1153,38.44449860124812,v2_right_02,train,accepted,11.801461474340364,13.561725506269106,0.15861065528689927,15.471596772818792,13.045100812126485,19.2891354048767,13.354919085617293,3.1865263705944162,3.830089890569591
1154,38.477841618248334,v2_right_02,train,accepted,11.36226275800815,13.467209862274752,0.17825792130766419,15.051113656391117,13.024660117596467,18.860734614289456,13.319697565896888,3.2058170259813643,3.8210285184434154
1155,38.51118463524855,v2_right_02,train,accepted,10.946386715310283,13.387948597996374,0.19685569650936022,14.678321463356452,13.019377970236444,18.49841036535625,13.323605422476675,3.205603112169685,3.8321839154558575
1156,38.54452765224877,v2_right_02,train,accepted,10.560320906498799,13.337193836174787,0.21445372122577014,14.290887247081141,13.015067975848487,18.089720619727608,13.318044313997657,3.203154879202445,3.810896174735127
1157,38.57787066924898,v2_right_02,train,accepted,10.184422351609843,13.258837911153995,0.21696013815149726,13.939668362741447,12.986336788317455,17.75355511775923,13.289552693787945,3.1935953767487613,3.8259210741245524
1158,38.611213686249194,v2_right_02,train,accepted,9.874577995462943,13.198021212345159,0.22879242689450385,13.611635309769836,12.944261455619515,17.428620805462597,13.225471962533758,3.207331579031885,3.827330352024486
1159,38.644556703249414,v2_right_02,train,accepted,9.630537512795183,13.129808184995513,0.22726978221484812,13.38259311401939,12.879769897325195,17.192720817375235,13.193508914099699,3.210523488922332,3.8230230559762943
1160,38.67789972024963,v2_right_02,train,accepted,9.471169002412447,13.09543866277435,0.23359742039947048,13.200991002614366,12.88582817978989,17.051107474136845,13.197474633421425,3.221633012972141,3.862708940154542
1161,38.71124273724984,v2_right_02,train,accepted,9.394845438276707,13.09798636093409,0.23933932820368234,13.162197192230138,12.892997502243158,16.963140419163956,13.204348736176449,3.2196259874067827,3.8136739510930706
1162,38.74458575425005,v2_right_02,train,accepted,9.380072748982775,13.103364693686192,0.24443522605724316,13.13675011316529,12.898166539891825,16.956593799302226,13.221859593193063,3.2165900372512577,3.8335340065370076
1163,38.777928771250274,v2_right_02,train,accepted,9.385709244969144,13.100644477490405,0.2447643291624758,13.134259348950934,12.882037132845289,16.97018498225185,13.250432206989581,3.216778964950263,3.8535750148230936
1164,38.81127178825049,v2_right_02,train,accepted,9.386899971280389,13.09203413558556,0.23916033825063057,13.152638852157466,12.86285880633995,16.978984159043627,13.248168465004092,3.2211352061253122,3.8456965481677843
1165,38.8446148052507,v2_right_02,train,accepted,9.409441129655328,13.041366219946449,0.2238000282530483,13.18737410640164,12.72666059295768,17.0629308277509,13.232787226239601,3.2208203756348563,3.908465692482502
1166,38.87795782225092,v2_right_02,train,accepted,9.443466900767913,12.872066379972555,0.19404733839363222,13.314922154433425,12.525793233915705,17.187676832300014,13.196744631532143,3.22268053050091,3.9304458491246246
1167,38.91130083925113,v2_right_02,train,accepted,9.450670988469724,12.79913003730841,0.17443146823246797,13.394939128195364,12.187578398056369,17.384663133747427,13.091513410259344,3.2014902930780695,4.090842962857996
1168,38.944643856251346,v2_right_02,train,accepted,9.44863307433727,12.795285640986393,0.176764760180989,13.689473910487644,11.89560792724712,17.73281593164363,13.08702693032181,3.207340462911213,4.215221695348093
1169,38.97798687325156,v2_right_02,train,accepted,9.495548087569418,12.765469973875504,0.1748016635282637,14.357066395532566,11.312440782342618,18.3623198446848,12.881705678096829,3.2222124218776727,4.301702861076338
1170,39.01132989025178,v2_right_02,train,missing_or_ambiguous_corners,nan,nan,nan,nan,nan,nan,nan,nan,nan
1171,39.04467290725199,v2_right_02,train,missing_or_ambiguous_corners,nan,nan,nan,nan,nan,nan,nan,nan,nan
1172,39.078015924252206,v2_right_02,train,missing_or_ambiguous_corners,nan,nan,nan,nan,nan,nan,nan,nan,nan
1173,39.111358941252426,v2_right_02,train,missing_or_ambiguous_corners,nan,nan,nan,nan,nan,nan,nan,nan,nan
1174,39.14470195825264,v2_right_02,train,missing_or_ambiguous_corners,nan,nan,nan,nan,nan,nan,nan,nan,nan
1175,39.17804497525285,v2_right_02,train,missing_or_ambiguous_corners,nan,nan,nan,nan,nan,nan,nan,nan,nan
1293,43.112520981278244,v2_down_01,train,accepted,20.001865416488833,15.356662343671191,0.001079885604507565,20.848026704500597,10.149083770282056,22.455526406936666,6.93212692855904,3.196077100691622,3.596229499745612
1294,43.145863998278465,v2_down_01,train,accepted,20.0021163606011,15.355808419902086,0.001046644560654183,21.01078681135715,10.13453810848105,22.52040759940026,6.939876435743288,3.195827812625248,3.533386212537705
1295,43.17920701527868,v2_down_01,train,accepted,19.98308553831196,15.37097171816844,0.0007025788510375588,21.008668265273904,10.1383898940319,22.477312014870314,6.975399880953552,3.1912740896171377,3.487322796367145
1296,43.21255003227889,v2_down_01,train,accepted,19.968419614073895,15.398689690718694,0.009728032667715297,20.869903058681135,10.292729572784609,22.341894712028054,7.13960859973109,3.187651606572482,3.479788973232855
1297,43.245893049279104,v2_down_01,train,accepted,20.011712518097788,15.3543274389634,0.005691668682356799,20.98667833835262,10.536837709064745,22.432427326994905,7.377747991666988,3.148302869749647,3.4741960193300025
1298,43.279236066279324,v2_down_01,train,accepted,20.006005811116484,15.358755536535895,0.004940123423948173,21.15888592759634,10.827136214376718,22.607240251473,7.675885483617647,3.1995437096100385,3.468156774945706
1299,43.31257908327954,v2_down_01,train,accepted,20.02266159043174,15.386196297583194,6.011473792861446e-05,21.222693879781044,11.068276941747367,22.662321173592346,7.915593405788276,3.202191607035304,3.4658246093814338
1300,43.34592210027975,v2_down_01,train,accepted,19.998415930402274,15.346506618414448,0.004428568091905532,21.116477373888557,11.141456987788573,22.547305956829604,8.037925068303615,3.187248786873553,3.4174816472108622
1301,43.37926511727997,v2_down_01,train,accepted,19.97673568280471,15.349261647066701,-0.0025519809177993336,20.846065509410764,11.197791581359487,22.305526266287345,8.126428771692078,3.1653039710256436,3.400484555099588
1302,43.412608134280184,v2_down_01,train,accepted,20.018126004726994,15.365703703238252,-0.006426605297424331,20.576446053010752,11.132492007346798,22.095227341399877,8.108810521359665,3.1669165232802015,3.383688273269611
1303,43.4459511512804,v2_down_01,train,accepted,19.986943094978233,15.359775153249789,0.0007884391540131403,20.500402257476285,11.153999383651916,22.016913330747,8.131762382268523,3.1957634023922408,3.381378761375836
1304,43.47929416828061,v2_down_01,train,accepted,20.001495998972384,15.379109203246198,0.004466131450953665,20.509890047120745,11.2146675216801,22.00856959534455,8.178295029742475,3.1855662317978393,3.386088938297371
1305,43.51263718528083,v2_down_01,train,accepted,19.996115684141614,15.36589471844036,-0.0021545827729069953,20.47542455916963,11.275747536055604,21.944653559241182,8.241746292403622,3.145325595290186,3.371023197952372
1306,43.545980202281044,v2_down_01,train,accepted,19.99632310895705,15.366661218485024,0.004446379536512139,20.445751993669184,11.384134454599176,21.891919741336668,8.332721441604217,3.1348054069509383,3.376762137058015
1307,43.57932321928126,v2_down_01,train,accepted,20.00363688192617,15.380228036129004,0.0036317739535475543,20.41650759513384,11.528687557881927,21.812176472354054,8.466675957757692,3.1866474312113193,3.365086425953501
1308,43.61266623628148,v2_down_01,train,accepted,19.997783869479854,15.365137356706821,0.008422376140803434,20.339536246241657,11.667284137421117,21.68879966295257,8.595932943364112,3.1782835731423593,3.354654963615453
1309,43.64600925328169,v2_down_01,train,accepted,20.013869069926823,15.369565925623561,0.003983252009088537,20.22094979954154,11.83403381002582,21.549463439284594,8.748730149521421,3.1368340848906597,3.3591735841580417
1310,43.6793522702819,v2_down_01,train,accepted,20.001485657897447,15.374342258601555,0.004199177375805671,19.857998877144638,11.934908967715028,21.22179724342594,8.835167974818521,3.15419708169269,3.3864937925403864
1311,43.71269528728212,v2_down_01,train,accepted,20.016179611545994,15.36719544865111,0.006578182421402702,19.554464626844332,11.965099542961717,20.932416632817564,8.888128391202,3.1310133231649675,3.371424505980694
1312,43.74603830428234,v2_down_01,train,accepted,20.0001284163583,15.45175873649486,0.00701064259485501,19.35619344356521,12.08211006986027,20.762818556528995,8.972881525398636,3.1826888421857613,3.412608437854451
1313,43.77938132128255,v2_down_01,train,accepted,20.001645918169825,15.519628764788775,0.025486500782331206,19.18246674527218,12.20157284346016,20.60177507837676,9.083903467742406,3.177171370343857,3.4255362325785477
1314,43.81272433828276,v2_down_01,train,accepted,19.987752964883192,15.537735466067378,0.030629109901875423,18.725023790968283,12.23432762279836,20.227562250894728,9.137028860099797,3.17773942512899,3.4425109221282346
1315,43.84606735528298,v2_down_01,train,accepted,19.972938295233497,15.571780188307542,0.015951227756394525,18.40734678907114,12.324216515534793,19.958429175472855,9.253412934891717,3.1606592478610183,3.4403039401041258
1316,43.879410372283196,v2_down_01,train,accepted,19.9154397579081,15.72437850593127,-0.025692331668570725,18.230679610669224,12.551063202338721,19.819577634087235,9.48962879028609,3.136382600785671,3.449199557596182
1317,43.91275338928341,v2_down_01,train,accepted,19.859168493363775,15.917764561276199,-0.06510869927335815,18.193234898887383,12.796125045659933,19.814224614250897,9.750650593456886,3.1591600906607806,3.450003231351492
1318,43.94609640628363,v2_down_01,train,accepted,19.787137792288227,16.054439546161323,-0.13731341268458566,18.201856671054863,13.019099860568662,19.840235605445404,10.008246888631486,3.191634594839372,3.4277574522240646
1319,43.97943942328384,v2_down_01,train,accepted,19.754543479635096,16.19875387673623,-0.16848388310508797,18.231996179660985,13.232959150030663,19.869139061255574,10.259393550787525,3.204257664390305,3.3944556541156983
1320,44.012782440284056,v2_down_01,train,accepted,19.81196377060961,16.29195325459716,-0.17871046581162214,18.410110219577092,13.38870083987005,20.05740396284342,10.440210121179115,3.1819684058622713,3.3774508426934924
1321,44.04612545728427,v2_down_01,train,accepted,19.824401666243155,16.597339439920443,-0.17729718878502107,18.436486136634333,13.630140749256649,20.102278228837573,10.707420094971274,3.1681004021687897,3.3640985891369435
1322,44.07946847428449,v2_down_01,train,accepted,20.009935768007477,16.87249478188005,-0.17733143932755463,18.602573457755046,13.90466169190537,20.258550736293525,10.962240047021298,3.1617919772802057,3.376404283156564
1323,44.1128114912847,v2_down_01,train,accepted,20.27338266219857,17.303449097437266,-0.16193343902657895,18.86715267403206,14.282886985275857,20.479678552935244,11.308718272178822,3.165739167184469,3.383181822500493
1324,44.146154508284916,v2_down_01,train,accepted,20.48803868474323,17.73453632769813,-0.14180231682749,19.122079466458175,14.704581005132086,20.655909676319787,11.680092297358668,3.169284362273224,3.3911896225562264
1325,44.179497525285136,v2_down_01,train,accepted,20.60187984799517,18.08748736668287,-0.17135074806740214,19.20274090667618,15.040319110988376,20.70413721540993,12.029766989915007,3.1826611675707266,3.3641663082521185
1326,44.21284054228535,v2_down_01,train,accepted,20.61880897510199,18.41879057830736,-0.21350399724161773,19.14133002659379,15.376803208402634,20.61626149153419,12.364903259770907,3.1650250164530433,3.3536493744634424
1327,44.24618355928556,v2_down_01,train,accepted,20.682870248989342,18.721694660149552,-0.23803361342123727,19.099025791897184,15.703832323693184,20.581477720091282,12.692897233422578,3.1957863688461603,3.356098007691264
1328,44.279526576285775,v2_down_01,train,accepted,20.779707572867864,19.064543443136614,-0.2720177602419273,19.125836216666507,16.070027910429136,20.59216050309046,13.057694206992375,3.1884760918874666,3.350262863391133
1329,44.312869593285996,v2_down_01,train,accepted,20.85013998085077,19.399384003611473,-0.3118341305447399,19.11335404104592,16.42215691240243,20.548477796751175,13.406648765224194,3.1890661664894333,3.3395912294602565
1330,44.34621261028621,v2_down_01,train,accepted,20.892015300435823,19.694686102884354,-0.3658119541430626,19.045101532162306,16.76386503248472,20.475240869796977,13.741515272673988,3.1904555798476157,3.3436352366366346
1331,44.37955562728642,v2_down_01,train,accepted,20.96584847849185,20.009547201223448,-0.40860520769282654,18.97882494972449,17.15308797081503,20.447319345255675,14.113268334636974,3.1906740268962333,3.3759412332266963
1332,44.41289864428664,v2_down_01,train,accepted,21.056868280369912,20.325533461982573,-0.44868286220242987,18.98895932363698,17.483051611798896,20.432376274357104,14.465318369651628,3.196994033321359,3.345170610654536
1333,44.446241661286855,v2_down_01,train,accepted,21.186264281006615,20.641944493146568,-0.49361884065909667,19.010915886487,17.86697005271049,20.445534386569914,14.82219024792588,3.1950046510038987,3.365830402798744
1334,44.47958467828707,v2_down_01,train,accepted,21.31131617026781,20.978957901914846,-0.536156388313669,19.025607670885844,18.273319875288564,20.452487953755263,15.204504241916272,3.187055520943876,3.384319242221646
1335,44.51292769528728,v2_down_01,train,accepted,21.46266283846279,21.3177087899754,-0.5807302482931852,19.077192763334597,18.66815725707661,20.497548775303407,15.578235785874773,3.2089902897714944,3.40073902246704
1336,44.5462707122875,v2_down_01,train,accepted,21.603918896817973,21.659244493936615,-0.6162550971088858,19.15785917786623,19.071113030336594,20.518844307229045,15.980269183265234,3.1902335977956278,3.3772172286256046
1337,44.579613729287715,v2_down_01,train,accepted,21.75796967164613,22.017717120437545,-0.6803411779561473,19.198255405284517,19.50275061433931,20.559731389434354,16.397998156638685,3.2027301020895638,3.39014817950703
1338,44.61295674628793,v2_down_01,train,accepted,21.906757591768617,22.414329297971385,-0.7236525765540656,19.25916568725721,19.954714953751605,20.613818407420325,16.837715325312917,3.2174462402873316,3.398642475449903
1339,44.64629976328815,v2_down_01,train,accepted,22.046957120196506,22.783475006328956,-0.7641597856940011,19.3002852085254,20.397746450879687,20.648086359540688,17.268534499850663,3.2338622043537777,3.40713007928095
1340,44.67964278028836,v2_down_01,train,accepted,22.200433097346057,23.192656783549367,-0.7969521179035244,19.378893463152302,20.82494626028423,20.72739514051567,17.6948891609962,3.2138404306958757,3.4081834191626483
1341,44.712985797288574,v2_down_01,train,accepted,22.36695930827322,23.584176762640276,-0.8294896109653228,19.50477698457354,21.24872855591835,20.82221487261373,18.095134298087995,3.23375177537298,3.417718439524297
1342,44.74632881428879,v2_down_01,train,accepted,22.47799750050296,23.88693773776116,-0.8604721024031328,19.594677654866448,21.614908777762402,20.86392978447557,18.436688214420748,3.2415534730653683,3.422292640579562
1343,44.77967183128901,v2_down_01,train,accepted,22.518810214167768,24.10804164956039,-0.8830690666016371,19.60924894185974,21.875053197389406,20.884312689103496,18.67091640960599,3.235439006474232,3.4485185390776594
1344,44.81301484828922,v2_down_01,train,accepted,22.551586860306383,24.225199105567565,-0.8849018296001329,19.624571092178762,21.97542175855565,20.888032380103933,18.780088858389206,3.242823931651086,3.4360568634659754
1345,44.846357865289434,v2_down_01,train,accepted,22.537389340211874,24.23281517980743,-0.8923905859582428,19.61883747559257,21.99289224468231,20.888245025603457,18.79800877137781,3.2426911143782684,3.437830120296648
1346,44.879700882289654,v2_down_01,train,accepted,22.53888651213554,24.234892854589347,-0.8937376522460523,19.625928202633517,21.98336960441396,20.891010640471578,18.79376312691741,3.2406286446590276,3.4313296338029433
1347,44.91304389928987,v2_down_01,train,accepted,22.54012535153538,24.236641844793333,-0.8937198656131546,19.58712084176645,21.9571742333703,20.85092806984578,18.740222122050117,3.241460363477915,3.4562970931725383
1348,44.94638691629008,v2_down_01,train,accepted,22.540837876278644,24.241231227343654,-0.8905900403136768,19.2898929423783,21.819625295184867,20.557964491906162,18.600676354671076,3.234966939680065,3.459716424269024
1349,44.9797299332903,v2_down_01,train,accepted,22.546813105393294,24.245446413120952,-0.8974146923562478,18.662967028598093,21.433067106889734,20.06587132767207,18.29568956298667,3.24569509743369,3.4367540391112468
1350,45.013072950290514,v2_down_01,train,accepted,22.543039049608595,24.245845122179922,-0.8953869877491769,18.338859705142553,21.378182300668406,19.84074198158528,18.158412325170158,3.2547589372359766,3.55282550477965
1351,45.04641596729073,v2_down_01,train,accepted,22.54141959400806,24.24656858663601,-0.8942875118482586,17.873177983077248,21.625763165213574,19.520540364476396,18.259407310535313,3.2559001800452454,3.747819973794856
1352,45.07975898429094,v2_down_01,train,accepted,22.506372971171174,24.212293267610832,-0.9027051366237304,16.99828385238085,21.86511588014997,18.91611200622766,18.271504084921617,3.249270554904193,4.073341449288507
1353,45.11310200129116,v2_down_01,train,accepted,22.44360899235207,24.16721909358462,-0.9119534247996939,16.202022461506896,22.553886195021455,18.427146494241025,18.62151657192148,3.25050428588659,4.518263805238738
1354,45.146445018291374,v2_down_01,train,missing_or_ambiguous_corners,nan,nan,nan,nan,nan,nan,nan,nan,nan
1355,45.17978803529159,v2_down_01,train,missing_or_ambiguous_corners,nan,nan,nan,nan,nan,nan,nan,nan,nan
1356,45.21313105229181,v2_down_01,train,missing_or_ambiguous_corners,nan,nan,nan,nan,nan,nan,nan,nan,nan
1357,45.24647406929202,v2_down_01,train,missing_or_ambiguous_corners,nan,nan,nan,nan,nan,nan,nan,nan,nan
1358,45.27981708629223,v2_down_01,train,missing_or_ambiguous_corners,nan,nan,nan,nan,nan,nan,nan,nan,nan
1359,45.31316010329245,v2_down_01,train,missing_or_ambiguous_corners,nan,nan,nan,nan,nan,nan,nan,nan,nan
1360,45.34650312029267,v2_down_01,train,missing_or_ambiguous_corners,nan,nan,nan,nan,nan,nan,nan,nan,nan
1361,45.37984613729288,v2_down_01,train,missing_or_ambiguous_corners,nan,nan,nan,nan,nan,nan,nan,nan,nan
1362,45.41318915429309,v2_down_01,train,missing_or_ambiguous_corners,nan,nan,nan,nan,nan,nan,nan,nan,nan
1363,45.44653217129331,v2_down_01,train,missing_or_ambiguous_corners,nan,nan,nan,nan,nan,nan,nan,nan,nan
1364,45.479875188293526,v2_down_01,train,accepted,22.4542860135045,24.174510038844005,-0.9014319310868167,32.13585090462508,28.05472153740629,31.92318869415746,23.96588958159926,3.2396091315246225,4.094358555206141
1428,47.613828276307295,v2_down_02,train,accepted,21.237319777988326,16.576010680604867,-0.05815111926752218,21.70519879386288,8.551667329495908,23.324940224998375,5.650015170516138,3.152918549029525,3.323123162846785
1429,47.647171293307515,v2_down_02,train,accepted,21.23163931056203,16.574172064341152,-0.0581404285269703,21.611383972258334,9.250668340676407,23.169466892823163,6.347526918320395,3.152479415372166,3.294822074946554
1430,47.68051431030773,v2_down_02,train,accepted,21.224546681096758,16.57948551828971,-0.057905135820813,21.4990849797936,9.734414128415324,22.99245941728409,6.8395563516696685,3.1510303541110485,3.2573560993748947
1431,47.71385732730794,v2_down_02,train,accepted,21.223529688799225,16.580551716580885,-0.05849940476679406,21.34059667913668,10.018304866961913,22.75263042990739,7.1692470894943625,3.1540227245537023,3.179775075797648
1432,47.74720034430816,v2_down_02,train,accepted,21.2176496276722,16.58522322460651,-0.05924839352170193,21.259786264247847,10.480043465476722,22.636637743269652,7.620085446381386,3.150789758935956,3.174126630472114
1433,47.780543361308375,v2_down_02,train,accepted,21.222140093604356,16.582413566979163,-0.057803771800930895,21.23232008889062,10.916395242519643,22.522428326860553,8.048471794029156,3.153255853680181,3.144735946320366
1434,47.81388637830859,v2_down_02,train,accepted,21.217365341114558,16.566568011270387,-0.04961701193155789,20.724011640830287,11.091749525507725,22.005485373827746,8.265208349760728,3.1588439743474472,3.1034674070393673
1435,47.8472293953088,v2_down_02,train,accepted,21.227131562014197,16.62946903496922,-0.0654480960820178,19.94100355456538,11.10093465394407,21.346722957359926,8.285256344615885,3.152224407073747,3.1470766404735486
1436,47.88057241230902,v2_down_02,train,accepted,21.213205096123083,16.593173908973633,-0.0603964472222453,19.4700303318233,11.098326201984799,20.950433763653493,8.331420864727221,3.1498957279739157,3.1380502651039675
1437,47.913915429309235,v2_down_02,train,accepted,21.214878252284784,16.60100788932925,-0.06695073594810179,19.072459771314467,11.256412921031414,20.603011676708473,8.483938319179643,3.1978961807357895,3.166891938955031
1438,47.94725844630945,v2_down_02,train,accepted,21.21562521725392,16.588662016254766,-0.05808443536201602,18.978519747010694,11.557615267798749,20.546668859834078,8.760862253289977,3.18839427772976,3.2063872292991484
1439,47.98060146330967,v2_down_02,train,accepted,21.217687236099515,16.591229631655914,-0.05818259935658949,19.735258865464452,12.29052497200711,21.120761935680722,9.47171552610329,3.1830548538103085,3.1409083797359187
1440,48.01394448030988,v2_down_02,train,accepted,21.24091261376534,16.61426689461222,-0.06962020236008638,20.58731912932276,12.948106690318626,21.820908626834346,10.067994118882938,3.15188385503212,3.1331759402422295
1441,48.047287497310094,v2_down_02,train,accepted,21.23951065376677,16.594358339471533,-0.06371671642683356,20.562951224317118,13.237711832324182,21.818588309568778,10.359026963060115,3.1572797629428035,3.1406131672635462
1442,48.08063051431031,v2_down_02,train,accepted,21.20970118975068,16.91759054431894,-0.02720999998370894,20.610033202345623,13.523543975408169,21.8453267614611,10.670374310193216,3.1431814763074377,3.109103940960319
1443,48.11397353131053,v2_down_02,train,accepted,21.201370557566598,17.267752862656252,0.006639505882666272,20.713189577429873,13.909712943522788,21.867821911781174,11.017044597613454,3.206311573524092,3.1145956377923887
1444,48.14731654831074,v2_down_02,train,accepted,21.18166135658491,17.565582879642527,0.034621876723570186,20.548548271210855,14.253506826069714,21.69756485779822,11.296447175526094,3.1880091604138507,3.1724502979756886
1445,48.180659565310954,v2_down_02,train,accepted,21.180227257542803,17.930095446344275,0.07885687724195578,20.51672415202807,14.626385611185398,21.646947663653982,11.656232081068067,3.1764354516462876,3.1779265533835828
1446,48.214002582311174,v2_down_02,train,accepted,21.22297569122602,18.401395267303997,0.15131865372754963,20.76264076312068,15.031770042713328,21.79970145509584,12.113968766787158,3.20585594420359,3.096620603922344
1447,48.24734559931139,v2_down_02,train,accepted,21.284673633737807,18.807415298458864,0.23767267978763743,20.91856390298207,15.432981890963148,21.843910126321205,12.530114666224362,3.192094799109942,3.0467858076193455
1448,48.2806886163116,v2_down_02,train,accepted,21.116769613505387,19.218553668402024,0.2535591734092824,20.73964691452699,15.814323227765737,21.665797640132535,12.911333069330391,3.1974097410944693,3.0471473588443585
1449,48.314031633311814,v2_down_02,train,accepted,20.930994351144662,19.67879115108351,0.23953865980765515,20.553630151561766,16.286880940052182,21.501956132524178,13.30834635033392,3.200964204992331,3.1258583570463414
1450,48.347374650312034,v2_down_02,train,accepted,20.836280591789112,20.17922543748442,0.25376964708287025,20.498739472825445,16.74527458468032,21.404196918240004,13.77511761493239,3.1975944542179953,3.105106376663909
1451,48.38071766731225,v2_down_02,train,accepted,20.681659098944174,20.647690091045057,0.2624414831698137,20.362533541867393,17.182786252990567,21.287320205355133,14.182180275092119,3.2022043515228145,3.1398832155933274
1452,48.41406068431246,v2_down_02,train,accepted,20.50593888188502,21.09713966763605,0.2726131077018904,20.243303054625425,17.611140406552824,21.135849184579687,14.622718596187736,3.2143810861270796,3.118862534765211
1453,48.44740370131268,v2_down_02,train,accepted,20.45108581682936,21.549634777919607,0.32197128448980245,20.28049138681145,18.038672946997472,21.15441466842842,15.026765766717608,3.211533217731003,3.136132453321062
1454,48.48074671831289,v2_down_02,train,accepted,20.402881953788217,21.98930731923682,0.36650517501382585,20.332001404580673,18.443691426890297,21.176450790673897,15.419555432773654,3.2085488348526323,3.139823765211206
1455,48.51408973531311,v2_down_02,train,accepted,20.32372758352777,22.392834533211662,0.4048804803666165,20.325123584167738,18.857845074346223,21.152882040165217,15.82629543119824,3.207654492601227,3.142527215529882
1456,48.54743275231332,v2_down_02,train,accepted,20.251036591297456,22.785273174086768,0.4269872542701903,20.274563744637206,19.25438902681393,21.105882065186528,16.188484235961372,3.2023467742476392,3.176611769897858
1457,48.58077576931354,v2_down_02,train,accepted,20.146423810812678,23.1645126045185,0.4472725629472403,20.253508748554747,19.58651203802675,21.056104787935013,16.5347889938737,3.2138905083036864,3.1554990002602836
1458,48.61411878631375,v2_down_02,train,accepted,20.054171769212967,23.51369968305054,0.4705212364431392,20.182052418520918,19.927504521043602,20.957459666547784,16.862804557270927,3.2263407520101173,3.1612722546849445
1459,48.647461803313966,v2_down_02,train,accepted,19.864302190838885,23.856842650453512,0.4686759774282606,20.02025793581106,20.258154815748377,20.79829864141455,17.178555678696913,3.2079528953564056,3.1763624139106197
1460,48.68080482031419,v2_down_02,train,accepted,19.689943654494513,24.1992174625206,0.47650662111780184,19.86035431256008,20.58692628650512,20.645875839921707,17.511294321731857,3.223279527680813,3.174359156220918
1461,48.7141478373144,v2_down_02,train,accepted,19.52606199808083,24.5333993072204,0.48594563132414315,19.725566584538907,20.902730723841326,20.502781535759965,17.811049848088484,3.2258244178802578,3.187876051213004
1462,48.74749085431461,v2_down_02,train,accepted,19.333039328734657,24.898350527916627,0.5012407310343246,19.573681045044943,21.223093787589143,20.36264923783742,18.146847841250082,3.2411644447938794,3.1758085476939146
1463,48.78083387131483,v2_down_02,train,accepted,19.133746533323198,25.26635183948668,0.5167981279180583,19.42915175161379,21.595015861835105,20.223465123827264,18.49225289275263,3.240583891153952,3.202822470195097
1464,48.814176888315046,v2_down_02,train,accepted,18.94517802577669,25.67804359084534,0.5529262424085702,19.337983912717775,22.014111728470297,20.111940726152543,18.875819427161655,3.2258837459690715,3.2323192474622915
1465,48.84751990531526,v2_down_02,train,accepted,18.751100303659527,26.065542177154317,0.5916268238017333,19.24723467193709,22.422622882324596,19.974993935539374,19.285027832455444,3.241032898609578,3.22089059775745
1466,48.88086292231547,v2_down_02,train,accepted,18.5469496209978,26.441105209673367,0.6481185550360128,19.15733388582668,22.822524238922956,19.87354335256292,19.68254265548753,3.250653737060997,3.220627321587558
1467,48.91420593931569,v2_down_02,train,accepted,18.38580844655631,26.75090861696878,0.7027398735979471,19.15296173031343,23.162456526686352,19.832167020925773,20.00822300226067,3.2192907053593456,3.2265320319821176
1468,48.947548956315906,v2_down_02,train,accepted,18.228359845281812,26.97880596921473,0.7380275488180171,19.074590317755305,23.42688715318106,19.752006232115527,20.27892878645746,3.2727376842352305,3.220020838388101
1469,48.98089197331612,v2_down_02,train,accepted,18.13063721291266,27.165026949271297,0.7571717046440939,19.029017304625228,23.644660419832565,19.69021962268025,20.441645609794673,3.2569405237417604,3.2705492472554836
1470,49.01423499031634,v2_down_02,train,accepted,18.048207659124635,27.230680994074007,0.7592813718323912,18.968987154437023,23.669705426592508,19.634042287460428,20.549440228937005,3.255639118730237,3.1903531518722046
1471,49.04757800731655,v2_down_02,train,accepted,18.017194053869517,27.248116888203718,0.7484530852906683,18.924709742283085,23.65334641630695,19.627794573808785,20.54960987383068,3.2546165528158117,3.182374711661729
1472,49.080921024316766,v2_down_02,train,accepted,18.022409501761377,27.23454001610436,0.7492403337214443,18.91530893775462,23.461453661434916,19.686177908656923,20.33311750232538,3.254072141948078,3.2219134213526264
1473,49.11426404131698,v2_down_02,train,accepted,18.026924596374414,27.212189957038575,0.7478312296412202,19.068117939409905,23.26276286472961,19.948537970660745,20.123860672112883,3.271226517995969,3.260037792149321
1474,49.1476070583172,v2_down_02,train,accepted,18.031138671869233,27.226483430593447,0.7505723701782822,19.67576993198145,23.262411866115848,20.573633152356564,20.102722057718424,3.2850700672961985,3.2847828007027986
1475,49.18095007531741,v2_down_02,train,accepted,18.02996695783687,27.22331973312623,0.752451584801,20.729647697771604,23.430596598226295,21.61152154927051,20.249638238610835,3.2876943665565745,3.3009388930370993
1476,49.214293092317625,v2_down_02,train,accepted,18.02742070320737,27.22406903599895,0.7510035158861412,22.24497068814463,23.80072017865319,23.026850875115528,20.507214985442268,3.2916687653212016,3.385042552832233
1477,49.247636109317845,v2_down_02,train,accepted,18.03753719048875,27.22512182503283,0.7507443755003664,24.05783011136506,24.36085318633612,24.756563727205872,21.0124887262172,3.277606727033411,3.4204931258070723
1478,49.28097912631806,v2_down_02,train,accepted,18.03784949778742,27.215149134850723,0.7499811099319182,26.12701978243843,25.180153988316402,26.671681933250238,21.748093562432743,3.2760534433658264,3.475010161919482
1479,49.31432214331827,v2_down_02,train,accepted,18.02647229887036,27.206768360354495,0.750932770930316,28.204840492426346,26.27626239172366,28.463150998732953,22.715242479920942,3.2843861367789113,3.570376328893609
1480,49.347665160318485,v2_down_02,train,accepted,18.00582357059029,27.19944937776814,0.75174369143882,29.490917137124995,27.60090461633814,29.57335633310212,23.887374253403426,3.290654023868452,3.714445312219766
1481,49.381008177318705,v2_down_02,train,accepted,17.996177980084074,27.196575559904936,0.7499709782479342,29.802960708904507,28.810988788346805,29.916156125895714,24.965581883600162,3.2918154893211153,3.847072583861782
