frame,near_left_x,near_left_y,near_right_x,near_right_y,far_right_x,far_right_y,far_left_x,far_left_y
1.950000000000000000e+02,1.460734710693359375e+02,5.170193481445312500e+02,9.599888916015625000e+02,5.177179565429687500e+02,8.632849121093750000e+02,3.662063598632812500e+01,2.214508972167968750e+02,3.491682052612304688e+01
1.960000000000000000e+02,1.462425689697265625e+02,5.168497924804687500e+02,9.600417480468750000e+02,5.176897583007812500e+02,8.629005737304687500e+02,3.657678604125976562e+01,2.216003723144531250e+02,3.495150375366210938e+01
1.970000000000000000e+02,1.461184692382812500e+02,5.168215942382812500e+02,9.600497436523437500e+02,5.176840209960937500e+02,8.628564453125000000e+02,3.660824584960937500e+01,2.216003723144531250e+02,3.495150375366210938e+01
1.980000000000000000e+02,1.461978302001953125e+02,5.167662963867187500e+02,9.599865112304687500e+02,5.176863403320312500e+02,8.629531250000000000e+02,3.662067031860351562e+01,2.216586761474609375e+02,3.494095993041992188e+01
1.990000000000000000e+02,1.468362731933593750e+02,5.167788696289062500e+02,9.600253906250000000e+02,5.175761108398437500e+02,8.626819458007812500e+02,3.655104446411132812e+01,2.216514434814453125e+02,3.505113983154296875e+01
2.000000000000000000e+02,1.467485809326171875e+02,5.168670043945312500e+02,9.600149536132812500e+02,5.175697021484375000e+02,8.626311035156250000e+02,3.657914733886718750e+01,2.216936035156250000e+02,3.500428390502929688e+01
2.010000000000000000e+02,1.466797637939453125e+02,5.168269653320312500e+02,9.600330200195312500e+02,5.175491333007812500e+02,8.628678588867187500e+02,3.662559509277343750e+01,2.217206420898437500e+02,3.498834609985351562e+01
2.020000000000000000e+02,1.465030822753906250e+02,5.167677001953125000e+02,9.599940795898437500e+02,5.175701904296875000e+02,8.626452636718750000e+02,3.657482528686523438e+01,2.216456909179687500e+02,3.503268432617187500e+01
2.030000000000000000e+02,1.467270507812500000e+02,5.167492065429687500e+02,9.599940795898437500e+02,5.175701904296875000e+02,8.627607421875000000e+02,3.664521026611328125e+01,2.216722106933593750e+02,3.513234710693359375e+01
2.040000000000000000e+02,1.469369659423828125e+02,5.168837890625000000e+02,9.599940795898437500e+02,5.175701904296875000e+02,8.630459594726562500e+02,3.672988128662109375e+01,2.216722106933593750e+02,3.513234710693359375e+01
2.050000000000000000e+02,1.468094940185546875e+02,5.168406372070312500e+02,9.600372314453125000e+02,5.175294189453125000e+02,8.629856567382812500e+02,3.673625564575195312e+01,2.216722106933593750e+02,3.513234710693359375e+01
2.060000000000000000e+02,1.468474426269531250e+02,5.169868164062500000e+02,9.598060302734375000e+02,5.175413818359375000e+02,8.628769531250000000e+02,3.709031295776367188e+01,2.216718902587890625e+02,3.514715957641601562e+01
2.070000000000000000e+02,1.468336181640625000e+02,5.169697265625000000e+02,9.598060302734375000e+02,5.175413818359375000e+02,8.629640502929687500e+02,3.714216995239257812e+01,2.216718902587890625e+02,3.514715957641601562e+01
2.080000000000000000e+02,1.468697814941406250e+02,5.169564208984375000e+02,9.598060302734375000e+02,5.175413818359375000e+02,8.629640502929687500e+02,3.714216995239257812e+01,2.216718902587890625e+02,3.514715957641601562e+01
2.090000000000000000e+02,1.469425964355468750e+02,5.169805908203125000e+02,9.598060302734375000e+02,5.175413818359375000e+02,8.629640502929687500e+02,3.714216995239257812e+01,2.216718902587890625e+02,3.514715957641601562e+01
2.100000000000000000e+02,1.467609100341796875e+02,5.170756835937500000e+02,9.598292846679687500e+02,5.175263671875000000e+02,8.629996948242187500e+02,3.711367034912109375e+01,2.216718902587890625e+02,3.514715957641601562e+01
2.110000000000000000e+02,1.466133575439453125e+02,5.168706665039062500e+02,9.598292846679687500e+02,5.175263671875000000e+02,8.629996948242187500e+02,3.711367034912109375e+01,2.216718902587890625e+02,3.514715957641601562e+01
2.120000000000000000e+02,1.466469421386718750e+02,5.169729614257812500e+02,9.598292846679687500e+02,5.175263671875000000e+02,8.629996948242187500e+02,3.711367034912109375e+01,2.216718902587890625e+02,3.514715957641601562e+01
2.130000000000000000e+02,1.468224639892578125e+02,5.168170776367187500e+02,9.598292846679687500e+02,5.175263671875000000e+02,8.626145019531250000e+02,3.706794357299804688e+01,2.216718902587890625e+02,3.514715957641601562e+01
2.140000000000000000e+02,1.469373931884765625e+02,5.169498901367187500e+02,9.598397216796875000e+02,5.175303344726562500e+02,8.626547241210937500e+02,3.703408050537109375e+01,2.216718902587890625e+02,3.514715957641601562e+01
2.150000000000000000e+02,1.468254241943359375e+02,5.167542114257812500e+02,9.598397216796875000e+02,5.175303344726562500e+02,8.630067138671875000e+02,3.712745285034179688e+01,2.216592864990234375e+02,3.515528869628906250e+01
2.160000000000000000e+02,1.468489227294921875e+02,5.167730102539062500e+02,9.598397216796875000e+02,5.175303344726562500e+02,8.630067138671875000e+02,3.712745285034179688e+01,2.216592864990234375e+02,3.515528869628906250e+01
2.170000000000000000e+02,1.468489227294921875e+02,5.167730102539062500e+02,9.598397216796875000e+02,5.175303344726562500e+02,8.630067138671875000e+02,3.712745285034179688e+01,2.216592864990234375e+02,3.515528869628906250e+01
2.180000000000000000e+02,1.467720184326171875e+02,5.165218505859375000e+02,9.598397216796875000e+02,5.175303344726562500e+02,8.626567382812500000e+02,3.710375213623046875e+01,2.216718902587890625e+02,3.514715957641601562e+01
2.190000000000000000e+02,1.467988739013671875e+02,5.164912719726562500e+02,9.599002075195312500e+02,5.174403686523437500e+02,8.626572875976562500e+02,3.711928558349609375e+01,2.216718902587890625e+02,3.514715957641601562e+01
2.200000000000000000e+02,1.468323974609375000e+02,5.165585327148437500e+02,9.599202270507812500e+02,5.173856811523437500e+02,8.626185913085937500e+02,3.704750061035156250e+01,2.216718902587890625e+02,3.514715957641601562e+01
2.210000000000000000e+02,1.469459533691406250e+02,5.165399169921875000e+02,9.599202270507812500e+02,5.173856811523437500e+02,8.625581054687500000e+02,3.717698287963867188e+01,2.216838531494140625e+02,3.515561676025390625e+01
2.220000000000000000e+02,1.469517822265625000e+02,5.166047363281250000e+02,9.599202270507812500e+02,5.173856811523437500e+02,8.624037475585937500e+02,3.698502349853515625e+01,2.217206420898437500e+02,3.517601776123046875e+01
2.230000000000000000e+02,1.469048156738281250e+02,5.166024780273437500e+02,9.599202270507812500e+02,5.173856811523437500e+02,8.624037475585937500e+02,3.698502349853515625e+01,2.217468566894531250e+02,3.520783615112304688e+01
2.240000000000000000e+02,1.468901214599609375e+02,5.165160522460937500e+02,9.599202270507812500e+02,5.173856811523437500e+02,8.625084228515625000e+02,3.718861770629882812e+01,2.217674865722656250e+02,3.522486877441406250e+01
2.250000000000000000e+02,1.468901214599609375e+02,5.165160522460937500e+02,9.599719848632812500e+02,5.174111328125000000e+02,8.627801513671875000e+02,3.704840087890625000e+01,2.217674865722656250e+02,3.522486877441406250e+01
2.260000000000000000e+02,1.467816009521484375e+02,5.165812377929687500e+02,9.599610595703125000e+02,5.174060668945312500e+02,8.627539672851562500e+02,3.693211364746093750e+01,2.217468566894531250e+02,3.520783615112304688e+01
2.270000000000000000e+02,1.467585144042968750e+02,5.165959472656250000e+02,9.599318847656250000e+02,5.174543457031250000e+02,8.626658325195312500e+02,3.672503662109375000e+01,2.217327270507812500e+02,3.520458602905273438e+01
2.280000000000000000e+02,1.468991394042968750e+02,5.164429321289062500e+02,9.599318847656250000e+02,5.174543457031250000e+02,8.628286743164062500e+02,3.682811355590820312e+01,2.217327270507812500e+02,3.520458602905273438e+01
2.290000000000000000e+02,1.468393096923828125e+02,5.163209838867187500e+02,9.599002075195312500e+02,5.174403686523437500e+02,8.628267822265625000e+02,3.690288162231445312e+01,2.217327270507812500e+02,3.520458602905273438e+01
2.300000000000000000e+02,1.469419250488281250e+02,5.163671264648437500e+02,9.599318847656250000e+02,5.174543457031250000e+02,8.626655883789062500e+02,3.719734954833984375e+01,2.217533569335937500e+02,3.522161102294921875e+01
2.310000000000000000e+02,1.470056304931640625e+02,5.164066162109375000e+02,9.599318847656250000e+02,5.174543457031250000e+02,8.626493530273437500e+02,3.719762039184570312e+01,2.217533569335937500e+02,3.522161102294921875e+01
2.320000000000000000e+02,1.470288391113281250e+02,5.163820800781250000e+02,9.597214355468750000e+02,5.174545898437500000e+02,8.624706420898437500e+02,3.723641967773437500e+01,2.217674865722656250e+02,3.522486877441406250e+01
2.330000000000000000e+02,1.470316772460937500e+02,5.163604125976562500e+02,9.597985229492187500e+02,5.174357910156250000e+02,8.624706420898437500e+02,3.723641967773437500e+01,2.218972320556640625e+02,3.533760452270507812e+01
2.340000000000000000e+02,1.476624450683593750e+02,5.161939697265625000e+02,9.596652221679687500e+02,5.172686767578125000e+02,8.624820556640625000e+02,3.720466232299804688e+01,2.219537048339843750e+02,3.530463027954101562e+01
2.350000000000000000e+02,1.473114166259765625e+02,5.167368774414062500e+02,9.595808715820312500e+02,5.170906372070312500e+02,8.623090209960937500e+02,3.699742889404296875e+01,2.219933776855468750e+02,3.546767425537109375e+01
2.360000000000000000e+02,1.472756500244140625e+02,5.167301635742187500e+02,9.595808715820312500e+02,5.170906372070312500e+02,8.623164062500000000e+02,3.694147872924804688e+01,2.219744110107421875e+02,3.545055389404296875e+01
2.370000000000000000e+02,1.472961120605468750e+02,5.167164306640625000e+02,9.595808715820312500e+02,5.170906372070312500e+02,8.623164062500000000e+02,3.694147872924804688e+01,2.218386535644531250e+02,3.561384963989257812e+01
2.380000000000000000e+02,1.472961120605468750e+02,5.167164306640625000e+02,9.595808715820312500e+02,5.170906372070312500e+02,8.622598266601562500e+02,3.690023040771484375e+01,2.218170318603515625e+02,3.559664535522460938e+01
2.390000000000000000e+02,1.472299652099609375e+02,5.165194091796875000e+02,9.595808715820312500e+02,5.170906372070312500e+02,8.622300415039062500e+02,3.689062500000000000e+01,2.218083190917968750e+02,3.562471771240234375e+01
2.400000000000000000e+02,1.472338867187500000e+02,5.165999755859375000e+02,9.597088623046875000e+02,5.171275024414062500e+02,8.624650878906250000e+02,3.688860321044921875e+01,2.219449157714843750e+02,3.546090698242187500e+01
2.410000000000000000e+02,1.468135986328125000e+02,5.170714111328125000e+02,9.597847900390625000e+02,5.171456298828125000e+02,8.630829467773437500e+02,3.679779815673828125e+01,2.218618164062500000e+02,3.531216812133789062e+01
2.420000000000000000e+02,1.466369934082031250e+02,5.168370361328125000e+02,9.597974853515625000e+02,5.172277221679687500e+02,8.626936035156250000e+02,3.666867446899414062e+01,2.217369842529296875e+02,3.530638122558593750e+01
2.430000000000000000e+02,1.467756347656250000e+02,5.168728637695312500e+02,9.597685546875000000e+02,5.171928100585937500e+02,8.627061767578125000e+02,3.666151046752929688e+01,2.217659301757812500e+02,3.529468154907226562e+01
2.440000000000000000e+02,1.464235839843750000e+02,5.170425415039062500e+02,9.597470092773437500e+02,5.172567138671875000e+02,8.630011596679687500e+02,3.670775604248046875e+01,2.216651306152343750e+02,3.526031875610351562e+01
2.450000000000000000e+02,1.467758941650390625e+02,5.169645385742187500e+02,9.596758422851562500e+02,5.173247680664062500e+02,8.627284545898437500e+02,3.670680236816406250e+01,2.216404266357421875e+02,3.524320983886718750e+01
2.460000000000000000e+02,1.467758941650390625e+02,5.169645385742187500e+02,9.596758422851562500e+02,5.173247680664062500e+02,8.627284545898437500e+02,3.670680236816406250e+01,2.216404266357421875e+02,3.524320983886718750e+01
2.470000000000000000e+02,1.467758941650390625e+02,5.169645385742187500e+02,9.597189331054687500e+02,5.173453979492187500e+02,8.627352294921875000e+02,3.671501541137695312e+01,2.216175079345703125e+02,3.522634506225585938e+01
2.480000000000000000e+02,1.467897796630859375e+02,5.170691528320312500e+02,9.597189331054687500e+02,5.173453979492187500e+02,8.627000122070312500e+02,3.670458984375000000e+01,2.216175079345703125e+02,3.522634506225585938e+01
2.490000000000000000e+02,1.467416839599609375e+02,5.170672607421875000e+02,9.597189331054687500e+02,5.173453979492187500e+02,8.627000122070312500e+02,3.670458984375000000e+01,2.216175079345703125e+02,3.522634506225585938e+01
2.500000000000000000e+02,1.467285919189453125e+02,5.170963745117187500e+02,9.597189331054687500e+02,5.173453979492187500e+02,8.627000122070312500e+02,3.670458984375000000e+01,2.217921295166015625e+02,3.512088012695312500e+01
2.510000000000000000e+02,1.467285919189453125e+02,5.170963745117187500e+02,9.597189331054687500e+02,5.173453979492187500e+02,8.627005615234375000e+02,3.672103500366210938e+01,2.217921295166015625e+02,3.512088012695312500e+01
2.520000000000000000e+02,1.468352203369140625e+02,5.171228637695312500e+02,9.597189331054687500e+02,5.173453979492187500e+02,8.624099121093750000e+02,3.682089996337890625e+01,2.217921295166015625e+02,3.512088012695312500e+01
2.530000000000000000e+02,1.468483734130859375e+02,5.169684448242187500e+02,9.597189331054687500e+02,5.173453979492187500e+02,8.624099121093750000e+02,3.682089996337890625e+01,2.218107910156250000e+02,3.513772201538085938e+01
2.540000000000000000e+02,1.465876770019531250e+02,5.170243530273437500e+02,9.597189331054687500e+02,5.173453979492187500e+02,8.624088745117187500e+02,3.680492401123046875e+01,2.229773559570312500e+02,3.473326873779296875e+01
2.550000000000000000e+02,nan,nan,nan,nan,nan,nan,nan,nan
2.560000000000000000e+02,nan,nan,nan,nan,nan,nan,nan,nan
2.570000000000000000e+02,nan,nan,nan,nan,nan,nan,nan,nan
2.580000000000000000e+02,nan,nan,nan,nan,nan,nan,nan,nan
2.590000000000000000e+02,nan,nan,nan,nan,nan,nan,nan,nan
2.600000000000000000e+02,nan,nan,nan,nan,nan,nan,nan,nan
2.610000000000000000e+02,nan,nan,nan,nan,nan,nan,nan,nan
2.620000000000000000e+02,nan,nan,nan,nan,nan,nan,nan,nan
2.630000000000000000e+02,1.469217834472656250e+02,5.168829345703125000e+02,9.597864990234375000e+02,5.173969726562500000e+02,8.630599975585937500e+02,3.698270416259765625e+01,2.133382415771484375e+02,3.725552749633789062e+01
3.630000000000000000e+02,1.469847259521484375e+02,5.165054931640625000e+02,9.599817504882812500e+02,5.174374389648437500e+02,8.624019165039062500e+02,3.674871063232421875e+01,2.218188018798828125e+02,3.500154495239257812e+01
3.640000000000000000e+02,1.469847259521484375e+02,5.165054931640625000e+02,9.599130859375000000e+02,5.173953857421875000e+02,8.624019165039062500e+02,3.674871063232421875e+01,2.217469329833984375e+02,3.507965850830078125e+01
3.650000000000000000e+02,1.469847259521484375e+02,5.165054931640625000e+02,9.599445800781250000e+02,5.174094238281250000e+02,8.624597778320312500e+02,3.679851531982421875e+01,2.217469329833984375e+02,3.507965850830078125e+01
3.660000000000000000e+02,1.471401824951171875e+02,5.166054077148437500e+02,9.599445800781250000e+02,5.174094238281250000e+02,8.624094238281250000e+02,3.674332427978515625e+01,2.217382202148437500e+02,3.509541320800781250e+01
3.670000000000000000e+02,1.471408233642578125e+02,5.164960937500000000e+02,9.598479003906250000e+02,5.175418701171875000e+02,8.624981689453125000e+02,3.696355438232421875e+01,2.217382202148437500e+02,3.509541320800781250e+01
3.680000000000000000e+02,1.470673675537109375e+02,5.166213989257812500e+02,9.598479003906250000e+02,5.175418701171875000e+02,8.624981689453125000e+02,3.696355438232421875e+01,2.217382202148437500e+02,3.509541320800781250e+01
3.690000000000000000e+02,1.474492034912109375e+02,5.163100585937500000e+02,9.596642456054687500e+02,5.171940307617187500e+02,8.623410644531250000e+02,3.709183883666992188e+01,2.217699584960937500e+02,3.520783233642578125e+01
3.700000000000000000e+02,1.474571838378906250e+02,5.163298950195312500e+02,9.596991577148437500e+02,5.172012329101562500e+02,8.623038940429687500e+02,3.706022644042968750e+01,2.217228851318359375e+02,3.517757415771484375e+01
3.710000000000000000e+02,1.474031524658203125e+02,5.164584960937500000e+02,9.596954345703125000e+02,5.172197875976562500e+02,8.624149780273437500e+02,3.699446105957031250e+01,2.217228851318359375e+02,3.517757415771484375e+01
3.720000000000000000e+02,1.473596649169921875e+02,5.164365234375000000e+02,9.597037963867187500e+02,5.172149047851562500e+02,8.622728271484375000e+02,3.690672302246093750e+01,2.216718902587890625e+02,3.514715957641601562e+01
3.730000000000000000e+02,1.473596649169921875e+02,5.164365234375000000e+02,9.597037963867187500e+02,5.172149047851562500e+02,8.622706909179687500e+02,3.691974258422851562e+01,2.216860351562500000e+02,3.515036773681640625e+01
3.740000000000000000e+02,1.473542633056640625e+02,5.164093017578125000e+02,9.596746826171875000e+02,5.171933593750000000e+02,8.624018554687500000e+02,3.689918518066406250e+01,2.216860351562500000e+02,3.515036773681640625e+01
3.750000000000000000e+02,1.473420257568359375e+02,5.164406738281250000e+02,9.596746826171875000e+02,5.171933593750000000e+02,8.624018554687500000e+02,3.689918518066406250e+01,2.216860351562500000e+02,3.515036773681640625e+01
3.760000000000000000e+02,1.472454681396484375e+02,5.163263549804687500e+02,9.596746826171875000e+02,5.171933593750000000e+02,8.622552490234375000e+02,3.691519546508789062e+01,2.216860351562500000e+02,3.515036773681640625e+01
3.770000000000000000e+02,1.472478790283203125e+02,5.163112182617187500e+02,9.596746826171875000e+02,5.171933593750000000e+02,8.622552490234375000e+02,3.691519546508789062e+01,2.216860351562500000e+02,3.515036773681640625e+01
3.780000000000000000e+02,1.472287445068359375e+02,5.163162841796875000e+02,9.596746826171875000e+02,5.171933593750000000e+02,8.622552490234375000e+02,3.691519546508789062e+01,2.216860351562500000e+02,3.515036773681640625e+01
3.790000000000000000e+02,1.472287445068359375e+02,5.163162841796875000e+02,9.596746826171875000e+02,5.171933593750000000e+02,8.622552490234375000e+02,3.691519546508789062e+01,2.217068786621093750e+02,3.516728210449218750e+01
3.800000000000000000e+02,1.471493377685546875e+02,5.163647460937500000e+02,9.596665039062500000e+02,5.171976318359375000e+02,8.622675170898437500e+02,3.691036224365234375e+01,2.216860351562500000e+02,3.515036773681640625e+01
3.810000000000000000e+02,1.471362304687500000e+02,5.164054565429687500e+02,9.596665039062500000e+02,5.171976318359375000e+02,8.623444824218750000e+02,3.696772384643554688e+01,2.216860351562500000e+02,3.515036773681640625e+01
3.820000000000000000e+02,1.468385620117187500e+02,5.166167602539062500e+02,9.597017822265625000e+02,5.172369995117187500e+02,8.622879028320312500e+02,3.687166213989257812e+01,2.216860351562500000e+02,3.515036773681640625e+01
3.830000000000000000e+02,1.468385620117187500e+02,5.166167602539062500e+02,9.597161254882812500e+02,5.172233276367187500e+02,8.622879028320312500e+02,3.687166213989257812e+01,2.216860351562500000e+02,3.515036773681640625e+01
3.840000000000000000e+02,1.468191375732421875e+02,5.166992797851562500e+02,9.597409057617187500e+02,5.171711425781250000e+02,8.622879028320312500e+02,3.687166213989257812e+01,2.216860351562500000e+02,3.515036773681640625e+01
3.850000000000000000e+02,1.472369995117187500e+02,5.165075683593750000e+02,9.597791748046875000e+02,5.172709960937500000e+02,8.625368041992187500e+02,3.709939193725585938e+01,2.219900054931640625e+02,3.530677795410156250e+01
3.860000000000000000e+02,1.471238403320312500e+02,5.163511352539062500e+02,9.597791748046875000e+02,5.172709960937500000e+02,8.623549804687500000e+02,3.719846343994140625e+01,2.220000000000000000e+02,3.533239746093750000e+01
3.870000000000000000e+02,1.471786651611328125e+02,5.163236083984375000e+02,9.598673095703125000e+02,5.172944946289062500e+02,8.624356079101562500e+02,3.706426239013671875e+01,2.219145050048828125e+02,3.527044677734375000e+01
3.880000000000000000e+02,1.472356872558593750e+02,5.165345458984375000e+02,9.598095703125000000e+02,5.172100219726562500e+02,8.622291259765625000e+02,3.682655334472656250e+01,2.216669769287109375e+02,3.525850296020507812e+01
3.890000000000000000e+02,1.472075805664062500e+02,5.164223022460937500e+02,9.598012084960937500e+02,5.172148437500000000e+02,8.622402343750000000e+02,3.692502975463867188e+01,2.216669769287109375e+02,3.525850296020507812e+01
3.900000000000000000e+02,1.470496368408203125e+02,5.165855712890625000e+02,9.599726562500000000e+02,5.172246704101562500e+02,8.625206298828125000e+02,3.700055313110351562e+01,2.216998443603515625e+02,3.517388534545898438e+01
3.910000000000000000e+02,1.470238189697265625e+02,5.165090942382812500e+02,9.598977661132812500e+02,5.172152709960937500e+02,8.625206298828125000e+02,3.700055313110351562e+01,2.216998443603515625e+02,3.517388534545898438e+01
3.920000000000000000e+02,1.471795654296875000e+02,5.165996704101562500e+02,9.598977661132812500e+02,5.172152709960937500e+02,8.624472045898437500e+02,3.698333358764648438e+01,2.216998443603515625e+02,3.517388534545898438e+01
3.930000000000000000e+02,1.474403533935546875e+02,5.166103515625000000e+02,9.598403320312500000e+02,5.171799926757812500e+02,8.623635864257812500e+02,3.706683349609375000e+01,2.217946777343750000e+02,3.519047546386718750e+01
3.940000000000000000e+02,1.473993530273437500e+02,5.166798095703125000e+02,9.598698120117187500e+02,5.171890258789062500e+02,8.624190063476562500e+02,3.712589645385742188e+01,2.217946777343750000e+02,3.519047546386718750e+01
3.950000000000000000e+02,1.473811492919921875e+02,5.166760253906250000e+02,9.598618164062500000e+02,5.171932373046875000e+02,8.624190063476562500e+02,3.712589645385742188e+01,2.217946777343750000e+02,3.519047546386718750e+01
3.960000000000000000e+02,1.473826293945312500e+02,5.165491943359375000e+02,9.598322753906250000e+02,5.171842041015625000e+02,8.623930053710937500e+02,3.707711410522460938e+01,2.217946777343750000e+02,3.519047546386718750e+01
3.970000000000000000e+02,1.474061279296875000e+02,5.165370483398437500e+02,9.598322753906250000e+02,5.171842041015625000e+02,8.623991699218750000e+02,3.705416488647460938e+01,2.216998443603515625e+02,3.517388534545898438e+01
3.980000000000000000e+02,1.473876953125000000e+02,5.165330810546875000e+02,9.598322753906250000e+02,5.171842041015625000e+02,8.623964843750000000e+02,3.703867721557617188e+01,2.216998443603515625e+02,3.517388534545898438e+01
3.990000000000000000e+02,1.476243896484375000e+02,5.166586914062500000e+02,9.598430786132812500e+02,5.172191772460937500e+02,8.624190063476562500e+02,3.712589645385742188e+01,2.216998443603515625e+02,3.517388534545898438e+01
4.000000000000000000e+02,1.476115570068359375e+02,5.166334228515625000e+02,9.598046264648437500e+02,5.172119140625000000e+02,8.624190063476562500e+02,3.712589645385742188e+01,2.217187957763671875e+02,3.519073867797851562e+01
4.010000000000000000e+02,1.474857177734375000e+02,5.165759887695312500e+02,9.598046264648437500e+02,5.172119140625000000e+02,8.624190063476562500e+02,3.712589645385742188e+01,2.217431945800781250e+02,3.520753097534179688e+01
4.020000000000000000e+02,1.475712890625000000e+02,5.165474243164062500e+02,9.597621459960937500e+02,5.171912841796875000e+02,8.624190063476562500e+02,3.712589645385742188e+01,2.216998443603515625e+02,3.517388534545898438e+01
4.030000000000000000e+02,1.475657501220703125e+02,5.166027221679687500e+02,9.597621459960937500e+02,5.171912841796875000e+02,8.624124755859375000e+02,3.711800384521484375e+01,2.216998443603515625e+02,3.517388534545898438e+01
4.040000000000000000e+02,1.475588531494140625e+02,5.166103515625000000e+02,9.597979125976562500e+02,5.172044677734375000e+02,8.624124755859375000e+02,3.711800384521484375e+01,2.216998443603515625e+02,3.517388534545898438e+01
4.050000000000000000e+02,1.474249114990234375e+02,5.164752807617187500e+02,9.597895507812500000e+02,5.172093505859375000e+02,8.624453735351562500e+02,3.709017944335937500e+01,2.216998443603515625e+02,3.517388534545898438e+01
4.060000000000000000e+02,1.471742553710937500e+02,5.167470092773437500e+02,9.597988891601562500e+02,5.172157592773437500e+02,8.626628417968750000e+02,3.689620971679687500e+01,2.216175079345703125e+02,3.522634506225585938e+01
4.070000000000000000e+02,1.471548767089843750e+02,5.163325805664062500e+02,9.598565673828125000e+02,5.172207031250000000e+02,8.626096191406250000e+02,3.687355422973632812e+01,2.216175079345703125e+02,3.522634506225585938e+01
4.080000000000000000e+02,1.471548767089843750e+02,5.163325805664062500e+02,9.597895507812500000e+02,5.172093505859375000e+02,8.627131958007812500e+02,3.682336807250976562e+01,2.216998443603515625e+02,3.517388534545898438e+01
4.090000000000000000e+02,1.471407928466796875e+02,5.163931884765625000e+02,9.597814331054687500e+02,5.172523803710937500e+02,8.625842895507812500e+02,3.683947372436523438e+01,2.216998443603515625e+02,3.517388534545898438e+01
4.100000000000000000e+02,1.464600524902343750e+02,5.165155029296875000e+02,9.598939208984375000e+02,5.172374267578125000e+02,8.626951293945312500e+02,3.667007827758789062e+01,2.216734313964843750e+02,3.515851211547851562e+01
4.110000000000000000e+02,1.465921325683593750e+02,5.165979003906250000e+02,9.599932250976562500e+02,5.172280273437500000e+02,8.630011596679687500e+02,3.657692337036132812e+01,2.216982421875000000e+02,3.509656524658203125e+01
4.120000000000000000e+02,1.467382049560546875e+02,5.164572753906250000e+02,9.599290161132812500e+02,5.176055297851562500e+02,8.630637207031250000e+02,3.672076034545898438e+01,2.218719329833984375e+02,3.478876495361328125e+01
4.130000000000000000e+02,1.467795715332031250e+02,5.165025024414062500e+02,9.599290161132812500e+02,5.176055297851562500e+02,8.631419677734375000e+02,3.668033599853515625e+01,2.218719329833984375e+02,3.478876495361328125e+01
4.140000000000000000e+02,1.467401275634765625e+02,5.165385131835937500e+02,9.599290161132812500e+02,5.176055297851562500e+02,8.631419677734375000e+02,3.668033599853515625e+01,2.218719329833984375e+02,3.478876495361328125e+01
4.150000000000000000e+02,1.466521148681640625e+02,5.166088256835937500e+02,9.599290161132812500e+02,5.176055297851562500e+02,8.631419677734375000e+02,3.668033599853515625e+01,2.218719329833984375e+02,3.478876495361328125e+01
4.160000000000000000e+02,1.466406555175781250e+02,5.166237792968750000e+02,9.599290161132812500e+02,5.176055297851562500e+02,8.631880493164062500e+02,3.672800827026367188e+01,2.218719329833984375e+02,3.478876495361328125e+01
4.170000000000000000e+02,1.464302673339843750e+02,5.166256103515625000e+02,9.599290161132812500e+02,5.176055297851562500e+02,8.632160644531250000e+02,3.673021316528320312e+01,2.218719329833984375e+02,3.478876495361328125e+01
4.180000000000000000e+02,1.464182586669921875e+02,5.167204589843750000e+02,9.599290161132812500e+02,5.176055297851562500e+02,8.632160644531250000e+02,3.673021316528320312e+01,2.218719329833984375e+02,3.478876495361328125e+01
4.190000000000000000e+02,1.465123901367187500e+02,5.166954956054687500e+02,9.598972778320312500e+02,5.175891723632812500e+02,8.632821655273437500e+02,3.678074645996093750e+01,2.218594665527343750e+02,3.480031204223632812e+01
4.200000000000000000e+02,1.466411743164062500e+02,5.166670532226562500e+02,9.597974853515625000e+02,5.175709838867187500e+02,8.627608642578125000e+02,3.680927276611328125e+01,2.219230346679687500e+02,3.496575546264648438e+01
4.210000000000000000e+02,1.467212524414062500e+02,5.167000122070312500e+02,9.598813476562500000e+02,5.174658203125000000e+02,8.628295898437500000e+02,3.695718383789062500e+01,2.225393524169921875e+02,3.103993034362792969e+01
4.220000000000000000e+02,nan,nan,nan,nan,nan,nan,nan,nan
4.230000000000000000e+02,nan,nan,nan,nan,nan,nan,nan,nan
4.240000000000000000e+02,nan,nan,nan,nan,nan,nan,nan,nan
4.250000000000000000e+02,nan,nan,nan,nan,nan,nan,nan,nan
5.880000000000000000e+02,1.477159576416015625e+02,5.160963134765625000e+02,9.606563110351562500e+02,5.165368041992187500e+02,8.632655029296875000e+02,3.609754562377929688e+01,2.220751190185546875e+02,3.459413146972656250e+01
5.890000000000000000e+02,1.473290100097656250e+02,5.154249877929687500e+02,9.604854736328125000e+02,5.165754394531250000e+02,8.635527343750000000e+02,3.669120788574218750e+01,2.220452270507812500e+02,3.459915924072265625e+01
5.900000000000000000e+02,1.473772888183593750e+02,5.157604370117187500e+02,9.604854736328125000e+02,5.165754394531250000e+02,8.632962036132812500e+02,3.658742523193359375e+01,2.220452270507812500e+02,3.459915924072265625e+01
5.910000000000000000e+02,1.474661865234375000e+02,5.157098388671875000e+02,9.604854736328125000e+02,5.165754394531250000e+02,8.633356323242187500e+02,3.643027496337890625e+01,2.220452270507812500e+02,3.459915924072265625e+01
5.920000000000000000e+02,1.475210113525390625e+02,5.157619628906250000e+02,9.604942016601562500e+02,5.165722045898437500e+02,8.634277954101562500e+02,3.628431320190429688e+01,2.220452270507812500e+02,3.459915924072265625e+01
5.930000000000000000e+02,1.476948699951171875e+02,5.159536743164062500e+02,9.604844970703125000e+02,5.165713500976562500e+02,8.633920288085937500e+02,3.582987976074218750e+01,2.220452270507812500e+02,3.459915924072265625e+01
5.940000000000000000e+02,1.472274475097656250e+02,5.158049926757812500e+02,9.607739257812500000e+02,5.165328979492187500e+02,8.634045410156250000e+02,3.552840042114257812e+01,2.220310363769531250e+02,3.459133529663085938e+01
5.950000000000000000e+02,1.472303466796875000e+02,5.158034057617187500e+02,9.607739257812500000e+02,5.165328979492187500e+02,8.633814086914062500e+02,3.547667694091796875e+01,2.219707946777343750e+02,3.460726928710937500e+01
5.960000000000000000e+02,1.478421325683593750e+02,5.156046752929687500e+02,9.607739257812500000e+02,5.165328979492187500e+02,8.633417358398437500e+02,3.557788848876953125e+01,2.220009765625000000e+02,3.459831619262695312e+01
5.970000000000000000e+02,1.471674804687500000e+02,5.158146362304687500e+02,9.607739257812500000e+02,5.165328979492187500e+02,8.633628540039062500e+02,3.559448242187500000e+01,2.220009765625000000e+02,3.459831619262695312e+01
5.980000000000000000e+02,1.474896392822265625e+02,5.157679443359375000e+02,9.607834472656250000e+02,5.165324707031250000e+02,8.631948242187500000e+02,3.581109237670898438e+01,2.220310363769531250e+02,3.459133529663085938e+01
5.990000000000000000e+02,1.472986602783203125e+02,5.157630004882812500e+02,9.607739257812500000e+02,5.165328979492187500e+02,8.632793579101562500e+02,3.586588668823242188e+01,2.220310363769531250e+02,3.459133529663085938e+01
6.000000000000000000e+02,1.475521392822265625e+02,5.154423828125000000e+02,9.607739257812500000e+02,5.165328979492187500e+02,8.632464599609375000e+02,3.582285690307617188e+01,2.220310363769531250e+02,3.459133529663085938e+01
6.010000000000000000e+02,1.475783691406250000e+02,5.158589477539062500e+02,9.607567749023437500e+02,5.165382080078125000e+02,8.633757934570312500e+02,3.577768707275390625e+01,2.220310363769531250e+02,3.459133529663085938e+01
6.020000000000000000e+02,1.474796142578125000e+02,5.157416992187500000e+02,9.607567749023437500e+02,5.165382080078125000e+02,8.635073852539062500e+02,3.584461212158203125e+01,2.220310363769531250e+02,3.459133529663085938e+01
6.030000000000000000e+02,1.474827117919921875e+02,5.157888793945312500e+02,9.607675170898437500e+02,5.165435791015625000e+02,8.634857788085937500e+02,3.581965255737304688e+01,2.220310363769531250e+02,3.459133529663085938e+01
6.040000000000000000e+02,1.477509155273437500e+02,5.156333618164062500e+02,9.607675170898437500e+02,5.165435791015625000e+02,8.635997924804687500e+02,3.640560150146484375e+01,2.220310363769531250e+02,3.459133529663085938e+01
6.050000000000000000e+02,1.476092224121093750e+02,5.156781616210937500e+02,9.607727050781250000e+02,5.165363159179687500e+02,8.636591796875000000e+02,3.640954208374023438e+01,2.220310363769531250e+02,3.459133529663085938e+01
6.060000000000000000e+02,1.478199768066406250e+02,5.155797729492187500e+02,9.607335205078125000e+02,5.164846191406250000e+02,8.636909179687500000e+02,3.635846710205078125e+01,2.220310363769531250e+02,3.459133529663085938e+01
6.070000000000000000e+02,1.478199768066406250e+02,5.155797729492187500e+02,9.607253417968750000e+02,5.164395751953125000e+02,8.636909179687500000e+02,3.635846710205078125e+01,2.220310363769531250e+02,3.459133529663085938e+01
6.080000000000000000e+02,1.478057861328125000e+02,5.157977294921875000e+02,9.607727050781250000e+02,5.164808349609375000e+02,8.639082641601562500e+02,3.635461807250976562e+01,2.220310363769531250e+02,3.459133529663085938e+01
6.090000000000000000e+02,1.474611053466796875e+02,5.162055664062500000e+02,9.609061279296875000e+02,5.165278320312500000e+02,8.635750122070312500e+02,3.572709274291992188e+01,2.219303131103515625e+02,3.457803344726562500e+01
6.100000000000000000e+02,1.475784606933593750e+02,5.160850219726562500e+02,9.608267211914062500e+02,5.164621582031250000e+02,8.637255249023437500e+02,3.578953170776367188e+01,2.219303131103515625e+02,3.457803344726562500e+01
6.110000000000000000e+02,1.475905609130859375e+02,5.160212402343750000e+02,9.607680664062500000e+02,5.164277343750000000e+02,8.636817016601562500e+02,3.592165374755859375e+01,2.219303131103515625e+02,3.457803344726562500e+01
6.120000000000000000e+02,1.477015228271484375e+02,5.156643066406250000e+02,9.606079101562500000e+02,5.164267578125000000e+02,8.636201171875000000e+02,3.583303833007812500e+01,2.219303131103515625e+02,3.457803344726562500e+01
6.130000000000000000e+02,1.479910888671875000e+02,5.155922851562500000e+02,9.604297485351562500e+02,5.162705688476562500e+02,8.637810668945312500e+02,3.618831253051757812e+01,2.220310363769531250e+02,3.459133529663085938e+01
6.140000000000000000e+02,1.477619018554687500e+02,5.157052001953125000e+02,9.604827880859375000e+02,5.163684692382812500e+02,8.636193847656250000e+02,3.636596679687500000e+01,2.220310363769531250e+02,3.459133529663085938e+01
6.150000000000000000e+02,1.481009368896484375e+02,5.156754760742187500e+02,9.604827880859375000e+02,5.163684692382812500e+02,8.638276977539062500e+02,3.644150543212890625e+01,2.221485900878906250e+02,3.459204864501953125e+01
6.160000000000000000e+02,1.479064941406250000e+02,5.156428222656250000e+02,9.604827880859375000e+02,5.163684692382812500e+02,8.639763793945312500e+02,3.631155395507812500e+01,2.221485900878906250e+02,3.459204864501953125e+01
6.170000000000000000e+02,1.477876281738281250e+02,5.156077880859375000e+02,9.606420898437500000e+02,5.164348144531250000e+02,8.633478393554687500e+02,3.615752792358398438e+01,2.220310363769531250e+02,3.459133529663085938e+01
6.180000000000000000e+02,1.477039489746093750e+02,5.155589599609375000e+02,9.606420898437500000e+02,5.164348144531250000e+02,8.633382568359375000e+02,3.614866256713867188e+01,2.220310363769531250e+02,3.459133529663085938e+01
6.190000000000000000e+02,1.477357177734375000e+02,5.165098266601562500e+02,9.605385742187500000e+02,5.163540649414062500e+02,8.632698364257812500e+02,3.658606338500976562e+01,2.222231903076171875e+02,3.457602310180664062e+01
6.200000000000000000e+02,1.477262725830078125e+02,5.165739135742187500e+02,9.604491577148437500e+02,5.163012695312500000e+02,8.632698364257812500e+02,3.658606338500976562e+01,2.222231903076171875e+02,3.457602310180664062e+01
6.210000000000000000e+02,1.478203277587890625e+02,5.166340332031250000e+02,9.604385375976562500e+02,5.162974243164062500e+02,8.632661132812500000e+02,3.651480102539062500e+01,2.222231903076171875e+02,3.457602310180664062e+01
6.220000000000000000e+02,1.477038726806640625e+02,5.162166137695312500e+02,9.604385375976562500e+02,5.162974243164062500e+02,8.632109985351562500e+02,3.652678680419921875e+01,2.222231903076171875e+02,3.457602310180664062e+01
6.230000000000000000e+02,1.481786804199218750e+02,5.161650390625000000e+02,9.604385375976562500e+02,5.162974243164062500e+02,8.632497558593750000e+02,3.652074050903320312e+01,2.222231903076171875e+02,3.457602310180664062e+01
6.240000000000000000e+02,1.480661315917968750e+02,5.162662353515625000e+02,9.604604492187500000e+02,5.162800292968750000e+02,8.631221313476562500e+02,3.657379531860351562e+01,2.221782379150390625e+02,3.459889221191406250e+01
6.250000000000000000e+02,1.480118103027343750e+02,5.162600708007812500e+02,9.607119140625000000e+02,5.163742675781250000e+02,8.636867675781250000e+02,3.555317306518554688e+01,2.221627655029296875e+02,3.459993362426757812e+01
6.260000000000000000e+02,1.474851226806640625e+02,5.160177612304687500e+02,9.607119140625000000e+02,5.163742675781250000e+02,8.634632568359375000e+02,3.603171920776367188e+01,2.220310363769531250e+02,3.459133529663085938e+01
6.270000000000000000e+02,1.475433502197265625e+02,5.159662475585937500e+02,9.607119140625000000e+02,5.163742675781250000e+02,8.633422851562500000e+02,3.596700286865234375e+01,2.220310363769531250e+02,3.459133529663085938e+01
6.280000000000000000e+02,1.469833374023437500e+02,5.162502441406250000e+02,9.606898193359375000e+02,5.163555297851562500e+02,8.632709350585937500e+02,3.593624496459960938e+01,2.220310363769531250e+02,3.459133529663085938e+01
6.290000000000000000e+02,1.471197509765625000e+02,5.162833862304687500e+02,9.607122192382812500e+02,5.163811035156250000e+02,8.633611450195312500e+02,3.579988861083984375e+01,2.220310363769531250e+02,3.459133529663085938e+01
6.300000000000000000e+02,1.469596557617187500e+02,5.161335449218750000e+02,9.607697143554687500e+02,5.163557739257812500e+02,8.637832031250000000e+02,3.553609466552734375e+01,2.219303131103515625e+02,3.457803344726562500e+01
6.310000000000000000e+02,1.473913116455078125e+02,5.163624877929687500e+02,9.607474975585937500e+02,5.163741455078125000e+02,8.633129272460937500e+02,3.577044677734375000e+01,2.219303131103515625e+02,3.457803344726562500e+01
6.320000000000000000e+02,1.473378143310546875e+02,5.163126220703125000e+02,9.607528686523437500e+02,5.163809204101562500e+02,8.633129272460937500e+02,3.577044677734375000e+01,2.219303131103515625e+02,3.457803344726562500e+01
6.330000000000000000e+02,1.473242187500000000e+02,5.162905883789062500e+02,9.607528686523437500e+02,5.163809204101562500e+02,8.633749389648437500e+02,3.580158615112304688e+01,2.219303131103515625e+02,3.457803344726562500e+01
6.340000000000000000e+02,1.474051666259765625e+02,5.161475830078125000e+02,9.607528686523437500e+02,5.163809204101562500e+02,8.633078613281250000e+02,3.592407989501953125e+01,2.219303131103515625e+02,3.457803344726562500e+01
6.350000000000000000e+02,1.474629058837890625e+02,5.161373901367187500e+02,9.607528686523437500e+02,5.163809204101562500e+02,8.632681884765625000e+02,3.593344497680664062e+01,2.219303131103515625e+02,3.457803344726562500e+01
6.360000000000000000e+02,1.474629058837890625e+02,5.161373901367187500e+02,9.607010498046875000e+02,5.163528442382812500e+02,8.632590332031250000e+02,3.598546981811523438e+01,2.219303131103515625e+02,3.457803344726562500e+01
6.370000000000000000e+02,1.473445434570312500e+02,5.161294555664062500e+02,9.607098388671875000e+02,5.163504638671875000e+02,8.632805786132812500e+02,3.592561721801757812e+01,2.219002532958984375e+02,3.458494186401367188e+01
6.380000000000000000e+02,1.471939086914062500e+02,5.162297973632812500e+02,9.607959594726562500e+02,5.164234008789062500e+02,8.636431274414062500e+02,3.581561279296875000e+01,2.219002532958984375e+02,3.458494186401367188e+01
6.390000000000000000e+02,1.472573394775390625e+02,5.160634765625000000e+02,9.607505493164062500e+02,5.164472656250000000e+02,8.636431274414062500e+02,3.581561279296875000e+01,2.219303131103515625e+02,3.457803344726562500e+01
6.400000000000000000e+02,1.472870635986328125e+02,5.160997314453125000e+02,9.607166748046875000e+02,5.164025878906250000e+02,8.636434326171875000e+02,3.581727600097656250e+01,2.219303131103515625e+02,3.457803344726562500e+01
6.410000000000000000e+02,1.472084045410156250e+02,5.162093505859375000e+02,9.606907348632812500e+02,5.164101562500000000e+02,8.635658569335937500e+02,3.580638885498046875e+01,2.219303131103515625e+02,3.457803344726562500e+01
6.420000000000000000e+02,1.472591552734375000e+02,5.162339477539062500e+02,9.606907348632812500e+02,5.164101562500000000e+02,8.630592651367187500e+02,3.603998947143554688e+01,2.219303131103515625e+02,3.457803344726562500e+01
6.430000000000000000e+02,1.473290557861328125e+02,5.161676025390625000e+02,9.606854858398437500e+02,5.164033813476562500e+02,8.629766235351562500e+02,3.608701705932617188e+01,2.219303131103515625e+02,3.457803344726562500e+01
6.440000000000000000e+02,1.473467407226562500e+02,5.161755981445312500e+02,9.606854858398437500e+02,5.164033813476562500e+02,8.630980224609375000e+02,3.605462265014648438e+01,2.219303131103515625e+02,3.457803344726562500e+01
6.450000000000000000e+02,1.474105072021484375e+02,5.161487426757812500e+02,9.606854858398437500e+02,5.164033813476562500e+02,8.631021118164062500e+02,3.611590576171875000e+01,2.219303131103515625e+02,3.457803344726562500e+01
6.460000000000000000e+02,1.473683776855468750e+02,5.161808471679687500e+02,9.606854858398437500e+02,5.164033813476562500e+02,8.631866455078125000e+02,3.606836700439453125e+01,2.219303131103515625e+02,3.457803344726562500e+01
6.470000000000000000e+02,1.474307098388671875e+02,5.162434692382812500e+02,9.606854858398437500e+02,5.164033813476562500e+02,8.631866455078125000e+02,3.606836700439453125e+01,2.219303131103515625e+02,3.457803344726562500e+01
6.480000000000000000e+02,1.474853515625000000e+02,5.161870727539062500e+02,9.607026367187500000e+02,5.165695800781250000e+02,8.636663818359375000e+02,3.645787811279296875e+01,2.221627655029296875e+02,3.459993362426757812e+01
6.490000000000000000e+02,1.475142669677734375e+02,5.161591186523437500e+02,9.606813964843750000e+02,5.165180664062500000e+02,8.638731079101562500e+02,3.649940109252929688e+01,2.221627655029296875e+02,3.459993362426757812e+01
6.500000000000000000e+02,1.480197753906250000e+02,5.159936523437500000e+02,9.603884277343750000e+02,5.165187988281250000e+02,8.634042968750000000e+02,3.651612091064453125e+01,2.221782379150390625e+02,3.459889221191406250e+01
6.510000000000000000e+02,1.478996276855468750e+02,5.157114868164062500e+02,9.603980712890625000e+02,5.165193481445312500e+02,8.632588500976562500e+02,3.651597595214843750e+01,2.221627655029296875e+02,3.459993362426757812e+01
6.520000000000000000e+02,1.479924621582031250e+02,5.159882812500000000e+02,9.603980712890625000e+02,5.165193481445312500e+02,8.631199340820312500e+02,3.657229995727539062e+01,2.221627655029296875e+02,3.459993362426757812e+01
6.530000000000000000e+02,1.477603912353515625e+02,5.159973754882812500e+02,9.603980712890625000e+02,5.165193481445312500e+02,8.631687011718750000e+02,3.650825881958007812e+01,2.221627655029296875e+02,3.459993362426757812e+01
6.540000000000000000e+02,1.478861846923828125e+02,5.160009155273437500e+02,9.603980712890625000e+02,5.165193481445312500e+02,8.630257568359375000e+02,3.650818634033203125e+01,2.221782379150390625e+02,3.459889221191406250e+01
6.550000000000000000e+02,1.477158813476562500e+02,5.161913452148437500e+02,9.606148071289062500e+02,5.165116577148437500e+02,8.635786743164062500e+02,3.644464111328125000e+01,2.221627655029296875e+02,3.459993362426757812e+01
6.560000000000000000e+02,1.479093475341796875e+02,5.159100952148437500e+02,9.606148071289062500e+02,5.165116577148437500e+02,8.635471801757812500e+02,3.643478393554687500e+01,2.221926574707031250e+02,3.459486770629882812e+01
6.570000000000000000e+02,1.476877136230468750e+02,5.157999267578125000e+02,9.606254272460937500e+02,5.165153808593750000e+02,8.635091552734375000e+02,3.610958099365234375e+01,2.221627655029296875e+02,3.459993362426757812e+01
6.580000000000000000e+02,1.475094909667968750e+02,5.157829589843750000e+02,9.606157836914062500e+02,5.165148315429687500e+02,8.638000488281250000e+02,3.621482849121093750e+01,2.221627655029296875e+02,3.459993362426757812e+01
6.590000000000000000e+02,1.476100006103515625e+02,5.158432617187500000e+02,9.606157836914062500e+02,5.165148315429687500e+02,8.637954711914062500e+02,3.651811981201171875e+01,2.221627655029296875e+02,3.459993362426757812e+01
6.600000000000000000e+02,1.476048278808593750e+02,5.158223876953125000e+02,9.606254272460937500e+02,5.165153808593750000e+02,8.637922363281250000e+02,3.656292343139648438e+01,2.221926574707031250e+02,3.459486770629882812e+01
6.610000000000000000e+02,1.476866455078125000e+02,5.158157348632812500e+02,9.606211547851562500e+02,5.165086059570312500e+02,8.638208007812500000e+02,3.657870101928710938e+01,2.221627655029296875e+02,3.459993362426757812e+01
6.620000000000000000e+02,1.476742858886718750e+02,5.158449096679687500e+02,9.606211547851562500e+02,5.165086059570312500e+02,8.638208007812500000e+02,3.657870101928710938e+01,2.221627655029296875e+02,3.459993362426757812e+01
6.630000000000000000e+02,1.476287078857421875e+02,5.158440551757812500e+02,9.606211547851562500e+02,5.165086059570312500e+02,8.637647094726562500e+02,3.656391906738281250e+01,2.221627655029296875e+02,3.459993362426757812e+01
6.640000000000000000e+02,1.476287078857421875e+02,5.158440551757812500e+02,9.606211547851562500e+02,5.165086059570312500e+02,8.637647094726562500e+02,3.656391906738281250e+01,2.221627655029296875e+02,3.459993362426757812e+01
6.650000000000000000e+02,1.474018402099609375e+02,5.157802734375000000e+02,9.606254272460937500e+02,5.165153808593750000e+02,8.634934692382812500e+02,3.645062255859375000e+01,2.221627655029296875e+02,3.459993362426757812e+01
6.660000000000000000e+02,1.472886199951171875e+02,5.157904663085937500e+02,9.606254272460937500e+02,5.165153808593750000e+02,8.635247192382812500e+02,3.645851516723632812e+01,2.221485900878906250e+02,3.459204864501953125e+01
6.670000000000000000e+02,1.472609405517578125e+02,5.160234375000000000e+02,9.606428222656250000e+02,5.165602416992187500e+02,8.632496948242187500e+02,3.604527664184570312e+01,2.220009765625000000e+02,3.459831619262695312e+01
6.680000000000000000e+02,1.474226074218750000e+02,5.160332031250000000e+02,9.605957031250000000e+02,5.164170532226562500e+02,8.632012939453125000e+02,3.626153564453125000e+01,2.220310363769531250e+02,3.459133529663085938e+01
6.690000000000000000e+02,1.475903015136718750e+02,5.160593872070312500e+02,9.605913696289062500e+02,5.164102172851562500e+02,8.634885864257812500e+02,3.650638198852539062e+01,2.220310363769531250e+02,3.459133529663085938e+01
6.700000000000000000e+02,1.472262115478515625e+02,5.159473876953125000e+02,9.605987548828125000e+02,5.164627685546875000e+02,8.632443847656250000e+02,3.604336929321289062e+01,2.219303131103515625e+02,3.457803344726562500e+01
6.710000000000000000e+02,1.477811737060546875e+02,5.162103881835937500e+02,9.605987548828125000e+02,5.164627685546875000e+02,8.631931762695312500e+02,3.610783386230468750e+01,2.220310363769531250e+02,3.459133529663085938e+01
6.720000000000000000e+02,1.476664733886718750e+02,5.160792846679687500e+02,9.605987548828125000e+02,5.164627685546875000e+02,8.636095581054687500e+02,3.654976272583007812e+01,2.219707946777343750e+02,3.460726928710937500e+01
6.730000000000000000e+02,1.475788116455078125e+02,5.159838256835937500e+02,9.605585327148437500e+02,5.164040527343750000e+02,8.632292480468750000e+02,3.628300094604492188e+01,2.219707946777343750e+02,3.460726928710937500e+01
6.740000000000000000e+02,1.475871276855468750e+02,5.159888305664062500e+02,9.605585327148437500e+02,5.164040527343750000e+02,8.632292480468750000e+02,3.628300094604492188e+01,2.219707946777343750e+02,3.460726928710937500e+01
6.750000000000000000e+02,1.471547698974609375e+02,5.159682006835937500e+02,9.605705566406250000e+02,5.164162597656250000e+02,8.632614135742187500e+02,3.593618774414062500e+01,2.219707946777343750e+02,3.460726928710937500e+01
6.760000000000000000e+02,1.473739929199218750e+02,5.159752197265625000e+02,9.605987548828125000e+02,5.164627685546875000e+02,8.634042358398437500e+02,3.594177246093750000e+01,2.219707946777343750e+02,3.460726928710937500e+01
6.770000000000000000e+02,1.471671295166015625e+02,5.158818969726562500e+02,9.605705566406250000e+02,5.164162597656250000e+02,8.630899047851562500e+02,3.599295425415039062e+01,2.219707946777343750e+02,3.460726928710937500e+01
6.780000000000000000e+02,1.474982147216796875e+02,5.157830810546875000e+02,9.606458740234375000e+02,5.165642700195312500e+02,8.630305175781250000e+02,3.646538543701171875e+01,2.221485900878906250e+02,3.459204864501953125e+01
6.790000000000000000e+02,1.474280853271484375e+02,5.159588012695312500e+02,9.606458740234375000e+02,5.165642700195312500e+02,8.628284301757812500e+02,3.597821426391601562e+01,2.220462799072265625e+02,3.459223175048828125e+01
6.800000000000000000e+02,1.474565124511718750e+02,5.157172851562500000e+02,9.607774047851562500e+02,5.165647583007812500e+02,8.629164428710937500e+02,3.561730575561523438e+01,2.219707946777343750e+02,3.460726928710937500e+01
7.830000000000000000e+02,1.475471191406250000e+02,5.157879028320312500e+02,9.605560913085937500e+02,5.164086303710937500e+02,8.631473999023437500e+02,3.633449554443359375e+01,2.219894409179687500e+02,3.456333923339843750e+01
7.840000000000000000e+02,1.474939270019531250e+02,5.157675781250000000e+02,9.605067138671875000e+02,5.164512939453125000e+02,8.631318359375000000e+02,3.632810592651367188e+01,2.219894409179687500e+02,3.456333923339843750e+01
7.850000000000000000e+02,1.474039459228515625e+02,5.157290649414062500e+02,9.604224243164062500e+02,5.163105468750000000e+02,8.631830444335937500e+02,3.643091583251953125e+01,2.219753417968750000e+02,3.455555725097656250e+01
7.860000000000000000e+02,1.473861846923828125e+02,5.157282714843750000e+02,9.604517211914062500e+02,5.162795410156250000e+02,8.632700805664062500e+02,3.649492263793945312e+01,2.219753417968750000e+02,3.455555725097656250e+01
7.870000000000000000e+02,1.474796905517578125e+02,5.156885375976562500e+02,9.604519042968750000e+02,5.163323974609375000e+02,8.631588745117187500e+02,3.638267135620117188e+01,2.219753417968750000e+02,3.455555725097656250e+01
7.880000000000000000e+02,1.476524200439453125e+02,5.157672729492187500e+02,9.604626464843750000e+02,5.163368530273437500e+02,8.631908569335937500e+02,3.639607238769531250e+01,2.219753417968750000e+02,3.455555725097656250e+01
7.890000000000000000e+02,1.479565734863281250e+02,5.159674682617187500e+02,9.604626464843750000e+02,5.163368530273437500e+02,8.631160278320312500e+02,3.638397979736328125e+01,2.219753417968750000e+02,3.455555725097656250e+01
7.900000000000000000e+02,1.479751586914062500e+02,5.159753417968750000e+02,9.604626464843750000e+02,5.163368530273437500e+02,8.631160278320312500e+02,3.638397979736328125e+01,2.219753417968750000e+02,3.455555725097656250e+01
7.910000000000000000e+02,1.479751586914062500e+02,5.159753417968750000e+02,9.604626464843750000e+02,5.163368530273437500e+02,8.631160278320312500e+02,3.638397979736328125e+01,2.219753417968750000e+02,3.455555725097656250e+01
7.920000000000000000e+02,1.478970489501953125e+02,5.159316406250000000e+02,9.604626464843750000e+02,5.163368530273437500e+02,8.631160278320312500e+02,3.638397979736328125e+01,2.219753417968750000e+02,3.455555725097656250e+01
7.930000000000000000e+02,1.478970489501953125e+02,5.159316406250000000e+02,9.604732666015625000e+02,5.163421630859375000e+02,8.631160278320312500e+02,3.638397979736328125e+01,2.219753417968750000e+02,3.455555725097656250e+01
7.940000000000000000e+02,1.479274749755859375e+02,5.159597167968750000e+02,9.604732666015625000e+02,5.163421630859375000e+02,8.632500610351562500e+02,3.639994049072265625e+01,2.219451446533203125e+02,3.457009887695312500e+01
7.950000000000000000e+02,1.478863983154296875e+02,5.159878540039062500e+02,9.604626464843750000e+02,5.163368530273437500e+02,8.634193115234375000e+02,3.645021820068359375e+01,2.219451446533203125e+02,3.457009887695312500e+01
7.960000000000000000e+02,1.472793579101562500e+02,5.157043457031250000e+02,9.604653320312500000e+02,5.164651489257812500e+02,8.628444213867187500e+02,3.568881225585937500e+01,2.220000000000000000e+02,3.461483764648437500e+01
7.970000000000000000e+02,1.472593688964843750e+02,5.157137451171875000e+02,9.604979248046875000e+02,5.164491577148437500e+02,8.631049804687500000e+02,3.594479370117187500e+01,2.220152130126953125e+02,3.461197280883789062e+01
7.980000000000000000e+02,1.472832489013671875e+02,5.158563232421875000e+02,9.604979248046875000e+02,5.164491577148437500e+02,8.628478393554687500e+02,3.592649841308593750e+01,2.219707946777343750e+02,3.461505889892578125e+01
7.990000000000000000e+02,1.473010253906250000e+02,5.158651733398437500e+02,9.604979248046875000e+02,5.164491577148437500e+02,8.629317626953125000e+02,3.587048339843750000e+01,2.218999328613281250e+02,3.458687210083007812e+01
8.000000000000000000e+02,1.469721527099609375e+02,5.163086547851562500e+02,9.604979248046875000e+02,5.164491577148437500e+02,8.632312011718750000e+02,3.662942886352539062e+01,2.219293518066406250e+02,3.458670425415039062e+01
8.010000000000000000e+02,1.469808349609375000e+02,5.163787841796875000e+02,9.604979248046875000e+02,5.164491577148437500e+02,8.629988403320312500e+02,3.661289215087890625e+01,2.219293518066406250e+02,3.458670425415039062e+01
8.020000000000000000e+02,1.470714263916015625e+02,5.161593627929687500e+02,9.604979248046875000e+02,5.164491577148437500e+02,8.631847534179687500e+02,3.667821121215820312e+01,2.218694458007812500e+02,3.460251617431640625e+01
8.030000000000000000e+02,1.473466949462890625e+02,5.161620483398437500e+02,9.604586791992187500e+02,5.164049682617187500e+02,8.631847534179687500e+02,3.667821121215820312e+01,2.218694458007812500e+02,3.460251617431640625e+01
8.040000000000000000e+02,1.470446472167968750e+02,5.154641113281250000e+02,9.604442749023437500e+02,5.163533935546875000e+02,8.630395507812500000e+02,3.662622833251953125e+01,2.219701385498046875e+02,3.461603546142578125e+01
8.050000000000000000e+02,1.471447448730468750e+02,5.152598266601562500e+02,9.604537963867187500e+02,5.163538818359375000e+02,8.631352539062500000e+02,3.660794830322265625e+01,2.220876617431640625e+02,3.461694335937500000e+01
8.060000000000000000e+02,1.473398590087890625e+02,5.155665283203125000e+02,9.604365234375000000e+02,5.163589477539062500e+02,8.629120483398437500e+02,3.665813446044921875e+01,2.221026153564453125e+02,3.462385559082031250e+01
8.070000000000000000e+02,1.474113464355468750e+02,5.155820312500000000e+02,9.603869628906250000e+02,5.163752441406250000e+02,8.630747680664062500e+02,3.659781265258789062e+01,2.222374420166015625e+02,3.457207489013671875e+01
8.080000000000000000e+02,1.474191131591796875e+02,5.155985107421875000e+02,9.603742675781250000e+02,5.163233032226562500e+02,8.635684814453125000e+02,3.643700408935546875e+01,2.220600128173828125e+02,3.459503173828125000e+01
8.090000000000000000e+02,1.469019927978515625e+02,5.155326538085937500e+02,9.605895996093750000e+02,5.164256591796875000e+02,8.635562133789062500e+02,3.646343612670898438e+01,2.220458679199218750e+02,3.458139419555664062e+01
8.100000000000000000e+02,1.468382720947265625e+02,5.158800048828125000e+02,9.608176269531250000e+02,5.164801635742187500e+02,8.635158691406250000e+02,3.594116210937500000e+01,2.218247833251953125e+02,3.460374450683593750e+01
8.110000000000000000e+02,1.469888763427734375e+02,5.159681396484375000e+02,9.608123168945312500e+02,5.164734497070312500e+02,8.635214233398437500e+02,3.581378936767578125e+01,2.218394470214843750e+02,3.459877777099609375e+01
8.120000000000000000e+02,1.469992675781250000e+02,5.160119628906250000e+02,9.607850952148437500e+02,5.164337768554687500e+02,8.634659423828125000e+02,3.591872787475585938e+01,2.218394470214843750e+02,3.459877777099609375e+01
8.130000000000000000e+02,1.467180786132812500e+02,5.160804443359375000e+02,9.608038940429687500e+02,5.164342651367187500e+02,8.635443115234375000e+02,3.582190704345703125e+01,2.218842773437500000e+02,3.459466552734375000e+01
8.140000000000000000e+02,1.471849822998046875e+02,5.164086303710937500e+02,9.608038940429687500e+02,5.164342651367187500e+02,8.634887695312500000e+02,3.584374237060546875e+01,2.218544311523437500e+02,3.460161209106445312e+01
8.150000000000000000e+02,1.470705261230468750e+02,5.164056396484375000e+02,9.607476806640625000e+02,5.164295654296875000e+02,8.635081176757812500e+02,3.588554000854492188e+01,2.218394470214843750e+02,3.459877777099609375e+01
8.160000000000000000e+02,1.472385711669921875e+02,5.164800415039062500e+02,9.607476806640625000e+02,5.164295654296875000e+02,8.635894165039062500e+02,3.601043319702148438e+01,2.218544311523437500e+02,3.460161209106445312e+01
8.170000000000000000e+02,1.471016693115234375e+02,5.167783203125000000e+02,9.607476806640625000e+02,5.164295654296875000e+02,8.634208374023437500e+02,3.591532897949218750e+01,2.218241424560546875e+02,3.461439132690429688e+01
8.180000000000000000e+02,1.468621215820312500e+02,5.164821777343750000e+02,9.607476806640625000e+02,5.164295654296875000e+02,8.632773437500000000e+02,3.638645935058593750e+01,2.219548339843750000e+02,3.462800598144531250e+01
8.190000000000000000e+02,1.470469055175781250e+02,5.163832397460937500e+02,9.607355957031250000e+02,5.163846435546875000e+02,8.635132446289062500e+02,3.646551895141601562e+01,2.220452270507812500e+02,3.459915924072265625e+01
8.200000000000000000e+02,1.470323486328125000e+02,5.163881835937500000e+02,9.607793579101562500e+02,5.164313354492187500e+02,8.632898559570312500e+02,3.584615325927734375e+01,2.218700866699218750e+02,3.459381103515625000e+01
8.210000000000000000e+02,1.471080474853515625e+02,5.164128417968750000e+02,9.609323120117187500e+02,5.165999145507812500e+02,8.638039550781250000e+02,3.557258987426757812e+01,2.218247833251953125e+02,3.460374450683593750e+01
8.220000000000000000e+02,1.472438659667968750e+02,5.162714233398437500e+02,9.610917358398437500e+02,5.166234741210937500e+02,8.640720214843750000e+02,3.564139938354492188e+01,2.218397979736328125e+02,3.460465240478515625e+01
8.230000000000000000e+02,1.472271118164062500e+02,5.160856933593750000e+02,9.611347045898437500e+02,5.166117553710937500e+02,8.638011474609375000e+02,3.563184356689453125e+01,2.218097076416015625e+02,3.461747741699218750e+01
8.240000000000000000e+02,1.472951965332031250e+02,5.162946166992187500e+02,9.611093139648437500e+02,5.166178588867187500e+02,8.637315063476562500e+02,3.561756134033203125e+01,2.217946929931640625e+02,3.461461257934570312e+01
8.250000000000000000e+02,1.472514648437500000e+02,5.167625732421875000e+02,9.611564941406250000e+02,5.165449218750000000e+02,8.637994995117187500e+02,3.530201339721679688e+01,2.217946929931640625e+02,3.461461257934570312e+01
8.260000000000000000e+02,1.472880401611328125e+02,5.168140258789062500e+02,9.611564941406250000e+02,5.165449218750000000e+02,8.639409179687500000e+02,3.533111572265625000e+01,2.217946929931640625e+02,3.461461257934570312e+01
8.270000000000000000e+02,1.472117156982421875e+02,5.168072509765625000e+02,9.611024169921875000e+02,5.166044311523437500e+02,8.636317138671875000e+02,3.543852615356445312e+01,2.217946929931640625e+02,3.461461257934570312e+01
8.280000000000000000e+02,1.465348052978515625e+02,5.171616210937500000e+02,9.612136230468750000e+02,5.166085815429687500e+02,8.642686767578125000e+02,3.526457595825195312e+01,2.217661132812500000e+02,3.460025787353515625e+01
8.290000000000000000e+02,1.466195831298828125e+02,5.165515136718750000e+02,9.612136230468750000e+02,5.166085815429687500e+02,8.644872436523437500e+02,3.524945831298828125e+01,2.216522064208984375e+02,3.456862640380859375e+01
8.300000000000000000e+02,1.469513397216796875e+02,5.163277587890625000e+02,9.610869140625000000e+02,5.165192260742187500e+02,8.642535400390625000e+02,3.510695648193359375e+01,2.217661132812500000e+02,3.460025787353515625e+01
8.310000000000000000e+02,1.469411926269531250e+02,5.161250000000000000e+02,9.610790405273437500e+02,5.166062622070312500e+02,8.644208374023437500e+02,3.512944412231445312e+01,2.217661132812500000e+02,3.460025787353515625e+01
8.320000000000000000e+02,1.470925292968750000e+02,5.161116943359375000e+02,9.609896850585937500e+02,5.166455688476562500e+02,8.636428833007812500e+02,3.529737854003906250e+01,2.217946929931640625e+02,3.461461257934570312e+01
8.330000000000000000e+02,1.467806091308593750e+02,5.162344360351562500e+02,9.607791137695312500e+02,5.165888671875000000e+02,8.633322143554687500e+02,3.539217376708984375e+01,2.217946929931640625e+02,3.461461257934570312e+01
8.340000000000000000e+02,1.470734710693359375e+02,5.160320434570312500e+02,9.607791137695312500e+02,5.165888671875000000e+02,8.633133544921875000e+02,3.534565734863281250e+01,2.217946929931640625e+02,3.461461257934570312e+01
8.350000000000000000e+02,1.471569519042968750e+02,5.159860229492187500e+02,9.607703857421875000e+02,5.165911254882812500e+02,8.633486328125000000e+02,3.545737838745117188e+01,2.217946929931640625e+02,3.461461257934570312e+01
8.360000000000000000e+02,1.469967651367187500e+02,5.160103759765625000e+02,9.607985229492187500e+02,5.166174316406250000e+02,8.633842773437500000e+02,3.540147018432617188e+01,2.217946929931640625e+02,3.461461257934570312e+01
8.370000000000000000e+02,1.470821990966796875e+02,5.160577392578125000e+02,9.607985229492187500e+02,5.166174316406250000e+02,8.634291381835937500e+02,3.534663391113281250e+01,2.217946929931640625e+02,3.461461257934570312e+01
8.380000000000000000e+02,1.469679412841796875e+02,5.159685058593750000e+02,9.607985229492187500e+02,5.166174316406250000e+02,8.634797363281250000e+02,3.538321304321289062e+01,2.218097076416015625e+02,3.461747741699218750e+01
8.390000000000000000e+02,1.469842681884765625e+02,5.160130004882812500e+02,9.607985229492187500e+02,5.166174316406250000e+02,8.633479614257812500e+02,3.546493530273437500e+01,2.218097076416015625e+02,3.461747741699218750e+01
8.400000000000000000e+02,1.468305511474609375e+02,5.159591674804687500e+02,9.609653320312500000e+02,5.166550903320312500e+02,8.636889038085937500e+02,3.543807220458984375e+01,2.217661132812500000e+02,3.460025787353515625e+01
8.410000000000000000e+02,1.464546356201171875e+02,5.159385375976562500e+02,9.609653320312500000e+02,5.166550903320312500e+02,8.632730102539062500e+02,3.554888153076171875e+01,2.217661132812500000e+02,3.460025787353515625e+01
8.420000000000000000e+02,1.466876220703125000e+02,5.159362182617187500e+02,9.609653320312500000e+02,5.166550903320312500e+02,8.633529663085937500e+02,3.550132369995117188e+01,2.217661132812500000e+02,3.460025787353515625e+01
8.430000000000000000e+02,1.467522277832031250e+02,5.159624023437500000e+02,9.609653320312500000e+02,5.166550903320312500e+02,8.634086303710937500e+02,3.550765991210937500e+01,2.217661132812500000e+02,3.460025787353515625e+01
8.440000000000000000e+02,1.468698883056640625e+02,5.157658691406250000e+02,9.608768310546875000e+02,5.166293334960937500e+02,8.631981201171875000e+02,3.554056167602539062e+01,2.217661132812500000e+02,3.460025787353515625e+01
8.450000000000000000e+02,1.466742553710937500e+02,5.160643920898437500e+02,9.608768310546875000e+02,5.166293334960937500e+02,8.631968383789062500e+02,3.553017044067382812e+01,2.217661132812500000e+02,3.460025787353515625e+01
8.460000000000000000e+02,1.468130035400390625e+02,5.161393432617187500e+02,9.608570556640625000e+02,5.166527099609375000e+02,8.631673583984375000e+02,3.552296447753906250e+01,2.217661132812500000e+02,3.460025787353515625e+01
8.470000000000000000e+02,1.468255920410156250e+02,5.159619750976562500e+02,9.608737182617187500e+02,5.166707763671875000e+02,8.634238891601562500e+02,3.557770538330078125e+01,2.217661132812500000e+02,3.460025787353515625e+01
8.480000000000000000e+02,1.469349822998046875e+02,5.158395996093750000e+02,9.608737182617187500e+02,5.166707763671875000e+02,8.634248046875000000e+02,3.551810836791992188e+01,2.217661132812500000e+02,3.460025787353515625e+01
8.490000000000000000e+02,1.468771972656250000e+02,5.157730102539062500e+02,9.608569335937500000e+02,5.166449584960937500e+02,8.631732177734375000e+02,3.561759185791015625e+01,2.217661132812500000e+02,3.460025787353515625e+01
8.500000000000000000e+02,1.469354095458984375e+02,5.160983886718750000e+02,9.608569335937500000e+02,5.166449584960937500e+02,8.632471313476562500e+02,3.558740234375000000e+01,2.217661132812500000e+02,3.460025787353515625e+01
8.510000000000000000e+02,1.470103607177734375e+02,5.158842163085937500e+02,9.607831420898437500e+02,5.166397094726562500e+02,8.631179199218750000e+02,3.561965560913085938e+01,2.217661132812500000e+02,3.460025787353515625e+01
8.520000000000000000e+02,1.470237731933593750e+02,5.157715454101562500e+02,9.607831420898437500e+02,5.166397094726562500e+02,8.631437377929687500e+02,3.561707687377929688e+01,2.217661132812500000e+02,3.460025787353515625e+01
8.530000000000000000e+02,1.468856811523437500e+02,5.160446777343750000e+02,9.607831420898437500e+02,5.166397094726562500e+02,8.630018310546875000e+02,3.571174621582031250e+01,2.217946929931640625e+02,3.461461257934570312e+01
8.540000000000000000e+02,1.470084991455078125e+02,5.161979980468750000e+02,9.610133056640625000e+02,5.169563598632812500e+02,8.634832153320312500e+02,3.581439208984375000e+01,2.217946929931640625e+02,3.461461257934570312e+01
8.550000000000000000e+02,1.469746551513671875e+02,5.163350219726562500e+02,9.611781616210937500e+02,5.170020751953125000e+02,8.639647827148437500e+02,3.553452301025390625e+01,2.217946929931640625e+02,3.461461257934570312e+01
8.560000000000000000e+02,1.469243621826171875e+02,5.162951660156250000e+02,9.611781616210937500e+02,5.170020751953125000e+02,8.639916381835937500e+02,3.553203582763671875e+01,2.217946929931640625e+02,3.461461257934570312e+01
8.570000000000000000e+02,1.472237091064453125e+02,5.162955322265625000e+02,9.611336669921875000e+02,5.169031982421875000e+02,8.641981811523437500e+02,3.554594802856445312e+01,2.217661132812500000e+02,3.460025787353515625e+01
8.580000000000000000e+02,1.470703430175781250e+02,5.162648315429687500e+02,9.611336669921875000e+02,5.169031982421875000e+02,8.639647827148437500e+02,3.553452301025390625e+01,2.217661132812500000e+02,3.460025787353515625e+01
8.590000000000000000e+02,1.468959655761718750e+02,5.162957153320312500e+02,9.611336669921875000e+02,5.169031982421875000e+02,8.640210571289062500e+02,3.549946212768554688e+01,2.217661132812500000e+02,3.460025787353515625e+01
8.600000000000000000e+02,1.469658050537109375e+02,5.162213745117187500e+02,9.611240844726562500e+02,5.168696899414062500e+02,8.640210571289062500e+02,3.549946212768554688e+01,2.217661132812500000e+02,3.460025787353515625e+01
8.610000000000000000e+02,1.471287231445312500e+02,5.163436279296875000e+02,9.610442504882812500e+02,5.167686157226562500e+02,8.636377563476562500e+02,3.559951782226562500e+01,2.217661132812500000e+02,3.460025787353515625e+01
8.620000000000000000e+02,1.470195159912109375e+02,5.165618896484375000e+02,9.611182861328125000e+02,5.168630981445312500e+02,8.637453002929687500e+02,3.560823822021484375e+01,2.217661132812500000e+02,3.460025787353515625e+01
8.630000000000000000e+02,1.471740722656250000e+02,5.163588256835937500e+02,9.610834350585937500e+02,5.167841186523437500e+02,8.636885375976562500e+02,3.558959960937500000e+01,2.217661132812500000e+02,3.460025787353515625e+01
8.640000000000000000e+02,1.471351776123046875e+02,5.162985229492187500e+02,9.610834350585937500e+02,5.167841186523437500e+02,8.636885375976562500e+02,3.558959960937500000e+01,2.217661132812500000e+02,3.460025787353515625e+01
8.650000000000000000e+02,1.471675109863281250e+02,5.163215332031250000e+02,9.610834350585937500e+02,5.167841186523437500e+02,8.635821533203125000e+02,3.559178924560546875e+01,2.217661132812500000e+02,3.460025787353515625e+01
8.660000000000000000e+02,1.473032379150390625e+02,5.161325683593750000e+02,9.609411010742187500e+02,5.166701660156250000e+02,8.634179687500000000e+02,3.587250900268554688e+01,2.217661132812500000e+02,3.460025787353515625e+01
9.810000000000000000e+02,1.465659027099609375e+02,5.154295654296875000e+02,9.597572021484375000e+02,5.155845336914062500e+02,8.623191528320312500e+02,3.552154922485351562e+01,2.211854248046875000e+02,3.463258361816406250e+01
9.820000000000000000e+02,1.467598876953125000e+02,5.153286132812500000e+02,9.596679687500000000e+02,5.154813232421875000e+02,8.620162353515625000e+02,3.535989761352539062e+01,2.211854248046875000e+02,3.463258361816406250e+01
9.830000000000000000e+02,1.467598876953125000e+02,5.153286132812500000e+02,9.597155151367187500e+02,5.154876098632812500e+02,8.620162353515625000e+02,3.535989761352539062e+01,2.213078155517578125e+02,3.460334014892578125e+01
9.840000000000000000e+02,1.467598876953125000e+02,5.153286132812500000e+02,9.595405273437500000e+02,5.155339355468750000e+02,8.620548095703125000e+02,3.542533493041992188e+01,2.213238677978515625e+02,3.459854888916015625e+01
9.850000000000000000e+02,1.467956237792968750e+02,5.152875976562500000e+02,9.593973388671875000e+02,5.155054321289062500e+02,8.617716064453125000e+02,3.551167297363281250e+01,2.214331054687500000e+02,3.464505767822265625e+01
9.860000000000000000e+02,1.467637481689453125e+02,5.154621582031250000e+02,9.593522338867187500e+02,5.154762573242187500e+02,8.617828979492187500e+02,3.552432632446289062e+01,2.214168243408203125e+02,3.464984130859375000e+01
9.870000000000000000e+02,1.467433166503906250e+02,5.154159545898437500e+02,9.592894287109375000e+02,5.154891967773437500e+02,8.617963256835937500e+02,3.553199768066406250e+01,2.214168243408203125e+02,3.464984130859375000e+01
9.880000000000000000e+02,1.466016998291015625e+02,5.153947143554687500e+02,9.594026489257812500e+02,5.154952392578125000e+02,8.620016479492187500e+02,3.556583404541015625e+01,2.213219757080078125e+02,3.460990142822265625e+01
9.890000000000000000e+02,1.466933288574218750e+02,5.152636108398437500e+02,9.593342895507812500e+02,5.154859008789062500e+02,8.617333374023437500e+02,3.564896392822265625e+01,2.216066131591796875e+02,3.457642745971679688e+01
9.900000000000000000e+02,1.465545959472656250e+02,5.152151489257812500e+02,9.592828369140625000e+02,5.154702758789062500e+02,8.618755493164062500e+02,3.577153396606445312e+01,2.216066131591796875e+02,3.457642745971679688e+01
9.910000000000000000e+02,1.464933471679687500e+02,5.152298583984375000e+02,9.593535156250000000e+02,5.154519653320312500e+02,8.619874877929687500e+02,3.557449722290039062e+01,2.216066131591796875e+02,3.457642745971679688e+01
9.920000000000000000e+02,1.465921630859375000e+02,5.155283813476562500e+02,9.593532104492187500e+02,5.154437255859375000e+02,8.618845825195312500e+02,3.550411224365234375e+01,2.216066131591796875e+02,3.457642745971679688e+01
9.930000000000000000e+02,1.466513824462890625e+02,5.155624389648437500e+02,9.594298706054687500e+02,5.154566650390625000e+02,8.621930541992187500e+02,3.563843154907226562e+01,2.215094146728515625e+02,3.453652191162109375e+01
9.940000000000000000e+02,1.465427398681640625e+02,5.153740844726562500e+02,9.593813476562500000e+02,5.154477539062500000e+02,8.621787719726562500e+02,3.563039779663085938e+01,2.215094146728515625e+02,3.453652191162109375e+01
9.950000000000000000e+02,1.467536926269531250e+02,5.153382568359375000e+02,9.593587646484375000e+02,5.154316406250000000e+02,8.621970214843750000e+02,3.550574874877929688e+01,2.216066131591796875e+02,3.457642745971679688e+01
9.960000000000000000e+02,1.465104370117187500e+02,5.153661499023437500e+02,9.594874267578125000e+02,5.154582519531250000e+02,8.624588012695312500e+02,3.545207214355468750e+01,2.216232757568359375e+02,3.456862640380859375e+01
9.970000000000000000e+02,1.465535278320312500e+02,5.154441528320312500e+02,9.595601806640625000e+02,5.154467773437500000e+02,8.623843994140625000e+02,3.532486343383789062e+01,2.215594024658203125e+02,3.459718322753906250e+01
9.980000000000000000e+02,1.465530395507812500e+02,5.154290161132812500e+02,9.595704345703125000e+02,5.154497070312500000e+02,8.624622192382812500e+02,3.527425003051757812e+01,2.216232757568359375e+02,3.456862640380859375e+01
9.990000000000000000e+02,1.465256652832031250e+02,5.153834228515625000e+02,9.595178222656250000e+02,5.154590454101562500e+02,8.625482177734375000e+02,3.513136291503906250e+01,2.216232757568359375e+02,3.456862640380859375e+01
1.000000000000000000e+03,1.464512634277343750e+02,5.152995605468750000e+02,9.594590454101562500e+02,5.154501953125000000e+02,8.621331176757812500e+02,3.517178726196289062e+01,2.216232757568359375e+02,3.456862640380859375e+01
1.001000000000000000e+03,1.464846496582031250e+02,5.152018432617187500e+02,9.594713745117187500e+02,5.154566040039062500e+02,8.621331176757812500e+02,3.517178726196289062e+01,2.216232757568359375e+02,3.456862640380859375e+01
1.002000000000000000e+03,1.467956542968750000e+02,5.155119628906250000e+02,9.594359741210937500e+02,5.154677734375000000e+02,8.626297607421875000e+02,3.497299575805664062e+01,2.214001922607421875e+02,3.458174896240234375e+01
1.003000000000000000e+03,1.464243011474609375e+02,5.156455078125000000e+02,9.594671020507812500e+02,5.155057373046875000e+02,8.628246459960937500e+02,3.519384765625000000e+01,2.214960174560546875e+02,3.462168884277343750e+01
1.004000000000000000e+03,1.464243011474609375e+02,5.156455078125000000e+02,9.595511474609375000e+02,5.155119628906250000e+02,8.628246459960937500e+02,3.519384765625000000e+01,2.214960174560546875e+02,3.462168884277343750e+01
1.005000000000000000e+03,1.464953460693359375e+02,5.155787963867187500e+02,9.594252929687500000e+02,5.155634155273437500e+02,8.626492309570312500e+02,3.533624267578125000e+01,2.214960174560546875e+02,3.462168884277343750e+01
1.006000000000000000e+03,1.464953460693359375e+02,5.155787963867187500e+02,9.594771728515625000e+02,5.155476074218750000e+02,8.626352539062500000e+02,3.533886337280273438e+01,2.214960174560546875e+02,3.462168884277343750e+01
1.007000000000000000e+03,1.466442108154296875e+02,5.156151733398437500e+02,9.594523925781250000e+02,5.155603637695312500e+02,8.633740234375000000e+02,3.604129409790039062e+01,2.216078491210937500e+02,3.465348815917968750e+01
1.008000000000000000e+03,1.466155700683593750e+02,5.154583129882812500e+02,9.594523925781250000e+02,5.155603637695312500e+02,8.632800903320312500e+02,3.604095840454101562e+01,2.216078491210937500e+02,3.465348815917968750e+01
1.009000000000000000e+03,1.462756500244140625e+02,5.157236328125000000e+02,9.596132202148437500e+02,5.156464843750000000e+02,8.630194091796875000e+02,3.493562698364257812e+01,2.213591461181640625e+02,3.462746810913085938e+01
1.010000000000000000e+03,1.465696868896484375e+02,5.155671997070312500e+02,9.595864257812500000e+02,5.156374511718750000e+02,8.630554809570312500e+02,3.495275878906250000e+01,2.213591461181640625e+02,3.462746810913085938e+01
1.011000000000000000e+03,1.465696868896484375e+02,5.155671997070312500e+02,9.595864257812500000e+02,5.156374511718750000e+02,8.631051025390625000e+02,3.499912261962890625e+01,2.214168243408203125e+02,3.464984130859375000e+01
1.012000000000000000e+03,1.465236816406250000e+02,5.155701293945312500e+02,9.596269531250000000e+02,5.156588134765625000e+02,8.629617309570312500e+02,3.516695022583007812e+01,2.214168243408203125e+02,3.464984130859375000e+01
1.013000000000000000e+03,1.465898742675781250e+02,5.155223999023437500e+02,9.595977783203125000e+02,5.156400756835937500e+02,8.629617309570312500e+02,3.516695022583007812e+01,2.214168243408203125e+02,3.464984130859375000e+01
1.014000000000000000e+03,1.464563446044921875e+02,5.155472412109375000e+02,9.596452026367187500e+02,5.156562500000000000e+02,8.630632934570312500e+02,3.503451156616210938e+01,2.208781890869140625e+02,3.402070236206054688e+01
1.015000000000000000e+03,1.464461212158203125e+02,5.155242309570312500e+02,9.596256713867187500e+02,5.156439208984375000e+02,8.631745605468750000e+02,3.494650650024414062e+01,2.208912963867187500e+02,3.402642822265625000e+01
1.016000000000000000e+03,1.466538238525390625e+02,5.154826049804687500e+02,9.596387329101562500e+02,5.156238403320312500e+02,8.632064208984375000e+02,3.477385330200195312e+01,2.212940368652343750e+02,3.440567398071289062e+01
1.017000000000000000e+03,1.467706146240234375e+02,5.155433959960937500e+02,9.596500244140625000e+02,5.156264648437500000e+02,8.631015625000000000e+02,3.498998641967773438e+01,2.212940368652343750e+02,3.440567398071289062e+01
1.018000000000000000e+03,1.468080749511718750e+02,5.153504028320312500e+02,9.595311889648437500e+02,5.155424804687500000e+02,8.626311035156250000e+02,3.511671066284179688e+01,2.214960174560546875e+02,3.462168884277343750e+01
1.019000000000000000e+03,1.466276397705078125e+02,5.153387451171875000e+02,9.595311889648437500e+02,5.155424804687500000e+02,8.624555053710937500e+02,3.516249084472656250e+01,2.214960174560546875e+02,3.462168884277343750e+01
1.020000000000000000e+03,1.467643585205078125e+02,5.153876342773437500e+02,9.595606079101562500e+02,5.155458984375000000e+02,8.624796752929687500e+02,3.516249084472656250e+01,2.214960174560546875e+02,3.462168884277343750e+01
1.021000000000000000e+03,1.467038269042968750e+02,5.152516479492187500e+02,9.595394897460937500e+02,5.155367431640625000e+02,8.624796752929687500e+02,3.516249084472656250e+01,2.214960174560546875e+02,3.462168884277343750e+01
1.022000000000000000e+03,1.467127532958984375e+02,5.152669677734375000e+02,9.595394897460937500e+02,5.155367431640625000e+02,8.624796752929687500e+02,3.516249084472656250e+01,2.214960174560546875e+02,3.462168884277343750e+01
1.023000000000000000e+03,1.467127532958984375e+02,5.152669677734375000e+02,9.595206298828125000e+02,5.155241699218750000e+02,8.624072265625000000e+02,3.521159362792968750e+01,2.216232757568359375e+02,3.456862640380859375e+01
1.024000000000000000e+03,1.467019042968750000e+02,5.152825927734375000e+02,9.595206298828125000e+02,5.155241699218750000e+02,8.624072265625000000e+02,3.521159362792968750e+01,2.216232757568359375e+02,3.456862640380859375e+01
1.025000000000000000e+03,1.467425689697265625e+02,5.152635498046875000e+02,9.593793945312500000e+02,5.155144653320312500e+02,8.623606567382812500e+02,3.518802642822265625e+01,2.216232757568359375e+02,3.456862640380859375e+01
1.026000000000000000e+03,1.466230010986328125e+02,5.152708129882812500e+02,9.594432983398437500e+02,5.154744262695312500e+02,8.624335937500000000e+02,3.513893890380859375e+01,2.215258636474609375e+02,3.452873611450195312e+01
1.027000000000000000e+03,1.466230010986328125e+02,5.152708129882812500e+02,9.594346923828125000e+02,5.154600830078125000e+02,8.619855346679687500e+02,3.451677322387695312e+01,2.215258636474609375e+02,3.452873611450195312e+01
1.028000000000000000e+03,nan,nan,nan,nan,nan,nan,nan,nan
1.122000000000000000e+03,1.462746429443359375e+02,5.155338745117187500e+02,9.595795288085937500e+02,5.155974731445312500e+02,8.632187500000000000e+02,3.539579772949218750e+01,2.211705169677734375e+02,3.439654541015625000e+01
1.123000000000000000e+03,1.462710418701171875e+02,5.155738525390625000e+02,9.594969482421875000e+02,5.155854492187500000e+02,8.630925292968750000e+02,3.538617706298828125e+01,2.211861114501953125e+02,3.438888931274414062e+01
1.124000000000000000e+03,1.465844268798828125e+02,5.155419311523437500e+02,9.594537353515625000e+02,5.155320434570312500e+02,8.627167968750000000e+02,3.552185058593750000e+01,2.214303894042968750e+02,3.465747070312500000e+01
1.125000000000000000e+03,1.466445007324218750e+02,5.155366210937500000e+02,9.594431762695312500e+02,5.155494995117187500e+02,8.627413330078125000e+02,3.551258468627929688e+01,2.213355407714843750e+02,3.461751556396484375e+01
1.126000000000000000e+03,1.466553192138671875e+02,5.155304565429687500e+02,9.594139404296875000e+02,5.155243530273437500e+02,8.627413330078125000e+02,3.551258468627929688e+01,2.212420501708984375e+02,3.450965881347656250e+01
1.127000000000000000e+03,1.465507507324218750e+02,5.156274414062500000e+02,9.596268920898437500e+02,5.155554809570312500e+02,8.627811889648437500e+02,3.540225219726562500e+01,2.213368072509765625e+02,3.380977249145507812e+01
1.128000000000000000e+03,1.459987487792968750e+02,5.152964477539062500e+02,9.594948730468750000e+02,5.155365600585937500e+02,8.628591308593750000e+02,3.533885574340820312e+01,2.213663482666015625e+02,3.379698944091796875e+01
1.129000000000000000e+03,1.462228088378906250e+02,5.152815551757812500e+02,9.594963989257812500e+02,5.155170288085937500e+02,8.627811889648437500e+02,3.540225219726562500e+01,2.213663482666015625e+02,3.379698944091796875e+01
1.130000000000000000e+03,1.462889862060546875e+02,5.153008422851562500e+02,9.594832763671875000e+02,5.155043945312500000e+02,8.626352539062500000e+02,3.550135421752929688e+01,2.213663482666015625e+02,3.379698944091796875e+01
1.131000000000000000e+03,1.465915069580078125e+02,5.151947021484375000e+02,9.594841918945312500e+02,5.154780273437500000e+02,8.627346801757812500e+02,3.543059921264648438e+01,2.213663482666015625e+02,3.379698944091796875e+01
1.132000000000000000e+03,1.465714263916015625e+02,5.152023315429687500e+02,9.595106201171875000e+02,5.154770507812500000e+02,8.627346801757812500e+02,3.543059921264648438e+01,2.213663482666015625e+02,3.379698944091796875e+01
1.133000000000000000e+03,1.466083068847656250e+02,5.152788696289062500e+02,9.594983520507812500e+02,5.154642944335937500e+02,8.627232666015625000e+02,3.543696975708007812e+01,2.213663482666015625e+02,3.379698944091796875e+01
1.134000000000000000e+03,1.464385986328125000e+02,5.151385498046875000e+02,9.594871215820312500e+02,5.154515380859375000e+02,8.628656005859375000e+02,3.529370880126953125e+01,2.214423980712890625e+02,3.385855865478515625e+01
1.135000000000000000e+03,1.466539764404296875e+02,5.151119995117187500e+02,9.594138183593750000e+02,5.153842163085937500e+02,8.623745727539062500e+02,3.530165481567382812e+01,2.216367950439453125e+02,3.457642745971679688e+01
1.136000000000000000e+03,1.467478027343750000e+02,5.151012573242187500e+02,9.592053222656250000e+02,5.153886718750000000e+02,8.618577270507812500e+02,3.583539962768554688e+01,2.218091583251953125e+02,3.461540985107421875e+01
1.137000000000000000e+03,1.466701202392578125e+02,5.150792846679687500e+02,9.591702880859375000e+02,5.154002685546875000e+02,8.619197387695312500e+02,3.585745620727539062e+01,2.218091583251953125e+02,3.461540985107421875e+01
1.138000000000000000e+03,1.466116790771484375e+02,5.151784667968750000e+02,9.592505493164062500e+02,5.153786010742187500e+02,8.621635742187500000e+02,3.568534851074218750e+01,2.216367950439453125e+02,3.457642745971679688e+01
1.139000000000000000e+03,1.465424041748046875e+02,5.152553710937500000e+02,9.592825317382812500e+02,5.153765258789062500e+02,8.621990356445312500e+02,3.570749282836914062e+01,2.216367950439453125e+02,3.457642745971679688e+01
1.140000000000000000e+03,1.467157745361328125e+02,5.151347045898437500e+02,9.592825317382812500e+02,5.153765258789062500e+02,8.621275634765625000e+02,3.559518051147460938e+01,2.217790679931640625e+02,3.462241744995117188e+01
1.141000000000000000e+03,1.467637023925781250e+02,5.151768798828125000e+02,9.593938598632812500e+02,5.153843383789062500e+02,8.623401489257812500e+02,3.559630584716796875e+01,2.217790679931640625e+02,3.462241744995117188e+01
1.142000000000000000e+03,1.467637023925781250e+02,5.151768798828125000e+02,9.593958129882812500e+02,5.154037475585937500e+02,8.623401489257812500e+02,3.559630584716796875e+01,2.217790679931640625e+02,3.462241744995117188e+01
1.143000000000000000e+03,1.462227020263671875e+02,5.150850830078125000e+02,9.594489746093750000e+02,5.154442749023437500e+02,8.623593750000000000e+02,3.560504913330078125e+01,2.216367950439453125e+02,3.457642745971679688e+01
1.144000000000000000e+03,1.462227020263671875e+02,5.150850830078125000e+02,9.594834594726562500e+02,5.154638061523437500e+02,8.625321655273437500e+02,3.529907226562500000e+01,2.216367950439453125e+02,3.457642745971679688e+01
1.145000000000000000e+03,1.462227020263671875e+02,5.150850830078125000e+02,9.595390014648437500e+02,5.154268188476562500e+02,8.625321655273437500e+02,3.529907226562500000e+01,2.216367950439453125e+02,3.457642745971679688e+01
1.146000000000000000e+03,1.460480804443359375e+02,5.151651611328125000e+02,9.598441162109375000e+02,5.154714965820312500e+02,8.628652343750000000e+02,3.517803573608398438e+01,2.214494323730468750e+02,3.463740539550781250e+01
1.147000000000000000e+03,1.460685119628906250e+02,5.152409667968750000e+02,9.597955932617187500e+02,5.155201416015625000e+02,8.628652343750000000e+02,3.517803573608398438e+01,2.214494323730468750e+02,3.463740539550781250e+01
1.148000000000000000e+03,1.460695190429687500e+02,5.152064208984375000e+02,9.596916503906250000e+02,5.155015869140625000e+02,8.624827270507812500e+02,3.527164459228515625e+01,2.216232757568359375e+02,3.456862640380859375e+01
1.149000000000000000e+03,1.461071929931640625e+02,5.153326416015625000e+02,9.598039550781250000e+02,5.154996948242187500e+02,8.627350463867187500e+02,3.502090454101562500e+01,2.214494323730468750e+02,3.463740539550781250e+01
1.150000000000000000e+03,1.463704986572265625e+02,5.155395507812500000e+02,9.596527099609375000e+02,5.156362915039062500e+02,8.626801147460937500e+02,3.550840377807617188e+01,2.212920837402343750e+02,3.402881240844726562e+01
1.151000000000000000e+03,1.463704986572265625e+02,5.155395507812500000e+02,9.596362915039062500e+02,5.156465454101562500e+02,8.626801147460937500e+02,3.550840377807617188e+01,2.212920837402343750e+02,3.402881240844726562e+01
1.152000000000000000e+03,1.463035888671875000e+02,5.155001831054687500e+02,9.596362915039062500e+02,5.156465454101562500e+02,8.626801147460937500e+02,3.550840377807617188e+01,2.212920837402343750e+02,3.402881240844726562e+01
1.153000000000000000e+03,1.465437316894531250e+02,5.153659057617187500e+02,9.595893554687500000e+02,5.156784667968750000e+02,8.626943969726562500e+02,3.551612091064453125e+01,2.216232757568359375e+02,3.456862640380859375e+01
1.154000000000000000e+03,1.465053863525390625e+02,5.153969726562500000e+02,9.595893554687500000e+02,5.156784667968750000e+02,8.626943969726562500e+02,3.551612091064453125e+01,2.216232757568359375e+02,3.456862640380859375e+01
1.155000000000000000e+03,1.466673736572265625e+02,5.154935913085937500e+02,9.596669921875000000e+02,5.156647338867187500e+02,8.626760864257812500e+02,3.552973556518554688e+01,2.214960174560546875e+02,3.462168884277343750e+01
1.156000000000000000e+03,1.466394042968750000e+02,5.154796142578125000e+02,9.596555786132812500e+02,5.156594238281250000e+02,8.626876831054687500e+02,3.552321624755859375e+01,2.214960174560546875e+02,3.462168884277343750e+01
1.157000000000000000e+03,1.466394042968750000e+02,5.154796142578125000e+02,9.595994873046875000e+02,5.156931152343750000e+02,8.628026733398437500e+02,3.551250457763671875e+01,2.214960174560546875e+02,3.462168884277343750e+01
1.158000000000000000e+03,1.466394042968750000e+02,5.154796142578125000e+02,9.595994873046875000e+02,5.156931152343750000e+02,8.628026733398437500e+02,3.551250457763671875e+01,2.214960174560546875e+02,3.462168884277343750e+01
1.159000000000000000e+03,1.467082061767578125e+02,5.155628051757812500e+02,9.597358398437500000e+02,5.156705322265625000e+02,8.629407958984375000e+02,3.546380233764648438e+01,2.211731262207031250e+02,3.384506988525390625e+01
1.160000000000000000e+03,1.467082061767578125e+02,5.155628051757812500e+02,9.597143554687500000e+02,5.156579589843750000e+02,8.628326416015625000e+02,3.550506591796875000e+01,2.213016815185546875e+02,3.378290557861328125e+01
1.161000000000000000e+03,1.468384857177734375e+02,5.154316406250000000e+02,9.596987304687500000e+02,5.157021484375000000e+02,8.627885742187500000e+02,3.550494384765625000e+01,2.212121276855468750e+02,3.411876296997070312e+01
1.162000000000000000e+03,1.469763031005859375e+02,5.152516479492187500e+02,9.596669921875000000e+02,5.156606445312500000e+02,8.626543579101562500e+02,3.554204177856445312e+01,2.216386718750000000e+02,3.456081008911132812e+01
1.163000000000000000e+03,1.466221466064453125e+02,5.152904052734375000e+02,9.596832275390625000e+02,5.156535644531250000e+02,8.626828002929687500e+02,3.555673980712890625e+01,2.216386718750000000e+02,3.456081008911132812e+01
1.164000000000000000e+03,1.466072998046875000e+02,5.152597656250000000e+02,9.595729980468750000e+02,5.156069946289062500e+02,8.626942749023437500e+02,3.555027389526367188e+01,2.216386718750000000e+02,3.456081008911132812e+01
1.165000000000000000e+03,1.466072998046875000e+02,5.152597656250000000e+02,9.596052856445312500e+02,5.156219482421875000e+02,8.626942749023437500e+02,3.555027389526367188e+01,2.216386718750000000e+02,3.456081008911132812e+01
1.166000000000000000e+03,1.466174316406250000e+02,5.152752685546875000e+02,9.595457763671875000e+02,5.156112060546875000e+02,8.626942749023437500e+02,3.555027389526367188e+01,2.216386718750000000e+02,3.456081008911132812e+01
1.167000000000000000e+03,1.465799865722656250e+02,5.151481933593750000e+02,9.595999145507812500e+02,5.156025390625000000e+02,8.623839111328125000e+02,3.562751388549804688e+01,2.216386718750000000e+02,3.456081008911132812e+01
1.168000000000000000e+03,1.466227264404296875e+02,5.151105957031250000e+02,9.595184326171875000e+02,5.155596923828125000e+02,8.624520263671875000e+02,3.557907485961914062e+01,2.216386718750000000e+02,3.456081008911132812e+01
1.169000000000000000e+03,1.466583251953125000e+02,5.151015014648437500e+02,9.595133666992187500e+02,5.155591430664062500e+02,8.611400146484375000e+02,3.325799179077148438e+01,2.216386718750000000e+02,3.456081008911132812e+01
1.170000000000000000e+03,nan,nan,nan,nan,nan,nan,nan,nan
1.171000000000000000e+03,nan,nan,nan,nan,nan,nan,nan,nan
1.172000000000000000e+03,nan,nan,nan,nan,nan,nan,nan,nan
1.173000000000000000e+03,nan,nan,nan,nan,nan,nan,nan,nan
1.174000000000000000e+03,nan,nan,nan,nan,nan,nan,nan,nan
1.175000000000000000e+03,nan,nan,nan,nan,nan,nan,nan,nan
1.293000000000000000e+03,1.606025848388671875e+02,5.305133056640625000e+02,9.779605712890625000e+02,5.254902343750000000e+02,8.733199462890625000e+02,4.173338699340820312e+01,2.293213653564453125e+02,4.261095428466796875e+01
1.294000000000000000e+03,1.604820709228515625e+02,5.305567016601562500e+02,9.779743652343750000e+02,5.254765625000000000e+02,8.733199462890625000e+02,4.173338699340820312e+01,2.293213653564453125e+02,4.261095428466796875e+01
1.295000000000000000e+03,1.608939208984375000e+02,5.306751708984375000e+02,9.780820312500000000e+02,5.254453125000000000e+02,8.735950927734375000e+02,4.208115005493164062e+01,2.290169982910156250e+02,4.257923507690429688e+01
1.296000000000000000e+03,1.625300292968750000e+02,5.323283081054687500e+02,9.811080322265625000e+02,5.268258666992187500e+02,8.759395751953125000e+02,4.258468246459960938e+01,2.310334472656250000e+02,4.279360961914062500e+01
1.297000000000000000e+03,1.638696899414062500e+02,5.335582275390625000e+02,9.820491333007812500e+02,5.284960937500000000e+02,8.763378906250000000e+02,4.350363159179687500e+01,2.317545318603515625e+02,4.370325469970703125e+01
1.298000000000000000e+03,1.643729095458984375e+02,5.337874755859375000e+02,9.829820556640625000e+02,5.284541625976562500e+02,8.767733764648437500e+02,4.355704879760742188e+01,2.320913238525390625e+02,4.371175765991210938e+01
1.299000000000000000e+03,1.629300689697265625e+02,5.309777832031250000e+02,9.796152954101562500e+02,5.260024414062500000e+02,8.751174316406250000e+02,4.239102554321289062e+01,2.309125213623046875e+02,4.356367492675781250e+01
1.300000000000000000e+03,1.609810943603515625e+02,5.321340942382812500e+02,9.789586181640625000e+02,5.273884277343750000e+02,8.741614990234375000e+02,4.163187408447265625e+01,2.295600128173828125e+02,4.207778549194335938e+01
1.301000000000000000e+03,1.637594451904296875e+02,5.313795776367187500e+02,9.810988159179687500e+02,5.261008911132812500e+02,8.766690063476562500e+02,4.170096969604492188e+01,2.322560272216796875e+02,4.211163711547851562e+01
1.302000000000000000e+03,1.629191284179687500e+02,5.315617675781250000e+02,9.816872558593750000e+02,5.268712158203125000e+02,8.769309692382812500e+02,4.184600830078125000e+01,2.318130187988281250e+02,4.289310836791992188e+01
1.303000000000000000e+03,1.634878234863281250e+02,5.309412231445312500e+02,9.815066528320312500e+02,5.268714599609375000e+02,8.764536743164062500e+02,4.265774154663085938e+01,2.317656707763671875e+02,4.262218093872070312e+01
1.304000000000000000e+03,1.645766906738281250e+02,5.308902587890625000e+02,9.821288452148437500e+02,5.262208251953125000e+02,8.780565185546875000e+02,4.175930404663085938e+01,2.328691864013671875e+02,4.260202026367187500e+01
1.305000000000000000e+03,1.634575653076171875e+02,5.314290771484375000e+02,9.817201538085937500e+02,5.269149780273437500e+02,8.772605590820312500e+02,4.232355499267578125e+01,2.320718536376953125e+02,4.249275207519531250e+01
1.306000000000000000e+03,1.641682739257812500e+02,5.310057373046875000e+02,9.819694213867187500e+02,5.265679321289062500e+02,8.773878784179687500e+02,4.182362365722656250e+01,2.320706634521484375e+02,4.249585342407226562e+01
1.307000000000000000e+03,1.642297668457031250e+02,5.313167114257812500e+02,9.824683837890625000e+02,5.265751953125000000e+02,8.781990966796875000e+02,4.164336776733398438e+01,2.324922637939453125e+02,4.252968597412109375e+01
1.308000000000000000e+03,1.625272369384765625e+02,5.312534790039062500e+02,9.819944458007812500e+02,5.271149902343750000e+02,8.774810180664062500e+02,4.169893264770507812e+01,2.311653289794921875e+02,4.214804840087890625e+01
1.309000000000000000e+03,1.637350921630859375e+02,5.311629028320312500e+02,9.821726684570312500e+02,5.267413330078125000e+02,8.772749633789062500e+02,4.166801834106445312e+01,2.316331787109375000e+02,4.233179855346679688e+01
1.310000000000000000e+03,1.638435058593750000e+02,5.306754760742187500e+02,9.817144775390625000e+02,5.261448974609375000e+02,8.771857910156250000e+02,4.262612915039062500e+01,2.319766998291015625e+02,4.250512695312500000e+01
1.311000000000000000e+03,1.632718963623046875e+02,5.313679199218750000e+02,9.817669677734375000e+02,5.266748657226562500e+02,8.767211303710937500e+02,4.174566268920898438e+01,2.315427246093750000e+02,4.214666748046875000e+01
1.312000000000000000e+03,1.634220428466796875e+02,5.308115234375000000e+02,9.815604858398437500e+02,5.264703369140625000e+02,8.768068237304687500e+02,4.174629974365234375e+01,2.313795318603515625e+02,4.221572113037109375e+01
1.313000000000000000e+03,1.631027984619140625e+02,5.310919189453125000e+02,9.813685913085937500e+02,5.267327880859375000e+02,8.764713134765625000e+02,4.175047683715820312e+01,2.311677246093750000e+02,4.230027389526367188e+01
1.314000000000000000e+03,1.641878051757812500e+02,5.303251342773437500e+02,9.815161132812500000e+02,5.262359008789062500e+02,8.763516845703125000e+02,4.246835708618164062e+01,2.317628936767578125e+02,4.249842834472656250e+01
1.315000000000000000e+03,1.640846099853515625e+02,5.323701171875000000e+02,9.819696655273437500e+02,5.277927856445312500e+02,8.767972412109375000e+02,4.353237152099609375e+01,2.320047302246093750e+02,4.318098449707031250e+01
1.316000000000000000e+03,1.652137603759765625e+02,5.341817626953125000e+02,9.836808471679687500e+02,5.289725341796875000e+02,8.782647705078125000e+02,4.422536468505859375e+01,2.325558319091796875e+02,4.372545623779296875e+01
1.317000000000000000e+03,1.656790313720703125e+02,5.345875244140625000e+02,9.846174316406250000e+02,5.299765014648437500e+02,8.791823120117187500e+02,4.453887557983398438e+01,2.332878875732421875e+02,4.464612579345703125e+01
1.318000000000000000e+03,1.645626068115234375e+02,5.347029418945312500e+02,9.836268310546875000e+02,5.299811401367187500e+02,8.787590942382812500e+02,4.501831054687500000e+01,2.333202056884765625e+02,4.471855926513671875e+01
1.319000000000000000e+03,1.630105438232421875e+02,5.334262084960937500e+02,9.807768554687500000e+02,5.284560546875000000e+02,8.761495971679687500e+02,4.368943023681640625e+01,2.313414459228515625e+02,4.389371490478515625e+01
1.320000000000000000e+03,1.612576599121093750e+02,5.326281738281250000e+02,9.798010864257812500e+02,5.279347534179687500e+02,8.751424560546875000e+02,4.207259368896484375e+01,2.304109344482421875e+02,4.453978729248046875e+01
1.321000000000000000e+03,1.628485412597656250e+02,5.328082275390625000e+02,9.805617675781250000e+02,5.283876953125000000e+02,8.766924438476562500e+02,4.258577346801757812e+01,2.321028900146484375e+02,4.262525558471679688e+01
1.322000000000000000e+03,1.637480163574218750e+02,5.338112182617187500e+02,9.820280761718750000e+02,5.294419555664062500e+02,8.774925537109375000e+02,4.398963165283203125e+01,2.329948272705078125e+02,4.385644531250000000e+01
1.323000000000000000e+03,1.638509216308593750e+02,5.333331909179687500e+02,9.822056884765625000e+02,5.290652465820312500e+02,8.769530639648437500e+02,4.476852798461914062e+01,2.324863281250000000e+02,4.496365356445312500e+01
1.324000000000000000e+03,1.636962585449218750e+02,5.332463989257812500e+02,9.821654052734375000e+02,5.290518188476562500e+02,8.768100585937500000e+02,4.457855606079101562e+01,2.322985229492187500e+02,4.508436584472656250e+01
1.325000000000000000e+03,1.640796203613281250e+02,5.329981079101562500e+02,9.819249877929687500e+02,5.288187255859375000e+02,8.768485107421875000e+02,4.455145645141601562e+01,2.329511871337890625e+02,4.462403488159179688e+01
1.326000000000000000e+03,1.637699127197265625e+02,5.337713012695312500e+02,9.821936035156250000e+02,5.288145751953125000e+02,8.782022094726562500e+02,4.462679290771484375e+01,2.325352172851562500e+02,4.454335021972656250e+01
1.327000000000000000e+03,1.630718688964843750e+02,5.337482299804687500e+02,9.818253173828125000e+02,5.288076171875000000e+02,8.771524047851562500e+02,4.460350036621093750e+01,2.320508880615234375e+02,4.455057144165039062e+01
1.328000000000000000e+03,1.633642730712890625e+02,5.330134887695312500e+02,9.818902587890625000e+02,5.284174804687500000e+02,8.767194824218750000e+02,4.446144866943359375e+01,2.320047912597656250e+02,4.456905746459960938e+01
1.329000000000000000e+03,1.630450134277343750e+02,5.328467407226562500e+02,9.813333129882812500e+02,5.285261230468750000e+02,8.767655029296875000e+02,4.451254653930664062e+01,2.318744506835937500e+02,4.454396057128906250e+01
1.330000000000000000e+03,1.633799591064453125e+02,5.325372924804687500e+02,9.813570556640625000e+02,5.283522949218750000e+02,8.762617187500000000e+02,4.428173828125000000e+01,2.318747558593750000e+02,4.453257369995117188e+01
1.331000000000000000e+03,1.632774353027343750e+02,5.324920654296875000e+02,9.812544555664062500e+02,5.282401123046875000e+02,8.761798706054687500e+02,4.416888809204101562e+01,2.318747558593750000e+02,4.453257369995117188e+01
1.332000000000000000e+03,1.631767425537109375e+02,5.324359130859375000e+02,9.808854980468750000e+02,5.280200195312500000e+02,8.759226684570312500e+02,4.392636489868164062e+01,2.317859344482421875e+02,4.454421234130859375e+01
1.333000000000000000e+03,1.630823516845703125e+02,5.324727172851562500e+02,9.809887084960937500e+02,5.280843505859375000e+02,8.759088745117187500e+02,4.327819824218750000e+01,2.313577880859375000e+02,4.395617294311523438e+01
1.334000000000000000e+03,1.627670898437500000e+02,5.325380249023437500e+02,9.810628051757812500e+02,5.280921630859375000e+02,8.763258056640625000e+02,4.316193771362304688e+01,2.311462860107421875e+02,4.370516204833984375e+01
1.335000000000000000e+03,1.623162994384765625e+02,5.324704589843750000e+02,9.810708007812500000e+02,5.280868530273437500e+02,8.762561035156250000e+02,4.311447143554687500e+01,2.311503143310546875e+02,4.365018081665039062e+01
1.336000000000000000e+03,1.628060455322265625e+02,5.324095458984375000e+02,9.809789428710937500e+02,5.279481811523437500e+02,8.765499877929687500e+02,4.288362884521484375e+01,2.311375579833984375e+02,4.324819183349609375e+01
1.337000000000000000e+03,1.621876678466796875e+02,5.324531860351562500e+02,9.809517211914062500e+02,5.279985961914062500e+02,8.766287841796875000e+02,4.288549804687500000e+01,2.308882141113281250e+02,4.318706893920898438e+01
1.338000000000000000e+03,1.621273956298828125e+02,5.324638061523437500e+02,9.809333496093750000e+02,5.279238281250000000e+02,8.768729858398437500e+02,4.282614898681640625e+01,2.308882141113281250e+02,4.318706893920898438e+01
1.339000000000000000e+03,1.620291595458984375e+02,5.323524780273437500e+02,9.808800048828125000e+02,5.278845214843750000e+02,8.763342285156250000e+02,4.271917343139648438e+01,2.308339080810546875e+02,4.312276077270507812e+01
1.340000000000000000e+03,1.619589385986328125e+02,5.323829956054687500e+02,9.808864746093750000e+02,5.278213500976562500e+02,8.760967407226562500e+02,4.272896957397460938e+01,2.305480194091796875e+02,4.307862091064453125e+01
1.341000000000000000e+03,1.620935516357421875e+02,5.324727172851562500e+02,9.809182128906250000e+02,5.276055908203125000e+02,8.757686767578125000e+02,4.263353729248046875e+01,2.304785614013671875e+02,4.303557968139648438e+01
1.342000000000000000e+03,1.620935516357421875e+02,5.324727172851562500e+02,9.809351806640625000e+02,5.274582519531250000e+02,8.756807250976562500e+02,4.258742523193359375e+01,2.304785614013671875e+02,4.303557968139648438e+01
1.343000000000000000e+03,1.620034179687500000e+02,5.324067382812500000e+02,9.809351806640625000e+02,5.274582519531250000e+02,8.759320068359375000e+02,4.262690734863281250e+01,2.304223022460937500e+02,4.305150604248046875e+01
1.344000000000000000e+03,1.621254882812500000e+02,5.324277343750000000e+02,9.810255737304687500e+02,5.272924194335937500e+02,8.759320068359375000e+02,4.262690734863281250e+01,2.304713134765625000e+02,4.297734451293945312e+01
1.345000000000000000e+03,1.621254882812500000e+02,5.324277343750000000e+02,9.810370483398437500e+02,5.273062744140625000e+02,8.758651733398437500e+02,4.258911895751953125e+01,2.306031494140625000e+02,4.274016952514648438e+01
1.346000000000000000e+03,1.621641845703125000e+02,5.324093627929687500e+02,9.810281372070312500e+02,5.273091430664062500e+02,8.757670898437500000e+02,4.260116577148437500e+01,2.305559539794921875e+02,4.278009796142578125e+01
1.347000000000000000e+03,1.621577301025390625e+02,5.324279174804687500e+02,9.809104003906250000e+02,5.272139282226562500e+02,8.757523193359375000e+02,4.260198211669921875e+01,2.304841308593750000e+02,4.281807327270507812e+01
1.348000000000000000e+03,1.620012054443359375e+02,5.324158935546875000e+02,9.807330932617187500e+02,5.271441650390625000e+02,8.755765380859375000e+02,4.256566619873046875e+01,2.303453521728515625e+02,4.277577209472656250e+01
1.349000000000000000e+03,1.618051910400390625e+02,5.323897705078125000e+02,9.808788452148437500e+02,5.271105346679687500e+02,8.755635986328125000e+02,4.251413345336914062e+01,2.301829223632812500e+02,4.261590957641601562e+01
1.350000000000000000e+03,1.616003417968750000e+02,5.323615722656250000e+02,9.808198242187500000e+02,5.271346435546875000e+02,8.755635986328125000e+02,4.251413345336914062e+01,2.301544189453125000e+02,4.261519241333007812e+01
1.351000000000000000e+03,1.615670776367187500e+02,5.324255371093750000e+02,9.805911254882812500e+02,5.271045532226562500e+02,8.755635986328125000e+02,4.251413345336914062e+01,2.301544189453125000e+02,4.261519241333007812e+01
1.352000000000000000e+03,1.617167358398437500e+02,5.324829101562500000e+02,9.863782348632812500e+02,5.266177368164062500e+02,8.755635986328125000e+02,4.251413345336914062e+01,2.301239471435546875e+02,4.262752532958984375e+01
1.353000000000000000e+03,1.618091125488281250e+02,5.324165039062500000e+02,9.944488525390625000e+02,5.257707519531250000e+02,8.757601318359375000e+02,4.260116577148437500e+01,2.300952453613281250e+02,4.262869644165039062e+01
1.354000000000000000e+03,nan,nan,nan,nan,nan,nan,nan,nan
1.355000000000000000e+03,nan,nan,nan,nan,nan,nan,nan,nan
1.356000000000000000e+03,nan,nan,nan,nan,nan,nan,nan,nan
1.357000000000000000e+03,nan,nan,nan,nan,nan,nan,nan,nan
1.358000000000000000e+03,nan,nan,nan,nan,nan,nan,nan,nan
1.359000000000000000e+03,nan,nan,nan,nan,nan,nan,nan,nan
1.360000000000000000e+03,nan,nan,nan,nan,nan,nan,nan,nan
1.361000000000000000e+03,nan,nan,nan,nan,nan,nan,nan,nan
1.362000000000000000e+03,nan,nan,nan,nan,nan,nan,nan,nan
1.363000000000000000e+03,nan,nan,nan,nan,nan,nan,nan,nan
1.364000000000000000e+03,1.616797790527343750e+02,5.321469116210937500e+02,9.935061035156250000e+02,5.265820922851562500e+02,8.752734375000000000e+02,4.268730163574218750e+01,2.301464080810546875e+02,4.263493728637695312e+01
1.428000000000000000e+03,1.618155212402343750e+02,5.322869262695312500e+02,9.800531616210937500e+02,5.267207641601562500e+02,8.746019287109375000e+02,4.264260101318359375e+01,2.306751251220703125e+02,4.297252273559570312e+01
1.429000000000000000e+03,1.618200988769531250e+02,5.323024902343750000e+02,9.800280151367187500e+02,5.266747436523437500e+02,8.747937011718750000e+02,4.256604385375976562e+01,2.306952056884765625e+02,4.286035156250000000e+01
1.430000000000000000e+03,1.617256164550781250e+02,5.324225463867187500e+02,9.803052978515625000e+02,5.267814331054687500e+02,8.749409790039062500e+02,4.272537231445312500e+01,2.304816894531250000e+02,4.277716827392578125e+01
1.431000000000000000e+03,1.622632904052734375e+02,5.322897949218750000e+02,9.803052978515625000e+02,5.267814331054687500e+02,8.747781982421875000e+02,4.268339157104492188e+01,2.304692993164062500e+02,4.273357772827148438e+01
1.432000000000000000e+03,1.622568359375000000e+02,5.321473999023437500e+02,9.801865844726562500e+02,5.267433471679687500e+02,8.752296752929687500e+02,4.282202529907226562e+01,2.305957183837890625e+02,4.267614746093750000e+01
1.433000000000000000e+03,1.622072143554687500e+02,5.322996215820312500e+02,9.800122070312500000e+02,5.267062377929687500e+02,8.750546875000000000e+02,4.274193572998046875e+01,2.305733489990234375e+02,4.271942520141601562e+01
1.434000000000000000e+03,1.623472442626953125e+02,5.320510253906250000e+02,9.798348999023437500e+02,5.264460449218750000e+02,8.748721313476562500e+02,4.297641372680664062e+01,2.305820465087890625e+02,4.274825668334960938e+01
1.435000000000000000e+03,1.624015960693359375e+02,5.320753173828125000e+02,9.799359130859375000e+02,5.263434448242187500e+02,8.753471679687500000e+02,4.296048736572265625e+01,2.307799377441406250e+02,4.308355331420898438e+01
1.436000000000000000e+03,1.624254608154296875e+02,5.322655029296875000e+02,9.798579711914062500e+02,5.266320800781250000e+02,8.752973632812500000e+02,4.286072921752929688e+01,2.311323699951171875e+02,4.280900573730468750e+01
1.437000000000000000e+03,1.632236175537109375e+02,5.317277221679687500e+02,9.812117309570312500e+02,5.263676757812500000e+02,8.761242065429687500e+02,4.252448272705078125e+01,2.316049194335937500e+02,4.279692840576171875e+01
1.438000000000000000e+03,1.633952484130859375e+02,5.320130004882812500e+02,9.812938842773437500e+02,5.266259155273437500e+02,8.760775756835937500e+02,4.258847808837890625e+01,2.317241668701171875e+02,4.306888198852539062e+01
1.439000000000000000e+03,1.628053436279296875e+02,5.323066406250000000e+02,9.808712768554687500e+02,5.267382202148437500e+02,8.761902465820312500e+02,4.269392776489257812e+01,2.314614715576171875e+02,4.308273696899414062e+01
1.440000000000000000e+03,1.621858520507812500e+02,5.316091918945312500e+02,9.796552124023437500e+02,5.265598144531250000e+02,8.752056884765625000e+02,4.256782531738281250e+01,2.304104766845703125e+02,4.299558258056640625e+01
1.441000000000000000e+03,1.622276763916015625e+02,5.322026367187500000e+02,9.803515014648437500e+02,5.270259399414062500e+02,8.759088745117187500e+02,4.261346435546875000e+01,2.306977386474609375e+02,4.303723144531250000e+01
1.442000000000000000e+03,1.625647735595703125e+02,5.315004272460937500e+02,9.804399414062500000e+02,5.265535278320312500e+02,8.759710083007812500e+02,4.264300537109375000e+01,2.314746856689453125e+02,4.272382736206054688e+01
1.443000000000000000e+03,1.622301940917968750e+02,5.321937255859375000e+02,9.806264038085937500e+02,5.275330810546875000e+02,8.761090698242187500e+02,4.266901016235351562e+01,2.306596984863281250e+02,4.310017395019531250e+01
1.444000000000000000e+03,1.630504608154296875e+02,5.320115356445312500e+02,9.810164794921875000e+02,5.268068847656250000e+02,8.761110839843750000e+02,4.257518005371093750e+01,2.313305969238281250e+02,4.280376052856445312e+01
1.445000000000000000e+03,1.620050659179687500e+02,5.323303833007812500e+02,9.810103149414062500e+02,5.270568237304687500e+02,8.762851562500000000e+02,4.249985504150390625e+01,2.310469970703125000e+02,4.302995681762695312e+01
1.446000000000000000e+03,1.620128479003906250e+02,5.324798583984375000e+02,9.810767211914062500e+02,5.271204223632812500e+02,8.763001708984375000e+02,4.253606796264648438e+01,2.309299011230468750e+02,4.291481781005859375e+01
1.447000000000000000e+03,1.621654510498046875e+02,5.322263183593750000e+02,9.811302490234375000e+02,5.269376831054687500e+02,8.761791381835937500e+02,4.254243850708007812e+01,2.313791046142578125e+02,4.278402328491210938e+01
1.448000000000000000e+03,1.624739990234375000e+02,5.321427612304687500e+02,9.809478759765625000e+02,5.270488891601562500e+02,8.756831665039062500e+02,4.257876205444335938e+01,2.312637023925781250e+02,4.284165954589843750e+01
1.449000000000000000e+03,1.624572448730468750e+02,5.319555664062500000e+02,9.806269531250000000e+02,5.269425048828125000e+02,8.755865478515625000e+02,4.269005966186523438e+01,2.313318328857421875e+02,4.303863525390625000e+01
1.450000000000000000e+03,1.626150207519531250e+02,5.319073486328125000e+02,9.809135742187500000e+02,5.267696533203125000e+02,8.759538574218750000e+02,4.275723648071289062e+01,2.313783569335937500e+02,4.307602691650390625e+01
1.451000000000000000e+03,1.625217437744140625e+02,5.320855712890625000e+02,9.805718994140625000e+02,5.270147094726562500e+02,8.757038574218750000e+02,4.260214996337890625e+01,2.310856323242187500e+02,4.304622268676757812e+01
1.452000000000000000e+03,1.625421905517578125e+02,5.319786987304687500e+02,9.811166381835937500e+02,5.268659057617187500e+02,8.759285888671875000e+02,4.262156677246093750e+01,2.311728668212890625e+02,4.277141952514648438e+01
1.453000000000000000e+03,1.624244232177734375e+02,5.322134399414062500e+02,9.811433105468750000e+02,5.270046386718750000e+02,8.760613403320312500e+02,4.264277648925781250e+01,2.311728668212890625e+02,4.277141952514648438e+01
1.454000000000000000e+03,1.624234466552734375e+02,5.322040405273437500e+02,9.809674072265625000e+02,5.269548950195312500e+02,8.758424682617187500e+02,4.257279968261718750e+01,2.308681182861328125e+02,4.272956466674804688e+01
1.455000000000000000e+03,1.624153900146484375e+02,5.322649536132812500e+02,9.810377197265625000e+02,5.269674072265625000e+02,8.760343627929687500e+02,4.252116394042968750e+01,2.309569091796875000e+02,4.268267059326171875e+01
1.456000000000000000e+03,1.623170013427734375e+02,5.322293090820312500e+02,9.810917358398437500e+02,5.269537353515625000e+02,8.758618774414062500e+02,4.249068450927734375e+01,2.307359924316406250e+02,4.268150329589843750e+01
1.457000000000000000e+03,1.622061462402343750e+02,5.323411254882812500e+02,9.810573120117187500e+02,5.269633178710937500e+02,8.757443847656250000e+02,4.252178955078125000e+01,2.309680480957031250e+02,4.269892501831054688e+01
1.458000000000000000e+03,1.622605590820312500e+02,5.322631835937500000e+02,9.811055297851562500e+02,5.269376831054687500e+02,8.757329101562500000e+02,4.252682495117187500e+01,2.309680480957031250e+02,4.269892501831054688e+01
1.459000000000000000e+03,1.621859893798828125e+02,5.323832397460937500e+02,9.810114746093750000e+02,5.270627441406250000e+02,8.762460327148437500e+02,4.252124023437500000e+01,2.305971832275390625e+02,4.265779113769531250e+01
1.460000000000000000e+03,1.623606109619140625e+02,5.323826293945312500e+02,9.809756469726562500e+02,5.269176025390625000e+02,8.762090454101562500e+02,4.246382141113281250e+01,2.306127929687500000e+02,4.265136337280273438e+01
1.461000000000000000e+03,1.624911193847656250e+02,5.322598876953125000e+02,9.809797973632812500e+02,5.269529418945312500e+02,8.762090454101562500e+02,4.246382141113281250e+01,2.306565704345703125e+02,4.261253738403320312e+01
1.462000000000000000e+03,1.620853729248046875e+02,5.322215576171875000e+02,9.807285156250000000e+02,5.269917602539062500e+02,8.757222900390625000e+02,4.251240539550781250e+01,2.305538177490234375e+02,4.269487762451171875e+01
1.463000000000000000e+03,1.624054718017578125e+02,5.323233032226562500e+02,9.809503784179687500e+02,5.269418334960937500e+02,8.758716430664062500e+02,4.264262008666992188e+01,2.306974334716796875e+02,4.265143203735351562e+01
1.464000000000000000e+03,1.617187194824218750e+02,5.323217163085937500e+02,9.807762451171875000e+02,5.270474243164062500e+02,8.759674072265625000e+02,4.262541198730468750e+01,2.305117034912109375e+02,4.268915557861328125e+01
1.465000000000000000e+03,1.618899993896484375e+02,5.324376220703125000e+02,9.807777099609375000e+02,5.269265136718750000e+02,8.760286865234375000e+02,4.250115966796875000e+01,2.303980102539062500e+02,4.260789871215820312e+01
1.466000000000000000e+03,1.616661682128906250e+02,5.324942016601562500e+02,9.808441772460937500e+02,5.269545288085937500e+02,8.762929687500000000e+02,4.239048385620117188e+01,2.304108581542968750e+02,4.261519241333007812e+01
1.467000000000000000e+03,1.612323913574218750e+02,5.325094604492187500e+02,9.808815917968750000e+02,5.270386962890625000e+02,8.762868652343750000e+02,4.213310241699218750e+01,2.301759490966796875e+02,4.263581848144531250e+01
1.468000000000000000e+03,1.611914520263671875e+02,5.324855957031250000e+02,9.810078125000000000e+02,5.271452636718750000e+02,8.765066528320312500e+02,4.227664184570312500e+01,2.301803588867187500e+02,4.260654830932617188e+01
1.469000000000000000e+03,1.612579040527343750e+02,5.325317382812500000e+02,9.812393188476562500e+02,5.271215209960937500e+02,8.766154785156250000e+02,4.235535812377929688e+01,2.298350372314453125e+02,4.262990570068359375e+01
1.470000000000000000e+03,1.611224517822265625e+02,5.324927368164062500e+02,9.810266113281250000e+02,5.272894287109375000e+02,8.769404907226562500e+02,4.222735214233398438e+01,2.298586578369140625e+02,4.263808822631835938e+01
1.471000000000000000e+03,1.613358612060546875e+02,5.324492187500000000e+02,9.811688232421875000e+02,5.271701049804687500e+02,8.771104736328125000e+02,4.226512527465820312e+01,2.296342010498046875e+02,4.255875015258789062e+01
1.472000000000000000e+03,1.612378234863281250e+02,5.325114746093750000e+02,9.812177734375000000e+02,5.272801513671875000e+02,8.769313964843750000e+02,4.215626907348632812e+01,2.295745391845703125e+02,4.238090896606445312e+01
1.473000000000000000e+03,1.609668884277343750e+02,5.326021118164062500e+02,9.811915283203125000e+02,5.273082885742187500e+02,8.766136474609375000e+02,4.170334625244140625e+01,2.292933959960937500e+02,4.183913803100585938e+01
1.474000000000000000e+03,1.609605102539062500e+02,5.327189941406250000e+02,9.812119750976562500e+02,5.273699951171875000e+02,8.763346557617187500e+02,4.178298950195312500e+01,2.292534942626953125e+02,4.179691696166992188e+01
1.475000000000000000e+03,1.608192291259765625e+02,5.328750000000000000e+02,9.812119750976562500e+02,5.273699951171875000e+02,8.763346557617187500e+02,4.178298950195312500e+01,2.292534942626953125e+02,4.179691696166992188e+01
1.476000000000000000e+03,1.608156738281250000e+02,5.330285034179687500e+02,9.813211059570312500e+02,5.274272460937500000e+02,8.764606323242187500e+02,4.180052566528320312e+01,2.292409667968750000e+02,4.179177093505859375e+01
1.477000000000000000e+03,1.608328399658203125e+02,5.329440917968750000e+02,9.813258056640625000e+02,5.274201049804687500e+02,8.765272827148437500e+02,4.167118835449218750e+01,2.291326141357421875e+02,4.179649734497070312e+01
1.478000000000000000e+03,1.607488555908203125e+02,5.329892578125000000e+02,9.815261230468750000e+02,5.275372314453125000e+02,8.762085571289062500e+02,4.177421188354492188e+01,2.292534942626953125e+02,4.179691696166992188e+01
1.479000000000000000e+03,1.608292999267578125e+02,5.328642578125000000e+02,9.852508544921875000e+02,5.276339721679687500e+02,8.764638671875000000e+02,4.183239364624023438e+01,2.292534942626953125e+02,4.179691696166992188e+01
1.480000000000000000e+03,1.612544250488281250e+02,5.325258789062500000e+02,9.879837646484375000e+02,5.271917114257812500e+02,8.768325195312500000e+02,4.186129379272460938e+01,2.293350067138671875e+02,4.179291915893554688e+01
1.481000000000000000e+03,1.612206573486328125e+02,5.324133300781250000e+02,9.863474121093750000e+02,5.262424926757812500e+02,8.760919799804687500e+02,4.181358337402343750e+01,2.296812896728515625e+02,4.189013290405273438e+01
