frame,time_s,episode,roof_a_px_x,roof_a_px_y,roof_b_px_x,roof_b_px_y,tool_front_px_x,tool_front_px_y,tool_rear_px_x,tool_rear_px_y,object_proxy_x_cm,object_proxy_y_cm,proxy_heading_rad,tool_front_proxy_x_cm,tool_front_proxy_y_cm,tool_rear_proxy_x_cm,tool_rear_proxy_y_cm,contact_proxy_x_cm,contact_proxy_y_cm,roof_spacing_projected_cm,pusher_spacing_projected_cm
195,6.501888315041963,1,556.8880464998736,248.87389436441745,613.7514977234603,247.8104481188593,386.6855948869223,279.35373647984267,309.0976246410859,271.44087705559906,22.085271545566943,14.991441175480503,0.023429366860354323,11.097495191849529,13.03668951064463,6.798956424557096,13.514186246609535,12.064666414490326,12.929252745052526,3.178059655898282,4.324978458532838
196,6.535231332042178,1,556.8557667934093,248.90544993662863,613.7114605670716,247.89158923040264,390.58952702702703,285.4766328828829,313.38581952117863,277.89379987722526,22.0830964473018,14.987872202132804,0.022445718106244537,11.329391517882456,12.663056937051879,7.067232803749228,13.117589190466378,12.288377228562432,12.560787180033616,3.177343407272755,4.286326687719437
197,6.568574349042393,1,556.8557667934093,248.90544993662863,613.7514977234603,247.8104481188593,393.5845280764635,285.4154719235364,317.3959143968872,279.5616083009079,22.08434508882768,14.990442025638789,0.024043947882461447,11.493162201002045,12.667128841204022,7.29550350713315,13.01583034791933,12.437635407122546,12.588671002193077,3.179959475999367,4.212117193407449
198,6.601917366042609,1,556.882397572079,248.88694992412746,613.7069254732805,247.71986580397794,396.1674277016743,284.22952815829524,320.2481300813008,279.9226016260162,22.08400413253257,14.993891698529634,0.025505471697046537,11.631334142615348,12.739716736870774,7.4537131445122595,12.994058646839145,12.571298867188542,12.68248980712789,3.1763588935988842,4.1853562585469595
199,6.635260383042824,1,556.8557667934093,248.90544993662863,613.7069254732805,247.71986580397794,398.0217453505007,286.4732474964234,322.4094368340944,282.8557077625571,22.083245975145047,14.993305445897885,0.025862138704916153,11.738876236230496,12.603234855524839,7.586053537149146,12.81498547121404,12.6732613435238,12.55559096699477,3.177904819387567,4.158217730380417
200,6.668603400043039,1,556.8919260946595,248.8855985826373,613.7069254732805,247.71986580397794,399.8070469798658,289.3984899328859,324.28524195972346,286.18515178839795,22.08427109168013,14.993935001450634,0.02548249771092306,11.844188807677444,12.425669257418708,7.704233634406439,12.612264918889778,12.77567872166342,12.383685233587716,3.1758229411137857,4.1441581506469065
201,6.701946417043254,1,556.8600917431193,248.81422018348624,613.7069254732805,247.71986580397794,401.5116210650191,290.49102677258014,326.5114622057001,287.77199504337045,22.083441310760545,14.996188529044513,0.02405116357796862,11.940117032451365,12.359598442413263,7.833229611561377,12.516029697450302,12.864166702151612,12.32440141002993,3.1773703803299185,4.109865572669851
202,6.7352894340434695,1,556.8316806509025,248.8174421561149,613.6322412155745,247.85161443494775,403.63272936439455,288.7549611734254,328.9945355191257,286.8273866923819,22.080348349700962,14.99191141578697,0.02151029657851025,12.051603679843293,12.465172690170954,7.964685883286156,12.57373687733631,12.97116018406865,12.440745748058749,3.174181237230543,4.088359482549244
203,6.768632451043684,1,556.8316806509025,248.8174421561149,613.6322412155745,247.85161443494775,405.56911976911977,288.824531024531,330.94200127469725,287.29859783301464,22.080348349700962,14.99191141578697,0.02151029657851025,12.15760957688624,12.461170248746882,8.073261157943037,12.545309712281917,13.076587971148461,12.442238869451499,3.174181237230543,4.085214982916788
204,6.801975468043899,1,556.8316806509025,248.8174421561149,613.7046322827125,247.8607927411652,407.43230944254833,289.0273037542662,332.8201304753029,287.76980428704564,22.08235526298735,14.991625607839595,0.021303317990039667,12.259929287767225,12.449072478095891,8.177998732198393,12.516887495372837,13.178363662770211,12.433814099208579,3.1781819086522862,4.082493837968986
205,6.835318485044115,1,556.8316806509025,248.8174421561149,613.7514977234603,247.8104481188593,409.6171875,290.6715856481481,334.9993821439604,288.9910410874266,22.083745070457503,14.993221495338538,0.022287854541737782,12.38318643878272,12.349578736842043,8.302390614027928,12.442975866935381,13.30136549935255,12.328564382571042,3.1810304248387196,4.081864474384937
206,6.86866150204433,1,557.0068597560976,248.91006097560975,613.7688599662569,247.6589539648108,412.6663703703703,292.3579259259259,338.0721229225462,290.5214800878018,22.089285548017024,14.995100771915475,0.02720371606088264,12.553503949743689,12.247795394214704,8.476723567626975,12.35051191997211,13.47077953571995,12.224684175919288,3.1732482262766393,4.078074174003628
207,6.902004519044545,1,557.0068597560976,248.91006097560975,613.7688599662569,247.6589539648108,416.8389416163359,292.3353465631291,342.1688679245283,290.28018867924527,22.089285548017024,14.995100771915475,0.02720371606088264,12.781129395262974,12.249636040993423,8.699338557375372,12.365603986689782,13.699532333787685,12.223543253211743,3.1732482262766393,4.083437890882168
208,6.935347536044761,1,557.0068597560976,248.91006097560975,613.7688599662569,247.6589539648108,422.5202492211838,291.05834041348055,348.05951279679306,288.86987357385135,22.089285548017024,14.995100771915475,0.02720371606088264,13.088591348500625,12.327612102734966,9.015305049546635,12.451826382063503,14.005080765765273,12.299663889886045,3.1732482262766393,4.075179807129423
209,6.968690553044976,1,557.0068597560976,248.91006097560975,613.7688599662569,247.6589539648108,428.97153804050356,289.555829228243,354.1074969021065,287.78965303593554,22.089285548017024,14.995100771915475,0.02720371606088264,13.438106296856192,12.419459451453232,9.34158375578093,12.518126893045821,14.359823868598127,12.3972592770949,3.1732482262766393,4.097710603930951
210,7.002033570045191,1,556.9799746514575,248.88339670468946,613.697696969697,247.66424242424242,435.3161151466236,287.5687382297551,360.9723225030084,285.6164259927798,22.08656123536565,14.995769747006527,0.026586899704988884,13.781507414205725,12.54089040613805,9.708908264713328,12.651120698022057,14.697842222841516,12.516088590464149,3.1706590038576707,4.074090640829562
211,7.035376587045406,1,556.9296636085627,248.8137104994903,613.7145324451023,247.40957315568713,442.74197933659593,283.62398042414355,368.36696696696697,281.7537537537537,22.086094544335452,15.006029894165383,0.030240637007369727,14.181917772434064,12.782068589893479,10.100204764465657,12.887655493236311,15.100303199226955,12.758311536641342,3.175443388081112,4.08307845547646
212,7.068719604045621,1,556.9296636085627,248.8137104994903,613.7145324451023,247.40957315568713,449.43861184018664,280.74890638670166,375.6191806331471,279.8854748603352,22.086094544335452,15.006029894165383,0.030240637007369727,14.54523535603582,12.958591909414794,10.491720879603513,13.002817219985845,15.457276113233089,12.948641214536307,3.175443388081112,4.053755726328535
213,7.102062621045836,1,556.9296636085627,248.8137104994903,613.6532638371804,247.4730702407545,455.25606469002696,280.5774183887391,381.7815099168266,278.9065898912348,22.08428100270247,15.004016155548996,0.02900597737942987,14.864355162198786,12.96977087376066,10.826874531836234,13.063520158637152,15.77278830403036,12.94867728466345,3.171698605694553,4.038568901104405
214,7.135405638046052,1,556.9296636085627,248.8137104994903,613.6532638371804,247.4730702407545,460.586512866016,278.88642413487133,386.7415972864631,278.15757015109466,22.08428100270247,15.004016155548996,0.02900597737942987,15.155287299773477,13.074014179476404,11.097001691787526,13.110038570111588,16.068401561570315,13.065908691583488,3.171698605694553,4.058445494608316
215,7.168748655046267,1,556.9981954111885,248.87445217839647,613.7145324451023,247.40957315568713,465.3424971363115,277.06529209621993,392.4883794969755,276.474052849411,22.087956869665234,15.004114792746059,0.031483156457221835,15.4150092139101,13.186361425340111,11.407921015394804,13.214087257456224,16.31660405857604,13.180123113113986,3.171838698930116,4.007184117612653
216,7.202091672046482,1,556.9981954111885,248.87445217839647,613.7145324451023,247.40957315568713,469.27529892096817,278.27354913969083,396.433991846974,277.19410473502666,22.087956869665234,15.004114792746059,0.031483156457221835,15.632217639838942,13.11263441026329,11.626815979033138,13.17031861297267,16.53343301352025,13.09965546465368,3.171838698930116,4.005817011750301
217,7.235434689046698,1,556.9427764947395,248.81960482422375,613.7902705385951,247.4164805162571,473.46350908549294,278.51534107834374,400.5150650174437,277.21915635902315,22.08856007670507,15.00563062260165,0.030189612906660068,15.862574389343383,13.098290712586051,11.851187709811,13.169261486195047,16.76513639223817,13.082322288524027,3.1789269809598655,4.0120144495547985
218,7.2687777060469125,1,556.7974651457541,248.84005069708488,613.729088639201,247.4803995006242,477.44763562518125,276.8749637365825,404.44028687246646,275.88493919550984,22.082677074929535,15.002948263527092,0.029285311144568005,16.080639424972006,13.199485649231432,12.063578628697153,13.251714835862906,16.98447810413385,13.18773408223935,3.183361973228758,4.017400319722263
219,7.3021207230471274,1,556.8143330782963,248.84544758990054,613.6651774633904,247.54455199801438,481.0918079096044,275.7734463276836,408.8472355385107,274.788430808565,22.08125494740905,15.000744280673707,0.02815568293007011,16.280589691332306,13.267645999419141,12.303337016208205,13.319700658766942,17.17547154323523,13.255933701065885,3.178547647983811,3.9775933086907753
220,7.335463740047342,1,556.7726574500768,248.87660010240654,613.6651774633904,247.54455199801438,485.1285541439806,276.65184513006653,412.499191723246,275.3365664403492,22.080066685361235,14.99975724509678,0.028754990505236302,16.50305399457148,13.214106269455,12.505573208461707,13.286399427253228,17.40248717144618,13.197840308950399,3.180979375389513,3.998134431954641
221,7.368806757047558,1,559.4021884174006,249.0597811582599,616.3017366136035,247.50289435600578,489.24806843267106,275.6026490066225,416.8001949317739,274.669265756985,22.22698913301054,14.995621397607106,0.03321075728519285,16.729442413147833,13.27912084390664,12.740753689031127,13.327980720045268,17.62689737607409,13.268127371775448,3.182422256430117,3.9889879700736173
222,7.402149774047773,1,563.526008492569,248.7112526539278,620.6309954205832,247.34972282477702,492.9589083103342,274.6997853419196,421.02554027504914,273.6951538965291,22.463548451878584,15.012018633487077,0.0292400003734919,16.933582908126343,13.335142605163172,12.971294248770485,13.388487222619824,17.82509785648141,13.323140066235425,3.1936748491677935,3.962647734567336
223,7.435492791047988,1,568.9511729405345,248.7294053464266,625.6180048661801,247.02554744525548,498.48778940691403,274.50967332699014,426.16954022988506,273.49361430395913,22.754813336875927,15.022368833222732,0.03626674205407792,17.238061017234813,13.347509397896705,13.254169933847813,13.401521461627429,18.13443651099689,13.335356683557292,3.171436844125968,3.9842572039614734
224,7.468835808048204,1,574.1026054257319,248.38571044856295,631.3498542274052,246.87026239067055,503.28696175850644,274.6293285155073,431.59644012944983,273.5394822006472,23.05937857565603,15.038841585167344,0.03221109087086034,17.502367589351742,13.340708804538128,13.553137245850367,13.39934003081971,18.390944416639552,13.327516778624773,3.2036661075223867,3.949665546185812
225,7.502178825048419,1,580.9018771331058,247.68998862343568,637.5013011592146,246.52211970664771,509.67665198237887,272.9165932452276,437.6372450685389,272.49013707790033,23.42254077828605,15.072697003583553,0.025624614317451826,17.854838028505082,13.447058040691516,13.884134575728073,13.46477750073904,18.748246305379908,13.443071162180823,3.1670348389620844,3.970742989562487
226,7.535521842048634,1,587.6674843281547,247.0782229490324,644.8627868464632,246.3671634729122,516.3248746867167,270.39066416040095,444.50930460333007,270.62846882141685,23.81830144970977,15.097867426570044,0.016354421765639438,18.222591072978517,13.60390391682775,14.260148679167404,13.580583975060529,19.114140611586016,13.609150903725375,3.199224568454999,3.9625110149948566
227,7.568864859048849,1,595.283292316106,247.00710965272077,652.2443181818181,245.37523674242422,523.3519774011298,269.43418079096045,451.760788311247,270.36833163438666,24.23961326916551,15.13252452179755,0.03468470203798602,18.611125316042752,13.663942318974195,14.659817749920665,13.597538051935556,19.500169518420222,13.678883279057889,3.1920214438524015,3.951865509955342
228,7.602207876049064,1,602.6883445945946,246.98367117117112,659.6312876052948,244.93694344163654,530.5,270.9590854392298,459.1272239006378,271.3561597851628,24.654117416509443,15.148116183787346,0.042907880978730405,19.004523324259544,13.570451864708707,15.06726026391731,13.537362393453177,19.890407512836546,13.5778969957412,3.1944515279694423,3.9374021028393154
229,7.635550893049279,1,610.2850480109739,247.16570644718792,667.0958041958042,244.4020979020979,537.7855126999059,272.4057698338037,466.3845654993515,272.4481193255512,25.076171679419186,15.16029206184945,0.05718730921856949,19.405020472420855,13.48194196208153,15.468405314857646,13.47080163961821,20.290758882872577,13.484448534635776,3.1930410366771094,3.936630920665664
230,7.668893910049495,1,618.3819273819273,247.25962325962325,675.0892116182573,244.36998616874135,545.1631079478054,273.07265717674966,474.0776387552133,273.39589348732756,25.526008513702806,15.159363875539452,0.05976640001992323,19.811045226944323,13.441660997791454,15.893055611125577,13.41325064397331,20.69259289050354,13.448053327400537,3.189014800824729,3.9180926198684474
231,7.70223692704971,1,626.5343137254902,247.39733115468408,683.1846473029045,244.37966804979254,553.0002955082741,275.2231087470449,481.76349362119726,275.26169447170423,25.980079280649356,15.1557322965262,0.06233983450577075,20.239946143195898,13.3100419460459,16.317334913660517,13.299217046189453,21.12253366984136,13.3124775485136,3.1876194368174544,3.9226261657891865
232,7.735579944049925,1,634.5483333333333,248.1636111111111,691.7050647820965,245.0803297997644,560.9705525197328,276.93897996357015,489.6833333333333,276.58469387755105,26.43911688325504,15.110291010519814,0.06305653811466687,20.676031019298424,13.205417701720544,16.753614812039636,13.21877250499474,21.55857466593165,13.20241287098385,3.2161605417406474,3.9224389420024
233,7.768922961050141,1,642.9712691771269,248.73193863319383,699.8962488129155,245.66239316239316,568.8118664281454,277.2620751341682,497.7001325381047,277.1848906560636,26.900787091990928,15.074904833963169,0.06299724770585924,21.1069822742246,13.186484765479312,17.19468540094827,13.182832679426022,21.987249070711773,13.187306484841303,3.203093581293335,3.9122985778670163
234,7.802265978050356,1,651.3402662229618,248.7945091514143,708.3110798781915,246.0974467088311,576.8744989207523,276.75362318840575,505.6978003384095,276.6568527918782,27.368478889008053,15.060194644842866,0.05561181246945172,21.551772957268057,13.218693497958999,17.634712010675305,13.21622938766293,22.433111670251424,13.219247922775613,3.202891186128813,3.9170617216431065
235,7.8356089950505705,1,659.5266500966584,248.84148025407342,716.6854036548693,246.4145269488781,584.3395170789163,275.797703180212,513.5,276.5082474226804,27.83024668194757,15.049708002625316,0.05012763187191565,21.96494957323424,13.278384818494235,18.064073480500014,13.226288074335116,22.84264669409944,13.290106585930037,3.2115810035714314,3.901223956865002
236,7.868952012050786,1,667.8692328692329,248.4103194103194,725.2496483825598,246.4690576652602,591.9035322054021,273.426536064114,521.4498281786941,274.540206185567,28.30359035845509,15.062687406287846,0.04044275374877194,22.387592551008524,13.42540008096232,18.502809558736434,13.34835657552614,23.261668724269743,13.44273486968546,3.2209675028884392,3.885546885417339
237,7.902295029051001,1,675.7901547116736,247.59662447257384,732.957324106113,245.7420991926182,599.3758079409049,272.53955063096333,528.5962962962963,273.84882154882155,28.744813393979694,15.11248273317462,0.03889144255924289,22.80209373643473,13.48103901061657,18.897057127691895,13.391815804274684,23.68072697340187,13.501114232043495,3.2101882169644,3.9060557722812512
238,7.935638046051216,1,682.8938411669368,247.20610480821176,740.3687589158345,244.84807417974324,605.8672343109429,272.486912645853,535.3979695431472,273.1688663282572,29.154737255956903,15.154147934393112,0.04853878454506656,23.16039553902612,13.485065155458479,19.27257382959935,13.434560604927208,24.035155423647144,13.496428679328014,3.2333627892495187,3.8881497339884508
239,7.968981063051431,1,689.422822345777,246.8594122319301,746.8578500707214,243.86633663366337,611.9302536231884,270.9948671497584,541.5129265770424,272.5136159944846,29.523234455955425,15.197149802143398,0.06095284926321598,23.499546614018463,13.578002324246128,19.610459620075556,13.47572891435448,24.374591187655618,13.60101384147175,3.238893303352196,3.890431530926453
240,8.002324080051647,1,695.3130904183536,245.59892037786773,752.9497749348495,243.07367922293292,617.6730379380249,269.4743701129453,547.3425735797399,270.8624229979466,29.86483967511179,15.263082337265688,0.051693088303837946,23.821606813264907,13.672803864615428,19.9341758325786,13.578447880538329,24.696278783919325,13.694033961032776,3.247868983057704,3.8885759194505725
241,8.035667097051862,1,700.409955694553,245.11389106072448,757.8483779971791,242.52820874471087,622.2591911764706,268.72181372549016,551.4808629088378,270.53966597077243,30.148056657585308,15.296470231825058,0.053049508541220376,24.07759572724285,13.719989311246211,20.16306215046491,13.598906113077215,24.95836578201789,13.747233030834234,3.238683477017506,3.916405783955582
242,8.069010114052077,1,704.688679245283,244.61713836477986,762.2475577793662,242.04765308553726,626.1742635658914,268.4226356589147,555.5689655172414,270.090158045977,30.394318610069618,15.328097088738772,0.05263749814578074,24.295084895307603,13.739010462007633,20.389455797126004,13.62720915625314,25.173851442398462,13.764165755802393,3.2464786761937514,3.9072289649483327
243,8.102353131052292,1,708.2655190401669,244.4353155972874,766.0366479925303,241.72128851540617,629.5941759603469,268.4210037174721,559.0489486384005,269.65287831782143,30.602443552991986,15.344739412004113,0.05525724951095235,24.484193788053876,13.739524414953884,20.582347764864895,13.654695328656896,25.362109143271397,13.758610959370706,3.2605869277691575,3.90276803852825
244,8.135696148052508,1,711.1645735217163,244.3110936682365,768.8016969696969,241.318303030303,632.020759193357,267.42289442467376,561.4782157676349,268.74377593361,30.763045288377953,15.361889364683776,0.06079011887746239,24.62201893183257,13.801741214308493,20.71809643765714,13.711299811834053,25.500401493022043,13.82209052986524,3.256715279041741,3.904969972715597
245,8.169039165052723,1,713.3300254452926,244.15445292620865,770.9238787878787,241.22812121212118,633.9468246733516,267.05530233971433,563.4778699861687,268.54080221300137,30.884017406118197,15.370015349839653,0.059545106311609336,24.72993923368158,13.824795650675007,20.828957220011446,13.724120595113991,25.60766018675736,13.847447538176235,3.2540214938500753,3.902280889145489
246,8.202382182052938,1,714.2564300411522,244.07433127572014,772.0667157223447,241.19990188864358,635.0158006684898,267.26861136432694,564.4287109375,268.4677734375,30.94236665941661,15.373593517040284,0.05832930949755474,24.7882937349988,13.811681059071352,20.88163762972174,13.728762021335742,25.667291358686136,13.830337842561864,3.2657833761358823,3.9075359872581483
247,8.235725199053153,1,714.3226217801581,243.98010711553175,772.001950743721,241.241160692514,634.7117199391171,267.2928462709284,564.2765188834154,268.5284072249589,30.94252936595922,15.375272551115572,0.05582987947734624,24.7713789083368,13.810139722678224,20.873116852920614,13.724985202889762,25.648487870805443,13.829299489630628,3.257078445291042,3.8991920118068095
248,8.269068216053368,1,714.3744887525562,244.05853783231083,772.0510378510378,241.26398046398046,632.7373271889401,268.68509984639013,562.2404262404262,268.46087246087245,30.94503457289415,15.372059500933485,0.05690917323650244,24.657028860607365,13.723529049139684,20.760710577120744,13.728925845559647,25.533700474391857,13.722314769945191,3.2574248164059063,3.896322021040321
249,8.302411233053583,1,714.3744887525562,244.05853783231083,772.2193110140707,241.29791363415816,629.4850803366488,272.28181586330015,556.6742712294042,270.8574144486692,30.949624908451344,15.370988843991324,0.05609482927127446,24.464361995224,13.500556048554715,20.44926477629994,13.579876587466803,25.367758869481914,13.482708927299496,3.26646991347703,4.015880653767616
250,8.335754250053798,1,714.3100833965125,243.92469042203686,772.2193110140707,241.29791363415816,622.5863544813695,275.41616314199393,547.188859878155,271.69248621990135,30.948225371355946,15.375237967659078,0.05345109978813401,24.07304839442545,13.306410240593607,19.924580233601617,13.527121440612467,25.00645373061081,13.256750220589364,3.2687995505411336,4.154335267546763
251,8.369097267054014,1,714.3376425855513,243.95564005069704,772.2193110140707,241.29791363415816,611.474988631196,274.287630741246,534.1889349930843,268.73720608575377,30.94890370625967,15.374256200956669,0.054073342760655084,23.464272253101697,13.374625650515961,19.210296566683006,13.708417841602413,24.421416782545904,13.29952240752151,3.2675503539157438,4.267051249688908
252,8.40244028405423,1,714.3676321138211,243.9743394308943,772.2193110140707,241.29791363415816,597.2740740740741,277.23957115009745,518.3602978941962,268.10606060606057,30.94968705223369,15.373663898560869,0.054461441014893405,22.67350865657452,13.191228978958431,18.33621355288642,13.74562717488682,23.64940005490434,13.066489384874544,3.2660502221521766,4.372583467027863
253,8.435783301054444,1,714.3891864320326,244.0226982912522,772.2193110140707,241.29791363415816,581.3502109704641,284.3546061884669,502.6202623906706,269.62876579203106,30.950144647006592,15.372128597250324,0.055415676017493115,21.781094312816908,12.753565241032746,17.466305208760776,13.649402607621889,22.751921861229537,12.552001833550188,3.2653050229417997,4.4068049196508445
254,8.46912631805466,1,714.3891864320326,244.0226982912522,772.2193110140707,241.29791363415816,562.4738372093024,297.9093300110742,486.744398175689,275.2197104897878,30.950144647006592,15.372128597250324,0.055415676017493115,20.722575600892856,11.929563433531172,16.59152080690227,13.302391974511995,21.652062929540737,11.620677011810487,3.2653050229417997,4.35319100360691
255,8.502469335054874,1,714.3548795944233,243.94347275031683,772.2193110140707,241.29791363415816,535.6728135446996,327.85215140731157,466.3261768447837,293.3194974554707,30.94942311545818,15.374643959547624,0.05385346062331239,19.23314548365778,10.149098509508255,15.482759884677085,12.195719125865597,20.076982243428436,9.688608870827853,3.266471218453228,4.272475639291661
256,8.535812352055089,1,714.3548795944233,243.94347275031683,772.2193110140707,241.29791363415816,497.45263552804346,375.60232601763266,440.6064471879286,324.7388203017832,30.94942311545818,15.374643959547624,0.05385346062331239,17.18188418321386,7.413923627198551,14.126507165166549,10.321566446217732,17.869344012274507,6.759703992919236,3.266471218453228,4.217785613969194
257,8.569155369055306,1,714.3548795944233,243.94347275031683,772.2193110140707,241.29791363415816,nan,nan,nan,nan,30.94942311545818,15.374643959547624,0.05385346062331239,nan,nan,nan,nan,nan,nan,3.266471218453228,nan
258,8.60249838605552,1,714.3676321138211,243.9743394308943,772.2193110140707,241.29791363415816,nan,nan,nan,nan,30.94968705223369,15.373663898560869,0.054461441014893405,nan,nan,nan,nan,nan,nan,3.2660502221521766,nan
259,8.635841403055736,1,714.3676321138211,243.9743394308943,772.2193110140707,241.29791363415816,nan,nan,nan,nan,30.94968705223369,15.373663898560869,0.054461441014893405,nan,nan,nan,nan,nan,nan,3.2660502221521766,nan
260,8.66918442005595,1,714.3668200408997,243.88829243353783,772.0667157223447,241.19990188864358,nan,nan,nan,nan,30.9460192459595,15.3795123736902,0.054832572797194015,nan,nan,nan,nan,nan,nan,3.257820449522127,nan
261,8.702527437056165,1,714.3539913287426,243.85743432797753,771.926303030303,241.2353939393939,nan,nan,nan,nan,30.941678023655093,15.379351922514186,0.053658261246451205,nan,nan,nan,nan,nan,nan,3.2499837173230737,nan
262,8.73587045405638,1,714.3548222051675,243.9813251470964,772.0667157223447,241.19990188864358,nan,nan,nan,nan,30.94540245211178,15.37655515168061,0.05662369518016516,nan,nan,nan,nan,nan,nan,3.2593815531614,nan
263,8.769213471056597,1,714.3548222051675,243.9813251470964,771.926303030303,241.2353939393939,nan,nan,nan,nan,30.941327333859704,15.375414833010128,0.05606520005404686,nan,nan,nan,nan,nan,nan,3.25111581690756,nan
363,12.103515171078115,2,531.6130081300813,245.59810298102977,587.788681948424,244.22827125119386,393.54615173924947,307.6261298274445,319.14639236732256,300.1186642814549,20.661150691512198,15.205396851233111,0.02992264134856275,11.552191135902808,11.328561780857537,7.489087526878077,11.769500586588904,12.466389447933372,11.22935054956798,3.1447167227092567,4.0869595016429505
364,12.13685818807833,2,531.5557350565429,245.51669359181471,587.788681948424,244.22827125119386,396.65448083269865,311.74232038588474,322.323768115942,304.3289855072464,20.659588638272588,15.207973838706778,0.028256296049856907,11.731374485930012,11.083972261051644,7.681076247653551,11.51759936491207,12.642691589542215,10.986406162683048,3.147689603259222,4.073444277781124
365,12.170201205078547,2,531.5557350565429,245.51669359181471,587.788681948424,244.22827125119386,400.88393094289506,314.1957503320053,326.3312350119904,306.1708633093525,20.659588638272588,15.207973838706778,0.028256296049856907,11.966151035001506,10.938899759223869,7.9065962681438595,11.408008006498042,12.879550857544476,10.833350403587179,3.147689603259222,4.086569154287895
366,12.203544222078762,2,531.5823260811173,245.4907332796132,587.788681948424,244.22827125119386,406.6532195500388,310.83242823894494,332.4955516014235,303.77520759193357,20.660343843511328,15.208798505788135,0.027745827290219034,12.269650865072695,11.139116270863777,8.230131466783838,11.551842716789581,13.178542729687688,11.046252820530471,3.1461336077453894,4.060549234810299
367,12.236887239078976,2,531.5823260811173,245.4907332796132,587.788681948424,244.22827125119386,411.70551480575926,309.5946753599565,337.7521058965102,303.0517448856799,20.660343843511328,15.208798505788135,0.027745827290219034,12.540087271846447,11.213283388530007,8.512167511802291,11.595721595791352,13.446369217856383,11.127234791896205,3.1461336077453894,4.046034673075288
368,12.270230256079191,2,531.5557350565429,245.51669359181471,587.7282973621103,244.183932853717,416.5358890701468,311.90728656878736,342.4738095238095,304.68244047619044,20.657955077754664,15.20937775334171,0.029178226148640275,12.806358439657641,11.076328844800967,8.774969264017518,11.498689291914474,13.71342100417667,10.981297744200429,3.144504451042794,4.053453716616766
369,12.303573273079406,2,531.5557350565429,245.51669359181471,587.788681948424,244.22827125119386,421.46060606060604,312.3308539944903,347.47078413563423,304.9418710263397,20.659588638272588,15.207973838706778,0.028256296049856907,13.073394668191721,11.051714343674117,9.046885398204248,11.483733524666834,13.979359253938902,10.954510027950755,3.147689603259222,4.0496194233582825
370,12.336916290079621,2,531.5557350565429,245.51669359181471,587.788681948424,244.22827125119386,426.8658214474379,311.1914949815108,353.0865326020719,303.95216331505173,20.659588638272588,15.207973838706778,0.028256296049856907,13.363411239107046,11.119969171950997,9.347547933190786,11.54352985934614,14.266980482938205,11.02466801728709,3.147689603259222,4.038138401257605
371,12.370259307079838,2,531.5557350565429,245.51669359181471,587.7282973621103,244.183932853717,432.30472636815915,307.59975124378104,358.6868867082962,301.0564971751412,20.657955077754664,15.20937775334171,0.029178226148640275,13.651389908690415,11.334376341518126,9.640714145845493,11.717619518493558,14.553791955330523,11.248146626698654,3.144504451042794,4.028944701453462
372,12.403602324080053,2,531.5557350565429,245.51669359181471,587.6029235561946,244.22813323747903,437.52106741573033,299.56156367041194,364.3869986168741,294.5250345781466,20.654392781048706,15.20796634270777,0.028345100477402737,13.921261158512392,11.816167987461938,9.927335508372664,12.111335439720797,14.81989442979383,11.749755310703694,3.1373016258115385,4.0048178390180285
373,12.436945341080268,2,531.5557350565429,245.51669359181471,587.6029235561946,244.22813323747903,442.6337736337736,290.6187516187516,369.7342182890855,287.4138643067846,20.654392781048706,15.20796634270777,0.028345100477402737,14.186268850472995,12.356550136851594,10.194525257495012,12.542763785208233,15.084411158893042,12.31465206597135,3.1373016258115385,3.996084638107039
374,12.470288358080483,2,531.5557350565429,245.51669359181471,587.6029235561946,244.22813323747903,444.77306805074966,287.6104382929642,371.7922524211184,285.2361761949391,20.654392781048706,15.20796634270777,0.028345100477402737,14.298879837739385,12.539442611399869,10.299738822859183,12.675532423821815,15.19868656608743,12.508822403604931,3.1373016258115385,4.001455896788329
375,12.503631375080698,2,531.6130081300813,245.59810298102977,587.6758255001205,244.25114485418172,445.4661633109619,287.4748322147651,372.3815028901734,285.14868336544635,20.657965249827807,15.204663406101176,0.029516170846264005,14.33660513105391,12.547768216271086,10.33169940951151,12.680931176685906,15.23770891840095,12.51780655017775,3.138305063830143,4.007118941642423
376,12.536974392080912,2,531.6130081300813,245.59810298102977,587.6758255001205,244.25114485418172,445.3654921700223,287.43428411633107,372.29114733141574,285.06711409395973,20.657965249827807,15.204663406101176,0.029516170846264005,14.331041122054854,12.550222479044187,10.32648020533363,12.685890854924192,15.232067328317129,12.519697094471185,3.138305063830143,4.006858375828257
377,12.57031740908113,2,531.6130081300813,245.59810298102977,587.6758255001205,244.25114485418172,445.3702441794435,287.1487791027825,372.31934959349593,284.70048780487804,20.657965249827807,15.204663406101176,0.029516170846264005,14.33090231447716,12.56758815694827,10.32679587839966,12.708238045155936,15.231826262594598,12.535941932101546,3.138305063830143,4.006575937442107
378,12.603660426081344,2,531.6130081300813,245.59810298102977,587.6758255001205,244.25114485418172,446.838793551742,282.63338533541344,374.20432977461445,281.37366548042706,20.657965249827807,15.204663406101176,0.029516170846264005,14.405110283376,12.843040383236271,10.419003829176837,12.911575946513066,15.301984235570812,12.827619881498993,3.138305063830143,3.9866955975647165
379,12.637003443081559,2,531.6130081300813,245.59810298102977,587.6758255001205,244.25114485418172,450.1913377192982,275.9969846491228,377.8358252711815,275.5236001172676,20.657965249827807,15.204663406101176,0.029516170846264005,14.580471555428904,13.250238224080086,10.599305278751826,13.270787887759642,15.476233967681246,13.245614549752185,3.138305063830143,3.9812193121238835
380,12.670346460081774,2,531.6130081300813,245.59810298102977,587.6758255001205,244.25114485418172,453.3430474604496,271.3000277546489,381.2722480620155,271.92682170542633,20.657965249827807,15.204663406101176,0.029516170846264005,14.748230877185044,13.54013807208346,10.77699515610146,13.492813365740297,15.64175891442885,13.550786131010671,3.138305063830143,3.9715176922985904
381,12.703689477081989,2,531.6130081300813,245.59810298102977,587.6758255001205,244.25114485418172,457.2663076002393,270.54937163375223,384.6218858404289,271.11699779249443,20.657965249827807,15.204663406101176,0.029516170846264005,14.963755450243815,13.58700379802389,10.95907471500396,13.543220184494347,15.864808615672782,13.596855111068036,3.138305063830143,4.0049200736113235
382,12.737032494082204,2,531.639632333063,245.57177615571777,587.715282791817,244.03537906137183,461.2041343669251,269.12718920470854,388.8342875318066,270.3384223918575,20.660095371214325,15.21235329585366,0.03333577267890253,15.179583100466248,13.6754729496749,11.188972282616653,13.591839917107878,16.077470534482405,13.69429038200248,3.139917667155942,3.9914870892531478
383,12.770375511082419,2,533.8989179202955,245.35998944312482,590.889925819574,244.36563771237138,465.29091995221023,268.56362007168457,392.74228103339635,269.10459987397604,20.811712346843343,15.208928381723483,0.022066481602967387,15.40470608446455,13.71087005314697,11.400963372199627,13.668634945384325,16.305548194724157,13.720372952393564,3.189246044877914,4.0039654731705925
384,12.803718528082635,2,537.7678142514011,245.25673872431275,594.7713068181819,244.35795454545453,469.2229826062161,267.1499857428001,396.99774339136036,268.541586073501,21.028463912339504,15.21294094061598,0.020162583771228315,15.620754212554479,13.798985765454038,11.634238048966711,13.704007259731345,16.517720349361728,13.820355929241645,3.189923236792875,3.9876474316438566
385,12.83706154508285,2,542.4380032206119,245.240203972088,599.040125694948,244.1728305535412,473.2357320099256,265.47256685966363,400.9794476557482,266.93705844572895,21.278663399015585,15.219913744622541,0.023663666248669894,15.84139543330833,13.90362711611729,11.84979564300293,13.803943130711865,16.739505386127046,13.926056012833511,3.1684386446644695,3.992844322398812
386,12.870404562083065,2,547.2615551930396,245.258020663404,603.7078488372093,243.8006298449612,477.52948148148147,264.4183703703703,405.76837865055387,266.34441087613294,21.544595199774953,15.231776002799112,0.03154562542756814,16.078307803318097,13.969696184117435,12.112862070294444,13.841297888324975,16.97053309324842,13.998585800670739,3.161787678446272,3.9675239109446974
387,12.90374757908328,2,552.5681818181819,244.9134199134199,609.2988505747126,243.50036683785765,482.77222717811475,263.50669045495096,410.4774685222001,265.75745526838966,21.850089411091748,15.252942043598036,0.03051825453594992,16.36808011704856,14.027077072103454,12.371691592223675,13.878312580644494,17.26726753513416,14.060549082681721,3.178360352627078,3.999156425456632
388,12.937090596083495,2,558.1537403740373,244.7403740374037,615.2988505747126,243.50036683785765,488.3262536873156,263.50943952802356,416.2781542433043,265.52984833817357,22.174306327780222,15.25917308137958,0.026885586717535728,16.67560379727554,14.027583512260453,12.691836945528337,13.893154375841599,17.57195133891866,14.057830067954695,3.201300191727829,3.986034310163189
389,12.97043361308371,2,564.7840688315292,244.76047737996112,621.5597667638484,243.12973760932945,494.1111111111111,262.5823439878234,422.4766025641025,264.5426282051282,22.535540770754693,15.271139799906347,0.03483156418077903,16.995828266435762,14.086046724605442,13.032503930477434,13.955268377737802,17.887576242026384,14.11547185265066,3.1831013177183336,3.9654814043201556
390,13.003776630083927,2,571.6286277824739,243.89574528036064,628.6418539325842,242.79494382022472,501.0292772186642,262.614516620921,429.05942895086315,264.5813413014608,22.926681956026258,15.310126624794226,0.024185763435382243,17.3790892471016,14.084887460635306,13.396713422863778,13.953661694411302,18.27512380755511,14.114413258035707,3.1953254997468,3.9845372889703206
391,13.037119647084142,2,579.08701936976,243.97455912113324,635.5702867889046,242.4675599435825,507.66758074344904,262.5554539914686,436.28063368897506,264.5292596184933,23.329868824130504,15.318958982860531,0.0325290461698216,17.746877730655317,14.089380702799449,13.796088963757025,13.95777903000584,18.635805203207433,14.118991079178011,3.168233986800244,3.9529800000672655
392,13.070462664084356,2,585.9877163595756,243.29257398101618,642.9369434416366,242.28688327316485,514.7217705510388,261.8943089430894,443.1757944557133,264.5371872887086,23.73043734999009,15.347287981554647,0.022323010251290992,18.138028811909496,14.131469760459984,14.177557527341513,13.958124866815599,19.029134850937293,14.17047236152997,3.192967198762725,3.964263014488337
393,13.103805681084571,2,593.6007784264665,243.1448429246594,650.5371580731057,241.79472282740255,521.4159049360146,260.8799512492382,450.30526315789473,262.8389154704944,24.157633472553734,15.368624574079902,0.02917896116694946,18.509720619455113,14.195595318902708,14.569797031300793,14.064704565706656,19.396203426789835,14.22504573837182,3.19491457741228,3.942097191821511
394,13.137148698084786,2,601.3529900332226,243.2859911406423,658.1976549413735,241.23881311318493,528.8414634146342,262.551282051282,457.6004162330905,264.4287200832466,24.590301276477465,15.382832151442582,0.04307863844671462,18.92010505666929,14.092230695113376,14.97550423896773,13.966626611072142,19.80764024065214,14.120491614022653,3.1947573566426555,3.9466000553564644
395,13.170491715085001,2,608.8638655462184,243.5002801120448,665.9105049054797,241.27901411821006,535.9479353680431,262.9036505086774,464.5225490196078,264.7352941176471,25.01628355438254,15.375719879805416,0.046366172677232795,19.31354288307876,14.071136482235127,15.358811519034562,13.948401332046615,20.203357439988704,14.098751891027543,3.2076498511604528,3.956635449323918
396,13.203834732085218,2,615.9540229885057,243.77183908045976,672.6884669479606,241.64345991561183,542.7911894273128,263.04405286343615,471.5,264.5,25.403371165988528,15.356374742144997,0.044747224362977414,19.69254338401341,14.063223348307767,15.744695324955066,13.96388438689222,20.580809197301534,14.085574614626266,3.189618826851046,3.949097685125786
397,13.237177749085433,2,623.1966979789353,243.95872473669226,680.0503546099291,242.2872340425532,549.040234948605,263.0734214390602,478.13607393244104,264.73135755258124,25.8104250896265,15.33088059216362,0.0355787134484976,20.038744435549248,14.062156872859665,16.11204496331632,13.950301976584516,20.92225181680166,14.087324224521574,3.1931117608661337,3.928292283302643
398,13.270520766085648,2,630.0137854976564,244.66253101736973,686.9423897581793,242.5910384068279,555.9145618958528,264.43903960087306,484.6352750809061,266.58349514563105,26.19220816146099,15.299743786214457,0.043441091209917106,20.417477613876155,13.977954502439978,16.472336007034784,13.836007347701814,21.305134475415464,14.009892612256065,3.199780869285476,3.9476944274815873
399,13.303863783085863,2,637.0346774193548,244.96962365591395,694.014451551765,242.7910447761194,562.2969294080405,264.47799936688824,491.4261168384879,266.5515463917526,26.585615764944457,15.284536755681202,0.04550705909470722,20.77083021666246,13.976307294707754,16.847772863333205,13.838813208918891,21.653518121161543,14.007243464010248,3.203617419052511,3.925466038719181
400,13.337206800086078,2,643.6885784716516,244.77622569159132,701.0095854301461,242.89336208962374,568.7932330827068,264.54887218045116,497.75806999660205,266.45905538566086,26.96781880304964,15.288294106485825,0.039437319079194844,21.130433803000862,13.972687996540355,17.197867608596837,13.845322747365932,22.01526119674177,14.0013451776046,3.2211259728801203,3.9346281628721433
401,13.370549817086292,2,650.457127545552,244.7623258306538,707.8938853200094,242.95622174637163,575.0141712877387,264.63863216266174,504.29223300970875,266.5349514563107,27.349894747627452,15.28761020884821,0.03785157630167759,21.474741334278615,13.967859973212562,17.559163083904703,13.841401922726739,22.355746440612744,13.996313034571871,3.227512493640166,3.917619771408897
402,13.403892834086507,2,657.3199563199563,244.96942396942393,714.6807042588626,242.66333571258625,581.3188405797101,264.5978260869565,510.39846005774785,266.5460378569137,27.73247383326374,15.291228978586757,0.04770179923169147,21.823968801190365,13.971166913190839,17.896808784287735,13.841453248277848,22.707579804993458,14.000352487796262,3.227819733800603,3.9293016470136037
403,13.437235851086724,2,664.1343648208469,244.67399565689465,721.4330305147915,242.76217097600744,587.8166373755125,263.28060925600465,516.9617657281891,266.20159888773026,28.112708599519436,15.298330964890969,0.04000814721061701,22.187060630066668,14.053984012903246,18.259928101671733,13.863638689822897,23.070665448955527,14.096811710596326,3.221867084773806,3.9317427735796957
404,13.470578868086939,2,670.7217630853994,244.21404958677687,728.1362339514978,242.34450784593437,593.8116335141651,262.81253767329713,523.2011552837241,265.1219843696908,28.487327589640017,15.327080484437877,0.03910829645449273,22.520528672311126,14.083890701330557,18.605778445703617,13.931490494821539,23.401347473297815,14.118180747795085,3.229231322879744,3.917715553695487
405,13.503921885087154,2,677.6012906846239,243.65319865319864,734.7591427905893,242.08968087584438,600.3389937106917,262.52358490566036,529.4104166666667,264.5805555555555,28.867771111229743,15.353879228142343,0.03324482424073648,22.88318252253783,14.102706411626768,18.949880332803264,13.965921632672876,23.76817551522811,14.133482986891394,3.2135557825354373,3.935679889361454
406,13.537264902087369,2,684.7228156669405,243.31881676253082,742.2995902627139,241.527597011328,607.3094002306805,261.90109573241057,536.1268260292164,264.4578353253652,29.281353515661614,15.383352738913587,0.03748212367490297,23.271526099752606,14.142392982414007,19.321827601243044,13.974375047049799,24.16020826191726,14.180197017870954,3.2401267905512756,3.953270577095975
407,13.570607919087584,2,692.1114683815648,243.10155412647373,750.0790229885057,241.42983716475095,613.853037037037,260.89125925925924,543.3351273771079,263.89415141729455,29.707377118985782,15.394351226574354,0.0349218721722716,23.637681057962595,14.206245558618672,19.72162331692503,14.010339025352298,24.518794049696048,14.250324528603606,3.2618217395823295,3.9209549348234916
408,13.603950936087799,2,699.2504025764895,242.92055823939882,757.0424200278164,240.89082058414465,620.6585585585585,261.1297297297297,549.3577917540182,263.4821802935011,30.105104651502515,15.418195002221848,0.041997415361459345,24.014557592299862,14.192186618318457,20.05576371562597,14.036729447634391,24.905286214551488,14.227164481722372,3.256258287877512,3.9618450108387364
409,13.637293953088015,2,706.1815739994628,242.78055331721725,763.9312056737589,240.39787234042552,627.198461993493,261.0239574090506,556.070596070596,262.60406260406256,30.49479013726492,15.43925883451182,0.048893320046613446,24.377846334204577,14.199596476650504,20.42903860378957,14.092271232005034,25.266328073547953,14.223744656695734,3.258323719906304,3.9502659657197152
410,13.67063697008823,2,712.38133121188,242.6067356138955,769.9479387514723,240.0584216725559,632.7956508787607,261.11915400655346,561.551533953809,262.55877283695276,30.839161236926145,15.456406399286575,0.052266987581863225,24.68812529176252,14.194338066177096,20.732896476872018,14.095765482526037,25.578051775112883,14.216516897498584,3.2507076123465617,3.9564569418088933
411,13.703979987088445,2,716.6313878080415,242.567055771725,774.1732954545455,240.09114583333331,636.8264722698684,261.76243567753,565.5348995573714,263.3466121893088,31.076853629882514,15.457171182095683,0.050872665430608116,24.90937521572307,14.154666575649085,20.952227262501793,14.047149918587674,25.799733505197857,14.178857823487903,3.248997481593428,3.9586083104077123
412,13.73732300408866,2,719.1691842900302,242.880664652568,776.8877217553687,240.02661064425772,639.0803434529284,262.6590003066544,567.8004201680673,264.2317927170868,31.22344712247959,15.449590877214217,0.05805307602612272,25.030955850508533,14.099003241913879,21.076062138426252,13.992301644167323,25.920806935727047,14.123011101406854,3.2628872703711678,3.956332835446183
413,13.770666021088875,2,719.8622800306044,242.60239734761538,777.6239737274219,240.22355148956132,639.1863636363636,262.7396969696969,568.2584005376343,264.4506048387097,31.263625311141983,15.45225246590471,0.048798561389201384,25.036523346167503,14.093983696867847,21.1010061104522,13.97873823215141,25.922014724203446,14.119913926429044,3.2604998643226013,3.9372042656877637
414,13.80400903808909,2,719.8622800306044,242.60239734761538,777.6239737274219,240.22355148956132,637.25,264.6439393939394,566.258300132802,264.6125498007968,31.263625311141983,15.45225246590471,0.048798561389201384,24.92188879025927,13.975108894624931,20.989942587581893,13.968416881264694,25.806576685861682,13.976614597630984,3.2604998643226013,3.9319518974412517
415,13.837352055089307,2,719.868948035488,242.54727503168564,777.6239737274219,240.22355148956132,633.5011169024572,272.6306775874907,561.8509943603443,269.7384980706441,31.263983023434456,15.45400702900284,0.04773400294423296,24.684730265552876,13.479488547061028,20.73696493451062,13.649731394604075,25.572977465037383,13.441183906363841,3.259615966069232,3.951434389701888
416,13.870695072089521,2,719.8944570994685,242.53125790939,777.6239737274219,240.22355148956132,626.6727509778357,287.2494567579313,554.6765935214211,279.40961337513056,31.26474753359013,15.45451839272091,0.04744284508335621,24.257276215474313,12.582349325135542,20.325859127080943,13.05298270232511,25.141845060362822,12.47645681526789,3.258040025149766,3.959486847892826
417,13.904038089089736,2,719.8701166920345,242.55809233891424,777.6239737274219,240.22355148956132,617.6580783682233,305.59599212739306,544.443818906873,291.1123621862538,31.2639822434412,15.453662861812951,0.04794490773694807,23.705228690399036,11.47438645003156,19.74881655189346,12.33824565567084,24.59542142156279,11.280018128762721,3.2596504412539278,4.049623406797477
418,13.937381106089951,2,719.8701166920345,242.55809233891424,777.6127140511376,240.1785127844241,602.0201068174678,328.3410304743952,529.9661053540586,305.45250431778925,31.263842592281804,15.455099180076209,0.0488293110616564,22.79469814886075,10.127400233888086,18.945468917728704,11.473307455691812,23.660774725865462,9.824571108982248,3.2595104101690118,4.077748388940253
419,13.970724123090166,2,719.8301743745261,242.58731362143035,777.6127140511376,240.1785127844241,583.411532385466,352.5383886255924,514.4946649594536,320.78169014084506,31.26263271220008,15.454166714686544,0.04936413316688295,21.742939877199053,8.726151644112344,18.099281153553985,10.561966540274295,22.562763090019192,8.313093292475905,3.2620187798141815,4.080007993541792
420,14.004067140090381,2,719.7247148288974,242.7128010139417,777.2196915776985,240.10225385527875,562.7976608187134,376.7130116959064,498.64223702806373,336.1722188572582,31.248555213539795,15.452574825255237,0.053529614184020954,20.609902174180732,7.357840131789955,17.245163968836135,9.660424371880001,21.366968270383268,6.839758677769695,3.247918221131615,4.077175170778984
421,14.037410157090596,2,719.6784549786806,242.69024329069475,777.2920500117951,240.105921207832,538.7049316203895,401.5129161486393,481.6670458854759,351.44406522563514,31.249345567360656,15.453177261602974,0.05291537226195089,19.321231548280945,5.985821151190213,16.343935476927253,8.77877187716421,19.991123164335526,5.357407237846063,3.2543073797348296,4.082262320603222
422,14.070753174090813,2,719.6784549786806,242.69024329069475,777.3312221440299,240.18414262256624,nan,nan,nan,nan,31.250139075410935,15.450683854503115,0.051359983308966184,nan,nan,nan,nan,nan,nan,3.2556323565691083,nan
423,14.104096191091028,2,719.6968098467721,242.69279075609143,777.3312221440299,240.18414262256624,nan,nan,nan,nan,31.250645518860836,15.450603976226926,0.05142498146314557,nan,nan,nan,nan,nan,nan,3.2546290136585045,nan
424,14.137439208091243,2,719.6968098467721,242.69279075609143,777.3897145553195,240.1384760556735,nan,nan,nan,nan,31.252466057271555,15.452064893660335,0.052263061161097614,nan,nan,nan,nan,nan,nan,3.2584166104809276,nan
425,14.170782225091457,2,719.7250755287009,242.69939577039275,777.3897145553195,240.1384760556735,nan,nan,nan,nan,31.25323764857966,15.451856546425937,0.05241558062971703,nan,nan,nan,nan,nan,nan,3.2568973406278996,nan
588,19.605693996126533,3,556.6547526547527,247.17378917378915,613.4837758112094,244.79498525073745,554.2738407699038,173.3773694954797,545.266392035702,106.20185375901133,22.077520944521773,15.140731855942855,0.04961890744851256,20.47357250127418,19.91088871541742,20.05020628211849,24.65626807736505,20.56882990058421,18.843178358979205,3.186092850505851,4.764227560089951
589,19.63903701312675,3,556.5193556767991,247.05300077942323,613.2985074626865,244.7955223880597,555.930396475771,176.1826725403818,547.4807052561544,109.12974051896208,22.06865578749376,15.144517850595397,0.04725325249054331,20.56473964005258,19.720046923430868,20.178518803270038,24.442672705564185,20.651639328328653,18.65745612245087,3.182723527071578,4.738392218130041
590,19.672380030126966,3,556.5379435379435,247.037814037814,613.3723723723724,244.7867867867868,558.0061349693251,179.84633362547473,549.4178106300598,112.60154875043997,22.071267275624372,15.145281740644604,0.04708192360151988,20.67834082794728,19.471624203037397,20.288942375383645,24.190136155403223,20.7659554797741,18.409959013755085,3.185798319375263,4.734552375830066
591,19.70572304712718,3,556.5734795092665,247.10963194988253,613.3723723723724,244.7867867867868,557.6440240756664,184.48982516480365,549.6197604790419,117.41783100465734,22.07220106499778,15.143010562999237,0.048534499672508495,20.64917833067055,19.157657542962642,20.29309147747038,23.84091367113564,20.72929787264059,18.103924914123716,3.1841499532470485,4.6967739789234
592,19.739066064127396,3,556.6015625,247.10416666666666,613.4477611940298,244.79850746268656,553.7998975147323,190.57109915449655,547.3308176100628,123.45534591194968,22.075079488699412,15.142818193228496,0.04815516010402022,20.417543913635466,18.74824379463321,20.146995635357456,23.405226705091543,20.478417276248017,17.700422639780086,3.1866966322526653,4.664835066664217
593,19.77240908112761,3,556.6015625,247.10416666666666,613.3738872403561,244.80712166172106,547.3591929525433,196.75390736004545,543.2881741390513,129.6832358674464,22.072999414918097,15.142540096756946,0.04804352101359344,20.0384632232928,18.334247141137087,19.89754523052109,22.9584391453276,20.070169771666436,17.293803940194223,3.1825145539038906,4.6263386789454
594,19.805752098127826,3,556.6015625,247.10416666666666,613.3738872403561,244.80712166172106,547.4236294341835,198.76781002638523,543.3356950067476,132.55161943319837,22.072999414918097,15.142540096756946,0.04804352101359344,20.039238174935353,18.200272620244597,19.896279769961595,22.753969416824116,20.07140381605445,17.175690841014205,3.1825145539038906,4.555940256492749
595,19.83909511512804,3,556.6015625,247.10416666666666,613.4477611940298,244.79850746268656,549.4176452875639,199.23366455886782,545.4725651577503,132.69924554183814,22.075079488699412,15.142818193228496,0.04815516010402022,20.152639382227996,18.169602173810986,20.022600152290195,22.743816138223302,20.181898208964,17.140404031818214,3.1866966322526653,4.576062018105464
596,19.872438132128256,3,556.627695505326,247.09508963367108,613.4477611940298,244.79850746268656,552.4048821548821,198.92817059483724,547.8365384615385,132.2838319088319,22.075816675721057,15.14310718339354,0.047996193746518055,20.324024454920348,18.19032433373608,20.163229284904137,22.773778804366025,20.360203368173995,17.159047077844342,3.185196185622213,4.586274083723974
597,19.905781149128472,3,556.6446173800259,247.08715953307393,613.4477611940298,244.79850746268656,553.3733453670277,199.77105896510227,549.3349721402818,133.0085217961324,22.07629570587523,15.143359285080205,0.04785246691570684,20.378074889135824,18.13447427185304,20.250812490835443,22.72244796320289,20.40670892875341,17.102180191299325,3.1842150709486945,4.589738370597993
598,19.939124166128686,3,556.6973684210526,247.15660474716202,613.4477611940298,244.79850746268656,553.1809523809524,200.1532738095238,548.2369146005509,133.42320936639118,22.077712032672167,15.141164413143876,0.04927320483856876,20.366454707275352,18.109074653899647,20.18514915998547,22.692769154713655,20.407248455415576,17.077743391216494,3.1815988508608393,4.587278820637641
599,19.972467183128902,3,556.6973684210526,247.15660474716202,613.4477611940298,244.79850746268656,552.0937223695844,200.201002063071,548.3804500703235,133.45323488045005,22.077712032672167,15.141164413143876,0.04927320483856876,20.304207433170117,18.105752829069242,20.193597966493886,22.690657634378216,20.32909456317227,17.074149247874722,3.1815988508608393,4.586238821503271
600,20.005810200129115,3,556.7533539731681,247.13931888544892,613.4477611940298,244.79850746268656,551.3991621783363,200.06343506882106,548.3525305410121,133.3455497382199,22.079289557335855,15.14171512045936,0.0489759850700233,20.264705767408277,18.114784670039867,20.192115167074448,22.698311293889457,20.28103865248339,17.08349117967371,3.1783935228674562,4.584101406687558
601,20.039153217129332,3,556.7533539731681,247.13931888544892,613.4477611940298,244.79850746268656,551.2112299465241,200.0906120023767,547.5986328125,133.40787760416666,22.079289557335855,15.14171512045936,0.0489759850700233,20.253916470679126,18.11295416763085,20.147391819702978,22.69375398174158,20.27788451714876,17.082274209455935,3.1783935228674562,4.582038240589278
602,20.07249623412955,3,556.7441260005164,247.14304156984247,613.4477611940298,244.79850746268656,550.6512475469582,200.2054948135688,547.329780361757,133.62209302325581,22.079028820849356,15.14159669887572,0.049042369040830515,20.22171727065334,18.10525007648463,20.131146953631358,22.67847706053787,20.242095591983286,17.07627400507265,3.178925972545874,4.574123744499939
603,20.105839251129762,3,556.7533539731681,247.13931888544892,613.4477611940298,244.79850746268656,549.41240446796,201.2307466196355,546.5237028742067,134.63568495707352,22.079289557335855,15.14171512045936,0.0489759850700233,20.14933959885735,18.037069401508585,20.081899837022934,22.606316037957345,20.164513545270093,17.008988908307614,3.1783935228674562,4.569744297679531
604,20.13918226812998,3,556.7702492211838,247.1373312564901,613.4477611940298,244.79850746268656,548.943218593704,201.71079729332155,545.5108481262328,135.17685733070346,22.079762982960574,15.141779108520286,0.048950345501043706,20.12181157140037,18.005185692411644,20.021182107869688,22.56772397347429,20.144453200694777,16.978614579172547,3.17744154276521,4.56364786712259
605,20.17252528513019,3,556.7702492211838,247.1373312564901,613.4477611940298,244.79850746268656,548.814245014245,202.12877492877493,545.3959753326842,135.30412203829923,22.079762982960574,15.141779108520286,0.048950345501043706,20.113822906783746,17.977476950112223,20.01420040848409,22.558672011452057,20.136237968901167,16.946708061310762,3.17744154276521,4.582278126894083
606,20.20586830213041,3,556.7702492211838,247.1373312564901,613.4477611940298,244.79850746268656,548.3855699855699,202.3916305916306,545.1771742644681,135.46524409957968,22.079762982960574,15.141779108520286,0.048950345501043706,20.088948866418136,17.96000861643243,20.001024642594754,22.547201556037002,20.1087318167784,16.9278902050214,3.17744154276521,4.588035498368882
607,20.23921131913062,3,556.7702492211838,247.1373312564901,613.4477611940298,244.79850746268656,548.3654235328129,202.41601618965018,545.0872785829307,135.50402576489532,22.079762982960574,15.141779108520286,0.048950345501043706,20.087762357397196,17.95839105561369,19.995652303961332,22.544434815400244,20.108487119420264,16.926531209661714,3.17744154276521,4.586968675347714
608,20.27255433613084,3,556.6973684210526,247.15660474716202,613.4477611940298,244.79850746268656,550.1372549019608,202.48207282913165,546.4099616858238,135.445837687217,22.077712032672167,15.141164413143876,0.04927320483856876,20.188862640601794,17.95426721426694,20.073945444712436,22.548781517305184,20.214719009676898,16.920501496083336,3.1815988508608393,4.59595122284104
609,20.305897353131055,3,556.7433307433307,247.14348614348611,613.5103857566766,244.73887240356083,552.5244107744107,202.1986531986532,548.3609943977591,135.47794117647058,22.08085386505679,15.143479206057892,0.050183970653959874,20.325656527892594,17.97337252369916,20.18925695947192,22.546824376328285,20.356346430787244,16.94434585685761,3.1828512632342205,4.575485404914118
610,20.339240370131268,3,556.7433307433307,247.14348614348611,613.5682492581602,244.66023738872403,553.2938596491229,202.57923976608186,548.5944732297063,135.41416234887737,22.08259903422222,15.145978704016148,0.05169581130371415,20.36899745492628,17.948279213104264,20.20316297469532,22.551388808082717,20.406310212978244,16.912579554234114,3.186591613312722,4.606095854214952
611,20.372583387131485,3,556.7702492211838,247.1373312564901,613.5103857566766,244.73887240356083,552.6550883607556,203.7056672760512,548.6257374631268,136.65081120943952,22.081610598385673,15.1436757384424,0.05008443648900478,20.330722018139674,17.87365591239358,20.203056644730456,22.46369017822159,20.359446727156747,16.840898202582277,3.1813200004435678,4.591809339361009
612,20.405926404131698,3,556.7607630832689,247.13353957205462,613.5850746268657,244.7417910447761,553.2916304662612,204.44772661453806,549.4556308486608,137.44756373023554,22.083433173877033,15.143707296501429,0.04988074691578963,20.365862457676087,17.82469147561803,20.250817951174298,22.407380408536053,20.39174747163899,16.793586465711478,3.1859857654648813,4.584132752698765
613,20.439269421131915,3,556.7175672148263,247.06734534064213,613.5103857566766,244.73887240356083,555.1986654534425,205.6563542614498,551.0542147604057,138.52780692549842,22.08019669812302,15.145887773805846,0.0486522128117129,20.472668083984875,17.74514105017376,20.343457198545853,22.33118722652817,20.501740533208654,16.713280660494018,3.1839260360828194,4.587866060007727
614,20.472612438132128,3,556.7702492211838,247.1373312564901,613.5103857566766,244.73887240356083,555.620730270907,206.75206124852767,551.4577306332369,139.65252330440373,22.081610598385673,15.1436757384424,0.05008443648900478,20.49490366326092,17.672923653656444,20.365407590844676,22.251742497219016,20.524040279554576,16.642689413854864,3.1813200004435678,4.580649652061913
615,20.505955455132344,3,556.7702492211838,247.1373312564901,613.5103857566766,244.73887240356083,555.4931346771838,208.48875255623722,551.9250414593698,141.34892205638474,22.081610598385673,15.1436757384424,0.05008443648900478,20.484737188091792,17.55851234605102,20.39013649032961,22.132070684309376,20.506022345088283,16.52946171994289,3.1813200004435678,4.574536606637837
616,20.53929847213256,3,556.7702492211838,247.1373312564901,613.5103857566766,244.73887240356083,557.0346869712351,210.34179357021998,553.3120634920634,143.45968253968252,22.081610598385673,15.1436757384424,0.05008443648900478,20.56935391785938,17.43689041672418,20.468278530786257,21.9835944702252,20.592095879950833,16.41388200468645,3.1813200004435678,4.547827391622795
617,20.572641489132774,3,556.7175672148263,247.06734534064213,613.5103857566766,244.73887240356083,558.1172572745606,211.98357821953329,554.4755970924195,145.61439944617513,22.08019669812302,15.145887773805846,0.0486522128117129,20.62809190793502,17.329284222721007,20.533026763300235,21.832322356397558,20.649481565477846,16.316100642643782,3.1839260360828194,4.504041497929346
618,20.60598450613299,3,556.7453125,247.05729166666666,613.4701492537314,244.65970149253732,559.4490566037736,213.4062893081761,555.5403071017274,147.46353166986563,22.079981769508848,15.14871803367319,0.0500822926208596,20.70127623910262,17.236234453311276,20.592365862709208,21.702785112481553,20.725781073791136,16.231260554997963,3.1805845211964687,4.467878272851734
619,20.639327523133204,3,556.8669240669241,247.08777348777346,613.5619469026549,244.81710914454277,561.4419191919192,214.8080808080808,557.3569152326322,149.48629700446142,22.085667013053154,15.142770921625193,0.047580941717149695,20.811918548381275,17.144776062359888,20.69541368802811,21.561473588964475,20.838132141960738,16.151019118873855,3.1780792820355726,4.41823385800265
620,20.67267054013342,3,556.8397832817337,247.10242518059854,613.5578635014837,244.79821958456972,562.3476411446248,216.07927300850733,558.3677536231884,152.17898550724635,22.084813301231918,15.14290461214635,0.04822939296533292,20.860979729495238,17.06182596952608,20.74975514874083,21.3735974122881,20.88600526016498,16.091677394904625,3.179551989580705,4.313205754654194
621,20.706013557133637,3,556.8035714285714,247.11671842650102,613.5578635014837,244.79821958456972,563.1416287303996,217.19322205361655,559.5361445783133,154.96485943775102,22.08379036140232,15.142449868368988,0.04848391480233901,20.90393778717964,16.989223622123976,20.81299166048566,21.179791815506707,20.924400665685784,16.04634577861286,3.1816394403519563,4.191554959839086
622,20.73935657413385,3,556.7702492211838,247.1373312564901,613.5578635014837,244.79821958456972,564.0057770075101,218.1525129982669,560.5258591925258,157.50016683350015,22.0828429565681,15.141795276667423,0.048865814170827186,20.95111614127122,16.92679076230591,20.866080026636524,21.003892562053043,20.970249267064027,16.009442857362803,3.183595705032117,4.077988502471958
623,20.772699591134067,3,557.19512840879,249.29864972200158,613.5720461095101,246.5014409221902,564.9974259974259,220.6930501930502,561.9203876773969,159.88335064035996,22.090582353188186,15.019475439576077,0.0582932754865935,21.002439579226852,16.76156085160162,20.94295786418896,20.83904113415606,21.015822965110377,15.84412778802687,3.1603037104342167,4.077914114966632
624,20.80604260813428,3,557.0600697237865,251.4582998122821,613.6019650131799,247.64078600527196,566.6328293736501,222.91216702663786,563.6090576090576,162.8931068931069,22.08404804910408,14.915251251956,0.07830616272220972,21.090650117166426,16.61768329059114,21.035551257016877,20.631416559230747,21.103047360700074,15.714593305147226,3.173746055715871,4.014111437936692
625,20.839385625134497,3,557.9439598202484,254.44541369283635,614.6601444211507,249.77824365245746,567.2460481099656,225.2611683848797,564.5396659707725,165.40953375086985,22.132290577891972,14.75379337737945,0.0946651616105237,21.12068382541185,16.465582693573737,21.084727945622287,20.45824461240006,21.1287738983645,15.567233761837814,3.186170499654455,3.9928238157145532
626,20.87272864213471,3,559.0305201698513,256.8996815286624,616.0655659248623,252.57549653027039,569.8659498207885,227.7648745519713,565.5,167.38824289405684,22.195092080412735,14.58870400668466,0.08733184517051341,21.263513386309395,16.30412025814693,21.136600834425494,20.3224274301946,21.29206871048327,15.400001144436205,3.1970348650954614,4.020310849269672
627,20.906071659134927,3,560.2981202012178,260.05295207836906,616.994890510949,254.7204379562044,569.1845102505695,230.7433561123766,566.504964539007,170.43829787234043,22.249980460063973,14.422665288597337,0.10742051905488972,21.219071742212257,16.112061825053335,21.188751012716935,20.11354358261865,21.225893906348706,15.21172842960114,3.182884659679766,4.001596631691547
628,20.939414676135144,3,560.9710711493354,262.85431326557205,617.9173218965927,257.65427686442695,569.5770252324037,233.22509960159363,567.4426559356136,173.10496311200535,22.28705571272706,14.243274409708341,0.10423355817554864,21.236154912063718,15.952598184513322,21.237636035081373,19.9314625734356,21.235821659384747,15.05735369700581,3.191004637674483,3.9788646645945676
629,20.972757693135357,3,562.5359477124182,265.87346405228755,619.4929577464789,260.1664319248826,571.4473862864901,236.2315003394433,568.4496691048414,175.55416231278298,22.367345976836834,14.07089414553469,0.11386181640211762,21.335129030054954,15.760133813458944,21.29086002125315,19.764691853171165,21.34508955703536,14.859108254523695,3.192157719557765,4.004802721553719
630,21.006100710135573,3,564.480607966457,269.1386268343815,621.5098039215686,263.60230680507493,573.0897170462388,239.28433402346445,569.4796581196581,178.46700854700853,22.468358440427266,13.86262596909026,0.110227347913584,21.420922496710364,15.565251726384036,21.344289928272435,19.566871048760596,21.438164824608897,14.66488737884931,3.1894931556574617,4.002353026878419
631,21.039443727135787,3,565.7297228578693,272.536231884058,622.7384471029791,266.3600750645085,573.6952926208651,242.456106870229,570.8466464442197,181.5756656555443,22.529082485687596,13.67192284323039,0.12237542810341732,21.448155348558625,15.363260936788848,21.416595514188533,19.356443117322645,21.455256311291897,14.464794946168743,3.1899345699513733,3.9933068940513596
632,21.072786744136003,3,566.6975785677486,276.0620814013395,623.4435843302838,269.2409101571663,573.8411270983213,245.62170263788968,571.3050505050505,184.34781144781144,22.56708169743983,13.47399349151151,0.13509224232307543,21.449616297709632,15.162239644295276,21.437026468276063,19.169246266453335,21.452449009332184,14.260663154309713,3.177389525516506,4.00702640044007
633,21.106129761136216,3,567.7491673071995,279.3799641301563,624.6592437949431,271.71723498028297,575.1597084161696,248.3916500994036,572.4686742817584,187.53340256143994,22.622239930970842,13.29560069716036,0.1505044680579907,21.51737419644193,14.987011967423516,21.497091598482243,18.954879019573934,21.52193778098286,14.094241880689673,3.191532728950434,3.967918891222556
634,21.139472778136433,3,569.1535353535353,282.4729797979798,626.0646869244936,274.52624309392263,575.7618203309692,251.71217494089834,573.2648666023787,189.8235294117647,22.691795145494417,13.114373520939345,0.15563322618247025,21.54381916204277,14.777463827145537,21.537832604718698,18.80119469682903,21.545166137440685,13.872124381466751,3.1905742450964207,4.023735323118615
635,21.17281579513665,3,570.9477820025348,285.78757921419515,627.7038303693571,277.7845417236662,577.5693160813308,254.68083795440538,575.0175264550264,193.59920634920636,22.777264475503237,12.913145648888548,0.15683332517608312,21.63801828380127,14.59086152401123,21.630043060574728,18.54866514340638,21.63981270902724,13.70035570964732,3.177958396166404,3.9578116546752042
636,21.206158812136863,3,572.1638038337067,289.3241224794623,629.0973492845413,280.21229181327703,577.6929510155315,257.8327359617682,575.442944390871,196.07778849244616,22.841138117550557,12.731216657487078,0.17687223337544003,21.63796996687698,14.393116067017793,21.648823640747782,18.383312521411085,21.63552789025605,13.495321864779303,3.197334622911658,3.9902112158242065
637,21.23950182913708,3,573.7108766641546,293.09620698317,630.2124971284171,282.3133471169308,577.5431873479318,261.5869829683698,575.6686140863355,199.60045439792273,22.906569331333632,12.552697346906974,0.2089742457396016,21.621439442654797,14.158346186676487,21.65375404335491,18.148969546269434,21.61416865749727,13.260455930768074,3.1937446456620244,3.990754193325781
638,21.272844846137293,3,576.0931335830212,296.6656679151061,632.1229037445439,284.837123822651,578.7469955724224,265.4743833017078,577.5067961165048,203.35598705501616,23.01583366453251,12.36802832085629,0.22960869312919505,21.679607095968187,13.916330020565663,21.750215699231653,17.90028367767665,21.663720160233908,13.01994044771569,3.1808899685465564,3.9845793149167994
639,21.30618786313751,3,578.4565868263473,300.46556886227546,634.4542149511474,287.17427857305154,580.3989637305699,268.25618883131835,579.1769033909148,206.2523992322457,23.13588362923726,12.182697803767866,0.2559683097015261,21.764795259138783,13.743806578332176,21.838753696823176,17.709167683425314,21.748154610659796,12.851600329686221,3.200266850854928,3.9660507490815324
640,21.339530880137726,3,580.804225006141,304.3276836158192,636.2142694842081,289.2887980004544,581.1044247787611,272.1297935103245,579.5751759436979,209.69449776071656,23.23985880490769,12.002812370564765,0.28954672180801155,21.795035285202342,13.504162077367601,21.85333402239886,17.48255106432573,21.781918069333127,12.609024555302023,3.1984491889113187,3.978816114663812
641,21.37287389713794,3,583.2611480660261,307.81350086228133,638.1043222448518,291.4403711246888,582.4018518518518,275.98950617283947,581.0680209295167,213.49092028316403,23.350390257134485,11.833600628135851,0.3155690736077965,21.85779211745366,13.26635105113168,21.929210425824017,17.233665545785904,21.841722998070328,12.37370528983448,3.1927428136178264,3.9679572671922743
642,21.406216914138156,3,585.6101321585903,311.357317670093,640.1799013010318,294.4625392552714,583.4156305506217,279.8354055654233,583.4788641497257,217.3220393675379,23.461047923495958,11.636825330849554,0.3256237481468748,21.90475303947388,13.03024913694791,22.05676489020882,16.98359228573227,21.87055037305852,12.14074692847143,3.1852876255466396,3.956264608795032
643,21.43955993113837,3,587.6992407543472,314.8765613519471,642.4716981132076,297.35175202156336,585.4178628389154,282.4396597554492,584.6246584699453,219.64241803278688,23.570509597638907,11.445407546537515,0.334905777119005,22.008685002942663,12.871028657297709,22.115977190763825,16.832556061407118,21.984544260682902,11.979684991373091,3.2051921279473445,3.9629800639262984
644,21.472902948138586,3,589.8776003870342,318.54523463957423,644.3872282608696,300.69972826086956,587.0375982042648,286.199214365881,585.6575875486382,223.3459792477302,23.67073581918823,11.236367639528064,0.34128513507713243,22.08862625129289,12.641736932569131,22.165209071782446,16.592107578404462,22.07139511668274,11.75290353725618,3.1938470498502274,3.9511129024455363
645,21.5062459651388,3,591.4097968936678,322.21553166069293,645.6521739130435,303.6861413043478,588.4065476190475,290.0845238095238,587.276299112801,226.90589353612168,23.736245479148188,11.038743753096586,0.3539864078735927,22.154254936686968,12.40561935735105,22.24767594482297,16.361909681317584,22.133235209856366,11.51545403445858,3.1909490367588047,3.9573931586680104
646,21.539588982139016,3,592.9210711768851,325.75781066478737,646.9045081057072,306.36353542083054,588.6682769726248,293.4439076757917,587.4734706616729,229.83208489388264,23.801399358242477,10.854739971261068,0.36968086414925727,22.160458329183673,12.202075337167106,22.25137878994086,16.173153975143002,22.140001225513306,11.308582643622529,3.1937565104702923,3.9721193435208866
647,21.572931999139232,3,594.6821318106114,329.6012372115156,648.6892950391644,309.40861618798954,590.2033333333334,296.8227777777778,589.1543689320388,233.6686084142395,23.88639562288366,10.651578635908777,0.3822837938748241,22.236012486025473,11.998162565030226,22.336212205202536,15.926700348996201,22.213467549210634,11.114241563637881,3.2094131140924094,3.9298154032691484
648,21.606275016139445,3,596.6593103448275,333.1609195402299,650.1708847069002,312.2918018602639,590.8570683359416,300.73813249869585,589.4571518588532,237.19470699432893,23.969374447237122,10.462157591864099,0.39603817749323467,22.26203577958969,11.762579445302352,22.34416171401198,15.700856802904296,22.243557444344678,10.876467039841915,3.1969437318499265,3.9391335613945464
649,21.639618033139662,3,598.8505667360629,337.15752949340737,652.0759381898455,315.1794701986755,592.5128626163108,304.62835249042143,591.1963342652997,240.40789064926994,24.06869500112407,10.260547888548814,0.4154383722023569,22.342446621119436,11.52950155777496,22.433400258638045,15.495935296514356,22.321982052677747,10.637053966558597,3.2066844523966775,3.9674764231168465
650,21.672961050139875,3,601.1112646855563,340.8866620594333,653.4730077120822,317.8688946015424,592.7819509650495,308.7631716223265,591.5995609909062,243.84007525870177,24.15657809569925,10.073177575049883,0.4375954804676247,22.346774747672637,11.282561620433505,22.447018255595715,15.277581990250967,22.324219958389943,10.383682037224576,3.187858000353178,3.996277832700972
651,21.706304067140092,3,603.4421247970308,344.7756900951055,655.5605573419078,320.93161843515537,594.355276907001,312.6280041797283,593.2675237220691,247.756351392715,24.26369351409185,9.87082458164372,0.4518015896178619,22.42231936852794,11.052777318645331,22.52995698848395,15.029493250335674,22.39810090403784,10.158016234015005,3.1941476546989263,3.9781723766812305
652,21.739647084140305,3,605.6532606225858,348.6998409452397,657.578811369509,323.90826873385015,596.2428977272727,315.74242424242425,595.1286836935167,251.72986247544205,24.365534358542646,9.670657370418361,0.46738874439643846,22.51647496594755,10.868294746428166,22.623189509705565,14.778781707775417,22.492464193601993,9.988435180125034,3.207000046542036,3.911942774212877
653,21.772990101140522,3,608.5443213296398,352.32894736842104,659.8552971576228,326.578811369509,597.9220468675275,319.7718794835007,596.1284072249589,254.98489326765187,24.493076804804634,9.488605773189185,0.48617714869608264,22.596733936906425,10.630343238841169,22.670080781137113,14.574070223710011,22.58023089695452,9.74300466724568,3.201804277771919,3.9444089913117897
654,21.80633311814074,3,611.2519936204146,355.7721576668945,662.1919517968581,329.2767376802238,599.4097633136095,323.52810650887574,597.6473880597015,257.9828980099502,24.617194863194058,9.31159705018002,0.499718472224663,22.667097394306815,10.409342929599092,22.746376532919715,14.386178874894856,22.649259588118912,9.514554841907545,3.2027010894655508,3.9776260907249266
655,21.83967613514095,3,613.8695257544814,359.3124574540504,664.1038321558552,331.5332905159495,600.5799533799533,327.49044289044286,599.4129541864139,261.59052132701424,24.727973342729634,9.145194401813516,0.5240791809499648,22.719605142243005,10.177031910277766,22.834433232336625,14.160808036380008,22.69376882197194,9.280682281904761,3.2059039816718236,3.985430681015132
656,21.87301915214117,3,616.1867643793026,362.3408838552076,665.7709923664122,333.6045377438507,602.175512104283,329.98324022346367,600.0187659033079,264.31265903307883,24.825099921316287,8.999128327719006,0.5430569748765366,22.798649559920086,10.031418112045133,22.86043095257795,13.991194141924328,22.784748746572067,9.140468505322314,3.203298361619489,3.9602579647397453
657,21.90636216914138,3,618.6922404371585,364.85617486338793,667.9090909090909,335.245670995671,603.533150434385,332.65660722450843,601.422242874845,267.16449814126395,24.941261511730815,8.880452945430545,0.5583334218767091,22.864267713011557,9.875602970382857,22.93012111565187,13.814078388664244,22.84945069741749,8.989446001269545,3.212970083671362,3.939025931755978
658,21.939705186141598,3,620.2533509118874,366.66622720281254,669.3209797657081,336.5301384451544,604.6067085953878,334.7291404612159,603.1944706251962,269.0157084511467,25.014715945950392,8.792178222251104,0.5667328095769607,22.91615054177465,9.755081141624194,23.022851165664356,13.699476148078713,22.892142901399463,8.867592265171927,3.2218240418655695,3.9458379325666426
659,21.973048203141815,3,621.551282051282,368.06019122120813,669.9970027831299,337.4705630485977,604.6500896057347,336.05689964157705,603.5605353252412,269.7992530345472,25.062839358396445,8.725683522739988,0.5784136689708539,22.914857761591136,9.677928120189685,23.040832006310627,13.650985695963135,22.886513556529252,8.78399016564066,3.20779993484953,3.975054214818138
660,22.006391220142028,3,622.511780104712,368.75130890052355,670.9144637868042,337.8570814528261,605.6471354166666,336.72222222222223,603.5366759517177,270.9198390591148,25.110775845400546,8.695100206970423,0.5829040899313463,22.96637745085641,9.639403748715445,23.036298366387705,13.581636079191837,22.950645244861867,8.752401474358257,3.2159232401321405,3.9428523535483873
661,22.039734237142245,3,623.0123376623377,368.88138528138523,671.5886569681635,338.3335441703563,606.6140786749482,336.6115942028985,604.9539072039072,270.8205128205128,25.140738815456597,8.67768324715996,0.5762644122948573,23.018403662085717,9.64592319735288,23.11484234472957,13.58794976178371,22.99670495849085,8.758967220355943,3.2114943346914386,3.943206037501516
662,22.073077254142458,3,623.2584318878668,369.0225580376697,671.9521097046413,338.6012658227848,606.9440967876512,336.49436795994995,605.2577005184507,269.7834705702958,25.15612804266577,8.665980678812742,0.5733219186868972,23.03638235792542,9.652761505253356,23.134642218790386,13.65216705272172,23.0142738892308,8.752895257072973,3.2121885734614737,4.000612419789992
663,22.106420271142674,3,623.5591468777484,369.07409850483725,672.4642779587405,338.76655808903365,607.7345238095238,335.48730158730154,605.3722327640733,269.3785578747628,25.17729442596592,8.659780866429662,0.5697363193728272,23.081485350215182,9.711331222303803,23.142152900223284,13.677257990042081,23.06783515146336,8.81899769956269,3.2178138536114984,3.9663907622279186
664,22.139763288142888,3,623.8139433551198,369.28823529411767,672.8272939182029,339.2318287772833,608.5392479006936,335.06681270536694,605.4462416745956,267.5455122105931,25.19234239959477,8.640307856623082,0.565066883044432,23.125741112420705,9.735851604461686,23.151607483196223,13.790916641986168,23.119921178996215,8.823461971018677,3.21367660529403,4.055147534639218
665,22.173106305143104,3,623.8592975651799,369.3824606765783,672.855265946175,339.40983259165074,608.701804368471,333.4735675846787,605.3221476510067,265.6116970278044,25.193742244221635,8.632505540475961,0.5639817946256173,23.138950560805277,9.82855413054164,23.150407727171206,13.911021529450345,23.136372698372945,8.909998965787182,3.2098216163657827,4.082483475755112
666,22.20644932214332,3,624.1427008098052,369.1011162179908,673.1700767263427,339.3314151747655,609.3635069740961,332.0031312268716,605.2079717132755,262.1398264223722,25.210232433853758,8.642723269839623,0.5607765093939876,23.178590375037185,9.914288926314514,23.15427149006573,14.127239720850964,23.184062124155762,8.966374997543813,3.204959860137946,4.21302098325555
667,22.239792339143534,3,624.5679824561403,369.19144736842105,673.8789997880906,339.77495232040684,610.1088594440114,329.01636788776307,605.2145631067962,259.6242718446602,25.239247234315968,8.627396350383012,0.5530574024698198,23.227136771133214,10.08874405591075,23.162038706577597,14.284375568153806,23.24178383565823,9.144726965656062,3.205792319769751,4.196136502133342
668,22.27313535614375,3,624.8218125960061,369.0816326530612,674.2440100882724,340.1796973518285,611.0835249042145,325.1624521072797,605.2562862669246,255.66441005802707,25.254951509701748,8.618805027328905,0.5445185915471303,23.290677741955918,10.31458871400859,23.176048660656722,14.53252782174871,23.316469285248235,9.365552414767063,3.1937466731034028,4.219496432381834
669,22.306478373143964,3,624.7136058836253,369.0315812243132,674.2121212121211,340.1305361305361,610.3405073020754,320.8575454778375,603.6154608523291,250.78658738024447,25.25143776215637,8.62162960346316,0.5438698466191013,23.263207225798705,10.567656742701535,23.099008667214516,14.839333330165033,23.30015190148015,9.606529510522249,3.1972379984619663,4.274831228776748
670,22.33982139014418,3,624.7102199223804,369.1151358344114,674.3114649681529,340.0987261146497,606.5060562015503,315.20106589147287,599.6269691241336,245.1436672967864,25.25394278216624,8.620202974422721,0.5446687890895087,23.07247788276259,10.901461504608307,22.892521555546406,15.195848441901697,23.112968056386233,9.935224443717294,3.2056713562545296,4.298155819290553
671,22.373164407144394,3,624.7127774186597,369.1042878689937,674.3114649681529,340.0987261146497,600.7404193781634,308.4169679440829,593.4340212632895,238.53220762976858,25.254027143605917,8.620508431408975,0.544533043598376,22.779101614046677,11.304072713997769,22.56384726380863,15.615899564735397,22.827533842850237,10.333911672581802,3.2052105414739067,4.3171964544178865
672,22.40650742414461,3,624.7127774186597,369.1042878689937,674.3236932305055,340.05912596401026,594.4751153192522,300.895605729546,586.4268902618417,231.19682259488084,25.254442521194843,8.621654890207775,0.5450104032543915,22.45851018753065,11.753523315458972,22.188992012102325,16.08515973947187,22.519151777002023,10.77890512005607,3.207109283589312,4.340013151676093
673,22.439850441144827,3,624.7136058836253,369.0315812243132,674.3236932305055,340.05912596401026,587.9285714285714,292.99719887955183,579.0461538461539,223.75014245014245,25.254578246390054,8.623701479854464,0.5439621363344948,22.12113435949268,12.229022902027083,21.790534768007802,16.5650192348731,22.195519267576778,11.25342372713673,3.204756906604858,4.348581411028666
674,22.47319345814504,3,624.7136058836253,369.0315812243132,674.3236932305055,340.05912596401026,579.1122047244095,287.58573928258966,568.8084440969508,219.2619233776388,25.254578246390054,8.623701479854464,0.5439621363344948,21.651329848637555,12.556404098486208,21.221035880042106,16.85517849882114,21.748145991571533,11.589179858410848,3.204756906604858,4.320256270684017
675,22.506536475145257,3,624.7127774186597,369.1042878689937,674.3236932305055,340.05912596401026,563.8915989159891,288.0644599303136,554.034164358264,219.46537396121883,25.254442521194843,8.621654890207775,0.5450104032543915,20.817080746906456,12.525533853441452,20.383942302741968,16.83993154355963,20.914536896843465,11.554794373164862,3.207109283589312,4.336085370505324
676,22.53987949214547,3,624.7136058836253,369.0315812243132,674.2913201108978,340.1044998933674,542.2131542699724,295.3963498622589,533.1606502005488,225.95609035254378,25.253611782177593,8.62238694131366,0.543571955088332,19.621862931024012,12.078818852363877,19.195487635113373,16.416079093784006,19.717797372603904,11.102935298044349,3.201742584293657,4.358167309175576
677,22.573222509145687,3,624.6898418886723,369.10244747671646,674.3706768512624,339.9352853808614,515.492714025501,308.17516697024894,507.2673512074539,237.68320973569118,25.255373917414918,8.625291631184135,0.5462030317429388,18.158839252105963,11.309167228826446,17.731234414622655,15.658952958039912,18.255050340539707,10.330465439753416,3.214426704153441,4.370753000011353
678,22.606565526145904,3,624.7925347222222,369.0774739583333,674.4979842987481,339.8970931466157,484.4628603891492,325.29228802726885,477.6366594360087,254.3120028922632,25.26160499170239,8.627111090475928,0.5461778025126524,16.48346892283316,10.293700741178627,16.078662747632706,14.601574459755108,16.574550312253265,9.324429154498919,3.2161155139819355,4.326851512899695
679,22.639908543146117,3,624.73437162016,369.06272982911526,674.4979842987481,339.8970931466157,450.01373182552504,345.0181744749596,445.70564879985557,272.9853817000541,25.260095973875934,8.627523383776584,0.5454717499646677,14.656635992768674,9.144309833070912,14.329458642878224,13.435186670465074,14.730250896494026,8.178862544657225,3.218266965403841,4.303332319489986
680,22.673251560146333,3,624.7516895574449,369.0327011118378,674.4190897597978,339.98714707121786,418.5001425719988,364.18805246649555,415.9588708169751,291.8627780893625,25.25828953950435,8.625759399423673,0.5445401324841794,13.017726788996269,8.048170423681457,12.732082250505055,12.278140778513734,13.081996810156792,7.096427093844195,3.20987267479562,4.2396039915456445
783,26.107582311168496,4,571.0540900612842,230.95097255528907,627.1967781908302,225.98760842627013,546.4384697699304,127.250936329588,545.4576376004946,58.54638218923933,22.914025451896727,16.26277378368107,0.10266602910453687,20.0880901546178,23.13284346614263,20.136508840292034,28.23577181993885,20.077195950341096,21.98468458653848,3.197030692863089,5.103158056840863
784,26.140925328168713,4,571.0945551128817,230.98618857901724,627.1967781908302,225.98760842627013,547.4341221151036,132.40490797546013,547.2698872785828,63.4012882447665,22.915128313013565,16.26164352877577,0.10344055455326646,20.139207570187416,22.765091979506636,20.240086491239886,27.86292702352514,20.11650981295061,21.61807909460247,3.1950692133546825,5.098833071668049
785,26.174268345168926,4,571.0626666666666,230.9416,627.0935323383084,225.97512437810943,549.2314893617021,140.62581560283687,549.1153969784634,71.14046930247508,22.911384156233535,16.263472727934428,0.10292704969625019,20.23251021497259,22.182650315871363,20.340213324832646,27.272443862816843,20.208277015254076,21.037446767808632,3.190796105769087,5.090932950884482
786,26.207611362169143,4,571.0626666666666,230.9416,627.0480793060718,225.98463444857495,555.4925411522634,145.99356995884773,554.7512484394506,77.36142322097378,22.910083262157745,16.26316212682994,0.10281708201992965,20.592167434989776,21.805868293241417,20.673367525283144,26.802166301098158,20.573897414673766,20.68170124147365,3.188144280697957,4.99695779829857
787,26.24095437916936,4,571.0626666666666,230.9416,627.0480793060718,225.98463444857495,565.4197061803444,150.18768996960486,563.2241970689117,81.58652946679139,22.910083262157745,16.26316212682994,0.10281708201992965,21.167257958714004,21.513726015258158,21.181076566789994,26.48542305458282,21.164148771896905,20.39509418141011,3.188144280697957,4.971716243387064
788,26.274297396169572,4,571.0626666666666,230.9416,627.0935323383084,225.97512437810943,574.4109772423025,154.54886211512715,571.3444550365426,86.08547823323799,22.911384156233535,16.263472727934428,0.10292704969625019,21.684685770716673,21.21106745289471,21.66442431036561,26.149550231105245,21.689244599295662,20.09990882779734,3.190796105769087,4.938524342094266
789,26.30764041316979,4,571.0540900612842,230.95097255528907,627.120169533782,225.97107953128895,576.3796072101156,159.8237826203928,573.439423076923,91.56185897435897,22.911892574013557,16.263303227925768,0.10313284420575998,21.787344468522438,20.845413349204794,21.778077879216738,25.74145854032527,21.78942945111622,19.743803181202686,3.192896267451739,4.896053960402325
790,26.340983430170002,4,571.1067935500924,230.9830822098863,627.0935323383084,225.97512437810943,569.3407462317766,165.3481591302199,567.4247565190071,97.45617342130066,22.912583633667264,16.262141118546577,0.10383513763042337,21.36437809071318,20.463204451345568,21.400619894702096,25.30341506485586,21.356223684815674,19.374157063305752,3.188684795165606,4.8403462945841005
791,26.37432644717022,4,571.1067935500924,230.9830822098863,627.0935323383084,225.97512437810943,563.4536788799523,172.14507000297883,563.2210321324245,103.42453748782863,22.912583633667264,16.262141118546577,0.10383513763042337,21.008210797661718,19.996394198866327,21.13433803589622,24.863040312051407,20.979832169058955,18.901398823399685,3.188684795165606,4.86828023753811
792,26.407669464170436,4,571.0993359893758,231.0231075697211,627.0935323383084,225.97512437810943,566.2788359788359,178.41984126984127,565.6118677042801,109.52399481193254,22.912332283860316,16.26085302615006,0.10462217091785939,21.159286083902956,19.56959457055682,21.264873514424956,24.417072377825455,21.135528912035504,18.478912063921378,3.1894527931124563,4.8486276200019915
793,26.44101248117065,4,571.1266560678325,231.0129835718071,627.120169533782,225.97107953128895,570.6663978494623,184.49086021505374,569.2719471947195,116.7990099009901,22.913871489449242,16.261313103348463,0.10450194143972628,21.39989613784401,19.15950348984649,21.467749030446637,23.889060598660425,21.38462923700842,18.095353140363354,3.189372222663388,4.730043811696355
794,26.474355498170866,4,571.1499330655956,231.1499330655957,627.0935323383084,225.97512437810943,573.3262229806597,190.86774744027304,571.4625449787372,123.27281648675172,22.913625545886525,16.2567767771745,0.10725037694661886,21.53904159399498,18.731195425109327,21.583498429141855,23.42242749082324,21.529038806086934,17.675668210323696,3.187742798427624,4.691442710358264
795,26.50769851517108,4,571.1499330655956,231.1499330655957,627.1246612466124,226.0009854644001,577.3304278922345,195.92472266244056,575.0777338603425,128.28689064558628,22.914457102947793,16.255942490009797,0.10667436902851403,21.75735719426089,18.39378604419718,21.786499710968947,23.063520540342697,21.75080012800158,17.34309578256444,3.1892182733318775,4.669825430438647
796,26.541041532171295,4,570.9317817014446,231.02648475120384,627.0846833578793,225.9918998527246,583.3218163869694,197.84139519578807,579.894028871391,133.1013779527559,22.907330926626152,16.260190207140827,0.10406885860139965,22.095992762726613,18.266992439736786,22.060063947070066,22.720897396443632,22.104076746249337,17.264863824477747,3.198196487033727,4.454049869856903
797,26.57438454917151,4,570.9261637239165,230.93338683788122,627.0846833578793,225.9918998527246,588.0149051490515,199.35727190605238,584.5521920668059,137.27800974251912,22.90726880512488,16.263184827345775,0.10220197288336821,22.36075913771794,18.16687728433042,22.324631962671976,22.42514024505452,22.368887752103284,17.208768118167495,3.1977034613192776,4.258416209748832
798,26.607727566171725,4,571.0928475033738,231.33792172739538,627.4315476190476,226.70535714285714,591.229674796748,201.34959349593495,587.187214611872,139.84801043705153,22.92002668119317,16.227141584592005,0.0956988730852793,22.539301571354734,18.03510695811842,22.473208501304953,22.24375391642394,22.554172512115937,17.08816139249968,3.2040952491797987,4.209165892853705
799,26.641070583171942,4,571.1788553259141,233.17355590885,627.7050805452292,229.3990086741016,593.6144040790311,203.48247291268322,589.6116402116402,142.22680776014107,22.923318385858508,16.0812533313145,0.07819890269980753,22.66969309597744,17.894183492605674,22.60951920463006,22.076292336378774,22.6832322215306,16.953209002756726,3.203715531056714,4.182541724641258
800,26.674413600172155,4,571.4223500410847,234.70227334976715,627.8329615861214,231.88624535315986,595.2599869024231,205.50425671250818,591.6262418636519,143.95272353545735,22.92762237350827,15.95217931021599,0.059084828506504886,22.75795416700146,17.760793448597536,22.72325733056972,21.955092567899587,22.765760955198605,16.817076146754573,3.187035332788378,4.1944426295559625
801,26.70775661717237,4,571.707928802589,235.46413160733545,628.0158612143741,233.87583643122676,595.0808926080891,207.17712691771268,592.7690742624618,145.81383519837232,22.936356779344155,15.863899421106712,0.03443326999581426,22.743029621434445,17.650413924068953,22.78510714930544,21.824476541489492,22.733562177663472,16.71124983514933,3.171886273325592,4.174274697776768
802,26.741099634172585,4,571.8217875577288,236.32817169247483,628.8376639445681,235.97946052957187,596.653872053872,208.023569023569,593.4644122383253,147.40579710144928,22.957896475257343,15.768874299312422,0.009287657795605293,22.830270589983165,17.594867027473793,22.82132820575281,21.71290552377308,22.832282626434996,16.668308365806453,3.204021460719489,4.118048205550613
803,26.7744426511728,4,571.5600539811065,237.57139001349523,628.9211214065098,238.41791399382274,597.5,209.5,594.5885082084225,149.133119200571,22.947122109193437,15.65112484702717,-0.01449956416837435,22.874231046491985,17.49782668747039,22.882268996526093,21.59211617064318,22.87242250773431,16.57661155375651,3.217213510865283,4.09429737325711
804,26.807785668173015,4,571.5600539811065,239.57139001349523,628.9405297351324,241.58695652173913,597.5668789808917,211.86907289455058,595.1770936775902,151.5051307514068,22.93978927102554,15.486209974678461,-0.0376898598058199,22.871231295449448,17.342239706841497,22.9097570199275,21.42644605181075,22.862563007441885,16.423293279223415,3.212753030002724,4.0843880447055545
805,26.84112868517323,4,571.7427864798021,241.49931299807636,628.7996692652964,244.31774155445308,596.8080388080388,214.87525987525987,594.4392361111111,153.521875,22.93398511945675,15.337950288338451,-0.05389555372226662,22.81953131276739,17.145231090991498,22.860518731344236,21.285715164079882,22.8103091435876,16.21362217454661,3.1909739778453914,4.140686939141882
806,26.874471702173448,4,572.3710382513661,243.12349726775952,628.8305971924815,248.2050916012372,594.9518151815181,217.20726072607258,592.4326756663205,155.62686050536516,22.943677113865682,15.163131687800934,-0.09993156959153056,22.707649960744824,16.992644459968055,22.736870881979435,21.138948463249463,22.701075253467035,16.05972605922974,3.157855976853439,4.146406968673628
807,26.90781471917366,4,572.5087307792546,243.65233255147248,628.8384341637011,250.35539739027283,592.015048908954,218.85854025583143,590.3681434599156,157.99367088607596,22.943294288815117,15.078394109207778,-0.1326326477713776,22.536659941662784,16.884596491926892,22.609369664735997,20.9743430198294,22.52030025397131,15.964403523148828,3.1558422049324015,4.09039281320511
808,26.941157736173878,4,572.6259228876128,245.17090511348098,628.7900262467191,252.53662610355522,591.1376292760541,220.23945902943515,589.5289925494006,159.7687074829932,22.939690341023358,14.961423558552244,-0.1461828939251778,22.483265046304677,16.794592600962076,22.555371759312635,20.85127179865513,22.467041035877887,15.881839781481139,3.1477016931395467,4.057319988743354
809,26.97450075317409,4,572.1180669961559,246.98599670510708,628.4452449567723,254.65561959654178,591.1376292760541,222.23945902943515,589.581081081081,161.69240669240668,22.910191311178952,14.83718270498596,-0.15166868380225806,22.477945705644306,16.66463307077961,22.55306154782244,20.718299243476597,22.461044641154224,15.75255818192279,3.1556449239165527,4.054362074286652
810,27.007843770174308,4,571.0196078431372,249.09914388290525,628.37674970344,256.3653618030842,590.1316239316238,224.07863247863244,589.5757575757575,163.3639553429027,22.872384113544364,14.716585475161011,-0.14090174212750872,22.416211941977977,16.545219759115394,22.54810922060989,20.602963778470258,22.386535054285797,15.63222735476055,3.206890375617992,4.059887118962875
811,27.041186787174524,4,570.7076677316294,250.73588924387644,627.507299270073,258.8795620437956,589.8894389438943,225.92161716171617,589.6488326848249,165.291504539559,22.833365768047173,14.586055416628977,-0.15943414833831035,22.397707703352246,16.425883564228332,22.54702201093532,20.470224699633672,22.364111984146056,15.51590680876213,3.178810018844245,4.047096487851601
812,27.074529804174738,4,570.7202666666666,252.3248,627.3175388967468,262.28264969354075,592.2858333333332,228.39916666666664,590.7936348408709,167.39061976549414,22.820805135033837,14.42963502315261,-0.1953964375939789,22.52637738794789,16.266167852329236,22.607805338037466,20.32613507972897,22.508056099177736,15.352675226164296,3.1788648878954615,4.060783717290996
813,27.107872821174954,4,570.1811535337124,254.67885188193878,626.4615384615385,266.48124406457737,592.3217391304348,231.4917874396135,591.3680285343709,170.94649805447472,22.77232534088622,14.224804487382865,-0.23208786315994615,22.520144936241955,16.066964067793123,22.631220218432077,20.082551774632698,22.495152997749177,15.163456833754218,3.176041057843583,4.017123641317844
814,27.141215838175167,4,568.6825396825396,257.76997578692493,624.9522831050227,270.75616438356167,592.0505747126437,234.639846743295,590.938808373591,173.8731078904992,22.678459324300263,13.995131262727469,-0.2544541249294066,22.496522647761036,15.864781971190228,22.59813409952181,19.88260791971058,22.473660071114864,14.960771132773148,3.1845363572945753,4.019110627953951
815,27.174558855175384,4,567.3861200428724,260.64147909967846,623.3929068150209,275.2218358831711,592.3013468013468,238.31228956228955,590.8206396307286,177.40520936366633,22.589049890186722,13.767305976769938,-0.28550715221127754,22.50088031204574,15.629798910708079,22.581475552563465,19.642160539554474,22.482746382929253,14.72701754421764,3.1872245290123495,4.013170994791153
816,27.207901872175597,4,566.4430142129257,263.5746849021185,621.9851496458762,279.7454877770162,592.8359649122807,242.2675438596491,591.3014492753623,181.43896940418676,22.513773681868642,13.53667128711084,-0.31727608999478246,22.52036985132063,15.377715379177321,22.59808587962308,19.368721879383497,22.50288374495258,14.479738916630932,3.182140426705153,3.9917631024076385
817,27.241244889175814,4,564.6863842259526,266.8843591793232,619.5478300386276,284.97250624857986,592.3587719298245,246.2877192982456,590.9292328042328,185.25661375661375,22.386552504501218,13.273656160709884,-0.3560833685709726,22.483061420239196,15.122379418552482,22.566061010742956,19.11085272593071,22.46438651237585,14.22497292439238,3.1747387748155895,3.9893368190330087
818,27.27458790617603,4,563.0529695024077,269.8049759229535,617.3569660139545,289.6119738915147,591.485347985348,250.30128205128202,590.6238437821172,189.42548818088386,22.271308553222344,13.041693149806147,-0.3903543113432854,22.42381865050841,14.86843069195251,22.537045963538905,18.830425600706807,22.398342505076545,13.976981837482793,3.1749891982136305,3.96361250394272
819,27.307930923176244,4,561.4419713831478,272.65792262851085,615.1224258882099,294.37995021498074,591.5828729281768,254.33609576427253,590.5738311469895,193.4386141944164,22.155791671211396,12.808833322834092,-0.42828050667799056,22.41880552443243,14.614278510017472,22.5232346108314,18.56163896599547,22.39530897999266,13.726122407422423,3.180135773227437,3.9487415721347165
820,27.34127394017646,4,559.8954666666666,275.7688,612.5432432432433,299.96216216216214,591.2531769305963,259.0175953079179,590.3197885695407,197.79088206144698,22.031666806536958,12.544450820888294,-0.47848088011470963,22.388419487079442,14.320606929545393,22.496877314478585,18.271351862058662,22.364016475914635,13.431689319729907,3.18317358466938,3.952233371412095
821,27.374616957176674,4,558.1836896278702,279.0226972816046,609.95629877369,305.09052396878485,592.2247311827957,263.89139784946235,590.0687148992401,202.59134456557646,21.903904194490906,12.290448836467977,-0.5166684385081878,22.429778019933725,14.016473428671109,22.469605257729,17.95266553502513,22.420816891429787,13.130830204741454,3.18501900856239,3.9363935914735593
822,27.40795997417689,4,556.6820349761526,282.147853736089,607.009448472863,310.64557240166994,592.257116620753,268.6382001836547,590.0688758934373,207.140350877193,21.77219952681967,12.028761662424223,-0.5687210916106934,22.419356072820495,13.721554132158778,22.457454493932513,17.652138246138087,22.41078392807029,12.837172706513433,3.181703513237784,3.930768750099367
823,27.441302991177103,4,554.9441798941799,285.3690476190476,604.1433928965365,316.17758658724904,592.3391642371233,274.08746355685133,589.9072632944228,212.07003891050584,21.63676764299981,11.766001560914816,-0.6152812895315577,22.409925145750467,13.38468931448928,22.435151572657162,17.328000778207695,22.404249199696462,12.497444235152637,3.1969489768041846,3.9433921530209926
824,27.47464600817732,4,553.0220820189274,288.7518401682439,600.8031581224313,321.3391736967337,592.6477477477478,279.2432432432432,589.5131620678718,216.79606723755154,21.484508272152368,11.510386815143109,-0.65582712903987,22.41374800372119,13.067647872810934,22.400308913248878,17.018736371970572,22.41677179907746,12.178652960500015,3.1882246478190184,3.95111135471329
825,27.507989025177537,4,550.8369734789392,291.8398335933437,597.2191575796451,326.6352362625615,592.2112820512821,285.3425641025641,589.2048901268956,221.1674404209223,21.319214432490803,11.260830151283987,-0.7022724866672422,22.374303317615865,12.694551242898962,22.3714123926552,16.733998968700035,22.374953775732017,11.785675504593721,3.201641389838023,4.039448760279872
826,27.54133204217775,4,549.4098228663446,294.5689747718733,594.2381551362683,331.27631027253665,591.5987654320987,289.6922398589065,589.0826100932176,225.4599807135969,21.192520745775575,11.04235962750247,-0.7457605485918204,22.329836044542795,12.429800274441924,22.353350024055352,16.45563849442636,22.32454539915247,11.523986674945425,3.204700918748607,4.025906889226323
827,27.574675059177967,4,547.7240669240668,296.92561132561127,591.1425213675213,335.3474358974359,591.4694041867955,294.1296296296296,588.361320754717,229.53805031446538,21.057128329766574,10.852472876146248,-0.7845049116162193,22.311715114221954,12.16092057400265,22.30215970594198,16.192216030963987,22.31386508108495,11.253879096186349,3.212314152004747,4.031306781571518
828,27.60801807617818,4,546.2144340602284,299.56516095534784,588.3918575063614,339.43002544529264,590.9509379509379,298.34559884559883,588.2628083491461,233.3697027197976,20.93599959080231,10.654400114371956,-0.8172295985541518,22.273021569422546,11.906485083371463,22.28683179263689,15.945767989257519,22.26991426919932,10.9976464295471,3.218894269142244,4.039306514248273
829,27.641361093178396,4,545.4545454545455,301.8702408702409,585.7597334998959,343.3014782427649,590.312101910828,302.62066525123845,587.4745710784313,237.28370098039215,20.839266507514417,10.473159672443114,-0.8592654520785952,22.227798216931653,11.649531195055175,22.232634040035357,15.694908332709694,22.22671015673332,10.739321339082908,3.21220040557251,4.045380028012567
830,27.674704110178613,4,543.945308449974,304.26801451529286,582.9087326280854,346.8703588467123,589.5362608117098,306.55222887558216,587.4577615126562,240.61726136017074,20.716955768566955,10.298354089346052,-0.8894710109484457,22.176154297825832,11.414140296600868,22.223323799823287,15.482108458156443,22.165541159876405,10.498847460250865,3.2117653356386424,4.0682416257332275
831,27.708047127178826,4,542.3962068069628,306.48765913224213,580.2826766729206,350.55451323744006,589.1138070479491,310.93876372039284,587.0570135746607,244.452790346908,20.59989416064613,10.126091772755487,-0.9193693448213301,22.14276105404426,11.15261156891881,22.191314876287787,15.238090046429317,22.131836444039468,10.233378911478946,3.236154870899444,4.0857669859961465
832,27.741390144179043,4,540.4597875569044,309.1884167931209,576.7791563275434,354.1921009098428,587.8264367816091,315.3183908045977,585.5940835620615,248.01494358035984,20.449200056416586,9.941273847464146,-0.9492583234102164,22.062792319524828,10.892502928843713,22.100791683310945,15.012159335788214,22.054242462672953,9.9655802372812,3.223271782370122,4.119831654682873
833,27.774733161179256,4,538.2474437627811,311.3888036809816,573.2485109878825,357.63072499486543,586.1394041596402,319.0050590219224,583.931469792606,251.13525698827772,20.29125008874093,9.777537969811988,-0.9789570672385809,21.963195658959485,10.674334768709244,22.000511514456893,14.814862625964036,21.954799591472568,9.742716000826915,3.2359623688558505,4.140696005477155
834,27.808076178179473,4,535.9111457521434,313.4195895037672,569.32095759789,360.7186041793467,583.6904415332363,322.5400291120815,582.5502597005805,254.34219370608002,20.120301593774407,9.629213430693097,-1.0102401058782449,21.823266602873474,10.465782291210264,21.916004172805614,14.61276765643053,21.80240064963874,9.532710584035705,3.2357138289601095,4.14802216438485
835,27.841419195179686,4,533.9114183307731,315.48463901689706,565.8962962962963,363.2755144032921,582.8437651625424,325.9170305676856,581.3406193078324,257.1754705525197,19.972587430772236,9.49531255549292,-1.033820159797138,21.770283093387636,10.267367893705025,21.842158277743476,14.434756473054097,21.75411117690757,9.329705463351484,3.2156805715465566,4.168008350929166
836,27.874762212179903,4,532.2327802916038,317.3122171945701,563.2539874823339,365.7908338380779,581.1495844875346,328.80378578024005,580.2026618269812,259.7059891107078,19.854640016829322,9.3699553459707,-1.0529407190153608,21.673034304690812,10.098165336967192,21.773182463863716,14.276182729610154,21.65050096887691,9.158111423622525,3.21933978945136,4.179217508937866
837,27.90810522918012,4,530.8100949525237,318.96851574212894,561.0896101245152,368.1869769340681,579.9799732977303,331.13440142412105,579.331834532374,262.1396882494005,19.756598620027145,9.253308596455167,-1.0693383728153074,21.605343613785966,9.961922064923737,21.719405944052557,14.124078315785884,21.579679589475983,9.025436908479755,3.2325677650313813,4.163718875209598
838,27.941448246180332,4,529.7520263424518,320.73530901722387,559.2935023134178,370.44860189096755,578.8353148392778,333.8190224570674,578.7159190853122,264.43095866314866,19.678319812332184,9.137454917887926,-1.0835007659825981,21.538408179894258,9.805381598887568,21.680190074670065,13.981234795933215,21.5065072535697,8.865814629552297,3.2341713472860922,4.178259449694642
839,27.97479126318055,4,528.0553449583017,322.83952489259536,557.1495571658614,372.69202898550725,578.0754475703325,336.3806479113384,577.3764213046079,266.6591861160981,19.573748393562568,9.012365621495206,-1.0901309361109062,21.492475272457636,9.656421049938402,21.601170796994023,13.842541494367737,21.46801877943695,8.7145439499418,3.225341629821695,4.1875313840404225
840,28.008134280180762,4,526.4061944656004,324.4640771769484,554.9985772357724,374.780487804878,576.7130325814536,338.8742690058479,576.3608156028369,268.5614657210402,19.470772148213918,8.90594938410624,-1.1003725056952367,21.414602557256043,9.511701200860633,21.540919881669446,13.724393481993602,21.386181159263028,8.563845437605716,3.232623885305012,4.214585664328612
841,28.04147729718098,4,525.421198388721,325.8610271903323,552.9828904991948,376.6654589371981,575.5650912106136,340.7860696517413,575.4078431372549,270.5665158371041,19.38958974198365,8.812119461033063,-1.1187096982522189,21.34950553768197,9.400970589007276,21.484024114492847,13.600116675507877,21.319238857899524,8.45616271954464,3.2294881941113815,4.201300168195619
842,28.074820314181192,4,524.7823795180723,326.97841365461846,551.4400558547775,378.3534809495312,574.7667887667887,342.8050468050468,574.8281296461493,272.34017246506096,19.330454481515925,8.732155736735468,-1.1359738471319403,21.30296259534382,9.2842929619383,21.44831234102132,13.49041819826335,21.270258902566383,8.337914783765164,3.2349319148009874,4.20863588971759
843,28.10816333118141,4,524.3348247576436,327.68232662192395,550.7882828282828,379.3109090909091,574.5615986814997,343.78368355995053,574.810746973723,273.2317685267198,19.300490690245553,8.68480335229825,-1.1406079227714667,21.290121808758936,9.227835909627858,21.44549471921386,13.435379052280517,21.25516290390658,8.28113870253101,3.2414407002442975,4.210410910895354
844,28.141506348181625,4,524.3988708885615,327.8500245459008,550.7511961722488,379.42224880382776,574.5647107781939,343.89138576779027,574.8711385701677,273.2185937040306,19.30110884691684,8.676795670093703,-1.141664345090906,21.290078695049264,9.221628399190863,21.448852318634863,13.43619916800367,21.254354629742505,8.273349976207982,3.2359166248834423,4.217560412000981
845,28.17484936518184,4,524.5384428223844,327.8177615571776,550.9323815189371,379.3321435653381,575.7958378184427,343.58916397560097,576.2782129387873,272.6115462721207,19.309671942249686,8.680266202703816,-1.1406712444398261,21.35628631307668,9.239172867701244,21.527731852870325,13.473834719056555,21.31771106662311,8.286373951146299,3.23393845161135,4.238131023038235
846,28.208192382182055,4,524.5121832358674,327.8189571150097,550.9799919967987,379.3967587034814,576.99657960199,342.61287313432837,578.4395254629629,271.48929398148147,19.310172163353343,8.67843124187943,-1.1400525663648762,21.422244162642656,9.295605137087264,21.64940145519539,13.54341924182469,21.37113377181829,8.339846963521344,3.2387360869959454,4.25388353201708
847,28.24153539918227,4,524.551665451009,327.81667882324336,550.8940661091199,379.40083632019116,579.8657849620377,340.9265246142542,581.7369634111207,269.27369634111204,19.308978718551323,8.678382398113653,-1.1419618785059307,21.578757096724424,9.393285192037064,21.836438416872717,13.680907956847525,21.52077879969106,8.428570069954711,3.236312513363707,4.2953589647518715
848,28.274878416182485,4,524.551665451009,327.81667882324336,550.8811091162976,379.2954318771195,585.0314341846758,337.9895219384414,586.4773109243697,265.6582633053221,19.30870761786461,8.681319412183612,-1.1413584944056192,21.860960727482357,9.563804172681705,22.10708323086568,13.905837203367604,21.805583164221108,8.586846740777377,3.2307455072779416,4.349003003705453
849,28.308221433182702,4,524.5761766132945,327.7935468219311,550.9449135504624,379.34559710494574,591.4113475177305,331.8550531914894,591.7219703838017,259.29072227258985,19.311012733015037,8.680602214683894,-1.141345040514623,22.216598581648352,9.921071526807367,22.4137508226026,14.303575773868207,22.172239327433648,8.935008071218679,3.2353260498978513,4.386936571415136
850,28.341564450182915,4,524.5384428223844,327.8177615571776,550.8719191919191,379.37757575757576,597.5159151193634,323.65362511052166,596.3029528676888,250.6396933560477,19.308058242556456,8.678997267751786,-1.1419051862405214,22.564842162743098,10.401767042071429,22.69161206270439,14.847680859770703,22.536318935251806,9.401436433089092,3.2349018433285774,4.447720796311919
851,28.37490746718313,4,524.5630007283321,327.7946103423161,550.8719191919191,379.37757575757576,602.6088667909675,311.66770250673295,600.7492753623188,238.45362318840577,19.308725374885917,8.679675859234033,-1.1424546449830753,22.87150723412045,11.110730402926512,22.9745116111778,15.621866982236277,22.84833124928255,10.095724672581815,3.2355817203675117,4.5123123937599425
852,28.408250484183345,4,524.5630007283321,327.7946103423161,550.8719191919191,379.37757575757576,607.7702847356026,296.522586169985,605.4327651515151,223.39993686868684,19.308725374885917,8.679675859234033,-1.1424546449830753,23.194649518331843,12.018246200677236,23.28303765642295,16.5912662921555,23.174762187261344,10.989316680094626,3.2355817203675117,4.573874202469835
853,28.44159350118356,4,524.5920542635658,327.77640503875966,550.9235694277711,379.4891956782713,609.5590551181102,280.35717410323707,605.7003086419752,207.0388888888889,19.31079232982695,8.677101769020199,-1.1431102158012083,23.340366386536445,13.001333877710818,23.348779308054514,17.66100889599136,23.338473479194878,11.952906998597697,3.2426199902513684,4.659682612929363
854,28.474936518183775,4,524.5478620019436,327.82750242954324,550.9860613301473,379.43787335722817,601.9780545670226,266.0320284697509,599.2335727587124,193.0851290236765,19.311259209465632,8.677037592420811,-1.140745238463355,22.964081060636836,13.88448709690029,23.0213441724109,18.586518551739953,22.951196860487673,12.826530019561366,3.239680836590906,4.702380127793971
855,28.50827953518399,4,524.5478620019436,327.82750242954324,550.9860613301473,379.43787335722817,588.4020657276996,255.15680751173707,586.3576337751596,182.19759450171819,19.311259209465632,8.677037592420811,-1.140745238463355,22.23969756344827,14.562307530371845,22.310587592271897,19.3166783478312,22.223747306962956,13.49257409644349,3.239680836590906,4.754899290846836
856,28.541622552184208,4,524.5723636363637,327.80436363636363,551.0396353547364,379.47859690844234,571.1317748917749,249.44658008658007,569.1505791505791,176.82046332046332,19.313302002943406,8.676583409052462,-1.1408119006982176,21.29038266653389,14.919830964100106,21.32875877206704,19.67865843440558,21.28174804278893,13.849094783281373,3.2435656739854952,4.758982203960201
857,28.57496556918442,4,524.5882352941177,327.7872185911402,551.1258462763839,379.47491039426524,544.5253037994154,251.1661282879557,545.1509940891993,178.23105857066093,19.315995067739017,8.677192494055765,-1.1398890310176164,19.803881890328203,14.807960122483241,19.937839908716633,19.579254686514282,19.773741336190806,13.734418845576256,3.2458115889968577,4.773174684362884
858,28.608308586184638,4,524.6142512077295,327.7632850241546,551.0832837596669,379.5441205631568,513.7491704374056,257.23981900452486,516.1208143074581,184.21936834094367,19.3155414164056,8.67596354474238,-1.1416098770101826,18.08615964606633,14.422346742497012,18.256087102848745,19.169789044378135,18.04792596829029,13.35417222457376,3.2490399012155367,4.750482475523815
859,28.64165160318485,4,524.6142512077295,327.7632850241546,551.0832837596669,379.5441205631568,485.276875483372,268.0552204176334,488.92263325377877,195.0451471758154,19.3155414164056,8.67596354474238,-1.1416098770101826,16.50830711888367,13.744786502520112,16.691510083088403,18.43975975338721,16.467086451937607,12.688417521075015,3.2490399012155367,4.698546280760782
860,28.674994620185068,4,524.605511240029,327.7715736040609,551.0832837596669,379.5441205631568,456.3001033820706,282.4197312066164,461.2517523364486,209.22390965732086,19.315303961449445,8.675720589577542,-1.1414147154010925,14.923716150729268,12.857198163660113,15.121045705214433,17.497065643382257,14.879317000970106,11.813227980722631,3.2487957474105262,4.6440617117407506
861,28.70833763718528,4,524.5478620019436,327.82750242954324,551.1206556082149,379.4751184834123,425.51691864650826,300.38560115190785,432.81285187342263,227.055329062318,19.31476139558658,8.676005812459854,-1.1390481246511301,13.27003175019722,11.765325547881144,13.536662036001124,16.331691617326776,13.210039935891341,10.737893182255876,3.2444814138397096,4.574143721997837
862,28.741680654185497,4,524.5478620019436,327.82750242954324,551.03518081761,379.47877358490564,397.1910990828447,321.2955946474214,405.960663798402,247.76541692276172,19.31251956114663,8.675900063955249,-1.1403311922865194,11.785266659084474,10.51929384494391,12.076665333828101,15.005183227320499,11.719701957267159,9.509968733909178,3.242799939615305,4.495343895472443
863,28.775023671185714,4,524.5478620019436,327.82750242954324,551.1631965100138,379.405909181043,372.1986150456405,343.21608435631094,382.27373935821873,268.8801571709234,19.315921113829802,8.677936438300566,-1.1378999344745335,10.51098470864346,9.240311604083278,10.822644068661855,13.681269516083914,10.44086135263932,8.241096073883135,3.241947214233001,4.451880359224417
864,28.808366688185927,4,524.5478620019436,327.82750242954324,551.1258462763839,379.47491039426524,351.7738274077783,364.75613420130196,363.3371483071054,290.225321888412,19.314897527777426,8.676011847638433,-1.1389703547051517,9.502377327876628,8.0097689158375,9.854811323376117,12.37134734532845,9.423079678889243,7.028413769202036,3.244584392464609,4.375794341349292
865,28.841709705186144,4,524.5723636363637,327.80436363636363,551.1258462763839,379.47491039426524,337.36706659711353,386.28864545296466,349.41813088871913,311.06213394448685,19.31556314509745,8.676690066474183,-1.1395178428241537,8.827932212228642,6.804982305334849,9.176147338949397,11.119255413048567,8.749583808716473,5.834270856099263,3.2452596382164582,4.328302926369518
866,28.875052722186357,4,524.5882352941177,327.7872185911402,551.0973737373737,379.4236363636364,nan,nan,nan,nan,19.315282480289415,8.67862006236271,-1.1399205852231502,nan,nan,nan,nan,nan,nan,3.2426221612688906,nan
981,32.709499677211106,5,551.662564943943,225.7363959529669,608.6091691995947,225.58232016210738,725.1478472786353,244.53479555916599,801.7445145776976,244.65013525698828,21.847896373892954,16.441544912406215,0.005466008100143658,29.91930300311885,15.250540240014296,34.208528702762734,15.253012849545712,28.954227220698975,15.249983902869726,3.2157717909279366,4.289226412336317
982,32.74284269421132,5,551.662564943943,225.7363959529669,608.6801732925586,225.54153924566768,716.3912685337726,244.3915431081823,792.5957240038873,243.64172335600904,21.84996558587015,16.44286898969399,0.0062813979589959905,29.42987616640588,15.258520118813891,33.70428993326984,15.315944742730428,28.468133068861487,15.245599578432671,3.219925698223254,4.274799485097297
983,32.77618571121154,5,551.662564943943,225.7363959529669,608.6801732925586,225.54153924566768,706.8337078651685,245.43171036204743,783.32097675787,244.45454545454547,21.84996558587015,16.44286898969399,0.0062813979589959905,28.88867231304625,15.191253624191841,33.17800802677097,15.263083074589787,27.92357177745819,15.175091997852304,3.219925698223254,4.289937101517784
984,32.80952872821175,5,551.662564943943,225.7363959529669,608.6105128205128,225.5710256410256,698.2351933431228,252.15663240332842,773.676879432624,249.057304964539,21.847952071489143,16.441910393318786,0.005693112463018798,28.370115491276355,14.764831627870954,32.602442353694016,14.970046609452423,27.417841947232382,14.718658257015123,3.215887262811519,4.237299123145262
985,32.842871745211966,5,551.662564943943,225.7363959529669,608.6105128205128,225.5710256410256,689.5518184304074,255.25840853158326,765.6280577659887,250.59416445623341,21.847952071489143,16.441910393318786,0.005693112463018798,27.869436510721197,14.56852898719561,32.141206799735066,14.87189590745441,26.90828819569308,14.50027143013738,3.215887262811519,4.282528796214795
986,32.87621476221218,5,551.662564943943,225.7363959529669,608.6105128205128,225.5710256410256,681.8655317049099,250.79694053787316,757.3066996155958,247.36381109280612,21.847952071489143,16.441910393318786,0.005693112463018798,27.464147856421448,14.848535304020379,31.699794681423242,15.07517331005934,26.511127320796046,14.797541752661612,3.215887262811519,4.241705884656443
987,32.9095577792124,5,551.662564943943,225.7363959529669,608.6105128205128,225.5710256410256,673.7182072829131,244.98319327731093,748.8921019900497,242.47450248756218,21.847952071489143,16.441910393318786,0.005693112463018798,27.03792022539896,15.215492341548249,31.263389335095543,15.384602610579012,26.08718967571723,15.177442531016327,3.215887262811519,4.228851792164356
988,32.94290079621261,5,551.662564943943,225.7363959529669,608.6105128205128,225.5710256410256,666.592039800995,244.51409618573797,741.4230038022814,241.99334600760457,21.847952071489143,16.441910393318786,0.005693112463018798,26.64135862938405,15.244365617572177,30.84794497486789,15.414279140563027,25.694876701650188,15.206135074899235,3.215887262811519,4.2100165424029194
989,32.976243813212825,5,551.662564943943,225.7363959529669,608.6105128205128,225.5710256410256,659.5223214285714,246.31815476190474,733.833028083028,242.6510989010989,21.847952071489143,16.441910393318786,0.005693112463018798,26.237561873645824,15.128999685801647,30.418037141755047,15.371426026250798,25.29695493832125,15.074453759200587,3.215887262811519,4.187498537052455
990,33.009586830213046,5,551.6746162280701,225.7691885964912,608.3601823708207,225.56990881458967,655.46659743856,246.46867428175838,726.8003350083751,243.04489112227805,21.841199875325856,16.44087019616225,0.0063934893216265306,26.010124480060558,15.118942798752268,30.02134631530955,15.345465284661534,25.107599567129533,15.067975239422683,3.201135850945903,4.01761285444489
991,33.04292984721326,5,545.5906862745098,225.62254901960785,601.8737864077669,227.46701518546178,648.6877543470218,246.6015538290788,719.8475824527696,243.4601344860711,21.483630839809464,16.383458612580743,-0.03519559745559876,25.63056906118444,15.109659112542289,29.6291780025132,15.318162301621255,24.730882049385468,15.062745894999521,3.174327756230539,4.004041339138548
992,33.07627286421347,5,538.5962399283795,225.81706953148313,594.9073942830144,228.12213560122842,641.809016684416,246.41995030173942,712.7351870241641,242.92519033432637,21.088688952606123,16.355092484426628,-0.044541023421716626,25.246758082544517,15.120292666897335,29.233947704815726,15.351274649786397,24.349640417533493,15.068321720747296,3.175713607071991,3.993874529872789
993,33.109615881213685,5,531.9625108979948,226.36791630340016,588.1503267973856,227.55279034690798,634.6615594143684,243.739189649302,705.5228758169934,240.6197266785502,20.711407866064313,16.35477132320188,-0.021795002440084914,24.85739400893762,15.28950566768334,28.843204811942222,15.497187530516928,23.960586578261587,15.242777248545782,3.1686218446630794,3.991217798303947
994,33.142958898213905,5,524.4479073909172,226.81537548233896,580.0883084577114,225.34950248756218,626.8096288129364,240.61668504226384,697.6663568773234,238.36957868649318,20.2744281599661,16.410485236189565,0.032509451166196995,24.429117632201255,15.487222017668492,28.4150972613962,15.639809683908453,23.532272215632393,15.4528897927645,3.1441978600608356,3.9888991714814774
995,33.17630191521412,5,515.275652173913,227.99565217391304,571.6281866281867,224.81457431457432,618.7573421439059,241.1897944199706,688.5785440613026,238.56417624521072,19.777150556783965,16.388523675642546,0.06683262574610523,23.97577142366825,15.449664365770944,27.903750526523034,15.626196001132621,23.09197612552592,15.409944747814567,3.1909758670929183,3.931943953154387
996,33.20964493221433,5,506.28725314183123,229.4225014961101,562.4129814550641,226.1103185924869,610.3760589318599,242.6828729281768,679.363493559535,240.3056864593151,19.262226343363572,16.299403131256327,0.06971649130475173,23.501390801374033,15.35354688835459,27.37753399950515,15.513835885469897,22.62925858179453,15.317481864003646,3.175694967878324,3.8794559741044052
997,33.24298794921455,5,496.87626481642087,231.24544666088465,553.0987834549878,226.87956204379563,601.1951219512196,243.40428677014043,670.2183254344391,240.54439178515005,18.73377447069482,16.21464071761639,0.09083260829329759,22.98522681223127,15.306501426046573,26.863424194980748,15.497433166683367,22.112632401112638,15.263541784403294,3.1842077108273035,3.8828945220218753
998,33.276330966214765,5,486.9501584557764,233.2074330164218,543.0748688602765,228.05650929899858,591.761684047895,244.14484356894553,660.7222222222222,240.8015873015873,18.171318391260534,16.112314319011908,0.10675585086179483,22.455292466561417,15.258245027490483,26.32971104080769,15.47981165356052,21.583548287356006,15.208392536624725,3.180095573797374,3.880748775462358
999,33.30967398321498,5,477.3157894736842,234.88099415204675,533.6615271659324,229.369554576603,582.5891731553578,244.94104560622915,650.6175084175084,242.03535353535352,17.635025959352156,16.015077857232498,0.11352963029474751,21.940247367615317,15.206529994516883,25.75788677878158,15.3999204970164,21.081278500102908,15.163017131454492,3.191067709341911,3.8225345727863465
1000,33.34301700021519,5,467.8897683963647,236.52037525652298,524.2095375722544,230.13005780346822,572.7330316742082,244.61161387631975,641.6776833490715,241.94365753855837,17.10452320524926,15.936881341671434,0.1311155165703282,21.389780504096823,15.226177781449362,25.257356111751964,15.404607925326525,20.519575992374417,15.186030999077,3.1928339322885892,3.871689346677114
1001,33.37636001721541,5,458.9337419731465,237.7918855808523,514.9376673971268,230.17652787923055,564.0910165484634,243.9204097714736,632.3909853249476,241.52620545073376,16.59290936696882,15.893559143798477,0.15633988816957017,20.907750962200527,15.268958607782697,24.738602992688286,15.429993209601664,20.04580925534078,15.232725822373428,3.1832356344753254,3.8342351809031188
1002,33.409703034215624,5,449.5129793510324,239.32802359882004,505.5911764705882,231.00882352941176,554.9247186651145,244.33915405510282,622.8088137839628,241.8750828363154,16.066632980952548,15.816537278650705,0.1701240371032811,20.394317283026073,15.241197070657309,24.20043512472706,15.406546155216041,19.53794076864335,15.203993526631594,3.1901483000156072,3.8097077768090037
1003,33.44304605121584,5,440.43304093567247,241.2248538011696,496.3430728025322,232.64523983442902,546.0773542600897,245.97795216741403,614.5725065616798,242.70570866141733,15.553627131864802,15.70234118666141,0.17575815108573864,19.89732718138398,15.13611960804548,23.73630745881522,15.352633164599354,19.03355661896195,15.087404057820859,3.1782863084077526,3.8450809732276965
1004,33.47638906821606,5,432.1814782858786,242.83002588438308,488.0397973950796,233.74891461649784,538.1353355580274,246.05895439377085,606.4254943502824,243.4459745762712,15.090917734616024,15.614814552839327,0.1858613292871642,19.4534690383459,15.129975256527178,23.277864360552584,15.30452218259784,18.592980090849398,15.09070219816128,3.1763067429916707,3.8283764456904024
1005,33.50973208521627,5,423.74093414563384,244.89033942558746,479.7546230440967,235.2038880986249,530.2543071161049,247.6565543071161,598.4777992277992,244.5,14.624647619891938,15.50172074221921,0.1972689701331526,19.011713678673004,15.027817480770693,22.830059731190186,15.236552648042426,18.15258581685664,14.980852068134553,3.186277963685458,3.824047194639405
1006,33.543075102216484,5,415.1028948122671,247.05588993981084,471.26060606060605,237.95734265734265,522.1988304093567,250.37755847953215,590.6409001956947,246.64872798434442,14.148458115681251,15.343993288603357,0.18510756593724884,18.560196051438897,14.854887036852977,22.386121313642786,15.099287452737018,17.69936286744302,14.799896943279068,3.1814537105342913,3.833723474020288
1007,33.576418119216704,5,407.78714859437747,249.16379804934022,464.1700581395349,240.80959302325581,515.9611111111111,253.4378472222222,584.5246015246015,249.33679833679832,13.74957336906201,15.18551550349373,0.16960696377411486,18.210942869522608,14.661316195218374,22.037896331840223,14.928457691785736,17.349878340501146,14.601209358490717,3.180766936393691,3.836266072880377
1008,33.60976113621692,5,401.7827305859265,250.99719652368935,458.28323699421964,242.25,509.8828828828828,254.43279279279278,578.5198956294846,250.36301369863014,13.42069929354908,15.081108676441662,0.17693273994172032,17.872314701042228,14.598006577262007,21.70054364758369,14.862900461171566,17.0109631880704,14.538405453382357,3.186644947195932,3.8373826544756566
1009,33.64310415321713,5,396.1045591045591,252.7027027027027,452.67732558139534,243.27906976744185,504.2492721979621,254.83369723435226,572.954650777888,250.74942072161534,13.108862569868657,14.994000634632553,0.1899267372614489,17.558861488458806,14.572118196551761,21.389374627437054,14.837817893033884,16.6969960321887,14.512335764843284,3.19335647944366,3.8397170776758642
1010,33.676447170217344,5,391.5944625407166,253.66802388707924,448.16857142857145,243.77857142857144,500.0151515151515,255.72582972582973,568.6656140350876,251.46526315789473,12.85913080259737,14.947221156955703,0.19902554455223287,17.323329919936082,14.515581796175985,21.14883331778685,14.792135758566696,16.462591655419658,14.453357154638075,3.195673377890417,3.8354867150182863
1011,33.709790187217564,5,387.9131832797428,254.2309753483387,444.45175438596493,243.9093567251462,496.0568475452196,255.54817275747507,564.8217787114845,251.3235294117647,12.653863522258828,14.924917423208441,0.20760518192939692,17.103288255820612,14.526238975732745,20.93486276741929,14.800587952817684,16.24118399071091,14.464510455888634,3.1966401030947225,3.841383943211118
1012,33.74313320421778,5,385.16289104638616,254.8729773462783,441.7155941190648,244.06845022897082,493.6859956236324,254.58789204959882,562.5384883315917,251.17833507488677,12.50208494229613,14.899366002438406,0.21695495887815952,16.971381434594228,14.586242157260449,20.807859267286574,14.809455537767137,16.10817392223845,14.536019146646444,3.2012432236067974,3.842965830446191
1013,33.77647622121799,5,382.59904912836765,255.6362916006339,438.90517035978075,244.26209197045506,490.9621380846325,254.5939123979213,559.9380952380952,251.3901098901099,12.353693037189451,14.868934787899473,0.2289603948486129,16.819890661077142,14.585524392042903,20.662549953006582,14.7957765707864,15.955292320393019,14.538217651825615,3.1928139948788092,3.8484069967348895
1014,33.80981923821821,5,380.95298135014446,256.1189913317573,437.3503597122302,244.29016786570742,489.81045751633985,254.85330428467682,558.3333333333333,251.4456443484521,12.265337916916305,14.852707903442647,0.2374104940826918,16.755896011126474,14.569087806693853,20.573018685399436,14.792074033424283,15.897043409415057,14.518915905679506,3.202356894376868,3.8236302603364054
1015,33.843162255218424,5,380.66187815908484,256.10827347698853,436.8763400648217,244.42907005734227,488.8364571848585,254.65490628445426,557.8637037037037,251.4,12.244112443461972,14.848589165053308,0.23525463610619265,16.70168488520049,14.581427880445165,20.546921496814083,14.794892373317534,15.83650664758743,14.533398369548882,3.190356485676929,3.8511571883020883
1016,33.87650527221864,5,380.66187815908484,256.10827347698853,437.18011349617564,244.49346163335798,489.47207399501957,254.87157595161864,558.4624688722874,251.5229455709712,12.252653237625436,14.846566076606035,0.23278545128465852,16.73708327406449,14.567898123822209,20.58008593841103,14.787217581360276,15.872407674586517,14.518551245876145,3.206034209513904,3.849255837513196
1017,33.90984828921885,5,380.662413609782,256.11988304093563,437.2344694222866,244.54967367657724,489.6011904761905,255.70098039215685,559.1215644820296,252.16701902748414,12.254252578853777,14.8444227354772,0.23170648471210678,16.744449642838653,14.515846409131276,20.61572542894506,14.746715633780125,15.873412590964712,14.463900833585285,3.208364834141218,3.8781537889804896
1018,33.94319130621907,5,380.7342842049656,256.0985208663497,437.21395575006073,244.6404084609774,490.6409227683049,256.2193246405884,560.2091162143354,252.05393180236604,12.255716950607589,14.842217826030778,0.22989899123760849,16.802344946986672,14.483456937894253,20.676509914951357,14.753976153878087,15.930657829194617,14.42259011429789,3.201954057471587,3.8835981827708843
1019,33.97653432321928,5,380.8079852902548,256.1536643026005,437.2668123330905,244.65210002427773,491.0790273556231,256.3924349881797,561.2506747638326,252.57658569500674,12.259338120962896,14.840126441605955,0.2308165190812103,16.82672279068277,14.472654814930669,20.733624780994607,14.721188081397518,15.947669842862606,14.416734829975628,3.2013108129870576,3.9147990940076705
1020,34.0098773402195,5,380.78199052132703,256.16324381253287,437.1048882338491,244.60378285433552,492.1070422535211,256.26291079812205,562.6801619433198,252.77732793522267,12.254067871634035,14.84134657528221,0.23248059159848655,16.883826042973713,14.480905319242293,20.812889738360603,14.70872816072097,15.999786711511662,14.42964517990959,3.1946391086604105,3.935663193098046
1021,34.04322035721972,5,380.78199052132703,256.16324381253287,437.1188534717074,244.68445762293055,492.0946617008069,256.35630043451266,562.8868928809048,252.88423153692614,12.254525991202488,14.83878895371614,0.2308562491240562,16.88315262745187,14.475046893870218,20.82421179461731,14.702024241334271,15.996414314839647,14.423976990690806,3.1943564016106865,3.9475899071915452
1022,34.07656337421993,5,380.8079852902548,256.1536643026005,437.1961651917404,244.7330383480826,492.2689893283113,256.34902699309475,562.8275034293551,252.18998628257887,12.257432794200126,14.837555185618978,0.22952308733404383,16.892838559471738,14.475524665163059,20.822150886312645,14.745733783307747,16.008743285932532,14.414727613580505,3.1964274269061144,3.938592176069063
1023,34.10990639122014,5,380.7548556430446,256.1160104986877,437.1961651917404,244.7330383480826,494.9943300507311,257.0716204118174,566.1822541966426,251.02877697841726,12.25589722102138,14.838732188181563,0.22858807434527476,17.044337601868502,14.43056319692742,21.011249791327735,14.819345058076427,16.151782359240176,14.343087278168893,3.198883863684335,3.985918169561278
1024,34.143249408220356,5,380.70569620253167,256.15295358649786,437.1818181818182,244.6524926686217,501.4335260115607,260.4500412881916,571.8886780518659,251.32511068943703,12.254123185825533,14.840124497628763,0.2307292190520214,17.401701369889775,14.219988372985378,21.328760176874543,14.801376668247217,16.518113138318203,14.089176006551465,3.2022048390061797,3.9698618645217483
1025,34.176592425220576,5,380.68357105124136,256.1373481246698,437.1818181818182,244.6524926686217,509.6816223067173,265.6167300380228,580.6341307814992,251.8644338118022,12.253483822001309,14.840612289706637,0.23034143505385882,17.857471273048667,13.899092998963575,21.81501535587003,14.76848006659244,16.96702385441386,13.70348090874708,3.2032268171958616,4.051911776042848
1026,34.20993544222079,5,380.5854430379747,256.1070675105485,437.0991253644315,244.6268221574344,520.3641703377385,276.7896475770925,591.7812575867929,256.6751638747269,12.248379110260217,14.842364230384392,0.2301969166010549,18.441635949560247,13.209799353338047,22.4237953314409,14.46742315487843,17.5456500886371,12.92683399799146,3.2040252769964583,4.176028133154874
1027,34.243278459221,5,380.5854430379747,256.1070675105485,437.0991253644315,244.6268221574344,538.0911371237459,301.7516722408027,607.7773444753946,272.06870937790154,12.248379110260217,14.842364230384392,0.2301969166010549,19.390310165069522,11.695856256387616,23.26703282563118,13.511125421839102,18.518047566443148,11.287420694161032,3.2040252769964583,4.280675265650409
1028,34.27662147622122,5,380.53538542488815,256.0960273612207,437.0991253644315,244.6268221574344,560.9314465408805,333.403144654088,626.6804801841802,293.0082223318533,12.246971535508415,14.842707200625629,0.22978833027186665,20.580364751423367,9.827748578114905,24.23794135898082,12.232759276106,19.75741001472294,9.286621171066908,3.2066099241672616,4.3774356760097675
1122,37.41086507424145,6,518.3533333333332,245.58153846153846,575.5346820809249,245.03371868978803,664.3812214151196,269.1479687920366,739.4465626805314,261.76660889659155,19.947061404237566,15.178732457148536,0.013147236712197048,26.404718500661264,13.698653132865363,30.604946197373504,14.166998265131207,25.45966726890101,13.593275478105548,3.19726694495266,4.226258376761378
1123,37.44420809124166,6,518.4960041247743,245.53647847383343,575.6075581395348,245.03827519379843,661.5810580204778,270.141353811149,736.4812006319115,263.0695102685624,19.953092923915882,15.180029938644173,0.01217565020691508,26.24547879478958,13.63678063599408,30.431788847873314,14.085320773921133,25.30355903284574,13.535859104960494,3.1932944819035107,4.21027078890201
1124,37.477551108241876,6,518.4279487179487,245.485641025641,575.6075581395348,245.03827519379843,658.0033898305085,269.3742937853107,732.6778096147723,263.0499840815027,19.951206108995812,15.181637096739795,0.011155946482032261,26.0511103860447,13.6838598294485,30.22088160660136,14.08607320195586,25.11291186141945,13.593361820634343,3.1970303587398874,4.189124923991442
1125,37.510894125242096,6,518.4279487179487,245.485641025641,575.5437058680301,244.97151205259314,654.8163606010016,268.3578185865331,729.2984709480122,262.7415902140673,19.94949312698435,15.183750990790251,0.012491640497859221,25.879268233609753,13.746487573622304,30.035334212676723,14.104896674644587,24.944153388319684,13.665845525892289,3.1936546207685073,4.171491520553948
1126,37.54423714224231,6,518.4279487179487,245.485641025641,575.5437058680301,244.97151205259314,651.1898227558604,267.32332761578044,725.2479414455627,262.3537663921927,19.94949312698435,15.183750990790251,0.012491640497859221,25.68301373639252,13.810241763213458,29.812979115692436,14.128600190267335,24.75377152605004,13.738611117126336,3.1936546207685073,4.1422175368143215
1127,37.57758015924252,6,518.4213884635017,245.47473200612558,575.5013372234379,245.02747386336006,647.3615580016934,267.8616991250353,721.3613116726834,262.5734055354994,19.948067885297277,15.182318363238807,0.011169396272994682,25.468990631347584,13.77636393719451,29.595926011936477,14.114417844444008,24.540430170715084,13.700301808063374,3.1914746937121867,4.140757911272168
1128,37.61092317624274,6,518.4213884635017,245.47473200612558,575.4969784868262,244.94609620497943,642.5381426202322,270.36456605859587,716.5694050991501,264.69719861504564,19.948033985254494,15.18489972513898,0.012787197264254977,25.19232816112163,13.620674121383242,29.317309560505947,13.981457482900062,24.264207346260157,13.539497865041957,3.1914687376475914,4.140728942977792
1129,37.644266193242956,6,518.4751773049645,245.45136778115503,575.4969784868262,244.94609620497943,637.8630600169062,272.32037193575655,712.5662188099808,266.5547024952015,19.949543561063617,15.185643809538858,0.012332603237137866,24.92661546989676,13.499175964367337,29.084518852197014,13.865422958334403,23.991087208879204,13.416770390724748,3.188431133324725,4.1740025631441355
1130,37.67760921024317,6,518.4751773049645,245.45136778115503,575.5013372234379,245.02747386336006,633.2274908269827,272.8532317245272,707.6221183800623,266.5660436137071,19.9495774611064,15.183062447638683,0.010713262590651567,24.668814684819562,13.465713511529097,28.810650416332518,13.864118354595687,23.736901645229146,13.376072421839115,3.1884394405083603,4.160952973276239
1131,37.71095222724338,6,518.4478140005054,245.47586555471312,575.5013372234379,245.02747386336006,629.104041272571,272.74663227285754,702.8492446158791,266.63291546126646,19.948805886707156,15.182284113469525,0.011196036083462067,24.441679256208243,13.471802991593336,28.54596677202058,13.859383765994105,23.518214565150465,13.384597317353162,3.1899995491756683,4.122547133646639
1132,37.7442952442436,6,518.3773201118738,245.51690821256037,575.5738457819675,245.03746676335507,625.4566128067025,270.81119090365047,698.6008813345923,265.0569719861504,19.94884094802829,15.180666218503204,0.011789106327767408,24.24712145122294,13.590986369013097,28.319349867893813,13.956872990616205,23.330870057471994,13.508661879152397,3.19801733309691,4.0886326928950085
1133,37.777638261243816,6,517.3308863512779,245.4611201740076,573.93156424581,244.90642458100558,621.7157360406092,268.48392554991534,694.3590721321893,263.0838894184938,19.873843541964696,15.186420436998578,0.013397750364263527,24.048352726561717,13.734672041758794,28.09488582180546,14.079270645628783,23.137882780131875,13.657137355888047,3.164969778033143,4.061179420893891
1134,37.81098127824403,6,512.8391193903472,245.26390064916734,569.5013217976448,245.04446046623406,617.5434565434565,267.6626706626706,689.5049019607842,262.6302083333333,19.62438418163947,15.187724841980835,0.006675712539429434,23.8203439873242,13.78510917558055,27.8280177889982,14.106972340804043,22.918617381947552,13.712689963405264,3.167661249605238,4.020577719402002
1135,37.84432429524425,6,507.75378486055774,245.0387782204515,565.1198337001712,245.2990951332844,613.531207133059,266.57887517146776,684.4664119707099,262.4711875198981,19.35959699801342,15.186183233840145,-0.002867391875157686,23.601840359445696,13.851911251576816,27.54930702904831,14.116276046445423,22.713660358785106,13.79242917273138,3.206264087847111,3.9563091199234526
1136,37.87766731224446,6,503.45944489355963,245.01913230935054,559.6822094691535,245.25633668101386,607.8081791626096,263.3985718922428,678.5517909002904,260.30235559858016,19.087646777930143,15.187541590676172,-0.0025055713852659704,23.29468579292476,14.049075674918948,27.231904284637746,14.251008052971466,22.40881163228934,14.003640889857131,3.142345199214485,3.9423934528142452
1137,37.911010329244675,6,497.6167341430499,245.25398110661266,553.971747388414,244.1179962013295,602.3124142661179,261.2589163237311,672.8785310734463,258.4020715630885,18.76566381580838,15.215478251729653,0.025150617635139264,22.996214956739845,14.181866176970034,26.92596158481213,14.369229177082637,22.11202196542358,14.139709501944699,3.152402607925133,3.9342106520440256
1138,37.94435334624489,6,491.35092198581555,245.98893617021275,547.6414645744175,243.93747028055157,596.3451359084406,260.9953505007153,666.4271653543307,258.16797900262463,18.413770585677902,15.197114110364069,0.0435973220745865,22.665871220966984,14.197592598173165,26.56843847170012,14.383095724892181,21.787793589552027,14.155854394661386,3.1505647713218976,3.9069735802174694
1139,37.97769636324511,6,483.69074675324674,246.95643939393938,540.5882489012259,244.2535276428406,589.382502543235,261.0244150559512,659.1844444444444,258.27111111111105,18.002596256646058,15.15550725714132,0.05609771500710285,22.279491196601988,14.194922097550522,26.165359295622213,14.37573860923186,21.405170874322437,14.154238382422221,3.185154840398345,3.8900726849095846
1140,38.01103938024532,6,476.365609825764,248.33704655812625,533.0458333333333,244.63333333333333,582.0309829059829,260.5808404558405,652.4513333333333,257.97666666666663,17.587474354136837,15.098844952487841,0.0762148407180255,21.87265885148856,14.221726261557125,25.792356516874996,14.393352533594056,20.990726876776613,14.183110350348816,3.1752926561560955,3.923453244947514
1141,38.044382397245535,6,468.3140011716461,249.5407147041593,524.6538461538462,245.78846153846155,573.9956331877729,262.042212518195,644.2484963596074,258.5017410572966,17.12838275533375,15.023155207854014,0.07760426134057906,21.423744553965168,14.129505360178912,25.334256177293256,14.35944623610422,20.54387943871635,14.077768663095718,3.1536711740145464,3.9172661337475367
1142,38.077725414245755,6,459.25728018094424,251.80237489397794,516.0961538461538,247.75,565.857986111111,263.2329861111111,636.0193569553805,259.9888451443569,16.63759176114773,14.888633231110486,0.08282701935026511,20.97033988133868,14.054268903422658,24.871312740342866,14.265372437079396,20.09262098806274,14.006770608349893,3.1783934697362746,3.9066806816797355
1143,38.11106843124597,6,450.69535283993116,253.97705106138838,507.5276030747729,249.50687165152573,557.5530458590007,264.62867898699517,627.4821428571429,260.6118421052632,16.161289680685396,14.76362761700198,0.09104150605905537,20.507897187681102,13.966353436439109,24.39505389432744,14.225378608484602,19.633286928685678,13.908072772728872,3.1758170896186586,3.8957773680972574
1144,38.14441144824618,6,442.3455319148936,256.0382978723404,499.160361646443,250.88341660718532,549.7955416231277,265.79345175896896,618.922920892495,261.7521974306964,15.697365240294724,14.65444708202955,0.10453968307035577,20.07673440686048,13.892980123176006,23.916181904364418,14.153109689805873,19.212858719922096,13.834450970684285,3.174597829860022,3.848249534206986
1145,38.177754465246394,6,434.394540942928,257.7477253928867,491.1728395061728,251.94595853715347,541.8717391304348,266.1855072463768,611.8532388663967,261.9784075573549,15.255561905442615,14.566413531897181,0.11732255518481934,19.63782251368847,13.867658724457847,23.523309243770807,14.138125609305133,18.763587999419943,13.806803675367208,3.1729425601697345,3.894888889999936
1146,38.211097482246615,6,425.93832352116624,259.4807961872722,482.9523157654574,253.41227469769564,533.7127480659266,266.9354187689203,604.4898550724638,262.5578099838969,14.794002691601094,14.465028154969035,0.1220339360792124,19.18574891125862,13.82010312365144,23.113227408352163,14.101080114972275,18.302066249412572,13.756883300604253,3.183566370864042,3.937516401843154
1147,38.24444049924683,6,417.6724902939545,261.55906821963396,474.89147834274945,255.97033898305085,526.3835051546391,269.57079037800685,596.5776699029126,264.573786407767,14.343637539437637,14.318804043826932,0.11214318141758886,18.778433583465183,13.655848975801222,22.669109363848175,13.974521229867886,17.90303153287901,13.584147718636222,3.186796042573468,3.9037046550130725
1148,38.27778351624704,6,410.0755813953488,263.54651162790697,467.2221450081075,257.18577716006484,518.924579124579,270.4821548821549,588.381093544137,266.1248353096179,13.9230292076948,14.217850469004995,0.12732516405274333,18.366030480226037,13.598556766631111,22.211311749483436,13.877069807401707,17.500842194643123,13.535891332457727,3.1834399225442787,3.8553544005163873
1149,38.31112653324726,6,402.2870295152992,265.49796913078796,459.80532407407406,258.49189814814815,512.0257201646091,271.67558299039774,581.2401185770751,267.0174571805006,13.504817863723805,14.115355641631151,0.13897520749455874,17.984807257914376,13.5239584137196,21.814106210230506,13.820763677203766,17.12321499364325,13.457177229435661,3.2039464772105624,3.840784272859036
1150,38.344469550247474,6,393.4951923076923,268.053952991453,451.1269841269841,261.90789179521573,503.5011359948068,275.25219084712757,574.1494782074892,270.4803560466544,13.02682353273277,13.928313644604446,0.12194065335285686,17.514066930368674,13.302379787864169,21.414722734550118,13.605295995359725,16.63641937442785,13.23422364117767,3.1983263073005093,3.91240002191211
1151,38.37781256724769,6,385.41234370843307,270.3495610534717,443.2439629880388,264.62423832092077,496.738432483475,277.4589235127479,566.3926581448704,272.3130121271714,12.590884414727835,13.771730202036357,0.11330132030059109,17.141796240081305,13.165884694846895,20.98302360096413,13.491087434919722,16.27752008388267,13.09271407833051,3.2016759030652695,3.8549688014490746
1152,38.4111555842479,6,377.70221865811277,271.9540229885057,435.52680180180175,265.74864864864867,488.9422348484849,277.00441919191917,558.4069963000336,271.91355533131514,12.1684201927524,13.686302878727815,0.12255075417063321,16.71294213855418,13.192887834486319,20.5431750092279,13.514805491361868,15.851139742652592,13.120456361689321,3.2000673824669392,3.843737090566641
1153,38.44449860124812,6,370.31718294943073,273.7487423881387,427.80553695021206,265.6688993078812,481.1919974185221,277.0251694094869,550.530839231547,272.06066734074824,11.754561621372105,13.632534355925328,0.1595234122136294,16.286662890972547,13.190697710359984,20.108441633609367,13.504776320883234,15.426762673879262,13.120030022992253,3.190233318964535,3.8346627141456504
1154,38.477841618248334,6,362.10818012256857,275.8110844657607,419.88904109589043,266.66301369863015,473.50083416750084,277.40840840840843,542.7376995764092,272.6797002280873,11.31463620716968,13.537240558041798,0.17915443691023397,15.863902844528722,13.166246564273946,19.677801434675136,13.465622656738915,15.00577566174578,13.098886943469328,3.209842328432158,3.8256304710021842
1155,38.51118463524855,6,354.5491130526873,277.65978289647865,412.2523874488404,267.5447930877671,466.79905213270143,277.53270142180094,536.244358478401,272.64796905222437,10.900433176174865,13.452204646431861,0.19782661945683636,15.49550047959173,13.157822700677624,19.31977539679273,13.466806137769765,14.635038623221504,13.088301427331892,3.209655335365642,3.836736817496084
1156,38.54452765224877,6,347.53203125,278.92057291666663,405.09836829836826,267.90979020979023,459.64288107202674,277.59497487437187,528.7262257321487,272.7298453438631,10.513162196201728,13.401384103861584,0.2153850096120318,15.102117576184236,13.153154938035652,18.905153531427004,13.46085515773977,14.246434486254614,13.083922388602225,3.207345471746895,3.8154635238821553
1157,38.57787066924898,6,340.668776371308,280.2745253164557,398.1176066024759,269.1558917927556,453.2937227257469,278.091641490433,522.6873359580052,273.22112860892383,10.136605847743843,13.320505685070533,0.21786835503346566,14.753662985653529,13.121916898342958,18.571865661249873,13.429821235609591,13.89456738364435,13.052638422457965,3.1978043593602545,3.8305974407184435
1158,38.611213686249194,6,334.8633795582948,281.590395480226,392.5082191780822,269.8109589041096,447.3121272365805,278.8532140490391,516.8072763028515,274.33595542445096,9.826427458290741,13.259316679366947,0.22967688609725542,14.425949314944251,13.07449097740248,18.24718522170261,13.360389257244137,13.56617123592362,13.010163864438107,3.211610182186641,3.8319161892603786
1159,38.644556703249414,6,330.4349718381976,282.45366103430615,388.2797740112994,270.73920903954803,443.3768827766863,279.61722331368696,512.8357915437562,274.5961979678794,9.591742895339138,13.20373508776197,0.22768046569383396,14.210874368762003,13.027193183382433,18.028300122072224,13.34388385710497,13.351953574267203,12.955937781794862,3.218747801866435,3.8305394352308846
1160,38.67789972024963,6,327.473174366617,283.13139592647786,385.4889193511537,271.0491204021019,440.2951289398281,279.46418338108884,510.47859922178986,274.48346303501944,9.43568204191768,13.173131084782778,0.2339502400808092,14.04140280947127,13.03621046985192,17.898506559504845,13.350548760283758,13.173554465713716,12.965484354504756,3.2299454762834863,3.869891199937626
1161,38.71124273724984,6,326.00448095593725,283.3532486930545,383.8941504178273,270.98607242339835,439.20348837209303,279.4551033591731,508.4717650855114,274.4707970313004,9.351917257095138,13.168128133979327,0.23982544053481,13.981437246211435,13.036638881699774,17.787971125245633,13.35109061953768,13.12496712342874,12.965887240686246,3.2255998344511596,3.8194999761309623
1162,38.74458575425005,6,325.8651741293532,283.4179104477612,383.586301369863,270.8041095890411,438.77203065134097,279.33269476372925,508.32766666666663,274.13766666666663,9.339484899582267,13.171750308811763,0.24515475892302108,13.95754827634008,13.044090836910794,17.780128958750993,13.371600182522032,13.097467622797625,12.970401234148266,3.219340452636732,3.8365851280798884
1163,38.777928771250274,6,325.83966244725735,283.4375775626706,383.586301369863,270.8041095890411,438.70215462610895,279.39575411913813,508.57204948177866,273.47408893346704,9.338831506683412,13.171148802861609,0.24541862186902877,13.953810622908208,13.040217537258522,17.79378568074603,13.412537332414859,13.089816234894698,12.956445583348346,3.220900256130078,3.857982694969204
1164,38.81127178825049,6,325.7667915106117,283.4416978776529,383.6523545706371,271.0747922437673,438.96946564885496,279.6434478371501,508.6693629929221,273.4452308729356,9.339084407162606,13.162660742240018,0.23983243297911663,13.968882499483778,13.025069295291184,17.7991569565738,13.41432856393941,13.107070746638522,12.937485959845333,3.2251486475131435,3.850003272058975
1165,38.8446148052507,6,326.0407854984894,283.8741188318227,384.0925028835063,272.28350634371395,439.75193798449607,281.422480620155,510.39640522875817,273.25424836601303,9.361568760700345,13.11219993004189,0.22449544561127951,14.014620188057563,12.916242722383817,17.89439839449855,13.426313310271837,13.141670091608342,12.801476840109013,3.2247465228180134,3.9131638012997687
1166,38.87795782225092,6,326.29511516071875,285.90103771197164,384.7088948787062,275.80345911949684,441.9897987317342,284.1182795698925,512.6487455197132,273.2515477354187,9.395519131403885,12.94208955099492,0.19482358553889473,14.141429536883352,12.751816765261383,18.01853809623118,13.426748326320324,13.26908011103009,12.599957164023122,3.2263576514772616,3.9354165463241166
1167,38.91130083925113,6,326.4181045261315,286.4403600900225,384.60698888132515,277.4170637621965,443.74117647058824,288.7111111111111,516.6341847997477,274.0217596972564,9.399770610939013,12.876108053358266,0.1751052227852474,14.244016552552033,12.47243540007547,18.237809972720015,13.379731796027816,13.345413033014237,12.268293710986192,3.2044429952888387,4.095555228914046
1168,38.944643856251346,6,326.32961586121434,286.579677819083,384.60698888132515,277.4170637621965,449.2497729336966,292.4670753860127,523.1557938635686,273.05332141793264,9.397669354927862,12.871865245199078,0.17748016775984526,14.550036669620324,12.245347896492925,18.597802703730075,13.440229511918252,13.63928931194563,11.976499533022226,3.2100685904547066,4.220444519452189
1169,38.97798687325156,6,326.26262626262627,286.63685636856366,384.60698888132515,277.4170637621965,459.98696953689023,300.13347420320474,533.1389301634473,274.2275879148093,9.395968458965317,12.870122319870871,0.17836083939185135,15.143702796041778,11.784311197388789,19.147027551319905,13.369009018507096,14.242954726104198,11.42775418763717,3.2140336189011895,4.30556341034246
1170,39.01132989025178,6,326.26262626262627,286.63685636856366,384.5969307154141,277.3389754005868,476.1451219512195,321.2363143631436,545.5117075956596,285.6765657719398,9.395573234880718,12.872518910873255,0.17987210783382468,16.034288525630664,10.531134505818919,19.81409122911585,12.668785510026,15.183832917346498,10.050163029872326,3.2141097712626294,4.342402594539278
1171,39.04467290725199,6,326.26262626262627,286.63685636856366,384.53445566778896,277.3762065095398,500.91008771929825,357.51973684210526,563.3401300236407,309.42405437352244,9.393913349657897,12.87137227223403,0.1793543087670804,17.36471850831391,8.434084153346951,20.74994583088356,11.239967402094768,16.60304236073574,7.802760422378693,3.210433714552072,4.3969017308868406
1172,39.078015924252206,6,326.26262626262627,286.63685636856366,384.53445566778896,277.3762065095398,nan,nan,nan,nan,9.393913349657897,12.87137227223403,0.1793543087670804,nan,nan,nan,nan,nan,nan,3.210433714552072,nan
1173,39.111358941252426,6,326.26262626262627,286.63685636856366,384.5441209659219,277.454073572557,nan,nan,nan,nan,9.394297498794682,12.868982539063058,0.17784672386552128,nan,nan,nan,nan,nan,nan,3.2103407074268144,nan
1174,39.14470195825264,6,326.26262626262627,286.63685636856366,384.52393918765597,277.3748581801679,nan,nan,nan,nan,9.393622345444527,12.871413043974789,0.1794116513078238,nan,nan,nan,nan,nan,nan,3.2098755942404598,nan
1175,39.17804497525285,6,326.13413113936673,286.7312390924956,384.51433085082374,277.29699842022114,nan,nan,nan,nan,9.389942480299794,12.870924935120593,0.18231007202191168,nan,nan,nan,nan,nan,nan,3.2175047983885845,nan
1293,43.112520981278244,7,531.6399790685505,250.69073783359497,589.0361757105943,250.43998120742305,586.8784817875727,349.257116620753,620.8004910988336,406.83732351135666,20.686542671107063,14.847843529851264,0.007201320649949272,21.93430522559535,8.914369266793837,23.56451773039464,5.70276106341531,21.56750741201551,9.636981112554006,3.200722575886501,3.601669066254177
1294,43.145863998278465,7,531.6399790685505,250.69073783359497,589.0361757105943,250.43998120742305,589.5258536585366,349.4013008130081,621.6016414141413,406.59090909090907,20.686542671107063,14.847843529851264,0.007201320649949272,22.074716876094662,8.906362299713988,23.606717023315607,5.716224016823272,21.73001684296995,9.624143413364399,3.200722575886501,3.5389273396115275
1295,43.17920701527868,7,531.6399790685505,250.69073783359497,588.9686989021257,250.4725531417893,589.6979887899769,349.43752060666003,620.9690522243714,405.9948420373952,20.68461992232693,14.846811495739784,0.006564345451843282,22.083784000953344,8.90430247378642,23.57571772681774,5.748585119072656,21.748098912633854,9.614338878597016,3.1968629626924363,3.490618607813413
1296,43.21255003227889,7,533.8209494324045,251.18498452012383,591.1100323624595,250.51664355062414,589.4884777669588,347.662447257384,620.7708725674827,404.04739485247956,20.804814511845535,14.830108428434006,0.015449675098673408,22.076742151825616,9.006145827724115,23.571172596161905,5.85459653493826,21.74049530184995,9.715244418600932,3.1954094840117198,3.487919909891593
1297,43.245893049279104,7,535.6484375,252.921875,592.2304469273743,252.47625698324023,592.1106271777004,344.67828106852494,622.9259576901086,401.02115494568324,20.883513216550263,14.713816976661938,0.01114859076176367,22.223351820669176,9.17804261118048,23.69193772421736,6.019923221539695,21.892919992370835,9.888619473849657,3.152568146296038,3.482881369688827
1298,43.279236066279324,7,535.7075150562974,252.8494370253993,593.2279841158607,252.42910534921745,595.7977736549166,339.6110080395794,626.7106191851138,395.5418671799807,20.91304802443831,14.717647782197051,0.010507331128254648,22.432381154070114,9.470979484798303,23.90535475437944,6.320437433077249,22.100962094000515,10.17985144643554,3.2048881613873745,3.477868089343086
1299,43.31257908327954,7,533.6415094339623,251.00943396226415,591.126170411985,250.79658239700373,594.0983029138648,333.79250720461096,624.6131605184447,389.2735127949485,20.79999018128745,14.826800949228147,0.00644562500668618,22.355872186221383,9.808490426326701,23.815409036074904,6.665542802204014,22.027476395004342,10.515653641754305,3.205097677327159,3.465309161396539
1300,43.34592210027975,7,532.327462991322,251.5163348647269,589.6117959874305,251.12593666908384,591.0265035677879,332.5589534488617,621.2716548702392,387.37512639029325,20.720489578198514,14.800257877944453,0.0099619244521233,22.194291264044974,9.880005586116232,23.646703980763633,6.770212903170277,21.867498402783276,10.57970893977907,3.1936266793266133,3.432246091204748
1301,43.37926511727997,7,534.8781609195403,250.94840357598974,591.7524633501562,250.8985820716174,588.7530737704918,330.9405737704918,619.3388316151203,384.9752577319588,20.851812168099602,14.82562509928897,0.0032481125106841352,22.076226881378986,9.974137776570917,23.55283196476018,6.902999775652643,21.743990737618216,10.665143826777529,3.17072178173344,3.407675335613925
1302,43.412608134280184,7,534.9969650986343,250.9941831057157,591.9771456357889,251.12521274009237,583.4301184433164,332.30389170896785,615.0214190093708,385.54384203480583,20.86106842060844,14.817055961284545,-0.0003449580992982562,21.787783411031505,9.894086194141678,23.325449929525387,6.871084560447806,21.44180844437038,10.5742615617228,3.176068835928948,3.391600978802329
1303,43.4459511512804,7,534.3863350916855,251.28309469982415,591.8312667152929,251.12229516168244,582.2463002114165,331.90169133192387,613.7847879425166,385.0588853838065,20.839843027348557,14.807992543704701,0.005421895381436978,21.725208846104213,9.917407620579915,23.26217141666305,6.8978627884392205,21.379392267728473,10.596805207811572,3.2023149333310355,3.3882008406536954
1304,43.47929416828061,7,535.7075150562974,250.8494370253993,592.9640661938533,250.44042553191488,583.184126984127,330.6638447971781,614.312925170068,383.99140708915144,20.90935929264277,14.84332816734258,0.010338573737002301,21.778181775029342,9.98971229064007,23.29281284252643,6.95714103744618,21.437389784842498,10.672040822608695,3.193313938971118,3.3897781160903917
1305,43.51263718528083,7,535.4039926451273,251.15970580509585,591.9771456357889,251.12521274009237,581.8421237693389,329.96905766526015,612.4009056078021,383.27063740856846,20.872324964979526,14.811863167376078,0.002945865428745694,21.7077006009773,10.030140075408545,23.194800077279456,6.996994921184106,21.373103218809316,10.712597735109043,3.153569241738075,3.378081464235778
1306,43.545980202281044,7,535.5221870047544,251.11119915478076,591.8856602882116,250.72478147885658,581.165627165627,327.94074844074845,611.281862745098,381.4362745098039,20.87361445289283,14.826023621989386,0.010011086145154339,21.675741067145335,10.148650690216439,23.141315468607615,7.0988813454816615,21.345986826816322,10.834848792781763,3.143017010449247,3.3836373006434237
1307,43.57932321928126,7,535.6484375,250.921875,592.9725962674225,250.55043704228677,580.7377777777778,325.5757264957265,609.8211716341212,379.1562178828366,20.90776793783955,14.837569555640236,0.009587113775552243,21.657803771492006,10.28716234405726,23.071051464769923,7.2257586044924365,21.339823040504474,10.975978185459345,3.1968449126393397,3.371863268161513
1308,43.61266623628148,7,534.5248067813512,251.2069309399152,591.7622050922681,250.63396402709645,577.9404761904761,323.2628968253968,606.0986292209963,376.9672350384487,20.842449332308668,14.825800367976388,0.013577386935807238,21.51218561207088,10.422669675286032,22.881683546802776,7.347608003818826,21.204048576756204,11.114558551366153,3.192187164674356,3.3662336336864107
1309,43.64600925328169,7,535.5909924063891,250.99895260539404,592.0252808988764,250.63623595505618,575.9676540687776,320.4007490636704,603.6754742547425,374.1680216802168,20.879598826634826,14.832368993902321,0.009527278831737472,21.41178048682324,10.590931547446102,22.76178319319967,7.504000488246431,21.108029877888544,11.285491035766029,3.1470672756891016,3.3692210778569107
1310,43.6793522702819,7,535.5909924063891,250.99895260539404,592.2963483146067,250.66011235955057,569.6378446115287,318.69674185463657,597.8069182389936,372.52169811320755,20.887126043071696,14.831632793056698,0.009016302973558057,21.07381049388128,10.690776861449741,22.45744386964543,7.59575845136812,20.762492984334344,11.387156003718106,3.162107410367851,3.390218322950997
1311,43.71269528728212,7,535.5212264150944,250.9994758909853,591.8242894056847,250.51327225745828,563.507982120051,318.10057471264366,591.8034755134281,371.6271721958925,20.87220992388567,14.836215074925175,0.012024627610522127,20.744209062070894,10.725328549105422,22.14380857294933,7.645410717319771,20.429299172123248,11.418310061257193,3.140151418384952,3.383012361993728
1312,43.74603830428234,7,534.5609632446134,249.6248415716096,591.7568286197727,249.1172347111433,559.69430733794,316.15103652517274,588.436102769436,370.10677344010674,20.84608475573964,14.923600463536356,0.01230819073779876,20.54159470154243,10.84018470574998,21.970054873869348,7.730532310245959,20.220191162768874,11.539856494738384,3.192156506784091,3.422051502357635
1313,43.77938132128255,7,534.3365817091454,249.11469265367316,591.3469101123595,247.67275280898878,556.1568441064638,314.3016476552598,585.0384866275276,368.3330071754729,20.83052082721955,14.985344385666544,0.0308842991480313,20.353382709151212,10.949345355561075,21.795010346181826,7.8300396158569185,20.029016490819323,11.65118914699451,3.1863017448875035,3.4363292248563386
1314,43.81272433828276,7,534.6415716096324,248.93738910012672,591.5704714046423,247.2744675759751,548.6032295271049,313.53979238754323,578.852798053528,367.0684306569343,20.84587961907711,15.003584041208086,0.03531530970190779,19.946164190860532,10.993711678434957,21.471645610805375,7.900726964623627,19.602930871372944,11.689633239042507,3.18309439191161,3.4487168631923804
1315,43.84606735528298,7,535.0678279229347,249.24043283188172,591.7511111111111,248.3251461988304,543.4444444444445,313.2777777777777,574.4422310756972,366.3565737051793,20.861289509070307,14.960808205411999,0.020540762061491448,19.667586468165627,11.008700335498991,21.240491963664827,7.940466317569431,19.313682731678306,11.699052989533143,3.1656609395156723,3.4479112063032824
1316,43.879410372283196,7,535.5875033095049,246.854381784485,591.9040330417881,248.007045675413,541.7158903204493,310.61215725140397,573.3743333333333,363.405,20.88171862054043,15.046362228079659,-0.020935474758804574,19.577180281403642,11.166888278130731,21.18970731196995,8.107144466633539,19.214361699526222,11.8553306357176,3.1435602484913523,3.4586522832314848
1317,43.91275338928341,7,534.6377618668788,243.44736144258815,591.275641025641,246.55864197530863,541.3122663948351,307.07169554875975,573.4596009159305,359.3804383382401,20.84127814280864,15.2001563488239,-0.06008476428873715,19.55935643289235,11.377826287578685,21.201779799180663,8.335307628357986,19.18981117547748,12.062392985903342,3.1668049599770334,3.4575243030000458
1318,43.94609640628363,7,532.8394666666666,239.5528,589.6891672465784,246.31964741359312,541.0051565377531,303.25193370165744,573.311394891945,354.7465618860511,20.74886139484358,15.331468034219583,-0.13263152052390548,19.54703138932454,11.606228149111931,21.202673523657413,8.599063862734079,19.174511909099646,12.282840113546948,3.197925275203769,3.4328104990291446
1319,43.97943942328384,7,529.8711256117455,235.38988580750407,586.5957949444838,243.68414835813843,539.1147669408539,298.3838621229925,571.2854291417166,348.9863606121091,20.584362387621507,15.547720813691251,-0.1633233821716619,19.44962896700723,11.898370285237961,21.105875112251205,8.92835961538069,19.076973584327334,12.566622685955847,3.2088097159580125,3.4006050450914707
1320,44.012782440284056,7,528.9566918133556,233.1126012852752,585.1656005685857,241.72589433783463,540.0935897435897,295.03931623931624,572.3899613899614,345.01640926640925,20.522050070480187,15.682844392490246,-0.17131389921729437,19.5066721160631,12.100137927706731,21.172059100841377,9.156604545986617,19.13196004448799,12.762432938593756,3.186862993980049,3.381996832992238
1321,44.04612545728427,7,531.555651922521,228.09337958947668,587.3701033405431,236.71425138187934,542.9112627986348,290.7933257489571,575.4636904761904,340.2782738095238,20.66553389677347,16.004573204947565,-0.17311540604846715,19.665445407513477,12.357415083074265,21.34509346102538,9.43032118716564,19.2875245954733,13.016011209653707,3.172755716266022,3.374773512271877
1322,44.07946847428449,7,535.8259637188208,224.9257369614512,591.4354838709677,233.5,546.8531007751938,287.38682170542637,579.2781278127812,336.97569756975696,20.905981725604192,16.210453669514553,-0.17312979346901666,19.885353200424927,12.564792400163448,21.55556792114973,9.622010871974801,19.509554888261846,13.226918244005894,3.165252198400812,3.383722851531157
1323,44.1128114912847,7,539.7790197764402,219.07022069360846,595.4109792284867,226.82047477744808,550.952380952381,281.53993855606757,582.657960199005,331.23320895522386,21.142097467634773,16.616116741825557,-0.15692511036816648,20.118110352883228,12.922044487376462,21.74872523273449,9.95643432804887,19.751222004916695,13.589306773225172,3.1686818811105955,3.3843387099253786
1324,44.146154508284916,7,542.9863530778164,212.90214866434377,598.6389097274318,219.63065766441608,554.7568951930654,274.79905437352244,585.0329776915615,325.0177820885871,21.338307555959037,17.051105642847624,-0.1365238127387295,20.33735147447054,13.336367154106822,21.889983830171012,10.320346110819884,19.988009194437936,14.014971888846384,3.172434141803316,3.392204322489674
1325,44.179497525285136,7,545.2552552552552,206.53423423423425,600.7450686641697,214.69538077403246,556.3018790849673,269.03799019607845,585.8649453823238,318.75802714333,21.474031041585057,17.421686759615206,-0.16673234611180499,20.43159839808037,13.692446370759935,21.948955881810768,10.68888800847747,20.090192964241034,14.36824700227349,3.1832859561466336,3.365076012376179
1326,44.21284054228535,7,546.3410059676045,200.89229894856493,601.1242678889737,210.95925642984463,555.4659731252709,264.0416124837451,584.4365569272976,313.5473251028807,21.525257461629742,17.730759355541487,-0.20860496234226691,20.39326342463993,14.002637343551953,21.883623819937643,10.997133044117737,20.057932335697945,14.678875810924652,3.170680537199571,3.3547325082321415
1327,44.24618355928556,7,546.4875934230193,195.5629297458894,601.4020881079704,206.83091418385533,553.8729543496985,258.6322136089578,582.9007238883144,307.8634953464323,21.547304092655573,18.0438035144087,-0.23310604337696492,20.31333995117881,14.340109728718856,21.813192431798942,11.335132621361288,19.975873143039284,15.01622957787431,3.2007109938809624,3.3584884813507134
1328,44.279526576285775,7,548.0171096853039,189.41735410937974,602.2462092007196,202.1616551015163,553.8587281263337,252.4861288945796,582.5319658119657,301.40717948717946,21.626792899318897,18.40380938598154,-0.2668611727849861,20.322036097605125,14.725957568885148,21.80755383067227,11.721473873576654,19.987794607665016,15.40196640032956,3.1926956344353727,3.351669018657948
1329,44.312869593285996,7,549.154219793564,183.5928961748634,602.7010520913523,198.10366948935078,553.0561224489796,246.98384353741494,581.022527279127,295.6906019007392,21.683089777290405,18.734615738533744,-0.3068934805529911,20.285749999046914,15.073287588600612,21.738010327195884,12.065436294726888,19.958991425213394,15.7500541297222,3.193053141758104,3.340094230223631
1330,44.34621261028621,7,549.9293577981651,177.8376146788991,602.4789872096059,194.68859305664316,551.4306632213609,241.41515934539188,579.2222222222222,289.95807127882597,21.708759444824672,19.04326762435666,-0.3606256348130521,20.203280398507047,15.4266418364177,21.652206392754184,12.412243849577713,19.87727204980144,16.104881383456696,3.1933953833170468,3.3445450751739045
1331,44.37955562728642,7,551.3798882681564,172.21198013656112,603.0036890645586,190.84532279314885,550.1132686084142,235.30744336569578,578.4933612858141,283.83403214535286,21.77618952774747,19.363498982712734,-0.403240423124115,20.1384463314717,15.816517742282803,21.625535393970065,12.785014860664493,19.80385129240957,16.498605890646925,3.193152179725885,3.3766023753267693
1332,44.41289864428664,7,552.9313358302122,166.6164169787765,603.6902330452998,186.8965697826656,549.7790157845868,229.98142989786442,577.5921237693389,277.8843178621659,21.851709230207184,19.687891411247655,-0.4430768391770311,20.127466967176527,16.158547976587037,21.588845334440094,13.149290635417717,19.798656834542225,16.835630878350134,3.1984023089735154,3.3453335375844624
1333,44.446241661286855,7,555.3314157877916,160.67689357622243,604.9611801242236,182.75465838509317,549.7674841053588,223.80744777475022,577.3938753959874,271.9331221400915,21.969850802499785,20.032459032334366,-0.488360825959328,20.135907302631697,16.55737572955557,21.590734051509163,13.515867828813336,19.808571284134267,17.241715007222574,3.1999931991814456,3.3715413655369564
1334,44.47958467828707,7,558.0119047619047,154.88577863577862,606.3805753496964,178.54341514911584,549.8813481071098,217.5771006463527,577.299298245614,265.8178947368421,22.101118724481083,20.376120670612018,-0.5310832430505192,20.151591354038263,16.962379741354653,21.59872641447566,13.8947999542568,19.82598596543985,17.65258519345167,3.1943996482387482,3.391790918284683
1335,44.51292769528728,7,560.7675657675657,148.95637695637694,608.1544137022397,174.4137022397892,550.4499527856468,211.47686496694993,577.6818342151674,259.7594356261023,22.245581328367898,20.723715756116434,-0.5756247637488946,20.193033142969394,17.361463283039647,21.633128158026647,14.272530211790517,19.86901176458151,18.0564732240707,3.2161494439933067,3.4081345588238343
1336,44.5462707122875,7,563.8783068783068,143.30059523809524,609.8826143790849,169.87032679738562,551.6888580674988,205.2219140083218,577.800554977454,253.25737079431147,22.400380182596614,21.077759863622745,-0.6117680308074137,20.273201397421055,17.77332836299308,21.654027176178776,14.680406108350436,19.962515597200568,18.469235870287676,3.199420539364541,3.3871592676674664
1337,44.579613729287715,7,567.0924059139785,136.9576612903226,611.2040229885057,165.84952978056427,552.0365797896661,198.70278920896203,578.0831615120275,246.64776632302403,22.547083226600314,21.440064069532763,-0.6758143154478498,20.303306772846533,18.20525066895715,21.68445735690833,15.097751712296102,19.99254789143263,18.904437934205884,3.212973235386391,3.400606813717772
1338,44.61295674628793,7,570.1028806584362,130.53120713305898,612.8701582105837,160.91052918712492,552.9231468849476,191.94724874943154,578.7749378771742,239.75612353567624,22.70037311435503,21.839160863631154,-0.7191688692135164,20.3649339347052,18.655950116534292,21.73866377810305,15.535889077148333,20.055844719940684,19.357963850396132,3.227964843395385,3.409092925124816
1339,44.64629976328815,7,572.5441478439425,124.45824777549623,614.0035431997819,156.18370128100298,553.1191148775895,185.20338983050848,578.7885918003565,232.87023172905523,22.82129953120376,22.220545174230516,-0.7595363435872535,20.387175074572987,19.108886590659004,21.755081143072236,15.976593407220067,20.079396209160656,19.813652556932766,3.2440324646274794,3.4179566409267257
1340,44.67964278028836,7,575.4083955887584,118.3109213802917,615.3452963567155,150.71016856987492,554.1188164586222,178.84373555247342,579.7701149425287,226.2119252873563,22.963113888143546,22.632959688870237,-0.7920732033598525,20.455400794591334,19.539020257707637,21.825722427745145,16.405760247679257,20.147078427131728,20.244003759964023,3.225007378571668,3.419809887805515
1341,44.712985797288574,7,578.3316008316008,112.20097020097019,617.2170731707317,145.61869918699188,555.9031682284693,172.57429718875503,581.0060997488338,219.9949766774309,23.122432203770703,23.03319526648984,-0.8243229702293651,20.569429171973972,19.965940208577646,21.910202292075056,16.80912470114635,20.26775521995123,20.676223697749688,3.2450693682557246,3.4297458663207556
1342,44.74632881428879,7,580.5182403433477,107.49320457796851,618.2295918367347,141.76530612244898,557.0643431635389,167.2350312779267,581.2975113122172,214.76432880844644,23.231076431785226,23.34072729353833,-0.8551134175832528,20.64627738797894,20.331654012089555,21.939196452337875,17.15035952233713,20.35537059849818,21.04744527228385,3.2525437962339576,3.433988109692857
1343,44.77967183128901,7,581.6076950737144,104.21395181589355,618.2980555555555,138.97333333333333,557.2487356321839,163.57149425287355,581.5531007751938,211.31511627906977,23.27541694838924,23.559504439394154,-0.8777321785355706,20.663571292228223,20.58366738581306,21.9620071436664,17.376375391676625,20.371423225654635,21.30530808449376,3.246738550159526,3.460152828409703
1344,44.81301484828922,7,582.1768145854833,102.50567595459236,618.857580824972,137.33444816053512,557.539385847797,162.0315976858033,581.6280137772675,209.5625717566016,23.314449739649724,23.68033187677854,-0.8795069580460732,20.683290122778057,20.689915477138875,21.970499724181142,17.491509143571303,20.393667962462363,21.40955690219158,3.2542228402113684,3.4477110715008368
1345,44.846357865289434,7,582.1743215031315,102.16805845511482,618.5343425848051,137.21558732828706,557.5498188405796,161.64402173913044,581.7336485421591,209.16745468873128,23.305504525951946,23.69692624069777,-0.887328319385742,20.68459967211751,20.716674085119006,21.977469238879202,17.517507016404497,20.39370401959613,21.436486675579772,3.2546114687903094,3.4505335312391834
1346,44.879700882289654,7,582.1567010309278,102.15189003436426,618.4421883812746,137.21037789058093,557.5914552736982,161.78104138851802,581.7054445750098,209.22600861731294,23.302282404569965,23.69769612326347,-0.8885413110804694,20.68678022058905,20.707219913945337,21.97572173142137,17.513651889468925,20.39676838065178,21.42577271945253,3.2524734732394687,3.443870924599945
1347,44.91304389928987,7,582.1465842773772,102.14589769996566,618.4421883812746,137.21037789058093,556.9105485232067,162.27763713080168,581.012585812357,210.16056445461479,23.301986037187156,23.697915537735064,-0.8884849505426552,20.64617782242687,20.672837942532137,21.93403296829604,17.452119165293574,20.35641041460631,21.397499667410813,3.253187822582719,3.4686597294630626
1348,44.94638691629008,7,581.9857192615813,102.11981887843956,618.3322119428091,137.02186711522288,551.7469387755102,164.25272108843535,575.828314295604,212.26860505365178,23.294282188802832,23.705530536710434,-0.8853478172455963,20.341874036572424,20.535890972658216,21.634286089188258,17.31303759436793,20.05108132473386,21.26103298277353,3.2467241106451477,3.4723353541534228
1349,44.9797299332903,7,582.1280217909431,101.8079673135853,618.3322119428091,137.02186711522288,541.604409857328,169.5463683527886,567.8548100816471,216.58501952431664,23.29898966826764,23.71701083400938,-0.8920448823974425,19.74413513458168,20.17081325653624,21.17238341082665,17.02955614884574,19.42277927242656,20.8775961057666,3.258611930601797,3.4507085294491064
1350,45.013072950290514,7,581.9321745057941,101.77539195637354,618.3131652661065,137.02745098039216,536.3571428571429,170.61904761904762,564.2928936003141,218.97644287396938,23.29256433423832,23.717992127925193,-0.8900603836440343,19.43811976834873,20.096597798230647,20.965821741699692,16.873153601910015,19.094386824344763,20.82187274240279,3.267394800805778,3.567136920020534
1351,45.04641596729073,7,581.8861622358554,101.78868438991138,618.3131652661065,137.02745098039216,528.7950795079507,167.5157515751575,559.1460600065941,217.97362347510713,23.291161051512486,23.717499148412244,-0.8892032238032629,19.002053794148367,20.30806122114842,20.676036966316115,16.93778943944917,18.625407580410624,21.066372372030752,3.26839615746879,3.7631039772000783
1352,45.07975898429094,7,582.0321162947937,101.79344151453684,618.3131652661065,137.02745098039216,515.4770072085508,164.12005965697242,550.7111496244945,217.7541883304448,23.295548683197403,23.717337137338504,-0.8912293444250473,18.22960998071101,20.539436601953586,20.198356584082948,16.950946394982477,17.786641994952326,21.346846898522085,3.262622540617087,4.093070382221162
1353,45.11310200129116,7,582.0276373441186,101.76676777890124,618.3131652661065,137.02745098039216,503.85802469135797,154.4045414462081,544.7533231083844,212.40593047034764,23.29545007662393,23.71831780219841,-0.8915599567730089,17.554803527902255,21.2099894242491,19.867903399359577,17.299750529443514,17.034356056824357,22.089793175580354,3.264272269221624,4.543170614206148
1354,45.146445018291374,7,581.6922015182885,101.75845410628018,618.3131652661065,137.02745098039216,514.2282684526301,131.78484721640854,560.1515151515151,193.45526353583224,23.285362580860856,23.71859381151658,-0.8868762349700487,18.173221909737286,22.803741193727117,20.77726746699607,18.556142251018,17.58731165935406,23.75945095583667,3.2774116281925494,4.982283617216389
1355,45.17978803529159,7,nan,nan,nan,nan,nan,nan,nan,nan,nan,nan,nan,nan,nan,nan,nan,nan,nan,nan,nan
1356,45.21313105229181,7,581.6393782383419,101.78687392055267,617.4865967365967,137.01573426573427,nan,nan,nan,nan,23.259325137025506,23.717891232165094,-0.8972095019067906,nan,nan,nan,nan,nan,nan,3.24663234949068,nan
1357,45.24647406929202,7,581.6832641770401,101.78630705394191,618.2612982744454,136.80471103807176,nan,nan,nan,nan,23.283939817602853,23.725458279759224,-0.8838077869249614,nan,nan,nan,nan,nan,nan,3.2625843913339727,nan
1358,45.27981708629223,7,581.6146821215314,101.95820161573586,618.1276477146042,136.8642697881828,nan,nan,nan,nan,23.277580629860424,23.717008609830458,-0.8830070497326654,nan,nan,nan,nan,nan,nan,3.25384309297768,nan
1359,45.31316010329245,7,581.598596491228,101.95649122807016,618.0112044817927,136.76526610644257,nan,nan,nan,nan,23.27384174126335,23.72056960763056,-0.8829833599414514,nan,nan,nan,nan,nan,nan,3.2450068727517927,nan
1360,45.34650312029267,7,581.598596491228,101.95649122807016,618.033276931754,136.84489565707838,nan,nan,nan,nan,23.27434540248858,23.717749002859733,-0.8838458266847765,nan,nan,nan,nan,nan,nan,3.2500061823315782,nan
1361,45.37984613729288,7,581.4958158995815,101.95990237099022,618.033276931754,136.84489565707838,771.3476101800123,71.1151458721291,778.7662337662338,130.66966366966366,23.271246773616426,23.717614446035007,-0.8823207205509815,33.95383326255053,27.316627761447787,33.86754723808765,22.927251482863667,33.97324761805468,28.304237424129212,3.2537320833333814,4.390224298713516
1362,45.41318915429309,7,581.580992022199,101.9503988900451,618.1190476190476,136.8364512471655,763.5855363111516,74.98116074141598,770.7617135207496,132.69779116465864,23.276374803996397,23.718277808903316,-0.8823527594310995,33.443681403197196,27.02150962440159,33.37486423994644,22.781252507656113,33.459165264928615,27.975567475669326,3.25377761314776,4.240815513326248
1363,45.44653217129331,7,581.4958158995815,101.95990237099022,618.1190476190476,136.8364512471655,759.1573275862069,77.89152298850574,765.6888396156688,134.33924611973393,23.273797895144014,23.71792077940963,-0.8809912896261359,33.147510724528956,26.80043816906702,33.06021036913207,22.663556599740982,33.167153304493254,27.731236522165382,3.2565036153804763,4.137802613789341
1364,45.479875188293526,7,581.4958158995815,101.95990237099022,618.033276931754,136.84489565707838,754.785945945946,79.4036036036036,760.52479189287,134.6898298950416,23.271246773616426,23.717614446035007,-0.8823207205509815,32.867631338393686,26.685472293679858,32.75128454838314,22.637772257769985,32.89380936614606,27.59620480175958,3.2537320833333814,4.049371822425121
1428,47.613828276307295,8,555.3796004206098,230.8083596214511,611.5,233.5,606.6239882266372,377.2788815305371,641.3689538807649,430.503937007874,22.01758981301624,16.023254794867793,-0.052490941832609904,22.90842477788561,7.330244817513176,24.549206865663457,4.431895740805701,22.539248808135596,7.982373359772358,3.1563363201537387,3.33055449287708
1429,47.647171293307515,8,555.3796004206098,230.8083596214511,611.5,233.5,603.932031814895,364.8076644974692,637.1941391941391,417.4435897435897,22.01758981301624,16.023254794867793,-0.052490941832609904,22.799778713918737,8.030723373505719,24.378120243031443,5.130422659499204,22.44465186986838,8.683291034157184,3.1563363201537387,3.301954907958092
1430,47.68051431030773,8,555.3796004206098,230.8083596214511,611.5,233.5,601.2307692307693,356.3366960907945,633.0538461538462,408.4076923076923,22.01758981301624,16.023254794867793,-0.052490941832609904,22.679004814764262,8.511123257239106,24.19378677366762,5.61850087964217,22.338178874011007,9.161963292198417,3.1563363201537387,3.2652455654044843
1431,47.71385732730794,8,555.3467827004218,230.77294303797467,611.5,233.5,597.6860927152318,351.1788079470199,627.7357512953367,402.15673575129534,22.0166946477309,16.024392122058906,-0.053180435239918805,22.504072345944138,8.805327131143496,23.938061874035412,5.958312782248908,22.1814247021236,9.44590535964478,3.158244279487698,3.1877604473183228
1432,47.74720034430816,8,555.4712734974847,230.74609478422028,611.5755287009064,233.51963746223564,595.7106697819314,343.2102803738318,624.8948004836759,393.98266827891973,22.02231434681373,16.02463886829551,-0.054176441193053974,22.418800084491306,9.263014974591494,23.815639406061294,6.405979110389514,22.10451123713806,9.90584804403694,3.155541588354698,3.1802223223574257
1433,47.780543361308375,8,555.4366456361724,230.8259726603575,611.5755287009064,233.51963746223564,594.3281061519904,335.7000402090872,621.7190648931881,386.26481257557435,22.02127446953722,16.022066578709428,-0.05251376141963354,22.363485108408835,9.697602091130126,23.673414934140297,6.8317310533960995,22.068750897619257,10.342423074620282,3.1573440770994474,3.151052673831963
1434,47.81388637830859,8,555.3366977225672,231.26190476190476,611.5665408805031,233.5665408805031,584.6730639730639,332.469696969697,611.586389164189,382.10373306904523,22.017778919646645,16.006531946293002,-0.044509005323939255,21.854027362737494,9.884552296178082,23.155412333670952,7.061779196944193,21.561215744277465,10.519676243505707,3.16180240559044,3.1083196123194887
1435,47.8472293953088,8,555.6805671392827,230.02724492632746,611.7691926696384,233.07850421000492,570.6340457442819,332.41094863142104,599.557917109458,381.807651434644,22.03494911015079,16.0619643539367,-0.0598685893958011,21.10185115900024,9.886530285739667,22.526377872312146,7.077157416849249,20.78133264850506,10.518639181240012,3.1559162639428986,3.1498971845755217
1436,47.88057241230902,8,555.5894507884719,230.63567156063075,611.6322450012655,233.45279676031382,562.2266666666667,332.31041666666664,592.3143798928718,380.87721466831476,22.027433926442185,16.03034882692589,-0.05512982640888884,20.651528655446516,9.89152266547045,22.149250886932716,7.1282765271668245,20.31454115336212,10.513253046588765,3.152271219876896,3.143040105302175
1437,47.913915429309235,8,555.7847923681256,230.05751964085295,612.7113943028486,233.231884057971,555.5715948777648,329.3263484672099,586.4687375547591,377.8494623655914,22.064118959637405,16.05613379213738,-0.06142386532119796,20.299347744954606,10.064964427735731,21.84961662409066,7.296535387520235,19.950537247148993,10.687860961784217,3.202999680915028,3.17293758973073
1438,47.94725844630945,8,555.8765328874024,230.66750278706797,612.6393939393939,233.38181818181818,553.8121397083756,324.48626653102747,585.3305410122164,373.21361256544503,22.063934792952594,16.03168788234775,-0.052330881298368694,20.21190472172061,10.348266695964202,21.799870016969674,7.555793335012475,19.85461253028957,10.976573202178342,3.192626726225325,3.212404278813686
1439,47.98060146330967,8,555.8130740140464,230.7844408427877,612.5,233.5,566.4391570360299,312.26150011330157,594.5884834946636,360.8145941921072,22.057940516689534,16.02411857292782,-0.05242639691144644,20.91275757628236,11.071523867468718,22.316226166438724,8.255927355425605,20.596977143497178,11.705033082678419,3.1881777469731962,3.1459986971047584
1440,48.01394448030988,8,555.3452963567155,230.0220228384992,611.4452887537994,233.28115501519756,579.9183078045222,301.2242888402626,605.440603893524,350.3146603098927,22.016073972833176,16.055582783380643,-0.06408906511584342,21.66578557652572,11.732163260391305,22.91833258229057,8.855578455558016,21.38396250022863,12.379394841478796,3.1567463020722935,3.1374534484272854
1441,48.047287497310094,8,555.7613605442176,230.6868027210884,612.0118495620814,233.66228748068005,579.8228782287823,296.67650676506764,605.6907817969661,345.5581485803189,22.04257314534862,16.022016423947704,-0.05813332358467262,21.67043792123573,12.005814863107988,22.944550759555764,9.1287377913571,21.383762532613723,12.653157204251938,3.163911555172558,3.1465752814078027
1442,48.08063051431031,8,555.5726935161382,226.15509854327334,611.3895187704711,227.34895439657342,580.7486402486402,291.3772338772339,606.1296711509716,339.55717488789236,22.033584810359788,16.371352492794827,-0.02214561289882529,21.73256278984041,12.326330723917176,22.984381519543756,9.47513981971203,21.450903575657158,12.967848677363333,3.147797935175364,3.113894619966811
1443,48.11397353131053,8,554.2173322466721,222.10323281716921,611.0094219505984,221.63152533740765,581.583233052547,285.77858002406737,605.4831649831649,334.41077441077437,21.99705389204341,16.6876457911956,0.011912758036760122,21.790683458189534,12.666739535480318,22.96394887397371,9.773686015627524,21.526698739638093,13.317676577447196,3.2141908663103873,3.121908135196783
1444,48.14731654831074,8,554.6018062397372,217.84646962233168,610.7863746958637,216.0102189781022,579.0264873675632,279.9926650366748,602.7659831121833,329.44270205066346,22.014135310004054,17.00920923874851,0.03993645187274043,21.663153116356224,13.020094042835336,22.83178715963081,10.063060864435212,21.40021045661944,13.685426507975363,3.1933898517804704,3.1795834232269247
1445,48.180659565310954,8,554.2603042876901,213.41659751037344,609.8933945422086,209.4386636062229,577.7189988623436,274.067500948047,600.9988492520138,323.4675872650556,21.99328947225591,17.369213463879063,0.08447876254946157,21.604057289525745,13.384180169152389,22.752788898716062,10.41306722601897,21.345592677457923,14.052680581357407,3.1848851642836125,3.185450742172589
1446,48.214002582311174,8,554.8681972789116,208.01814058956916,610.1762652705061,200.5425081027175,581.577709611452,267.3340149965917,603.103598691385,315.5361686659396,22.03752418085158,17.840364898344752,0.15677862132990825,21.832057699906482,13.80115516396284,22.887688583053958,10.881245836199598,21.5945407511983,14.45813476270957,3.214621372841831,3.10487150198096
1447,48.24734559931139,8,556.5694915254237,203.68305084745762,610.2940104166667,192.23125,583.7883870967742,260.5875268817204,603.2002600780235,308.2206328565236,22.10669058926556,18.260469472833364,0.24294345493344222,21.97016162361888,14.221524602877135,22.913007827293416,11.316050888745165,21.758021227792106,14.875256188556829,3.198920131151564,3.0546254217653783
1448,48.2806886163116,8,553.2291666666666,197.89375,606.6061088977424,185.76440903054447,580.0454144620811,254.53130511463843,599.3535108958838,301.8781275221953,21.920463778945923,18.669076862396793,0.2588916820727648,21.77615343925628,14.600567979422854,22.721328393308372,11.69507792660904,21.56348907459456,15.254303241305962,3.2019105173452336,3.055360558226704
1449,48.314031633311814,8,549.494575045208,190.74593128390597,602.979365079365,179.34153439153437,576.3108167770419,247.3408388520971,595.9163561076604,295.5701863354037,21.724481481227947,19.12421981868071,0.24477653881306285,21.58392160695372,15.053639599509484,22.550729240586683,12.07438724818716,21.3663898893863,15.723971378557007,3.2047327124447085,3.132197562943719
1450,48.347374650312034,8,547.997299729973,183.65436543654366,601.0334420880913,171.70391517128874,575.1006711409397,240.1082774049217,593.8161795849217,287.83566285472256,21.64223153549775,19.622416974615007,0.2588184511089696,21.53190765446018,15.512957831300884,22.455896374479703,12.542891908992642,21.324010192455788,16.18122266382024,3.2024266975036073,3.110473715944249
1451,48.38071766731225,8,544.8008578431372,176.96813725490193,597.6054365733114,164.6795716639209,572.1254295532646,233.44072164948454,591.0922950144211,281.3741244334569,21.465792179882648,20.08927046208982,0.2677806823463291,21.37903856658845,15.93909199982749,22.322876205222606,12.936884478916742,21.166675097895762,16.61458869203241,3.207163634345052,3.1470747507352854
1452,48.41406068431246,8,541.8509659613616,170.4455688439129,594.5436974789916,157.75882352941176,569.924321959755,226.55949256342956,588.1957605985037,273.97381546134665,21.305707161516125,20.55028962704995,0.2774503637555489,21.26926788219711,16.381980287805984,22.181796081448443,13.391203437741009,21.06394903736556,17.054905079070604,3.2200243657077245,3.12689204823471
1453,48.44740370131268,8,541.2367149758453,164.99365942028984,592.8353107344633,150.2135593220339,570.2929964539006,220.1068262411347,588.1859903381643,267.604267310789,21.25244562388798,20.999776425341906,0.3268220269491581,21.30337343601381,16.800397853538943,22.196873486863822,13.785183792891733,21.102335924572557,17.478821017184565,3.217751324452903,3.144814489344898
1454,48.48074671831289,8,540.4697388632873,159.5563748079877,590.9507607192254,142.95408022130013,570.6201241134752,213.91400709219855,587.9622796227962,261.3157031570316,21.188726076731427,21.441798460726453,0.37150879904809697,21.334798419801846,17.204529594889397,22.199977574605537,14.176558896400039,21.140133109971014,17.885823002049502,3.2145466487512784,3.149149332886099
1455,48.51408973531311,8,539.4946941323345,154.521847690387,588.9785591766724,136.39508290451687,570.2742012398664,207.60085836909872,587.2463768115942,254.82652613087393,21.114624997670624,21.84794425283235,0.4098999950882785,21.328327526450476,17.619032289830642,22.176207523226694,14.582913439050042,21.137554527175826,18.302159031256277,3.214409660209139,3.152287766844669
1456,48.54743275231332,8,538.2106567534076,149.30235439900866,586.9582973828012,130.3954558527466,568.9860308285164,201.66907514450867,585.9892749892749,249.15358215358214,21.02889494689436,22.243081805876102,0.43201947859248285,21.267168786496324,18.010783571948465,22.120074230370587,14.940218969853534,21.075265061624613,18.701660607419825,3.208921345752197,3.1868188953608203
1457,48.58077576931354,8,536.5017086051569,144.31593662628146,584.7914843977836,124.62321376494603,568.3309957924264,196.57597007947638,584.7323295692179,243.58678377248012,20.925337753866295,22.62415920117104,0.4522975552637024,21.24020271478757,18.34909826576236,22.063375961414,15.29279498288869,21.054988734296625,19.036766504408938,3.21945455455014,3.1652178362422188
1458,48.61411878631375,8,534.9906015037594,139.85526315789474,582.7603713373948,119.25094284885405,566.7563150074294,191.48736998514116,582.6061002178649,238.45359477124182,20.830233458330035,22.97442343309604,0.47549817930607224,21.16025936622239,18.688737969247473,21.956552690698473,15.619516316945578,20.981093368215273,19.3793128410154,3.2316117607173274,3.1708365788170076
1459,48.647461803313966,8,531.7848222862632,135.01120717259045,579.3103041039267,114.68142899320932,563.7914364640884,186.76519337016575,579.5843570843571,233.76371826371826,20.641250387630247,23.31073483668272,0.47350961509561884,20.999121815535137,19.00528128265937,21.7977926663676,15.919342422916477,20.819420874097833,19.699617526101523,3.2170692083319894,3.1876156879461996
1460,48.68080482031419,8,528.7287334593573,130.36798991808442,576.1842105263158,109.7280701754386,560.8794428434197,181.83909702209414,576.6993377483444,228.5373068432671,20.465860205887058,23.655588434406305,0.48149295205907566,20.84064029746006,19.33714951148263,21.647192890113516,16.25518751348458,20.659165964113033,20.03059096103219,3.232294056169232,3.1857521626485865
1461,48.7141478373144,8,525.9552093476144,125.85718922427783,573.1120095837076,104.9341120095837,558.3294741919922,177.20453449107572,573.9164578111946,223.9314954051796,20.29934274183333,23.991636054005127,0.4908866707559035,20.701783065504358,19.65093573519137,21.500235529952313,16.55257814353277,20.52213126100357,20.34806619331456,3.234561169289225,3.1995853018432716
1462,48.74749085431461,8,522.3591731266149,121.12112403100775,569.2219251336899,99.62507427213309,555.223114680946,172.41186970102632,570.8936359590565,218.65242545616377,20.083547492832707,24.356297360114965,0.5061184296104125,20.530265913003905,19.976927721117942,21.340414307736456,16.895153650925913,20.34798252418908,20.67032688691115,3.2482410553651655,3.18648267548965
1463,48.78083387131483,8,519.3938501799149,116.3555773634282,565.729300336083,94.38710663000305,552.845390070922,167.10260047281324,568.5377668308703,213.49507389162562,19.89737280460072,24.721437671430927,0.521519016674492,20.401125893976108,20.340100247626633,21.21738503809137,17.231670400197064,20.217467586550175,21.039496963298287,3.247058327262272,3.2138162839127555
1464,48.814176888315046,8,516.5739101933792,111.31760078662734,561.6138099602811,88.21662083715246,550.7880539499037,161.1218689788054,566.0184254606364,207.7684254606365,19.69673068527998,25.133183048360113,0.5573243188112617,20.291039792950556,20.75168930968818,21.08552614451632,17.6074016685822,20.11228036384826,21.45915402893703,3.234314647947713,3.2431085909719553
1465,48.84751990531526,8,513.7424242424242,106.71115409413281,557.7477477477477,82.18949984467226,548.9054580896686,155.17007797270955,563.2462716646513,201.53808948004837,19.50185060367967,25.52628150020789,0.5963598707689031,20.190450906091478,21.163851311983656,20.939415857573458,18.018653228185297,20.02193379200803,21.871520880838286,3.2505685434466987,3.2331439010469785
1466,48.88086292231547,8,511.15436893203884,102.5990291262136,553.4302752293578,76.11467889908256,547.1814092953523,149.39730134932535,561.2179332529151,195.5319662243667,19.29931952374857,25.90529112525211,0.6528226694040643,20.09827406224866,21.566075199668276,20.834606075917694,18.417663438004684,19.93259935917313,22.274467846042583,3.2623779428113915,3.2333699842943338
1467,48.91420593931569,8,509.2811165845648,99.08834154351395,549.2571335927366,71.11867704280155,546.5422288855572,144.47976011994004,559.8865342163355,190.60397350993378,19.12054965906291,26.223328503170713,0.7076426245098062,20.06812638999843,21.91075728824184,20.767257763952248,18.74692332862538,19.910821830858822,22.622619929155544,3.233007763500791,3.240158947037773
1468,48.947548956315906,8,507.03791625453346,96.86515001648532,546.3867924528302,67.37389937106917,545.2003853564547,140.75240847784198,558.4466666666667,186.604,18.968497890309415,26.44756110087659,0.7425554921378251,19.994618891885484,22.173060730181565,20.69165909468257,19.015345908818187,19.837784846256138,22.883546564988325,3.2870043225665153,3.233732817870603
1469,48.98089197331612,8,505.753339850114,94.64288041707395,544.1832229580574,64.75654367707347,544.2415852334419,137.91530944625407,557.2277924362356,184.4547053649956,18.864502253315138,26.62950466385937,0.7617214150058031,19.94216947664143,22.373411848378957,20.625246204770416,19.159964890806684,19.788477212812406,23.096437413832717,3.2716727083951267,3.2852450693429103
1470,49.01423499031634,8,504.43362544628366,93.77020447906524,542.812103929024,63.82889733840304,543.2080808080808,137.3080808080808,556.1537110232762,182.61089152393498,18.78333786847692,26.69712329827513,0.763810422864302,19.881997038879156,22.416235035287286,20.566514932860475,19.28427813889707,19.72798051273336,23.120925336975084,3.273682176900704,3.205888137166808
1471,49.04757800731655,8,503.7481623521891,93.35186960690316,542.5308285163776,63.762042389210016,542.6797385620914,137.50628456510807,556.2949891067537,182.5825708061002,18.754075303907932,26.715112050965732,0.7530039425833174,19.85051226431138,22.402112504871383,20.57471584421602,19.28621271188005,19.687566458832837,23.103189958294433,3.273450285753164,3.1989533202455642
1472,49.080921024316766,8,503.7620414673045,93.40478468899522,542.5,63.78842504743833,542.7749251176722,140.18613607188703,557.6191066997519,185.7737799834574,18.753522685773603,26.712136410910126,0.7540038290716458,19.852396377065904,22.212638726928436,20.64547181475326,19.0711187553162,19.67395440358625,22.919480720541188,3.2727327046341625,3.240079687585097
1473,49.11426404131698,8,503.47265625,93.30305989583333,542.4625199362041,63.545773524720886,545.6732253086419,142.63695987654322,562.5510848126232,188.5593688362919,18.743816890603238,26.725179137653832,0.7532301269873917,20.019709441172868,22.04027889927641,20.924276442585207,18.8844873556565,19.816181865855093,22.750331996590887,3.2916525319594325,3.282874004104793
1474,49.1476070583172,8,503.4388725008194,93.21632251720747,542.4620155038759,63.26387596899224,556.0559463986599,142.6931323283082,573.5128998968008,188.922256621947,18.742999970407162,26.73919989229912,0.756081403653503,20.63122754156051,22.03800342558866,21.554101593466367,18.861715584599033,20.42358087988169,22.752668189811324,3.3038140663289695,3.3076428109001856
1475,49.18095007531741,8,503.47265625,93.30305989583333,542.4620155038759,63.26387596899224,573.902915539525,140.33694018635407,591.4929404542663,186.76181706568445,18.74401306064182,26.735984783608096,0.7579165227473471,21.688179683600247,22.20705716821279,22.594386953434597,19.009562782722394,21.48428304788752,22.926493404948125,3.3067571438665726,3.323429247199829
1476,49.214293092317625,8,503.4583735133397,93.30665380906461,542.5581251927227,63.270736971939556,599.1411027568922,135.43057644110274,615.6577777777777,183.28862745098039,18.74652938864533,26.735596409295212,0.7564608690736971,23.19255459363353,22.558542865393925,23.99836398961621,19.247278128108658,23.011247479537428,23.30357743128311,3.3115069850970738,3.4079030125640077
1477,49.247636109317845,8,503.61073391529254,93.18493372130617,542.5581251927227,63.270736971939556,628.9554443650226,127.6061472480343,644.7625304136253,175.87664233576643,18.75114588076023,26.740126357321433,0.7563844992049317,24.98848026275598,23.12124655975586,25.710508330360383,19.754200582987615,24.82602394754499,23.878831904528717,3.2985738491287653,3.4435916047173447
1478,49.28097912631806,8,503.57193663110246,93.30035564177173,542.5010995915802,63.45083254791077,662.1751937984496,116.37740863787376,676.2019047619048,165.25690476190476,18.748074535164548,26.728931073355803,0.7555194872348387,27.020724597016784,23.935551238122653,27.589250224519308,20.485921578565947,26.892806330828716,24.71171791152291,3.293950055424783,3.4961644951604396
1479,49.31432214331827,8,503.57193663110246,93.30035564177173,542.5010995915802,63.45083254791077,694.728484054172,101.47247706422019,705.0268776689273,151.29414719919617,18.748074535164548,26.728931073355803,0.7555194872348387,29.06117836232665,25.02988667620305,29.357215799738725,21.458624127078025,28.994569938908935,25.83342074975618,3.293950055424783,3.5835114565370754
1480,49.347665160318485,8,503.57193663110246,93.30035564177173,542.5010995915802,63.45083254791077,713.7122101145571,83.94104498463257,721.8882997525627,134.82184517497348,18.748074535164548,26.728931073355803,0.7555194872348387,30.32898035473672,26.33646814673286,30.461357702072902,22.6220105588071,30.29919545158608,27.172221104016153,3.293950055424783,3.7168156982270455
1481,49.381008177318705,8,503.37374717103137,93.30843840931135,542.3549905838041,63.51883239171375,716.4807502467917,68.3027311615663,725.3634380453751,120.05191972076787,18.73754322332481,26.725992828166206,0.7538974561386057,30.610994827261987,27.520525453392555,30.772802651749046,23.68061461635059,30.574588066752398,28.384505391726996,3.292908122872278,3.8433184890791403
