frame,time_s,episode,roof_a_px_x,roof_a_px_y,roof_b_px_x,roof_b_px_y,tool_front_px_x,tool_front_px_y,tool_rear_px_x,tool_rear_px_y,object_proxy_x_cm,object_proxy_y_cm,proxy_heading_rad,tool_front_proxy_x_cm,tool_front_proxy_y_cm,tool_rear_proxy_x_cm,tool_rear_proxy_y_cm
0,0.0,0,441.64313725490194,254.48265460030163,495.1998401278977,255.41060484945373,nan,nan,nan,nan,17.356534672879512,16.007346615092853,0.0122312500329264,nan,nan,nan,nan
1,0.0333590932509016,0,441.3021978021978,254.45268620268618,495.50885799945485,255.1907876805669,nan,nan,nan,nan,17.355446260270135,16.01583986292276,0.01644290459069921,nan,nan,nan,nan
2,0.0667181865018032,0,441.3021978021978,254.45268620268618,495.50885799945485,255.1907876805669,nan,nan,nan,nan,17.355446260270135,16.01583986292276,0.01644290459069921,nan,nan,nan,nan
3,0.10007727975270479,0,441.33547597183957,254.4239363330272,495.50885799945485,255.1907876805669,nan,nan,nan,nan,17.356401017658165,16.016851057944717,0.015831979751298773,nan,nan,nan,nan
4,0.1334363730036064,0,441.4908356632494,254.39639639639637,495.4063260340633,255.250067585834,nan,nan,nan,nan,17.35796495728855,16.015816142408614,0.01392832710973025,nan,nan,nan,nan
5,0.166795466254508,0,441.4518724852986,254.4385639121015,495.3263497179694,255.25973677142088,nan,nan,nan,nan,17.354456977891527,16.0139356007688,0.014597921814232166,nan,nan,nan,nan
6,0.20015455950540958,0,441.5193370165746,254.47759361571514,495.4063260340633,255.250067585834,nan,nan,nan,nan,17.358943030044127,16.013077515341337,0.01562644560165095,nan,nan,nan,nan
7,0.2335136527563112,0,441.6183395291202,254.44330855018586,495.7151968940654,255.21214642262896,nan,nan,nan,nan,17.371141501102827,16.015931051818907,0.015767054298092834,nan,nan,nan,nan
8,0.2668727460072128,0,441.6254992319508,254.51182795698924,495.7151968940654,255.21214642262896,nan,nan,nan,nan,17.371459928443798,16.01360394716282,0.01720053584671726,nan,nan,nan,nan
9,0.30023183925811436,0,441.6938775510204,254.47928262213972,495.78479236812564,255.07912457912457,nan,nan,nan,nan,17.375487015375903,16.019385733105906,0.019310734623606624,nan,nan,nan,nan
10,0.333590932509016,0,441.76979742173114,254.53100061387352,495.78479236812564,255.07912457912457,nan,nan,nan,nan,17.37784281907808,16.017696812580734,0.020378226305814283,nan,nan,nan,nan
11,0.3669500257599176,0,441.86944444444447,254.55802469135799,495.78479236812564,255.07912457912457,nan,nan,nan,nan,17.38087307648445,16.01687176196383,0.020925038627697717,nan,nan,nan,nan
12,0.40030911901081917,0,441.9605467536502,254.5641503572538,495.78479236812564,255.07912457912457,nan,nan,nan,nan,17.383615439069377,16.01675033958081,0.02103548217339819,nan,nan,nan,nan
13,0.43366821226172075,0,441.87943262411346,254.5655257477644,495.78479236812564,255.07912457912457,nan,nan,nan,nan,17.381184036631936,16.016625839837495,0.02108071593533281,nan,nan,nan,nan
14,0.4670273055126224,0,441.9931464174455,254.54735202492208,495.78479236812564,255.07912457912457,nan,nan,nan,nan,17.38456816385913,16.017353704230494,0.02067498467945947,nan,nan,nan,nan
15,0.500386398763524,0,441.9822595704949,254.54746342981636,495.8450586264657,255.036013400335,nan,nan,nan,nan,17.386033697477274,16.01886919973815,0.021600852182846405,nan,nan,nan,nan
16,0.5337454920144256,0,441.9244935543278,254.610190300798,495.8377703826955,255.12229617304493,nan,nan,nan,nan,17.384221529928368,16.013724809033455,0.02111212365416394,nan,nan,nan,nan
17,0.5671045852653271,0,442.0348442799876,254.63583102065988,495.78479236812564,255.07912457912457,nan,nan,nan,nan,17.385952282888567,16.01438013213584,0.02253189685157263,nan,nan,nan,nan
18,0.6004636785162287,0,442.0348442799876,254.63583102065988,495.78479236812564,255.07912457912457,nan,nan,nan,nan,17.385952282888567,16.01438013213584,0.02253189685157263,nan,nan,nan,nan
19,0.6338227717671303,0,442.0055658627087,254.60915275200986,495.78479236812564,255.07912457912457,nan,nan,nan,nan,17.385033787185183,16.015260702154347,0.021974777601860947,nan,nan,nan,nan
20,0.667181865018032,0,442.0348442799876,254.63583102065988,495.78479236812564,255.07912457912457,nan,nan,nan,nan,17.385952282888567,16.01438013213584,0.02253189685157263,nan,nan,nan,nan
21,0.7005409582689336,0,442.0348442799876,254.63583102065988,495.78479236812564,255.07912457912457,nan,nan,nan,nan,17.385952282888567,16.01438013213584,0.02253189685157263,nan,nan,nan,nan
22,0.7339000515198352,0,442.0348442799876,254.63583102065988,495.78479236812564,255.07912457912457,nan,nan,nan,nan,17.385952282888567,16.01438013213584,0.02253189685157263,nan,nan,nan,nan
23,0.7672591447707368,0,442.0348442799876,254.63583102065988,495.78479236812564,255.07912457912457,nan,nan,nan,nan,17.385952282888567,16.01438013213584,0.02253189685157263,nan,nan,nan,nan
24,0.8006182380216383,0,442.0348442799876,254.63583102065988,495.78479236812564,255.07912457912457,nan,nan,nan,nan,17.385952282888567,16.01438013213584,0.02253189685157263,nan,nan,nan,nan
25,0.8339773312725399,0,442.0348442799876,254.63583102065988,495.78479236812564,255.07912457912457,nan,nan,nan,nan,17.385952282888567,16.01438013213584,0.02253189685157263,nan,nan,nan,nan
26,0.8673364245234415,0,442.0348442799876,254.63583102065988,495.78479236812564,255.07912457912457,nan,nan,nan,nan,17.385952282888567,16.01438013213584,0.02253189685157263,nan,nan,nan,nan
27,0.9006955177743431,0,442.0348442799876,254.63583102065988,495.78479236812564,255.07912457912457,nan,nan,nan,nan,17.385952282888567,16.01438013213584,0.02253189685157263,nan,nan,nan,nan
28,0.9340546110252448,0,442.0348442799876,254.63583102065988,495.78479236812564,255.07912457912457,nan,nan,nan,nan,17.385952282888567,16.01438013213584,0.02253189685157263,nan,nan,nan,nan
29,0.9674137042761464,0,442.0348442799876,254.63583102065988,495.78479236812564,255.07912457912457,nan,nan,nan,nan,17.385952282888567,16.01438013213584,0.02253189685157263,nan,nan,nan,nan
30,1.000772797527048,0,442.06709956709955,254.62987012987014,495.721059972106,255.007810320781,nan,nan,nan,nan,17.38495366014869,16.016987547988972,0.023898317828077706,nan,nan,nan,nan
31,1.0341318907779495,0,442.0348442799876,254.63583102065988,495.721059972106,255.007810320781,nan,nan,nan,nan,17.383994978342415,16.016753661117363,0.024028951933703045,nan,nan,nan,nan
32,1.0674909840288511,0,442.0348442799876,254.63583102065988,495.8621450234353,254.94403087951474,nan,nan,nan,nan,17.388209987631093,16.01906684588924,0.02539493757374468,nan,nan,nan,nan
33,1.1008500772797527,0,442.0348442799876,254.63583102065988,495.8621450234353,254.94403087951474,nan,nan,nan,nan,17.388209987631093,16.01906684588924,0.02539493757374468,nan,nan,nan,nan
34,1.1342091705306543,0,442.0348442799876,254.63583102065988,495.8621450234353,254.94403087951474,nan,nan,nan,nan,17.388209987631093,16.01906684588924,0.02539493757374468,nan,nan,nan,nan
35,1.1675682637815559,0,442.0348442799876,254.63583102065988,495.8621450234353,254.94403087951474,nan,nan,nan,nan,17.388209987631093,16.01906684588924,0.02539493757374468,nan,nan,nan,nan
36,1.2009273570324575,0,442.0348442799876,254.63583102065988,495.78129336663886,254.98529003608104,nan,nan,nan,nan,17.385796953004423,16.01758042008511,0.02451351840701987,nan,nan,nan,nan
37,1.234286450283359,0,441.9879182156134,254.58983890954147,495.78479236812564,255.07912457912457,nan,nan,nan,nan,17.38447527997296,16.015901607956817,0.021571144853086005,nan,nan,nan,nan
38,1.2676455435342606,0,441.9605467536502,254.5641503572538,495.78479236812564,255.07912457912457,nan,nan,nan,nan,17.383615439069377,16.01675033958081,0.02103548217339819,nan,nan,nan,nan
39,1.3010046367851622,0,441.9605467536502,254.5641503572538,495.721059972106,255.007810320781,nan,nan,nan,nan,17.38165813452322,16.019123868562332,0.022528661869401702,nan,nan,nan,nan
40,1.334363730036064,0,441.9605467536502,254.5641503572538,495.78479236812564,255.07912457912457,nan,nan,nan,nan,17.383615439069377,16.01675033958081,0.02103548217339819,nan,nan,nan,nan
41,1.3677228232869656,0,441.9605467536502,254.5641503572538,495.721059972106,255.007810320781,nan,nan,nan,nan,17.38165813452322,16.019123868562332,0.022528661869401702,nan,nan,nan,nan
42,1.4010819165378672,0,441.9879182156134,254.58983890954147,495.721059972106,255.007810320781,nan,nan,nan,nan,17.382517975426808,16.018275136938342,0.02306573288196762,nan,nan,nan,nan
43,1.4344410097887688,0,442.0055658627087,254.60915275200986,495.721059972106,255.007810320781,nan,nan,nan,nan,17.38307648263903,16.017634231135872,0.023470344458188443,nan,nan,nan,nan
44,1.4678001030396703,0,442.0055658627087,254.60915275200986,495.721059972106,255.007810320781,nan,nan,nan,nan,17.38307648263903,16.017634231135872,0.023470344458188443,nan,nan,nan,nan
45,1.501159196290572,0,442.0055658627087,254.60915275200986,495.721059972106,255.007810320781,nan,nan,nan,nan,17.38307648263903,16.017634231135872,0.023470344458188443,nan,nan,nan,nan
46,1.5345182895414735,0,442.0055658627087,254.60915275200986,495.721059972106,255.007810320781,nan,nan,nan,nan,17.38307648263903,16.017634231135872,0.023470344458188443,nan,nan,nan,nan
47,1.567877382792375,0,442.0348442799876,254.63583102065988,495.721059972106,255.007810320781,nan,nan,nan,nan,17.383994978342415,16.016753661117363,0.024028951933703045,nan,nan,nan,nan
48,1.6012364760432767,0,442.0348442799876,254.63583102065988,495.721059972106,255.007810320781,nan,nan,nan,nan,17.383994978342415,16.016753661117363,0.024028951933703045,nan,nan,nan,nan
49,1.6345955692941783,0,442.0348442799876,254.63583102065988,495.721059972106,255.007810320781,nan,nan,nan,nan,17.383994978342415,16.016753661117363,0.024028951933703045,nan,nan,nan,nan
50,1.6679546625450798,0,442.0348442799876,254.63583102065988,495.721059972106,255.007810320781,nan,nan,nan,nan,17.383994978342415,16.016753661117363,0.024028951933703045,nan,nan,nan,nan
51,1.7013137557959814,0,442.0348442799876,254.63583102065988,495.721059972106,255.007810320781,nan,nan,nan,nan,17.383994978342415,16.016753661117363,0.024028951933703045,nan,nan,nan,nan
52,1.734672849046883,0,442.0055658627087,254.60915275200986,495.721059972106,255.007810320781,nan,nan,nan,nan,17.38307648263903,16.017634231135872,0.023470344458188443,nan,nan,nan,nan
53,1.7680319422977846,0,442.0348442799876,254.63583102065988,495.721059972106,255.007810320781,nan,nan,nan,nan,17.383994978342415,16.016753661117363,0.024028951933703045,nan,nan,nan,nan
54,1.8013910355486862,0,442.0348442799876,254.63583102065988,495.721059972106,255.007810320781,nan,nan,nan,nan,17.383994978342415,16.016753661117363,0.024028951933703045,nan,nan,nan,nan
55,1.8347501287995878,0,442.0348442799876,254.63583102065988,495.721059972106,255.007810320781,nan,nan,nan,nan,17.383994978342415,16.016753661117363,0.024028951933703045,nan,nan,nan,nan
56,1.8681092220504896,0,442.0055658627087,254.60915275200986,495.721059972106,255.007810320781,nan,nan,nan,nan,17.38307648263903,16.017634231135872,0.023470344458188443,nan,nan,nan,nan
57,1.9014683153013912,0,441.9879182156134,254.58983890954147,495.721059972106,255.007810320781,nan,nan,nan,nan,17.382517975426808,16.018275136938342,0.02306573288196762,nan,nan,nan,nan
58,1.9348274085522927,0,442.055298115539,254.6833487797343,495.77787068004454,255.16555183946488,nan,nan,nan,nan,17.38647494115341,16.009824363267207,0.021703105952323554,nan,nan,nan,nan
59,1.9681865018031943,0,442.2006259780907,254.58904538341156,495.9217861205915,255.58532423208192,nan,nan,nan,nan,17.395249073048753,15.998987546570868,0.010845193612195759,nan,nan,nan,nan
60,2.001545595054096,0,442.1268656716418,254.66417910447763,495.8229433532593,255.59777967549104,nan,nan,nan,nan,17.39018004911794,15.995838273841336,0.012157469774289121,nan,nan,nan,nan
61,2.0349046883049975,0,442.1498442367601,254.60841121495326,495.77787068004454,255.16555183946488,nan,nan,nan,nan,17.389198625376864,16.01246699360688,0.020101570782829103,nan,nan,nan,nan
62,2.068263781555899,0,441.9632352941176,254.70955882352942,495.8386644219977,255.24747474747474,nan,nan,nan,nan,17.38562684131292,16.00610566216871,0.02055708583520028,nan,nan,nan,nan
63,2.1016228748068007,0,441.9632352941176,254.70955882352942,495.8386644219977,255.24747474747474,nan,nan,nan,nan,17.38562684131292,16.00610566216871,0.02055708583520028,nan,nan,nan,nan
64,2.1349819680577022,0,441.9632352941176,254.70955882352942,495.77787068004454,255.16555183946488,nan,nan,nan,nan,17.38375264360134,16.0088436793192,0.022272458064031178,nan,nan,nan,nan
65,2.168341061308604,0,441.995084485407,254.7038402457757,495.77787068004454,255.16555183946488,nan,nan,nan,nan,17.384699452976022,16.00906890230931,0.022146274562442714,nan,nan,nan,nan
66,2.2017001545595054,0,441.9632352941176,254.70955882352942,495.69729880256193,255.32302979671397,nan,nan,nan,nan,17.38141046875218,16.003391192342978,0.018931158828268235,nan,nan,nan,nan
67,2.235059247810407,0,441.9632352941176,254.70955882352942,495.77787068004454,255.16555183946488,nan,nan,nan,nan,17.38375264360134,16.0088436793192,0.022272458064031178,nan,nan,nan,nan
68,2.2684183410613086,0,441.9632352941176,254.70955882352942,495.77787068004454,255.16555183946488,nan,nan,nan,nan,17.38375264360134,16.0088436793192,0.022272458064031178,nan,nan,nan,nan
69,2.30177743431221,0,441.995084485407,254.7038402457757,495.75775193798444,255.25083056478405,nan,nan,nan,nan,17.384139052665827,16.00613866737707,0.020341929827723346,nan,nan,nan,nan
70,2.3351365275631117,0,441.995084485407,254.7038402457757,495.77787068004454,255.16555183946488,nan,nan,nan,nan,17.384699452976022,16.00906890230931,0.022146274562442714,nan,nan,nan,nan
71,2.3684956208140133,0,441.995084485407,254.7038402457757,495.77787068004454,255.16555183946488,nan,nan,nan,nan,17.384699452976022,16.00906890230931,0.022146274562442714,nan,nan,nan,nan
72,2.401854714064915,0,441.9632352941176,254.70955882352942,495.77787068004454,255.16555183946488,nan,nan,nan,nan,17.38375264360134,16.0088436793192,0.022272458064031178,nan,nan,nan,nan
73,2.4352138073158165,0,441.9632352941176,254.70955882352942,495.77787068004454,255.16555183946488,nan,nan,nan,nan,17.38375264360134,16.0088436793192,0.022272458064031178,nan,nan,nan,nan
74,2.468572900566718,0,441.9632352941176,254.70955882352942,495.77787068004454,255.16555183946488,nan,nan,nan,nan,17.38375264360134,16.0088436793192,0.022272458064031178,nan,nan,nan,nan
75,2.5019319938176197,0,441.9632352941176,254.70955882352942,495.77787068004454,255.16555183946488,nan,nan,nan,nan,17.38375264360134,16.0088436793192,0.022272458064031178,nan,nan,nan,nan
76,2.5352910870685212,0,441.9632352941176,254.70955882352942,495.77787068004454,255.16555183946488,nan,nan,nan,nan,17.38375264360134,16.0088436793192,0.022272458064031178,nan,nan,nan,nan
77,2.568650180319423,0,441.9632352941176,254.70955882352942,495.77787068004454,255.16555183946488,nan,nan,nan,nan,17.38375264360134,16.0088436793192,0.022272458064031178,nan,nan,nan,nan
78,2.6020092735703244,0,442.0348442799876,254.63583102065988,495.77787068004454,255.16555183946488,nan,nan,nan,nan,17.38578985665609,16.011423053992456,0.020704970504046686,nan,nan,nan,nan
79,2.635368366821226,0,442.0348442799876,254.63583102065988,495.77787068004454,255.16555183946488,nan,nan,nan,nan,17.38578985665609,16.011423053992456,0.020704970504046686,nan,nan,nan,nan
80,2.668727460072128,0,441.97393437595827,254.69855872431768,495.77787068004454,255.16555183946488,nan,nan,nan,nan,17.3840570343474,16.009228517939054,0.02203885476348372,nan,nan,nan,nan
81,2.7020865533230296,0,442.055298115539,254.6833487797343,495.77787068004454,255.16555183946488,nan,nan,nan,nan,17.38647494115341,16.009824363267207,0.021703105952323554,nan,nan,nan,nan
82,2.735445646573931,0,442.0444444444444,254.69444444444446,495.77787068004454,255.16555183946488,nan,nan,nan,nan,17.38616603598449,16.009436113334846,0.021939174957818136,nan,nan,nan,nan
83,2.7688047398248328,0,441.9632352941176,254.70955882352942,495.77787068004454,255.16555183946488,nan,nan,nan,nan,17.38375264360134,16.0088436793192,0.022272458064031178,nan,nan,nan,nan
84,2.8021638330757344,0,441.9632352941176,254.70955882352942,495.77787068004454,255.16555183946488,nan,nan,nan,nan,17.38375264360134,16.0088436793192,0.022272458064031178,nan,nan,nan,nan
85,2.835522926326636,0,441.9632352941176,254.70955882352942,495.77787068004454,255.16555183946488,nan,nan,nan,nan,17.38375264360134,16.0088436793192,0.022272458064031178,nan,nan,nan,nan
86,2.8688820195775375,0,441.9632352941176,254.70955882352942,495.78479236812564,255.07912457912457,nan,nan,nan,nan,17.38391506983382,16.011800757462584,0.024096798820652104,nan,nan,nan,nan
87,2.902241112828439,0,441.9632352941176,254.70955882352942,495.77787068004454,255.16555183946488,nan,nan,nan,nan,17.38375264360134,16.0088436793192,0.022272458064031178,nan,nan,nan,nan
88,2.9356002060793407,0,441.9846531614487,254.70534069981585,495.77787068004454,255.16555183946488,nan,nan,nan,nan,17.384388789940115,16.00900782193201,0.022179771305528548,nan,nan,nan,nan
89,2.9689592993302423,0,441.995084485407,254.7038402457757,495.77787068004454,255.16555183946488,nan,nan,nan,nan,17.384699452976022,16.00906890230931,0.022146274562442714,nan,nan,nan,nan
90,3.002318392581144,0,442.0444444444444,254.69444444444446,495.77787068004454,255.16555183946488,nan,nan,nan,nan,17.38616603598449,16.009436113334846,0.021939174957818136,nan,nan,nan,nan
91,3.0356774858320454,0,442.0444444444444,254.69444444444446,495.77787068004454,255.16555183946488,nan,nan,nan,nan,17.38616603598449,16.009436113334846,0.021939174957818136,nan,nan,nan,nan
92,3.069036579082947,0,441.995084485407,254.7038402457757,495.77787068004454,255.16555183946488,nan,nan,nan,nan,17.384699452976022,16.00906890230931,0.022146274562442714,nan,nan,nan,nan
93,3.1023956723338486,0,441.995084485407,254.7038402457757,495.77787068004454,255.16555183946488,nan,nan,nan,nan,17.384699452976022,16.00906890230931,0.022146274562442714,nan,nan,nan,nan
94,3.13575476558475,0,442.0444444444444,254.69444444444446,495.77787068004454,255.16555183946488,nan,nan,nan,nan,17.38616603598449,16.009436113334846,0.021939174957818136,nan,nan,nan,nan
95,3.1691138588356518,0,442.1378773731715,254.6529723000311,495.77787068004454,255.16555183946488,nan,nan,nan,nan,17.388906580706333,16.01093790144031,0.02104566808733824,nan,nan,nan,nan
96,3.2024729520865534,0,442.27513227513225,254.69343292872702,496.15261382799326,255.65008431703205,nan,nan,nan,nan,17.404624210880925,15.993515682101332,0.011737617413716973,nan,nan,nan,nan
97,3.235832045337455,0,442.27513227513225,254.69343292872702,496.15261382799326,255.65008431703205,nan,nan,nan,nan,17.404624210880925,15.993515682101332,0.011737617413716973,nan,nan,nan,nan
98,3.2691911385883565,0,442.2006259780907,254.58904538341156,495.8386644219977,255.24747474747474,nan,nan,nan,nan,17.3925672151436,16.01043716729651,0.017960853383964224,nan,nan,nan,nan
99,3.302550231839258,0,442.0444444444444,254.69444444444446,495.8180044593087,255.33277591973246,nan,nan,nan,nan,17.38746347778684,16.003766856652362,0.01841647212420388,nan,nan,nan,nan
100,3.3359093250901597,0,441.995084485407,254.7038402457757,495.84598088813937,255.4378864530635,nan,nan,nan,nan,17.386895078215332,15.999839387462771,0.016418108732552145,nan,nan,nan,nan
101,3.3692684183410613,0,442.2006259780907,254.58904538341156,496.0662251655629,255.34795805739512,nan,nan,nan,nan,17.39947242408568,16.007226025043646,0.015902342453643553,nan,nan,nan,nan
102,3.402627511591963,0,442.1268656716418,254.66417910447763,495.9821731748727,255.56960950764008,nan,nan,nan,nan,17.394958817458186,15.996952171399691,0.012809331569592892,nan,nan,nan,nan
103,3.4359866048428644,0,442.1268656716418,254.66417910447763,495.9217861205915,255.58532423208192,nan,nan,nan,nan,17.393149133512765,15.996358061168781,0.012456440613926539,nan,nan,nan,nan
104,3.469345698093766,0,442.0444444444444,254.69444444444446,495.8656004489337,255.4158249158249,nan,nan,nan,nan,17.388940661158603,16.000978284167516,0.016676989845578638,nan,nan,nan,nan
105,3.5027047913446676,0,442.1268656716418,254.66417910447763,495.8656004489337,255.4158249158249,nan,nan,nan,nan,17.39136770307015,16.002087869877577,0.016015517432704032,nan,nan,nan,nan
106,3.536063884595569,0,442.1268656716418,254.66417910447763,495.8394430235862,255.57516339869278,nan,nan,nan,nan,17.390664763675733,15.996625741555334,0.012641307288544673,nan,nan,nan,nan
107,3.569422977846471,0,442.1268656716418,254.66417910447763,495.90028248587566,255.5,nan,nan,nan,nan,17.392456539472423,15.999248750484746,0.014249243522960697,nan,nan,nan,nan
108,3.6027820710973724,0,442.1268656716418,254.66417910447763,495.8394430235862,255.57516339869278,nan,nan,nan,nan,17.390664763675733,15.996625741555334,0.012641307288544673,nan,nan,nan,nan
109,3.636141164348274,0,442.1268656716418,254.66417910447763,495.80496754163136,255.48998024273212,nan,nan,nan,nan,17.389581573301772,15.999499192206176,0.014429754371683324,nan,nan,nan,nan
110,3.6695002575991755,0,442.1268656716418,254.66417910447763,495.80496754163136,255.48998024273212,nan,nan,nan,nan,17.389581573301772,15.999499192206176,0.014429754371683324,nan,nan,nan,nan
111,3.702859350850077,0,442.1268656716418,254.66417910447763,495.8180044593087,255.33277591973246,nan,nan,nan,nan,17.389890519698387,16.004876442362423,0.01775704925063248,nan,nan,nan,nan
112,3.736218444100979,0,442.10738671632527,254.6703910614525,495.8180044593087,255.33277591973246,nan,nan,nan,nan,17.38931550308949,16.004646243918895,0.017893227600812616,nan,nan,nan,nan
113,3.7695775373518807,0,442.0444444444444,254.69444444444446,495.8180044593087,255.33277591973246,nan,nan,nan,nan,17.38746347778684,16.003766856652362,0.01841647212420388,nan,nan,nan,nan
114,3.8029366306027823,0,442.0444444444444,254.69444444444446,495.8180044593087,255.33277591973246,nan,nan,nan,nan,17.38746347778684,16.003766856652362,0.01841647212420388,nan,nan,nan,nan
115,3.836295723853684,0,442.0444444444444,254.69444444444446,495.8180044593087,255.33277591973246,nan,nan,nan,nan,17.38746347778684,16.003766856652362,0.01841647212420388,nan,nan,nan,nan
116,3.8696548171045855,0,442.0444444444444,254.69444444444446,495.8180044593087,255.33277591973246,nan,nan,nan,nan,17.38746347778684,16.003766856652362,0.01841647212420388,nan,nan,nan,nan
117,3.903013910355487,0,442.0444444444444,254.69444444444446,495.8180044593087,255.33277591973246,nan,nan,nan,nan,17.38746347778684,16.003766856652362,0.01841647212420388,nan,nan,nan,nan
118,3.9363730036063886,0,442.0444444444444,254.69444444444446,495.8180044593087,255.33277591973246,nan,nan,nan,nan,17.38746347778684,16.003766856652362,0.01841647212420388,nan,nan,nan,nan
119,3.9697320968572902,0,442.0444444444444,254.69444444444446,495.8180044593087,255.33277591973246,nan,nan,nan,nan,17.38746347778684,16.003766856652362,0.01841647212420388,nan,nan,nan,nan
120,4.003091190108192,0,442.055298115539,254.6833487797343,495.75775193798444,255.25083056478405,nan,nan,nan,nan,17.385914540843213,16.00689412833497,0.01989658951508204,nan,nan,nan,nan
121,4.036450283359093,0,442.055298115539,254.6833487797343,495.75775193798444,255.25083056478405,nan,nan,nan,nan,17.385914540843213,16.00689412833497,0.01989658951508204,nan,nan,nan,nan
122,4.069809376609995,0,442.055298115539,254.6833487797343,495.75775193798444,255.25083056478405,nan,nan,nan,nan,17.385914540843213,16.00689412833497,0.01989658951508204,nan,nan,nan,nan
123,4.103168469860896,0,442.055298115539,254.6833487797343,495.75775193798444,255.25083056478405,nan,nan,nan,nan,17.385914540843213,16.00689412833497,0.01989658951508204,nan,nan,nan,nan
124,4.136527563111798,0,442.055298115539,254.6833487797343,495.75775193798444,255.25083056478405,nan,nan,nan,nan,17.385914540843213,16.00689412833497,0.01989658951508204,nan,nan,nan,nan
125,4.169886656362699,0,442.055298115539,254.6833487797343,495.75775193798444,255.25083056478405,nan,nan,nan,nan,17.385914540843213,16.00689412833497,0.01989658951508204,nan,nan,nan,nan
126,4.203245749613601,0,442.0444444444444,254.69444444444446,495.75775193798444,255.25083056478405,nan,nan,nan,nan,17.385605635674295,16.006505878402606,0.020133103855979426,nan,nan,nan,nan
127,4.2366048428645025,0,442.0444444444444,254.69444444444446,495.75775193798444,255.25083056478405,nan,nan,nan,nan,17.385605635674295,16.006505878402606,0.020133103855979426,nan,nan,nan,nan
128,4.2699639361154045,0,442.0444444444444,254.69444444444446,495.75775193798444,255.25083056478405,nan,nan,nan,nan,17.385605635674295,16.006505878402606,0.020133103855979426,nan,nan,nan,nan
129,4.3033230293663065,0,442.055298115539,254.6833487797343,495.75775193798444,255.25083056478405,nan,nan,nan,nan,17.385914540843213,16.00689412833497,0.01989658951508204,nan,nan,nan,nan
130,4.336682122617208,0,442.055298115539,254.6833487797343,495.75775193798444,255.25083056478405,nan,nan,nan,nan,17.385914540843213,16.00689412833497,0.01989658951508204,nan,nan,nan,nan
131,4.37004121586811,0,442.055298115539,254.6833487797343,495.75775193798444,255.25083056478405,nan,nan,nan,nan,17.385914540843213,16.00689412833497,0.01989658951508204,nan,nan,nan,nan
132,4.403400309119011,0,442.055298115539,254.6833487797343,495.75775193798444,255.25083056478405,nan,nan,nan,nan,17.385914540843213,16.00689412833497,0.01989658951508204,nan,nan,nan,nan
133,4.436759402369913,0,442.0444444444444,254.69444444444446,495.75775193798444,255.25083056478405,nan,nan,nan,nan,17.385605635674295,16.006505878402606,0.020133103855979426,nan,nan,nan,nan
134,4.470118495620814,0,442.0444444444444,254.69444444444446,495.77787068004454,255.16555183946488,nan,nan,nan,nan,17.38616603598449,16.009436113334846,0.021939174957818136,nan,nan,nan,nan
135,4.503477588871716,0,442.0444444444444,254.69444444444446,495.75775193798444,255.25083056478405,nan,nan,nan,nan,17.385605635674295,16.006505878402606,0.020133103855979426,nan,nan,nan,nan
136,4.536836682122617,0,442.0444444444444,254.69444444444446,495.75775193798444,255.25083056478405,nan,nan,nan,nan,17.385605635674295,16.006505878402606,0.020133103855979426,nan,nan,nan,nan
137,4.570195775373519,0,442.0444444444444,254.69444444444446,495.75775193798444,255.25083056478405,nan,nan,nan,nan,17.385605635674295,16.006505878402606,0.020133103855979426,nan,nan,nan,nan
138,4.60355486862442,0,442.0444444444444,254.69444444444446,495.75775193798444,255.25083056478405,nan,nan,nan,nan,17.385605635674295,16.006505878402606,0.020133103855979426,nan,nan,nan,nan
139,4.636913961875322,0,442.0444444444444,254.69444444444446,495.75775193798444,255.25083056478405,nan,nan,nan,nan,17.385605635674295,16.006505878402606,0.020133103855979426,nan,nan,nan,nan
140,4.6702730551262235,0,442.0444444444444,254.69444444444446,495.75775193798444,255.25083056478405,nan,nan,nan,nan,17.385605635674295,16.006505878402606,0.020133103855979426,nan,nan,nan,nan
141,4.7036321483771255,0,442.0444444444444,254.69444444444446,495.75775193798444,255.25083056478405,nan,nan,nan,nan,17.385605635674295,16.006505878402606,0.020133103855979426,nan,nan,nan,nan
142,4.736991241628027,0,442.0444444444444,254.69444444444446,495.77787068004454,255.16555183946488,nan,nan,nan,nan,17.38616603598449,16.009436113334846,0.021939174957818136,nan,nan,nan,nan
143,4.770350334878929,0,442.0444444444444,254.69444444444446,495.77787068004454,255.16555183946488,nan,nan,nan,nan,17.38616603598449,16.009436113334846,0.021939174957818136,nan,nan,nan,nan
144,4.80370942812983,0,442.0444444444444,254.69444444444446,495.77787068004454,255.16555183946488,nan,nan,nan,nan,17.38616603598449,16.009436113334846,0.021939174957818136,nan,nan,nan,nan
145,4.837068521380732,0,442.0444444444444,254.69444444444446,495.77787068004454,255.16555183946488,nan,nan,nan,nan,17.38616603598449,16.009436113334846,0.021939174957818136,nan,nan,nan,nan
146,4.870427614631633,0,442.0444444444444,254.69444444444446,495.77787068004454,255.16555183946488,nan,nan,nan,nan,17.38616603598449,16.009436113334846,0.021939174957818136,nan,nan,nan,nan
147,4.903786707882535,0,442.0444444444444,254.69444444444446,495.77787068004454,255.16555183946488,nan,nan,nan,nan,17.38616603598449,16.009436113334846,0.021939174957818136,nan,nan,nan,nan
148,4.937145801133436,0,442.0444444444444,254.69444444444446,495.77787068004454,255.16555183946488,nan,nan,nan,nan,17.38616603598449,16.009436113334846,0.021939174957818136,nan,nan,nan,nan
149,4.970504894384338,0,442.0444444444444,254.69444444444446,495.77787068004454,255.16555183946488,nan,nan,nan,nan,17.38616603598449,16.009436113334846,0.021939174957818136,nan,nan,nan,nan
150,5.003863987635239,0,442.2006259780907,254.58904538341156,495.78479236812564,255.07912457912457,nan,nan,nan,nan,17.390855443664503,16.016132262590382,0.02151344376402185,nan,nan,nan,nan
151,5.037223080886141,0,442.2006259780907,254.58904538341156,495.78479236812564,255.07912457912457,nan,nan,nan,nan,17.390855443664503,16.016132262590382,0.02151344376402185,nan,nan,nan,nan
152,5.0705821741370425,0,442.2006259780907,254.58904538341156,495.78479236812564,255.07912457912457,nan,nan,nan,nan,17.390855443664503,16.016132262590382,0.02151344376402185,nan,nan,nan,nan
153,5.1039412673879445,0,442.2006259780907,254.58904538341156,495.78479236812564,255.07912457912457,nan,nan,nan,nan,17.390855443664503,16.016132262590382,0.02151344376402185,nan,nan,nan,nan
154,5.137300360638846,0,442.2006259780907,254.58904538341156,496.7644230769231,256.3910256410256,nan,nan,nan,nan,17.4210320306848,15.972318368458138,-0.00557366260074972,nan,nan,nan,nan
155,5.170659453889748,0,nan,nan,nan,nan,nan,nan,nan,nan,nan,nan,nan,nan,nan,nan,nan
156,5.204018547140649,0,441.89959839357425,254.62774173617547,495.3713945881653,254.35801367826343,nan,nan,nan,nan,17.369044313475914,16.038757728897608,0.037626517551688346,nan,nan,nan,nan
157,5.237377640391551,0,441.8888888888889,254.63888888888889,495.77787068004454,255.16555183946488,nan,nan,nan,nan,17.381415884789977,16.011179202171046,0.0207995315218725,nan,nan,nan,nan
158,5.270736733642452,0,441.8888888888889,254.63888888888889,495.77787068004454,255.16555183946488,nan,nan,nan,nan,17.381415884789977,16.011179202171046,0.0207995315218725,nan,nan,nan,nan
159,5.304095826893354,0,441.8699938385705,254.6293900184843,495.77787068004454,255.16555183946488,nan,nan,nan,nan,17.380834727866134,16.01148461685251,0.02060372242369136,nan,nan,nan,nan
160,5.337454920144256,0,441.8402457757296,254.63932411674344,495.77787068004454,255.16555183946488,nan,nan,nan,nan,17.379957288192816,16.01111781844597,0.020818664616402378,nan,nan,nan,nan
161,5.370814013395157,0,441.8402457757296,254.63932411674344,495.77787068004454,255.16555183946488,nan,nan,nan,nan,17.379957288192816,16.01111781844597,0.020818664616402378,nan,nan,nan,nan
162,5.404173106646059,0,441.8402457757296,254.63932411674344,495.77787068004454,255.16555183946488,nan,nan,nan,nan,17.379957288192816,16.01111781844597,0.020818664616402378,nan,nan,nan,nan
163,5.43753219989696,0,441.8402457757296,254.63932411674344,495.77787068004454,255.16555183946488,nan,nan,nan,nan,17.379957288192816,16.01111781844597,0.020818664616402378,nan,nan,nan,nan
164,5.470891293147862,0,441.8402457757296,254.63932411674344,495.77787068004454,255.16555183946488,478.9936614466816,383.65212527964206,524.2211221122112,429.5274527452745,17.379957288192816,16.01111781844597,0.020818664616402378,18.190967670170973,7.87882871560038,20.72128167257178,5.312785258114699
165,5.5042503863987635,0,441.80882352941177,254.63970588235293,495.77787068004454,255.16555183946488,466.0889321648815,379.225576111652,508.0789622109418,428.64128595600675,17.37901522599131,16.011074739484194,0.020833118663127776,17.462626393475066,8.120125725723119,19.839863182552225,5.340275553736075
166,5.5376094796496655,0,441.9339477726574,254.68325652841781,495.75775193798444,255.25083056478405,459.040823571175,374.3067092651757,497.7006740196078,426.5894607843137,17.382274053639545,16.0067811218798,0.01992164602284941,17.05837842753152,8.400477195317478,19.272028998464396,5.440994494377682
167,5.570968572900567,0,441.9632352941176,254.70955882352942,495.77787068004454,255.16555183946488,461.27485959696065,373.7779980178394,495.9130712687759,427.5404282518376,17.38375264360134,16.0088436793192,0.022272458064031178,17.18252981511415,8.435242138547926,19.17527020472842,5.385239673249381
168,5.604327666151469,0,441.9632352941176,254.70955882352942,495.77787068004454,255.16555183946488,466.89820359281435,373.85429141716565,496.7812395309883,428.07638190954776,17.38375264360134,16.0088436793192,0.022272458064031178,17.498037076411222,8.439262256238418,19.22308995776168,5.356416450136971
169,5.63768675940237,0,441.9632352941176,254.70955882352942,495.77787068004454,255.16555183946488,471.43469591226324,369.9348620804254,497.93365695792875,424.68543689320387,17.38375264360134,16.0088436793192,0.022272458064031178,17.745872616941508,8.67941419692605,19.283204167158964,5.548203470744766
170,5.671045852653272,0,441.9632352941176,254.70955882352942,495.77787068004454,255.16555183946488,477.86846659743856,366.4783662166839,500.375127420999,421.407747196738,17.38375264360134,16.0088436793192,0.022272458064031178,18.102548973275557,8.895903606066598,19.41421923445937,5.736121385757416
171,5.704404945904173,0,441.9632352941176,254.70955882352942,495.77787068004454,255.16555183946488,483.26282051282044,365.6494391025641,501.9909808342728,420.06952273581356,17.38375264360134,16.0088436793192,0.022272458064031178,18.405568934064434,8.953918372911062,19.501778421713055,5.813910781806805
172,5.737764039155075,0,441.9632352941176,254.70955882352942,495.77787068004454,255.16555183946488,483.4675642594859,364.2211342309261,499.8333333333333,418.4114583333333,17.38375264360134,16.0088436793192,0.022272458064031178,18.415221082457645,9.039958278388138,19.382277071806662,5.904650012279391
173,5.771123132405976,0,441.9632352941176,254.70955882352942,495.77787068004454,255.16555183946488,481.6002475247525,360.5235148514852,496.06240657698055,415.313153961136,17.38375264360134,16.0088436793192,0.022272458064031178,18.304645045405202,9.2596078532508,19.172767965730007,6.074981747666125
174,5.804482225656878,0,441.9632352941176,254.70955882352942,495.77787068004454,255.16555183946488,480.8010540184453,359.86517347386905,492.70554926387314,413.50509626274066,17.38375264360134,16.0088436793192,0.022272458064031178,18.258497628495423,9.298078854840117,18.986640231434794,6.172998718644599
175,5.837841318907779,0,441.9632352941176,254.70955882352942,495.77787068004454,255.16555183946488,481.79419944378225,356.3714739769566,491.7831417624521,409.5494252873563,17.38375264360134,16.0088436793192,0.022272458064031178,18.309834221967467,9.51092367293492,18.931943102204574,6.397164298142549
176,5.871200412158681,0,441.9632352941176,254.70955882352942,495.77787068004454,255.16555183946488,483.403073286052,351.2226162332545,491.14742810854597,403.83839611178615,17.38375264360134,16.0088436793192,0.022272458064031178,18.394131214526332,9.826408776432844,18.891015436005098,6.723511184268796
177,5.9045595054095825,0,441.9632352941176,254.70955882352942,495.77787068004454,255.16555183946488,485.2691326530612,349.3188775510204,491.4837301587301,401.41746031746027,17.38375264360134,16.0088436793192,0.022272458064031178,18.497816903624518,9.945564859454503,18.907106290420725,6.863344960654982
178,5.9379185986604845,0,441.9632352941176,254.70955882352942,495.77787068004454,255.16555183946488,486.38895756077454,350.38895756077454,491.03263973888204,401.9155446756426,17.38375264360134,16.0088436793192,0.022272458064031178,18.562937986242932,9.882010282079492,18.882667513878975,6.8339938630007255
179,5.971277691911386,0,441.9339477726574,254.68325652841781,495.77787068004454,255.16555183946488,484.6764108810394,350.1709297604547,489.1322314049587,401.4750098386462,17.38283445394974,16.00971135681204,0.02172408943295375,18.4651817534413,9.89258700759306,18.77706961787141,6.8566343830198795
180,6.004636785162288,0,441.8888888888889,254.63888888888889,495.75775193798444,255.25083056478405,482.18978102189783,348.08475263584745,485.96938384998083,399.8059701492537,17.38085548447978,16.008248967238806,0.018998279085425722,18.320748305646486,10.016090994076773,18.60011584105338,6.948327604641303
181,6.037995878413189,0,441.8888888888889,254.63888888888889,495.75775193798444,255.25083056478405,480.17867317867314,346.20187220187216,482.99413833528723,397.72606486908944,17.38085548447978,16.008248967238806,0.018998279085425722,18.203415516606402,10.128167996303853,18.432733855657112,7.064206139545477
182,6.071354971664091,0,441.8888888888889,254.63888888888889,495.75775193798444,255.25083056478405,478.4724958949096,345.9031198686371,480.5748339194998,397.095740523642,17.38085548447978,16.008248967238806,0.018998279085425722,18.105665045625052,10.143742785054153,18.29782421523911,7.0971640981764255
183,6.104714064914992,1,441.8888888888889,254.63888888888889,495.75775193798444,255.25083056478405,476.27678215850256,343.93428912783753,477.6209302325581,395.0,17.38085548447978,16.008248967238806,0.018998279085425722,17.97731005139225,10.261056335934025,18.131064320102954,7.214301695999992
184,6.138073158165894,1,441.8888888888889,254.63888888888889,495.75775193798444,255.25083056478405,474.3028112449799,341.2831325301205,474.5707874337005,391.43900448796404,17.38085548447978,16.008248967238806,0.018998279085425722,17.860220926736442,10.421008090161639,17.956314126144534,7.4168028283714005
185,6.171432251416795,1,441.8888888888889,254.63888888888889,495.75775193798444,255.25083056478405,474.0634371395617,338.72741253364086,472.9793689320388,388.3256472491909,17.38085548447978,16.008248967238806,0.018998279085425722,17.84225423767074,10.578350563066381,17.862844583733118,7.596062230509202
186,6.204791344667697,1,441.8888888888889,254.63888888888889,495.75775193798444,255.25083056478405,471.46091445427726,335.2691740412979,469.4409763905562,384.37695078031214,17.38085548447978,16.008248967238806,0.018998279085425722,17.68716740090415,10.788252018503748,17.65906747007867,7.822022534088348
187,6.238150437918598,1,441.8888888888889,254.63888888888889,495.75775193798444,255.25083056478405,467.9876970396001,331.8423683198769,465.24831949387107,380.17358639778564,17.38085548447978,16.008248967238806,0.018998279085425722,17.48152793336561,10.995555553970624,17.417401970626674,8.062952886602014
188,6.2715095311695,1,441.9162819329024,254.66420437057553,495.75775193798444,255.25083056478405,464.8002309468822,330.0161662817552,461.4746109746109,377.98689598689595,17.381715399067886,16.007413039666986,0.0195245633328455,17.29477880130598,11.104131372710066,17.202166196199702,8.186310394108702
189,6.3048686244204015,1,441.9162819329024,254.66420437057553,495.75775193798444,255.25083056478405,461.0144927536232,330.45670754366404,457.6098254161591,378.53958587088914,17.381715399067886,16.007413039666986,0.0195245633328455,17.07807842741381,11.070386981109344,16.98717410878664,8.147849662304743
190,6.3382277176713036,1,441.9162819329024,254.66420437057553,495.75775193798444,255.25083056478405,455.8665884194053,331.697965571205,452.7725304998032,379.0401416765053,17.381715399067886,16.007413039666986,0.0195245633328455,16.78515092450147,10.984551001210736,16.717919374710245,8.111035856810512
191,6.371586810922205,1,441.9632352941176,254.70955882352942,495.75775193798444,255.25083056478405,454.79066022544276,332.0197262479871,451.51996637242536,379.60571668768387,17.383192243291145,16.00591344438696,0.020469223087017294,16.7241399527467,10.96275176984939,16.649244422483722,8.07580679576401
192,6.404945904173107,1,441.9533885311254,254.70039865072062,495.75775193798444,255.25083056478405,455.4979524979525,332.8083538083538,451.55696738670053,380.5878864887759,17.382883064092407,16.00621596123263,0.020278377665033223,16.7665476981947,10.914866422257173,16.65357429338224,8.018004798374564
193,6.438304997424009,1,441.9632352941176,254.70955882352942,495.75775193798444,255.25083056478405,454.98881720430103,333.42064516129034,451.2975,381.08333333333326,17.383192243291145,16.00591344438696,0.020469223087017294,16.73876052754324,10.875977056857995,16.64023606308327,7.988454631187144
194,6.47166409067491,1,441.9632352941176,254.70955882352942,495.75775193798444,255.25083056478405,454.7463857909954,334.2300702189178,450.65994962216627,381.9538203190596,17.383192243291145,16.00591344438696,0.020469223087017294,16.726739817772227,10.82531768887703,16.60668717482661,7.93630516547988
195,6.505023183925812,1,441.9632352941176,254.70955882352942,495.75775193798444,255.25083056478405,455.42890995260666,334.13665086887835,450.4189898989899,382.1026262626262,17.383192243291145,16.00591344438696,0.020469223087017294,16.76564526372942,10.832236342638348,16.59359574836524,7.927198525916776
196,6.538382277176713,1,441.9632352941176,254.70955882352942,495.75775193798444,255.25083056478405,456.01456119637936,334.10586383313654,450.74845105328376,382.0503923998347,17.383192243291145,16.00591344438696,0.020469223087017294,16.799146242247932,10.835108780086086,16.61184766364551,7.930760963270868
197,6.571741370427615,1,441.9632352941176,254.70955882352942,495.75775193798444,255.25083056478405,456.04105090311987,333.3743842364532,450.77791563275434,381.41273779983453,17.383192243291145,16.00591344438696,0.020469223087017294,16.798995882354998,10.880580674886858,16.612008669798215,7.968297758081469
198,6.605100463678516,1,441.9632352941176,254.70955882352942,495.75775193798444,255.25083056478405,456.40500963391133,331.9961464354528,450.9008899676375,380.1088187702265,17.383192243291145,16.00591344438696,0.020469223087017294,16.81673715178816,10.966879756069726,16.615840167653214,8.045233346062641
199,6.638459556929418,1,441.9632352941176,254.70955882352942,495.75775193798444,255.25083056478405,456.5589622641509,330.2798742138365,451.34827729348274,378.4159402241594,17.383192243291145,16.00591344438696,0.020469223087017294,16.821675363459356,11.074044940900704,16.636902855838503,8.145720800987837
200,6.671818650180319,1,441.9632352941176,254.70955882352942,495.75775193798444,255.25083056478405,456.5297067901234,328.25385802469134,451.30120984564036,376.5152273675427,17.383192243291145,16.00591344438696,0.020469223087017294,16.815380994031198,11.200475127706866,16.629864162974666,8.257946333720513
201,6.705177743431221,1,441.9632352941176,254.70955882352942,495.75775193798444,255.25083056478405,456.13831417624516,326.1609195402299,450.99226699226693,373.976800976801,17.383192243291145,16.00591344438696,0.020469223087017294,16.788063854913496,11.330789872418517,16.606653898764204,8.407824683665286
202,6.7385368366821226,1,441.9632352941176,254.70955882352942,495.75775193798444,255.25083056478405,456.80159635119725,322.628658304827,451.91448733914484,371.01784973017845,17.383192243291145,16.00591344438696,0.020469223087017294,16.81820496775588,11.553652461016908,16.651477597632216,8.585027350066532
203,6.771895929933025,1,441.9632352941176,254.70955882352942,495.75775193798444,255.25083056478405,456.8352758352758,319.0462315462315,451.68450932684505,367.199107866991,17.383192243291145,16.00591344438696,0.020469223087017294,16.81194749043585,11.779543825141651,16.629677122748188,8.812426822274691
204,6.805255023183926,1,442.13380281690144,251.72904091213948,495.7378987898789,253.5,456.43571707698317,315.5928096912856,451.4659582841401,363.4730421094057,17.38228997156226,16.167562476914398,-0.005529264278672365,16.780857781645185,11.997456564322498,16.608644770436456,9.03525955126395
205,6.838614116434828,1,442.6211055276382,247.2217755443886,496.0854560394412,250.86551629690493,458.3086274509804,310.7,453.1818181818182,359.3939393939394,17.39924222676994,16.413091135668083,-0.04530261919032765,16.878327219480393,12.311876965659142,16.69596302780888,9.283334575384043
206,6.871973209685729,1,443.32316272965875,242.96292650918633,496.8884320175438,248.39638157894737,459.7274581803345,306.79028967768255,455.3458177278402,354.07990012484396,17.43698773441211,16.64614402940667,-0.08294469421231518,16.952092782949958,12.564310448887145,16.806297567801305,9.60817249246278
207,6.905332302936631,1,445.35803722504227,238.52351945854483,498.4761106454317,244.70829840737636,460.84280532043533,302.6694881096332,456.91666666666663,349.76555023923447,17.538162923580394,16.930700004899116,-0.09996004742055908,17.008018202727897,12.830989793375982,16.885808520037905,9.873089241751225
208,6.938691396187532,1,447.61451726568004,233.95031712473573,500.42297872340424,240.1977304964539,462.5430958663148,297.63280562884785,458.9969242599,345.4067666282199,17.656936621464677,17.250550148866083,-0.10224254797464094,17.096491011075504,13.159318503926098,16.99464350554135,10.142883338566797
209,6.972050489438434,1,451.2296219216094,229.01734304543876,503.73484213467447,234.88963397597092,465.9612310151878,292.7689848121503,461.71262939958586,340.41614906832297,17.858603811823368,17.615502778848132,-0.09513708246844729,17.286800269146944,13.481429834560776,17.13902204929438,10.454032298396111
210,7.005409582689335,1,453.8818925649235,223.93525435787973,506.68001186239616,230.12396204033212,468.3430873621713,287.25996607294314,464.70663469224615,335.4424460431655,18.020901063916945,17.96766650768255,-0.10141884236262443,17.415894141917835,13.845925244275508,17.30024240426195,10.766434577443501
211,7.038768675940237,1,456.4142289635247,218.67244492596603,508.59746760895166,226.10011778563015,470.0618556701031,282.8659793814433,466.1619283065513,329.60651009476715,18.14898238484634,18.301041236580566,-0.13010508073192584,17.508779017692095,14.13807093063952,17.372273880852443,11.131956337448077
212,7.072127769191138,1,459.44071588366893,212.9064131245339,511.2261698440208,220.71981513575966,472.13111962537243,276.6543209876543,468.2292703150912,323.60074626865674,18.313944164883125,18.70400090301804,-0.1401072851353034,17.61954017739891,14.5530772664207,17.47980217069985,11.511688806367518
213,7.10548686244204,1,462.9977973568282,206.42511013215858,514.5597037037037,214.87407407407406,475.0443213296399,270.0960295475531,471.4010152284264,316.6421319796954,18.51732459628385,19.15368840004519,-0.1552187277190862,17.780805082547595,14.996011911250926,17.650356936426014,11.956375092629921
214,7.138845955692942,1,466.8573085846868,199.97834493426137,517.8704033214709,209.26482799525505,477.57924263674613,263.6100981767181,474.2152164775115,309.72257250945773,18.731082566089928,19.597445201035555,-0.1762338823475053,17.920860935010882,15.436929961199658,17.801588853336,12.401664430040077
215,7.172205048943844,1,469.44671975729995,193.39173302995826,519.9757134183363,204.39799635701274,478.8480759620189,257.07246376811594,475.96905393457115,302.32714412024757,18.869263043258478,20.020154035272782,-0.2168428870510576,17.985884448451216,15.882476694496912,17.89128634881055,12.87948003340872
216,7.205564142194745,1,472.3443008225617,186.65883274578925,521.6413308913308,199.734126984127,479.0424836601307,250.45533769063178,476.79490392648285,295.3984962406015,19.00426492133601,20.443913721564577,-0.26966812985632416,17.986485766929256,16.33496211924826,17.92805105411793,13.329518946347441
217,7.238923235445647,1,475.85154394299286,179.5055423594616,524.8028545941124,194.09931608682723,480.71686407219397,243.16920473773266,479.39578264395783,287.53892944038927,19.205929465911865,20.924697239098766,-0.3061170469802773,18.075635343260377,16.840276844413086,18.068298542411437,13.847517806677647
218,7.272282328696548,1,480.2575936883629,172.8043392504931,528.4248062015504,188.25891472868216,483.4608167770419,236.74006622516555,482.30968024529125,279.9741568112133,19.452637196062685,21.401632671624988,-0.33142400103850816,18.2320227181285,17.292458228586717,18.22888618111372,14.351501953692301
219,7.30564142194745,1,483.7642476424764,165.94833948339485,530.9143561306222,183.27757239679605,484.7698550724637,229.1808695652174,484.35,272.41435185185185,19.6368121768444,21.854025525622156,-0.38106037036890095,18.300305115348774,17.824928513431086,18.338938707821203,14.858194960308676
220,7.339000515198351,1,486.99131513647643,159.57940446650124,532.754234579738,178.21508469159474,485.3918732782369,222.0874655647383,486.09031413612564,264.81369982547994,19.793341708265572,22.293318811407147,-0.42225272991705676,18.327732143309728,18.327901259703548,18.431998496641533,15.371749544671328
221,7.372359608449253,1,490.71053710537103,153.0340303403034,535.7152380952381,173.11841269841267,487.8715538847118,215.41666666666666,488.2167714884696,257.7878406708595,20.00237732322811,22.745942914567273,-0.46182224295824914,18.470576202359958,18.808883645209704,18.549903598127596,15.851696925358405
222,7.405718701700154,1,494.30800160836344,146.76678729392842,538.0590879897237,168.87347463070006,488.98830409356725,208.8817413905133,490.1688654353562,250.2277924362357,20.189400217544495,23.157959636603948,-0.5183112894443975,18.53041392774082,19.28126229676753,18.657623797868585,16.37212832518104
223,7.439077794951056,1,498.66708860759496,140.73544303797468,541.0135135135135,164.02670527670526,490.59423503325945,202.17147080561713,492.12764122466575,243.79128934885725,20.422272345245126,23.588368509104505,-0.5597936902936288,18.620926531245054,19.771339949919934,18.76812012842794,16.819625814591372
224,7.472436888201958,1,503.5311827956989,134.8163440860215,544.6554009277667,159.38634857521535,493.3195050946142,195.38355167394465,494.56399235912124,236.64899713467048,20.695322513403266,24.010977084533636,-0.6019557625578723,18.78202646971558,20.27371545604137,18.90777152356366,17.32090893709351
225,7.505795981452859,1,508.07115135834414,129.11082363087536,548.2795156407669,155.01749075008408,496.2180974477958,189.48337200309356,497.91994572591585,230.32338308457707,20.959172847834814,24.417181458775616,-0.6417453077436684,18.956420914384157,20.71511491323773,19.10576363579468,17.771030172380758
226,7.5391550747037614,1,512.4387755102041,124.45918367346938,551.2692939244663,151.31034482758622,498.21077283372364,183.9976580796253,500.1473087818697,224.78234183191688,21.198670033469135,24.75700175584757,-0.6796842029297934,19.0755631392563,21.126993577875176,19.23678819581467,18.16684228426915
227,7.572514167954663,1,515.718174204355,120.8643216080402,553.3069105691056,147.94478319783198,499.91569086651054,179.37548790007804,501.70416666666665,220.3671296296296,21.37304339996041,25.040133022660726,-0.7024474606811761,19.17824316269832,21.476362200087085,19.328434531022786,18.48376953927799
228,7.605873261205565,1,517.4661622530474,117.99033207229928,554.7753259779338,146.11568037445667,501.26681783824637,176.93424036281178,502.9564997470915,217.34243803743044,21.478577365906478,25.232329797982153,-0.7270634061294797,19.261218803025194,21.66273903214534,19.40296937699197,18.702288303374583
229,7.639232354456466,1,517.9335839598997,116.8157894736842,554.9717741935484,145.41095430107526,500.77803738317755,175.45560747663552,502.45393150024114,216.28991799324646,21.50057185589186,25.308587050895678,-0.7398640968896565,19.228872354644114,21.772978619433406,19.371072143434027,18.77657857645115
230,7.672591447707368,1,517.9335839598997,116.8157894736842,554.906,145.35966666666667,501.1365007541478,175.5015082956259,502.45393150024114,216.28991799324646,21.498472765507007,25.310523394517595,-0.7398549144904099,19.25160382952293,21.770324624203273,19.371072143434027,18.77657857645115
231,7.705950540958269,1,517.9335839598997,116.8157894736842,554.89,145.19166666666666,501.2802037845706,175.344250363901,502.39778739778734,216.40163540163536,21.498059406093283,25.31710592429836,-0.7370272063512356,19.260548679810846,21.782500220238855,19.36770449551317,18.76846179715424
232,7.739309634209171,1,518.0567287784679,116.78178053830227,554.9484126984127,145.1107804232804,501.14267676767673,176.0347222222222,502.5765199161425,217.43134171907755,21.50405085941086,25.321894471115694,-0.7371189446172209,19.252506473234945,21.730167271356333,19.379614491608663,18.695143576817117
233,7.772668727460072,1,517.9445812807882,116.74958949096879,554.9484126984127,145.1107804232804,501.4556062912227,178.1537290715373,501.62512077294684,219.487922705314,21.500354771972702,25.323062743389464,-0.7361202979813576,19.274309109248687,21.57149297495268,19.322787314912823,18.546288738593113
234,7.806027820710974,1,517.9445812807882,116.74958949096879,554.9484126984127,145.1107804232804,499.6096256684492,181.55213903743316,498.87110481586404,223.37677053824362,21.500354771972702,25.323062743389464,-0.7361202979813576,19.16113150118499,21.312681848732733,19.15708137967976,18.263922188079327
235,7.839386913961875,1,517.9445812807882,116.74958949096879,554.9484126984127,145.1107804232804,493.71732026143786,183.6139705882353,493.6547933157432,226.39841688654354,21.500354771972702,25.323062743389464,-0.7361202979813576,18.792334395582646,21.14567253818618,18.840357916008397,18.039245264616145
236,7.872746007212777,1,517.9424430641822,116.65258799171842,554.8801425332038,144.93586005830903,487.3799533799534,187.1083916083916,487.9364282726892,232.1070681723128,21.498166362246337,25.33380191113286,-0.7356527365516238,18.39884487382327,20.871791890461232,18.497974173901124,17.625590561642248
237,7.906105100463678,1,517.9623188405797,116.5631469979296,554.9072296865003,144.80294305822136,483.0041572184429,195.68858654572938,483.9810606060606,241.6999158249158,21.499767992365626,25.3427258790362,-0.7347895954349445,18.138449681553332,20.229063785372126,18.27122445893903,16.94849054879015
238,7.9394641937145805,1,518.0567287784679,116.35445134575569,555.0601196096947,144.663204280768,479.0830052493438,207.34612860892386,481.2533810660302,254.87708830548925,21.50788788923901,25.35701993046314,-0.7353203482519225,17.914592335530116,19.371402582570607,18.1269161988352,16.036689754460724
239,7.972823286965482,1,518.0914380714879,116.36907730673316,555.0601196096947,144.663204280768,467.962962962963,219.3577160493827,473.25829875518673,270.3295297372061,21.5090328185747,25.356468312088015,-0.7355419927236082,17.252403496236425,18.486298359902786,17.67480482017383,14.977049444070628
240,8.006182380216384,1,518.1528636176349,116.25257519571487,554.8829958212793,144.80520732883318,457.3306330633063,229.85958595859586,465.84973445798187,284.20899718837865,21.50520691507182,25.355493501546235,-0.7436429009273768,16.62639549388308,17.72189093830699,17.262574335722405,14.041936339481488
241,8.039541473467285,1,518.3057298201588,116.28774571309076,554.7965662455458,144.7784256559767,457.6023235031278,233.99314864462315,468.2447872036561,291.743216223936,21.50746040364887,25.355204126891405,-0.7459268298259654,16.653363595635998,17.43276858975695,17.418971453729466,13.552396770649027
242,8.072900566718186,1,518.2044387537345,116.49850618864703,554.8313725490196,144.8660130718954,471.2132505175983,219.3053830227743,481.9904336734694,283.8093112244898,21.505230280690697,25.343092680397902,-0.7416693253380091,17.451957573419786,18.49670709686942,18.215773787110333,14.09751628515722
243,8.106259659969089,1,518.0973971452561,116.64693534844668,554.7902584493041,144.92080848243867,493.60790325327883,191.2672457843638,503.718999467802,260.85879013659746,21.50036211047702,25.33471186494637,-0.7389575111643091,18.79496221354971,20.577532045227734,19.484447796695818,15.672611111401396
244,8.13961875321999,1,517.9335839598997,116.8157894736842,555.1262102351313,144.86445366528352,520.3119034755987,161.61750405186385,531.826061663758,231.54115764979636,21.50592045714077,25.330251290978104,-0.7277446062175147,20.463471008574857,22.870270424258972,21.18156608405386,17.753686989531975
245,8.172977846470891,1,nan,nan,nan,nan,nan,nan,nan,nan,nan,nan,nan,nan,nan,nan,nan
246,8.206336939721792,1,518.0567287784679,116.78178053830227,554.847876964226,144.9896355733868,609.3916476841305,105.48139711465451,609.59763539283,177.23811339944064,21.50086841601568,25.326535875267954,-0.736314362319843,26.38318733739881,27.57312850237758,26.140026007889958,21.883470772005673
247,8.239696032972695,1,517.9335839598997,116.8157894736842,554.8443553774215,145.03039412157648,650.3690603787066,89.76348695962844,649.9869346733668,158.87202680067,21.496680989345005,25.323389908958944,-0.734720367416898,29.215072244123995,29.003313239805617,28.814024388356934,23.384587886704843
248,8.273055126223596,1,517.9335839598997,116.8157894736842,554.7509960159363,145.03917662682602,nan,nan,nan,nan,21.49364982532309,25.322932814860934,-0.7361899216853435,nan,nan,nan,nan
249,8.306414219474497,0,517.7986025482942,116.94122482531853,554.8150730411686,145.17297476759626,nan,nan,nan,nan,21.49122021576019,25.312476422106016,-0.7334854523500857,nan,nan,nan,nan
250,8.339773312725399,0,517.8424317617867,116.88709677419355,554.7049126277612,145.17111770524232,nan,nan,nan,nan,21.489085430113228,25.314675096646738,-0.7366226403052608,nan,nan,nan,nan
251,8.373132405976301,0,517.8424317617867,116.88709677419355,554.8112840466927,145.30285343709465,nan,nan,nan,nan,21.492450324594998,25.309625634503305,-0.737535009851408,nan,nan,nan,nan
252,8.406491499227203,0,517.8424317617867,116.88709677419355,554.9342537804075,145.39119000657462,nan,nan,nan,nan,21.49637965625783,25.306301969573042,-0.7374229093539907,nan,nan,nan,nan
253,8.439850592478104,0,517.8522208385222,116.91988376919882,554.7684529828109,145.3420963936636,nan,nan,nan,nan,21.49136529167996,25.306710718274005,-0.7383807644489383,nan,nan,nan,nan
254,8.473209685729005,0,517.7727272727273,116.97665847665847,554.7684529828109,145.3420963936636,716.8790087463557,87.15549076773566,711.9491927825261,137.15716999050332,21.488758150496196,25.30430042565407,-0.7361987792391372,33.758532691824904,29.406513370776846,33.00729895214167,25.24748107246721
255,8.506568778979908,0,517.7206189878711,117.14847344207443,554.6420260095824,145.62731006160163,707.6499747091552,95.86848760748609,702.8477541371158,144.53617021276597,21.482797282582073,25.285889557367547,-0.7392339090107427,33.056067741103824,28.639076057710447,32.350835756662526,24.636481322413022
256,8.539927872230809,0,517.7206189878711,117.14847344207443,554.6924381146151,145.70532383858932,700.3295081967213,100.69180327868852,695.6771614192903,148.6966516741629,21.48438199746608,25.28288587013362,-0.7399426891807913,32.521542035187444,28.212494761096767,31.850310419146435,24.28986032102518
257,8.57328696548171,0,517.8821548821549,117.1675084175084,554.8068376068376,145.76034188034185,695.0989010989011,104.28362114076398,690.2810666666666,151.75786666666664,21.493371889823727,25.280291867241957,-0.7412863833977864,32.14082251669706,27.897370061706734,31.476108015187233,24.035859347285548
258,8.606646058732613,0,518.1287128712871,117.21410891089108,554.661099512874,145.61273486430062,690.418394471026,107.98086124401914,686.1942675159236,154.86305732484075,21.49686240256733,25.284330658714197,-0.7433307111162346,31.798274370857712,27.576555706112085,31.188489291615294,23.782646155518837
259,8.640005151983514,0,518.1685162351007,117.19194410193175,554.6140350877192,145.7021052631579,687.7929708951125,112.78638110928061,683.099567099567,159.4469696969697,21.496588717225876,25.28171598971111,-0.7466064059224875,31.58722737724905,27.17105678908104,30.95682551261418,23.417772328171697
260,8.673364245234415,0,518.2596192790603,117.26285945727014,554.7258176757132,145.70668058455115,689.8754466564574,116.53547728432872,684.6231884057971,163.08856682769726,21.503215203782446,25.278900930610558,-0.7451078826752184,31.699376197469856,26.86715387518098,31.031581819574367,23.138808975793147
261,8.706723338485316,0,518.2596192790603,117.26285945727014,554.7258176757132,145.70668058455115,693.1940532081377,117.48669796557121,686.5498666666666,164.82293333333334,21.503215203782446,25.278900930610558,-0.7451078826752184,31.91400933662635,26.79742525072251,31.144747316488985,23.00919261657816
262,8.74008243173622,0,518.1523232323232,117.27353535353534,554.7715665976534,145.61801242236024,693.8254452926208,117.85394402035622,686.8744186046512,165.95090439276484,21.501223648296797,25.281868544827315,-0.7411027436184804,31.953438963261103,26.76885954222481,31.158203381706592,22.92288109984266
263,8.77344152498712,0,518.0534475724194,117.33496532027742,554.8816547982367,145.7480501865039,693.0990049751243,117.54726368159203,686.1334371754932,165.61630321910695,21.501464926724232,25.274270109517897,-0.7393675388068038,31.907216016793452,26.79220330108054,31.112534474215362,22.946972559540807
264,8.806800618238022,0,518.007733007733,117.51729751729751,554.8816547982367,145.7480501865039,692.8158295281582,117.63977676306443,685.107765451664,165.79556259904913,21.49998869632249,25.266798849008858,-0.7353307936863033,31.887628927772624,26.78387444298934,31.045046770558606,22.930757903263533
265,8.840159711488923,0,518.1,117.56138211382114,554.8879696656325,145.82661151327127,692.3338353413654,118.14106425702809,684.7940251572327,166.79716981132074,21.503186138491593,25.262045558729774,-0.7371760133348603,31.851768567109445,26.741456865516202,31.01817102994029,22.85281516294229
266,8.873518804739826,0,518.1,117.56138211382114,554.8879696656325,145.82661151327127,692.1804949053858,119.18195050946143,684.452802359882,168.52310717797442,21.503186138491593,25.262045558729774,-0.7371760133348603,31.833898096382537,26.655638356164566,30.984807052054034,22.71920728122905
267,8.906877897990727,0,518.1,117.56138211382114,554.8816547982367,145.7480501865039,691.6047619047619,120.6847619047619,683.9454277286136,169.9513274336283,21.503030675310615,25.265123085098324,-0.7358261985879313,31.784536954641045,26.531044164023598,30.942751562923974,22.60835382892842
268,8.940236991241628,0,518.0531400966183,117.90780998389693,554.8376068376068,145.8362393162393,690.171335200747,121.06022408963585,683.0537958773252,170.10708898944193,21.500059749352417,25.247468186920972,-0.7309122160644572,31.686345171158024,26.49667648431436,30.884273960184846,22.594349771482836
269,8.973596084492529,0,518.0531400966183,117.90780998389693,554.8376068376068,145.8362393162393,688.0912476722532,121.0437616387337,681.3963831867057,169.94916911045942,21.500059749352417,25.247468186920972,-0.7309122160644572,31.547966480168064,26.492735175001435,30.778484554051598,22.602644641298774
270,9.006955177743432,0,517.9536585365854,117.97520325203251,554.8376068376068,145.8362393162393,686.359864930053,120.53063193439458,679.9974861739568,169.80291603821016,21.496798286046413,25.244604427955444,-0.7282255481200883,31.43632715400064,26.530313679336192,30.68927249313064,22.610640829844126
271,9.040314270994333,0,518.0246305418719,118.02422003284072,554.8376068376068,145.8362393162393,685.8071428571428,120.48761904761903,679.2784615384616,169.8851282051282,21.499139818997122,25.242702413005176,-0.7283122547846436,31.39982495351415,26.53242754362876,30.642419467535543,22.602676774344108
272,9.073673364245234,0,518.0246305418719,118.02422003284072,554.8376068376068,145.8362393162393,685.6893063583815,120.42100192678227,673.8470464135021,175.12605485232066,21.499139818997122,25.242702413005176,-0.7283122547846436,31.39244689351561,26.53757987255115,30.26065947005743,22.189606035277556
273,9.107032457496135,0,518.0246305418719,118.02422003284072,554.8376068376068,145.8362393162393,nan,nan,nan,nan,21.499139818997122,25.242702413005176,-0.7283122547846436,nan,nan,nan,nan
274,9.140391550747038,0,518.0246305418719,118.02422003284072,554.8376068376068,145.8362393162393,nan,nan,nan,nan,21.499139818997122,25.242702413005176,-0.7283122547846436,nan,nan,nan,nan
275,9.17375064399794,0,518.0246305418719,118.02422003284072,554.8145811426568,145.832106554504,nan,nan,nan,nan,21.498396541111575,25.242837146968142,-0.7285585640299328,nan,nan,nan,nan
276,9.20710973724884,0,518.0246305418719,118.02422003284072,553.968797564688,145.63470319634703,nan,nan,nan,nan,21.471120172678418,25.249577367166722,-0.7368930105279684,nan,nan,nan,nan
277,9.240468830499742,0,nan,nan,nan,nan,nan,nan,nan,nan,nan,nan,nan,nan,nan,nan,nan
278,9.273827923750645,0,nan,nan,nan,nan,nan,nan,nan,nan,nan,nan,nan,nan,nan,nan,nan
279,9.307187017001546,0,nan,nan,nan,nan,nan,nan,nan,nan,nan,nan,nan,nan,nan,nan,nan
280,9.340546110252447,0,nan,nan,nan,nan,nan,nan,nan,nan,nan,nan,nan,nan,nan,nan,nan
281,9.373905203503348,0,nan,nan,nan,nan,nan,nan,nan,nan,nan,nan,nan,nan,nan,nan,nan
282,9.407264296754251,0,nan,nan,nan,nan,nan,nan,nan,nan,nan,nan,nan,nan,nan,nan,nan
283,9.440623390005152,0,nan,nan,nan,nan,nan,nan,nan,nan,nan,nan,nan,nan,nan,nan,nan
284,9.473982483256053,0,nan,nan,nan,nan,nan,nan,nan,nan,nan,nan,nan,nan,nan,nan,nan
285,9.507341576506954,0,nan,nan,nan,nan,nan,nan,nan,nan,nan,nan,nan,nan,nan,nan,nan
286,9.540700669757857,0,466.0471142520612,131.03180212014135,504.9289044289044,152.96853146853147,nan,nan,nan,nan,18.199491272292633,24.317478184498107,-0.5694880984832734,nan,nan,nan,nan
287,9.574059763008758,0,447.58614864864865,146.3293918918919,495.0371341197029,164.08300567933594,nan,nan,nan,nan,17.314704488723482,23.253101773310878,-0.38896516016760685,nan,nan,nan,nan
288,9.60741885625966,0,436.8133514986376,163.72388737511352,488.62517289073304,176.66804979253112,nan,nan,nan,nan,16.80554002944213,22.085763508565332,-0.254748064146022,nan,nan,nan,nan
289,9.640777949510563,0,430.60648740930424,178.21553563807083,484.1411909146715,188.5917740945365,nan,nan,nan,nan,16.504272771368967,21.081858556317158,-0.19078847289961093,nan,nan,nan,nan
290,9.674137042761464,0,424.8695473251029,192.8469135802469,479.6213450292397,201.17865497076022,nan,nan,nan,nan,16.222529384654802,20.066275288378826,-0.1424946035003819,nan,nan,nan,nan
291,9.707496136012365,0,421.44878048780487,209.42479674796746,477.0833333333333,214.75511945392492,nan,nan,nan,nan,16.082938028852098,18.967268303184426,-0.07732416267053917,nan,nan,nan,nan
292,9.740855229263266,0,421.33653846153845,221.44907407407405,476.87473118279564,224.7860215053763,nan,nan,nan,nan,16.10588807036753,18.18073864098156,-0.03611184766464789,nan,nan,nan,nan
293,9.774214322514169,0,421.83070348454964,229.0575279421433,477.37551695616213,231.26523297491036,nan,nan,nan,nan,16.15685623091282,17.685151372136367,-0.012787594276876873,nan,nan,nan,nan
294,9.80757341576507,0,423.02445561139024,233.38927973199327,477.8491525423729,235.12372881355932,nan,nan,nan,nan,16.21924872200782,17.400071002983204,-0.0035527072408017353,nan,nan,nan,nan
295,9.840932509015971,0,423.7375745526839,235.17627567925777,478.8179271708683,236.066106442577,nan,nan,nan,nan,16.27454587667036,17.306520577886424,0.01417723117058325,nan,nan,nan,nan
296,9.874291602266872,0,423.7470588235294,233.65882352941176,478.70223325062034,234.44775296388198,nan,nan,nan,nan,16.26706654315248,17.415864045774573,0.016295952660447092,nan,nan,nan,nan
297,9.907650695517775,0,423.4480664749121,232.75966762543942,478.1004122497055,234.14988221436982,nan,nan,nan,nan,16.237710793685775,17.45677990614822,0.003583057717726102,nan,nan,nan,nan
298,9.941009788768676,0,423.82689950980387,234.4889705882353,478.6090367965367,233.2362012987013,nan,nan,nan,nan,16.267161210151556,17.42929582431685,0.05909414445214524,nan,nan,nan,nan
299,9.974368882019577,0,424.5,235.5,479.89442986293375,233.4838145231846,nan,nan,nan,nan,16.32884129348831,17.387352614990668,0.07459027980490801,nan,nan,nan,nan
300,10.007727975270479,0,426.91424887169563,235.9825918762089,481.8269629629629,233.86637037037033,nan,nan,nan,nan,16.46209997621945,17.361486629261467,0.07701077811180083,nan,nan,nan,nan
301,10.041087068521382,0,430.4299617657282,237.42266249565517,483.5407817790089,234.54724530624807,nan,nan,nan,nan,16.623929697496422,17.292773137522644,0.09479444028962696,nan,nan,nan,nan
302,10.074446161772283,0,432.71075484301934,238.96225784903137,486.06383619391744,236.59168925022584,nan,nan,nan,nan,16.77398875785707,17.17265881502791,0.08353877716468505,nan,nan,nan,nan
303,10.107805255023184,0,434.3588935574229,237.5,487.26937618147446,235.13169502205417,nan,nan,nan,nan,16.857080151545816,17.27725672696606,0.08401998322107404,nan,nan,nan,nan
304,10.141164348274085,0,434.43472627146093,236.5788791707159,487.35851990049747,234.73818407960198,nan,nan,nan,nan,16.8602720128262,17.32321378855615,0.07263389721242725,nan,nan,nan,nan
305,10.174523441524988,0,434.37349004244203,236.4893894874306,487.47811447811443,234.7581879400061,nan,nan,nan,nan,16.86192352841515,17.325686851044654,0.07013663378221979,nan,nan,nan,nan
306,10.207882534775889,0,434.4596906877262,236.23823626192825,487.8594890510949,234.78649635036496,nan,nan,nan,nan,16.87575471860694,17.33390428279356,0.06393500749875117,nan,nan,nan,nan
307,10.24124162802679,0,435.9458598726115,235.44692144373673,488.96511259118296,234.78084364097683,nan,nan,nan,nan,16.953191195964873,17.364241094780624,0.047174321293470885,nan,nan,nan,nan
308,10.274600721277691,0,436.1860540892799,234.34343434343432,489.30078247261343,234.43348982785602,nan,nan,nan,nan,16.968655044114332,17.415446203616504,0.030833084280423476,nan,nan,nan,nan
309,10.307959814528594,0,436.23382113821134,234.210081300813,489.5482779827798,234.1359163591636,nan,nan,nan,nan,16.977231529073382,17.430809829531434,0.03438872859978678,nan,nan,nan,nan
310,10.341318907779495,0,436.23382113821134,234.210081300813,489.86065808297565,233.48984263233186,nan,nan,nan,nan,16.986330287304767,17.453748437530784,0.048237738131534584,nan,nan,nan,nan
311,10.374678001030397,0,436.23382113821134,234.210081300813,489.8900493182477,233.6637655932695,nan,nan,nan,nan,16.987340768962916,17.447685124423188,0.044500475049239485,nan,nan,nan,nan
312,10.408037094281298,0,436.23382113821134,234.210081300813,489.8782885226944,233.6218560277537,nan,nan,nan,nan,16.986954625424232,17.44914137829817,0.045401751872440985,nan,nan,nan,nan
313,10.4413961875322,0,436.3391869918699,234.210081300813,490.5421487603306,233.49366391184572,nan,nan,nan,nan,17.01031577888976,17.454401873413282,0.047992346124391835,nan,nan,nan,nan
314,10.474755280783102,0,436.1783541466538,234.36631444124237,490.25630482456137,233.38651315789474,nan,nan,nan,nan,16.996903506754517,17.452257926127714,0.053621408643672666,nan,nan,nan,nan
315,10.508114374034003,0,436.285398927783,234.54241564175337,490.143216080402,233.45477386934672,nan,nan,nan,nan,16.9970383735955,17.443715469208623,0.05599922172640326,nan,nan,nan,nan
316,10.541473467284904,0,436.21177944862154,234.58364661654136,490.16610455311974,233.37015177065769,nan,nan,nan,nan,16.995514805427398,17.445191876608803,0.058637790243134626,nan,nan,nan,nan
317,10.574832560535807,0,436.2006259780907,234.58904538341156,490.16610455311974,233.37015177065769,nan,nan,nan,nan,16.995185184086694,17.44499245170901,0.05874717787394391,nan,nan,nan,nan
318,10.608191653786708,0,436.2006259780907,234.58904538341156,490.15261382799326,233.5387858347386,nan,nan,nan,nan,16.994883557091505,17.439070503703014,0.055159242630979315,nan,nan,nan,nan
319,10.64155074703761,0,436.2006259780907,234.58904538341156,490.15261382799326,233.5387858347386,nan,nan,nan,nan,16.994883557091505,17.439070503703014,0.055159242630979315,nan,nan,nan,nan
320,10.674909840288512,0,436.2006259780907,234.58904538341156,490.17572156196945,233.45415959252972,nan,nan,nan,nan,16.995533194525848,17.442058543419087,0.05695272352811795,nan,nan,nan,nan
321,10.708268933539413,0,436.2006259780907,234.58904538341156,490.17572156196945,233.45415959252972,nan,nan,nan,nan,16.995533194525848,17.442058543419087,0.05695272352811795,nan,nan,nan,nan
322,10.741628026790314,0,436.2006259780907,234.58904538341156,490.17572156196945,233.45415959252972,nan,nan,nan,nan,16.995533194525848,17.442058543419087,0.05695272352811795,nan,nan,nan,nan
323,10.774987120041216,0,436.21177944862154,234.58364661654136,490.16610455311974,233.37015177065769,nan,nan,nan,nan,16.995514805427398,17.445191876608803,0.058637790243134626,nan,nan,nan,nan
324,10.808346213292118,0,436.21177944862154,234.58364661654136,490.16610455311974,233.37015177065769,nan,nan,nan,nan,16.995514805427398,17.445191876608803,0.058637790243134626,nan,nan,nan,nan
325,10.84170530654302,0,436.25408805031446,234.56132075471697,490.09379509379505,233.70274170274166,nan,nan,nan,nan,16.99477366575183,17.43428861167739,0.051112991752908656,nan,nan,nan,nan
326,10.87506439979392,0,436.4034416826004,234.45219885277245,490.09379509379505,233.70274170274166,nan,nan,nan,nan,16.99912730792619,17.438244175336017,0.04883228775804479,nan,nan,nan,nan
327,10.908423493044822,0,436.4034416826004,234.45219885277245,490.09379509379505,233.70274170274166,nan,nan,nan,nan,16.99912730792619,17.438244175336017,0.04883228775804479,nan,nan,nan,nan
328,10.941782586295725,0,436.4034416826004,234.45219885277245,489.8900493182477,233.6637655932695,nan,nan,nan,nan,16.992888755976203,17.439405451826335,0.04973158616600818,nan,nan,nan,nan
329,10.975141679546626,0,436.4034416826004,234.45219885277245,489.8900493182477,233.6637655932695,nan,nan,nan,nan,16.992888755976203,17.439405451826335,0.04973158616600818,nan,nan,nan,nan
330,11.008500772797527,0,436.44,234.4952380952381,489.8900493182477,233.6637655932695,nan,nan,nan,nan,16.994069266238455,17.437940262901535,0.05066692127782605,nan,nan,nan,nan
331,11.041859866048428,0,436.44,234.4952380952381,489.8900493182477,233.6637655932695,nan,nan,nan,nan,16.994069266238455,17.437940262901535,0.05066692127782605,nan,nan,nan,nan
332,11.075218959299331,0,436.4080405191516,234.52263374485594,489.8900493182477,233.6637655932695,nan,nan,nan,nan,16.993144259302255,17.43695270440832,0.051243881506083326,nan,nan,nan,nan
333,11.108578052550232,0,436.3714648871941,234.47982205274863,489.8900493182477,233.6637655932695,nan,nan,nan,nan,16.99196359628781,17.438409886505777,0.05031361715338606,nan,nan,nan,nan
334,11.141937145801133,0,436.3714648871941,234.47982205274863,489.829037037037,233.9339259259259,689.3847370502174,193.94385132463424,701.8019525801952,248.94979079497907,16.990280605438024,17.42888735521308,0.04452104410524101,31.13398594437165,20.8073578391809,31.54831641802377,16.874483917485954
335,11.175296239052035,0,436.3714648871941,234.47982205274863,489.88216652261593,233.5762028233938,nan,nan,nan,nan,16.991665750284426,17.441469268155473,0.05219824532570821,nan,nan,nan,nan
336,11.208655332302937,0,436.3714648871941,234.47982205274863,489.88216652261593,233.5762028233938,nan,nan,nan,nan,16.991665750284426,17.441469268155473,0.05219824532570821,nan,nan,nan,nan
337,11.242014425553839,0,436.3714648871941,234.47982205274863,489.88216652261593,233.5762028233938,562.4643752237737,307.8915145005371,574.9121702637889,368.0476618705036,16.991665750284426,17.441469268155473,0.05219824532570821,22.95819896701529,12.671972273882504,23.589144584824055,8.95185526546911
338,11.27537351880474,0,436.3714648871941,234.47982205274863,489.88216652261593,233.5762028233938,543.460225442834,322.80225442834137,552.7760127084988,383.62668784749803,16.991665750284426,17.441469268155473,0.05219824532570821,21.83488691650364,11.688614831636302,22.32111265399497,7.990773649525726
339,11.30873261205564,0,436.3714648871941,234.47982205274863,489.88216652261593,233.5762028233938,521.8616623526028,333.34483750359504,532.218306412139,392.8972099853157,16.991665750284426,17.441469268155473,0.05219824532570821,20.58279057463549,10.99087873162277,21.16609425127235,7.416633836928644
340,11.342091705306544,0,436.3714648871941,234.47982205274863,489.88216652261593,233.5762028233938,504.80707395498393,339.66738120757407,513.4495305164319,397.09301643192487,16.991665750284426,17.441469268155473,0.05219824532570821,19.604860926635084,10.570327624940386,20.121883471963354,7.1451956241574734
341,11.375450798557445,0,436.3714648871941,234.47982205274863,489.88216652261593,233.5762028233938,494.1071553228621,334.1260034904014,502.1006097560976,390.5643631436314,16.991665750284426,17.441469268155473,0.05219824532570821,18.985848880138313,10.896470662153364,19.487066685438545,7.508339105082653
342,11.408809891808346,0,436.3714648871941,234.47982205274863,489.88216652261593,233.5762028233938,484.69989165763815,321.6388587937883,491.85835095137423,378.11698379140233,16.991665750284426,17.441469268155473,0.05219824532570821,18.428468261879924,11.662924981426372,18.903775179809546,8.224473056601623
343,11.442168985059247,0,477.76794097920856,341.2897384305835,489.88216652261593,233.5762028233938,475.4142431021625,312.6558538404176,481.4767096134787,366.9719193921374,18.33850898597223,13.976345816587141,1.492042118020024,17.876342617570742,12.216550818251646,18.30664959196299,8.87191525323431
344,11.47552807831015,0,436.36,234.48857142857142,489.88216652261593,233.5762028233938,469.00610500610503,310.1339031339031,473.0657427149964,361.72921108742,16.991332152773893,17.441152609977713,0.0523816188224971,17.499176886883316,12.366409999462942,17.82398259880569,9.173642865085418
345,11.508887171561051,2,436.36,234.48857142857142,489.88216652261593,233.5762028233938,464.385109114249,308.22207958921695,468.600074822297,358.93303404414513,16.991332152773893,17.441152609977713,0.0523816188224971,17.226426001048253,12.480670347487191,17.56664673690416,9.335259349039438
346,11.542246264811952,2,436.29942418426106,234.40019193857967,489.8900493182477,233.6637655932695,460.1851390618513,310.1046077210461,464.07244607244604,360.18599918599915,16.989645682385678,17.441116457772864,0.04858537169118524,16.986075988515168,12.353099581006296,17.313009206245525,9.25258751379223
347,11.575605358062854,2,436.31091898815237,234.39129042587254,489.8900493182477,233.6637655932695,458.40410958904107,312.67716894977167,461.2725716730851,360.6354300385109,16.989979943106214,17.441438487835203,0.048398137794349615,16.88834609523345,12.186058642222811,17.155716065738833,9.22113498600102
348,11.608964451313756,2,436.31091898815237,234.39129042587254,489.8900493182477,233.6637655932695,457.51319910514536,313.4702460850112,459.8746556473829,361.68916437098255,16.989979943106214,17.441438487835203,0.048398137794349615,16.83844550716345,12.13408380623983,17.078957029582906,9.155517323526517
349,11.642323544564658,2,436.2628083491461,234.50822264389626,489.8900493182477,233.6637655932695,457.42312746386335,315.28646517739816,459.22321050402365,362.50656501482416,16.988712277283774,17.437310924738355,0.05088571866398767,16.837372888690595,12.018570757228972,17.04390790387634,9.105347523828458
350,11.675682637815559,2,436.2628083491461,234.50822264389626,489.8900493182477,233.6637655932695,456.1023751023751,319.8701883701884,457.5214348206474,366.58048993875764,16.988712277283774,17.437310924738355,0.05088571866398767,16.77147584396142,11.726281944819645,16.956683388429976,8.858407268002445
351,11.709041731066462,2,436.2515007898894,234.51848341232227,489.8840198656149,233.75255623721878,455.8918462188424,324.0452049007182,457.2431838170624,370.4472295514512,16.988260371212935,17.43382572519462,0.049199332315756746,16.768984513764128,11.463089352344623,16.949355266804364,8.627146287294474
352,11.742400824317363,2,436.2515007898894,234.51848341232227,489.8840198656149,233.75255623721878,458.446507515473,327.1609195402299,459.16871865025075,373.0223438212494,16.988260371212935,17.43382572519462,0.049199332315756746,16.92321984023502,11.27201664922667,17.062872437289077,8.476907729696842
353,11.775759917568264,2,436.2515007898894,234.51848341232227,489.8840198656149,233.75255623721878,460.46921723834646,325.2959542656112,461.47045855379184,372.5,16.988260371212935,17.43382572519462,0.049199332315756746,17.035646970990875,11.392240400846655,17.19092759909551,8.511451435335925
354,11.809119010819165,2,436.2741020793951,234.5526149968494,489.8840198656149,233.75255623721878,460.98688663282564,322.73646362098134,461.4566623544631,369.0940060370849,16.989002633800027,17.43265751729961,0.04993662396516012,17.059999236645094,11.553896233696262,17.183285558524087,8.714277620054641
355,11.842478104070068,2,436.2741020793951,234.5526149968494,489.8637834657252,233.84260076493084,461.6387816387816,319.4272844272844,461.51429790866405,366.51045667947074,16.988444686364655,17.42948374609958,0.0480106201380065,17.090586469999515,11.76359307227117,17.181303358184714,8.868752567236664
356,11.875837197320969,2,436.2316384180791,234.5957313245449,489.8637834657252,233.84260076493084,462.9454314720812,316.72504230118443,463.30967741935484,364.42107526881716,16.98722690460805,17.427937426318174,0.04892086518231361,17.160508405650088,11.93675023572318,17.27827611765126,8.99671817143415
357,11.90919629057187,2,436.1878730757147,234.58466855168078,489.8637834657252,233.84260076493084,462.41326938449237,314.1938449240607,462.5049335049335,360.6181896181896,16.98588032022819,17.428279782522512,0.04867128953597845,17.124323685159,12.096457859694835,17.225297054074634,9.22409559030185
358,11.942555383822771,2,436.2316384180791,234.5957313245449,489.829037037037,233.9339259259259,460.524349286314,310.99706129303104,460.2350371341197,358.5565749235474,16.986227462479285,17.424704650420374,0.04697168974223153,17.007755319702543,12.296735553688235,17.092784536396074,9.344894580541638
359,11.975914477073674,2,436.2316384180791,234.5957313245449,489.829037037037,233.9339259259259,460.37304452466907,308.4524669073406,459.661822985469,354.64949361514743,16.986227462479285,17.424704650420374,0.04697168974223153,16.993365994891878,12.459002087498579,17.052139617371044,9.580431460497062
360,12.009273570324575,2,436.2316384180791,234.5957313245449,489.80729626360693,234.01912327155043,460.21623731459795,305.5374707259953,459.5111672987779,352.1116729877792,16.985620614219837,17.42169980020061,0.04514855669425047,16.977792882357157,12.645508691797867,17.038223536586216,9.734330473192513
361,12.042632663575477,2,436.2316384180791,234.5957313245449,489.80729626360693,234.01912327155043,458.78951678951677,302.23177723177724,459.2206390328152,348.4205526770293,16.985620614219837,17.42169980020061,0.04514855669425047,16.887123632870274,12.855599171816149,17.013850645169057,9.958846412430777
362,12.075991756826378,2,436.2741020793951,234.5526149968494,489.8683376548545,233.74906367041194,460.3876543209877,298.0847736625514,459.44573144573144,344.4298584298584,16.988522149961657,17.43276414558388,0.050016595107655104,16.97124662658653,13.126246903011024,17.01811923151833,10.203512639432782
363,12.10935085007728,2,436.29297900262463,232.11286089238845,489.6011024078909,230.36002320858714,460.66338259441704,294.41584564860426,459.91734052111406,340.43935309973045,16.974674570592555,17.63669459091861,0.0707497907310442,16.979230743378906,13.364802911879229,17.036492103348507,10.449689988080523
364,12.142709943328182,2,436.5,229.5,489.0965360590573,226.50880181714933,460.06791666666663,290.79541666666665,459.33895373973195,336.46822308690014,16.958635785233476,17.863720710555533,0.0985601991298407,16.93612702179554,13.599672492917813,16.99486469067625,10.694088265360284
365,12.176069036579083,2,434.5,225.5,487.71372549019605,222.8232277526395,458.8864105741429,286.74225526641885,458.26873037236425,332.2409152086137,16.84602352721387,18.131552505753497,0.09132788367126551,16.857308555597516,13.862868398277133,16.924256374061233,10.95472042577297
366,12.209428129829984,2,434.49896694214874,221.69077134986225,487.62860541183466,218.6544751709783,459.317316017316,282.5181818181818,458.7084592145015,327.24521651560923,16.833934010262684,18.414465025191255,0.0995534506439549,16.872982332901998,14.141500921752634,16.938485447171146,11.26717700229588
367,12.242787223080887,2,434.4,217.67721088435374,487.66957279860503,214.05114792211566,460.39253539253536,278.1981981981982,459.4025405168637,322.5698642137538,16.822011206132544,18.721665541667736,0.11254705385145967,16.926684939054454,14.429077765723749,16.968186015966268,11.561718249691166
368,12.276146316331788,2,434.27718926553666,213.57415254237287,486.4334500875657,208.96263864565088,459.5796897038082,273.40714621532675,459.11789772727275,317.15482954545456,16.769260689502847,19.04986100294714,0.13650007961384122,16.867429729992104,14.746065951928593,16.939759126017062,11.903029213905487
369,12.30950540958269,2,433.45033580770587,209.32378932484974,485.534897713598,204.12063778580023,459.3911917098446,268.5371329879102,459.1567328918322,312.47328918322296,16.704909199576846,19.375899697766048,0.15026060908664732,16.84485009708726,15.071308637090638,16.931580802478464,12.200324964030715
370,12.34286450283359,2,433.0157894736842,205.38210526315788,484.8503086419753,198.97808641975305,460.3465020576131,264.3872427983539,460.03804089396095,306.8502139800285,16.659292833987653,19.704234182985502,0.17805363589527384,16.892160442551184,15.352051059427044,16.97031844351989,12.561007888022806
371,12.376223596084493,2,432.02971715001786,201.41174364482634,483.8088599752168,194.09882280049564,459.87303664921467,260.2085514834206,459.080551846907,302.52069425901203,16.58535077670169,20.024837617007,0.19896393114452357,16.854084170993115,15.63345456890083,16.904775266278897,12.837496161961653
372,12.409582689335394,2,430.5534119328331,197.69846373704894,482.24659702437475,189.792655903767,458.42195767195767,255.7116402116402,457.81435756744395,298.34659350708733,16.48042938853632,20.315541680680703,0.2129792713157869,16.75636713998933,15.936057704115562,16.821192142296944,13.104767719541169
373,12.442941782586296,2,428.03218884120173,193.74213161659512,479.7338355304457,186.51883239171374,456.2052896725441,252.1057934508816,455.25647782169517,294.4119455423803,16.31312137814175,20.576083364861283,0.19841420859437076,16.614284053717164,16.17783394692978,16.662003449815725,13.355466663473237
374,12.476300875837197,2,425.9588256355173,190.26745435016113,477.3474576271187,183.21971123666037,453.45072836332474,248.74678663239075,452.9368131868132,290.71520146520146,16.16393088741801,20.821592032656117,0.19599543093344501,16.439829824871357,16.402634299223884,16.516705422136777,13.592173107033197
375,12.5096599690881,2,423.72431077694233,187.17293233082708,475.00916830386376,180.23477406679766,451.28137931034485,245.5167816091954,450.78482972136226,287.5495356037152,16.011684178983927,21.042174252947845,0.19433070383199,16.300383813863053,16.620554440922636,16.38204895736202,13.795365821514375
376,12.543019062339,2,420.9308390022676,183.69727891156464,472.4259259259259,177.9077322936972,448.0714615029967,243.22591055786074,447.5460495558672,285.0794763908368,15.833583435788654,21.252135060088243,0.1681674990353608,16.100142739249932,16.77233581728914,16.184703880080153,13.951600933310392
377,12.576378155589902,2,418.027502750275,181.3226989365603,469.7407407407407,175.8324838600068,444.595061728395,240.64345679012342,444.1364902506964,282.67084493964717,15.650813532177658,21.412130928701387,0.1611520707426708,15.882404139968793,16.944177305935007,15.97692432954015,14.103898877046316
378,12.609737248840803,2,416.2600368324125,178.9539594843462,467.7368772985623,173.82714811099964,442.41453634085207,238.30375939849625,441.5124041497519,280.3252142534957,15.524810928554151,21.571714314105996,0.1537180945880757,15.74331262318661,17.102207269761703,15.815199696097746,14.253861885462175
379,12.643096342091706,2,414.6644736842105,176.12317251461985,466.13473053892216,171.6437125748503,440.4219653179191,236.04865125240846,439.37610619469024,277.47443461160276,15.415357532381195,21.756396220197757,0.13919378365381493,15.615516836289041,17.255141627629467,15.680386695831793,14.438570828346377
380,12.676455435342607,2,413.16779533483816,173.38148984198645,464.6552845528455,169.65430894308943,438.6261770244821,233.77589453860637,437.3876080691643,275.1657060518732,15.313002735379774,21.93120031974903,0.12209320982552241,15.499285640247411,17.410098129152487,15.555578217436922,14.588121239066579
381,12.709814528593508,2,410.8679026651217,170.86481266898414,463.0112211221122,167.79339933993398,436.22855818266106,231.45850718590634,435.2169082125603,272.93381642512077,15.180494642187618,22.092066363618912,0.1062523697649398,15.345997793389769,17.56738389171979,15.419881623648394,14.732605434930889
382,12.74317362184441,2,410.53971789161096,168.11841128433554,461.4178082191781,165.56849315068493,484.57142857142856,169.31519274376416,432.3683668212261,269.8614116434827,15.110458645745844,22.27819561443473,0.09597930249558688,18.1938157597394,22.200735750697362,15.240823453488769,14.932351514390392
383,12.776532715095312,2,409.02655889145495,165.23749037721322,460.42027559055117,162.21653543307087,484.1149425287356,166.81379310344826,432.0703318474492,267.1218424962853,15.019899701304748,22.512407948697145,0.10663692891902081,18.160704921304553,22.389811347235405,15.214042050056273,15.115226481581418
384,12.809891808346213,2,408.42323809523805,162.42323809523808,459.6420817369093,159.5,484.2788671023965,164.38126361655773,430.60419947506557,263.45511811023624,14.965810400562045,22.72190260050828,0.1048491752049897,18.167095091741125,22.575647193092927,15.114416905149337,15.35891794330659
385,12.843250901597115,2,408.31144599928234,159.39899533548618,459.7778813296054,156.8198198198198,484.0365296803653,161.54337899543378,430.51924037981007,260.8740629685157,14.95584961352074,22.940385276620205,0.09673854681323951,18.146927203598366,22.792184065998065,15.100593503116876,15.532871606860356
386,12.876609994848017,2,408.2600368324125,156.9539594843462,459.39270315091204,153.81857379767825,432.5157845868152,217.52321262766944,430.3628556092324,257.4347826086956,14.932060818802162,23.149301850009664,0.11047754045917729,15.071771134225441,18.544057535276945,15.079523287371757,15.76542127619074
387,12.909969088098919,2,406.57676190476184,154.5767619047619,457.9351119894598,151.54347826086956,431.2963496637848,215.33189241114312,428.7942708333333,255.47291666666666,14.823059658590292,23.325031789482225,0.10798733732553274,14.989201879332352,18.69782761352348,14.978832424762595,15.895679372177637
388,12.94332818134982,2,405.5,152.5,456.6971307120085,149.631597591215,480.78333333333325,153.27380952380952,426.4646302250804,253.43301178992493,14.741367998738632,23.47652498339746,0.10451593262404558,17.924491414162773,23.421679333833005,14.83199573042091,16.030089732838256
389,12.976687274600721,2,404.57676190476184,150.5767619047619,455.73313589996707,147.8219809147746,480.0456140350877,152.5438596491228,426.1968253968254,251.36613756613755,14.673693293838614,23.61897671626831,0.10205950164526627,17.87585867392722,23.476500498559872,14.80851780002058,16.17061682959665
390,13.010046367851624,2,404.42323809523805,148.42323809523808,455.3582491582491,146.0296296296296,427.399012345679,209.4464197530864,425.30269989615783,249.36240913811005,14.648823602077865,23.77161960396375,0.09392699180379496,14.728039515439383,19.111516799281297,14.74755881890442,16.305956971789467
391,13.043405461102525,2,403.76678876678875,146.5026455026455,454.7561825148032,145.06548241030998,426.60207100591714,207.93540433925045,424.3911182450508,247.4489031567683,14.602293432321497,23.88235446314195,0.07120049322037272,14.673251185508482,19.218618767292877,14.685737427618314,16.435388630225198
392,13.076764554353426,2,403.40952380952376,146.57060041407868,454.29745137491614,144.32696177062374,426.451768488746,206.82636655948554,423.88561076604555,246.45082815734986,14.575205211232213,23.907612315498504,0.09055742172992082,14.659789910368124,19.29826422133813,14.651628387648106,16.502956500438156
393,13.110123647604327,2,403.4207781789009,146.36502206177295,454.5769759450171,144.440206185567,425.24916307986604,209.3223338115734,423.29512317747606,247.50930115635995,14.584203727119661,23.91152263207397,0.08270671689966329,14.595141937468894,19.115949556024226,14.620009552292869,16.429118330682645
394,13.14348274085523,2,403.2680734661977,146.2399374755764,454.29745137491614,144.32696177062374,422.82216381953566,215.742444152431,421.31693989071033,253.29061102831594,14.569849025401798,23.920301983726468,0.0825483763712192,14.470669442570616,18.65103022425381,14.5228054139336,16.029928543451017
395,13.176841834106131,2,403.2732240437158,146.23145979703355,454.0846405228758,144.25882352941176,420.3022522522522,222.66486486486485,419.1535526943252,260.9613733905579,14.5630479870923,23.923049136434123,0.08417443114530014,14.343505474422736,18.154134432418783,14.422420599976117,15.505509068353446
396,13.210200927357032,2,403.3491329479769,146.09017341040462,454.05869001297015,144.17120622568095,419.9653508771929,230.80087719298245,419.63824988723496,270.0396932792061,14.564156414186895,23.93202978623132,0.0829917063773513,14.354937124384392,17.580873083688704,14.485524571488948,14.896814511965054
397,13.243560020607934,2,403.3491329479769,146.09017341040462,454.0635704874835,144.16600790513834,430.0278867102396,237.11633986928103,430.38542846357115,277.98603246508117,14.564305696249303,23.932238918097315,0.08311208617363264,14.988927836506226,17.160234717526514,15.150240455823656,14.388241511237403
398,13.276919113858836,2,403.3050133945656,146.00612323000382,454.0635704874835,144.16600790513834,453.1146545178435,234.62794229309034,452.43576567317575,277.32031517643026,14.562682647190112,23.935456290326485,0.0810621893316648,16.382146728575503,17.379470087053964,16.45318705110572,14.472711340586995
399,13.310278207109738,2,403.2071455720258,146.0760167236792,454.0635704874835,144.16600790513834,471.4280100035727,223.86923901393354,471.808908045977,269.4590517241379,14.559727845526556,23.932621866686333,0.08264567174376895,17.474408378136296,18.172993559980757,17.586802925295054,15.032663226413243
400,13.343637300360639,2,403.2332951508209,146.04772814051162,454.0635704874835,144.16600790513834,490.45272727272726,200.5712121212121,493.4125344352617,251.44903581267218,14.560493095656703,23.933753132490974,0.08199363403012508,18.609976249479082,19.887707592776188,18.85491175628034,16.294612934370107
401,13.37699639361154,2,403.2332951508209,146.04772814051162,454.18678739101273,144.27263581488933,524.6509090909091,174.0278787878788,525.553086419753,227.07654320987655,14.564613326460648,23.92972954346127,0.07933613119500917,20.741201034228556,21.934514792491523,20.79742514293017,18.056110998465225
402,13.410355486862443,2,403.34096983581514,145.95838106147383,454.07403718459494,144.25498007968127,562.6322897483118,148.2903621853898,562.0219845513963,203.04842543077837,14.564180860512014,23.933888746491718,0.07780594024869941,23.195239540464062,24.00319914865434,23.074041304205714,19.859787005882843
403,13.443714580113344,2,403.34096983581514,145.95838106147383,454.07403718459494,144.25498007968127,595.5295001878992,128.9334836527621,594.4027498323272,182.28068410462777,14.564180860512014,23.933888746491718,0.07780594024869941,25.38518517207082,25.620061545601608,25.157546737882846,21.469116341979234
404,13.477073673364245,2,403.34096983581514,145.95838106147383,454.07403718459494,144.25498007968127,617.5300127713921,112.34184759472114,615.6752136752136,165.27800269905532,14.564180860512014,23.933888746491718,0.07780594024869941,26.899217218592696,27.026615042405943,26.57186008687559,22.80960451197265
405,13.510432766615146,2,403.3185606060606,145.8969696969697,454.07403718459494,144.25498007968127,630.6781609195402,98.53323338330833,630.502487562189,149.79873360470373,14.563309269807117,23.936251495588714,0.07631880674897765,27.8398178525707,28.209417068630508,27.59350047330435,24.04685126520904
406,13.54379185986605,2,403.338246409675,145.87074829931973,454.07403718459494,144.25498007968127,nan,nan,nan,nan,14.563873070569398,23.93729496506865,0.07570646457362257,nan,nan,nan,nan
407,13.57715095311695,2,403.15407741450576,145.782412626832,453.9869152764147,144.10238796205428,nan,nan,nan,nan,14.55473029404273,23.946378988603918,0.07717927866598501,nan,nan,nan,nan
408,13.610510046367851,2,403.13696556942864,145.85925085130535,454.0262284196547,144.07171314741035,nan,nan,nan,nan,14.555595672232618,23.944615691249638,0.07970228037826559,nan,nan,nan,nan
409,13.643869139618753,2,403.1582302212223,145.75665541807274,454.0262284196547,144.07171314741035,630.8615196078431,101.13480392156862,631.697498545666,144.60383944153577,14.556017271770546,23.94863289665618,0.07727114615293836,27.839821389441873,27.991808267963094,27.694516890287588,24.458865002694633
410,13.677228232869655,2,403.1186186186186,145.81944444444443,453.93906455862975,144.13636363636363,630.4049382716049,102.47037037037038,630.4130695443645,144.91606714628296,14.55220046648925,23.943510194233255,0.07725964807885001,27.8028786090768,27.878941159405013,27.609329471860914,24.431097094822633
411,13.710587326120557,0,403.15216572504704,145.80790960451978,453.8632646385345,144.07294733398754,626.3693693693693,100.99159159159159,626.4282282282281,143.9087087087087,14.550712830608369,23.946388989178168,0.0785936529296032,27.53889561725754,27.99196574877568,27.353770738374365,24.501090567458313
412,13.743946419371458,0,403.15216572504704,145.80790960451978,453.8632646385345,144.07294733398754,620.8257575757575,102.83682983682984,621.5681063122923,145.67331118493908,14.550712830608369,23.946388989178168,0.0785936529296032,27.158967351120815,27.823213037649392,27.029542179647326,24.35001755985563
413,13.777305512622359,0,403.1551387260648,146.36420476748728,453.93906455862975,144.13636363636363,618.8425153032832,103.16249304396216,618.9657817109144,145.9061946902655,14.554742372820257,23.92236399874668,0.09030696205391484,27.0247144993164,27.790849104854086,26.85910834354831,24.325393580555446
414,13.810664605873262,0,403.19086973632426,146.46674537583627,453.8720738542697,144.1605670952852,619.2546296296297,101.43827160493827,618.8941709111488,145.42388228636105,14.554024840723734,23.917392903202263,0.0922874736798944,27.059565608337365,27.93589135692041,26.85635145261069,24.36325527576418
415,13.844023699124163,0,403.2067061143984,146.49506903353057,453.9767973856209,144.22941176470587,618.3629873695771,99.76112026359144,618.0203735144312,145.33333333333331,14.558072624846936,23.913742515784996,0.09121682135369205,27.00676323490502,28.07389098874099,26.799787089196997,24.368294558590698
416,13.877382792375064,0,403.2245062474808,146.59411527609834,453.90133073677373,144.1658552418046,620.6292974588939,99.81265570503237,619.0,145.5,14.55637014967294,23.91230911180387,0.09521231967222102,27.158711781367963,28.07555091966521,26.862944115957074,24.35750597378227
417,13.910741885625967,0,403.1715210355987,146.72613268608413,453.98649538866925,144.3181818181818,627.8395415472779,100.54489016236866,624.4940010432967,147.36254564423578,14.557972658755302,23.90125935246761,0.09455640706749427,27.639644058368866,28.03323021132721,27.21310376009249,24.22395348648331
418,13.944100978876868,0,402.940292605773,146.75998418347172,454.0023056653491,144.5,632.8978930307942,101.3938411669368,629.2212885154061,148.97254901960784,14.551441540912016,23.892580609368835,0.09074988461427808,27.975319062480263,27.975493499343763,27.51381389364427,24.108668740840766
419,13.97746007212777,0,402.940292605773,146.75998418347172,454.0023056653491,144.5,631.8570699336395,101.9811128126595,628.8400214018192,150.3103263777421,14.551441540912016,23.892580609368835,0.09074988461427808,27.90263205770761,27.92364111259611,27.483190852337856,24.00274224201559
420,14.01081916537867,0,403.23158323158316,146.7016687016687,454.08997343957503,144.4382470119522,624.3975851660198,102.95860284605433,623.3999068901303,151.1671322160149,14.563336729599623,23.897709337256668,0.09105155945370945,27.397822836134658,27.822416125621128,27.126198849151333,23.922624210298714
421,14.044178258629573,0,403.23158323158316,146.7016687016687,454.0686077643909,144.53012048192772,615.4869942196532,103.47736030828516,616.4683785068949,152.358059914408,14.562785409935323,23.894091937354595,0.08887521795036499,26.798701508320203,27.75581282841737,26.67176053741983,23.812965135218143
422,14.077537351880475,0,403.23158323158316,146.7016687016687,454.0686077643909,144.53012048192772,609.4609833107803,104.33243121335136,611.7626628075253,152.79015918958032,14.562785409935323,23.894091937354595,0.08887521795036499,26.39212796132988,27.668849110127415,26.365154534662686,23.76804035665126
423,14.110896445131376,0,403.23158323158316,146.7016687016687,454.04689608636977,144.43724696356276,605.929203539823,104.80137659783676,609.1449520586576,153.42019176536942,14.561950041321232,23.897697180176227,0.09112141145500285,26.15426635727942,27.620624612597414,26.19335394680042,23.712657262199603
424,14.144255538382277,0,403.33251130291814,146.6420057542129,454.04689608636977,144.43724696356276,606.0595238095237,104.34,609.1669467787115,153.32885154061623,14.565027373934106,23.900135228911132,0.08980240917736801,26.16463719877094,27.659338333785758,26.19509833883597,23.719836442769626
425,14.17761463163318,0,403.33251130291814,146.6420057542129,454.04689608636977,144.43724696356276,607.2174908424909,106.35027472527473,610.439121756487,154.89321357285428,14.565027373934106,23.900135228911132,0.08980240917736801,26.23473588287617,27.495322166185588,26.271923192697543,23.600891351832793
426,14.21097372488408,0,403.5090909090909,146.50989898989897,454.04689608636977,144.43724696356276,610.3204761904761,108.05666666666666,612.704081632653,156.54130223517978,14.570342322432197,23.905478989611385,0.08681623342570723,26.43553523351602,27.3619260439298,26.412471936412427,23.4780025106147
427,14.244332818134982,0,403.5090909090909,146.50989898989897,454.0686077643909,144.53012048192772,613.6137931034483,108.58896551724138,615.28145865434,158.36260914227014,14.571177691046287,23.901873746789754,0.08455889480438793,26.653212386892996,27.326390931421976,26.572278148583912,23.342649220881828
428,14.277691911385883,0,403.33251130291814,146.6420057542129,454.0686077643909,144.53012048192772,615.9535984848485,108.75520833333331,617.1038830055471,158.41956631366617,14.565862742548195,23.8965299860895,0.0875521025174603,26.80866006639365,27.31869163737166,26.68975906759745,23.342506331843364
429,14.311051004636786,0,403.33251130291814,146.6420057542129,454.07403718459494,144.6215139442231,616.3858880778589,108.83503649635037,617.8599900348779,158.63328350772295,14.566172310298793,23.892963657103127,0.08535452688833471,26.837181011920617,27.313204604527822,26.737772601734747,23.32770569696098
430,14.344410097887687,0,403.33251130291814,146.6420057542129,454.07403718459494,144.6215139442231,616.3858880778589,108.83503649635037,617.8599900348779,158.63328350772295,14.566172310298793,23.892963657103127,0.08535452688833471,26.837181011920617,27.313204604527822,26.737772601734747,23.32770569696098
431,14.377769191138588,0,403.33251130291814,146.6420057542129,454.07403718459494,144.6215139442231,616.3858880778589,108.83503649635037,613.1005747126436,155.3477011494253,14.566172310298793,23.892963657103127,0.08535452688833471,26.837181011920617,27.313204604527822,26.4424684417048,23.57178380454933
432,14.41112828438949,0,403.33251130291814,146.6420057542129,454.07403718459494,144.6215139442231,nan,nan,nan,nan,14.566172310298793,23.892963657103127,0.08535452688833471,nan,nan,nan,nan
433,14.444487377640392,0,403.33251130291814,146.6420057542129,454.07403718459494,144.6215139442231,nan,nan,nan,nan,14.566172310298793,23.892963657103127,0.08535452688833471,nan,nan,nan,nan
434,14.477846470891294,0,403.33251130291814,146.6420057542129,454.0686077643909,144.53012048192772,nan,nan,nan,nan,14.565862742548195,23.8965299860895,0.0875521025174603,nan,nan,nan,nan
435,14.511205564142195,0,403.33251130291814,146.6420057542129,454.0686077643909,144.53012048192772,nan,nan,nan,nan,14.565862742548195,23.8965299860895,0.0875521025174603,nan,nan,nan,nan
436,14.544564657393096,0,403.33251130291814,146.6420057542129,454.2617565698478,144.3278008298755,nan,nan,nan,nan,14.571775288711924,23.90467052262065,0.09219415052215854,nan,nan,nan,nan
437,14.577923750643999,0,403.1551724137931,146.6206896551724,454.1462728551336,144.00246132208156,nan,nan,nan,nan,14.561856402545384,23.917877488840524,0.09938278759697117,nan,nan,nan,nan
438,14.6112828438949,0,403.3828547648772,146.4215563878485,453.9300746775288,143.99321113374066,nan,nan,nan,nan,14.561668856067946,23.925991978038873,0.09537817680996112,nan,nan,nan,nan
439,14.644641937145801,0,402.7136752136752,146.3803418803419,453.9300746775288,143.99321113374066,nan,nan,nan,nan,14.540162512206578,23.926804542319516,0.09364152467258367,nan,nan,nan,nan
440,14.678001030396702,0,400.5466820987654,146.50925925925927,451.9300746775288,143.99321113374066,nan,nan,nan,nan,14.406869174321596,23.916853734063587,0.09650811007352997,nan,nan,nan,nan
441,14.711360123647605,0,398.80652962515114,148.48166062071743,449.8999309868875,146.17529330572808,nan,nan,nan,nan,14.294497110335055,23.750596549945495,0.0916915633845544,nan,nan,nan,nan
442,14.744719216898506,0,397.6484612050281,150.3138274815778,449.56849315068496,149.58219178082192,nan,nan,nan,nan,14.257012096456464,23.545321168366918,0.05381380264819574,nan,nan,nan,nan
443,14.778078310149407,0,399.430412371134,150.22895189003435,451.62640264026396,150.3986798679868,nan,nan,nan,nan,14.380798482639587,23.521421847969574,0.032754177606057804,nan,nan,nan,nan
444,14.811437403400308,0,403.2269151138716,146.70517598343685,454.6151815181518,147.86600660066006,nan,nan,nan,nan,14.585099656285053,23.764460862255078,0.009418914119386512,nan,nan,nan,nan
445,14.844796496651211,0,404.95893719806764,144.68115942028984,455.7936184657162,145.4531568228106,nan,nan,nan,nan,14.669803883121844,23.940754271436735,0.018486435900549422,nan,nan,nan,nan
446,14.878155589902113,0,408.293271100739,141.2193698949825,460.5246212121212,143.68339646464645,nan,nan,nan,nan,14.917902610254213,24.15477649405566,-0.020297043226736276,nan,nan,nan,nan
447,14.911514683153014,0,412.8204849800941,143.595367354325,465.62015503875966,145.12564599483204,nan,nan,nan,nan,15.23465252032112,24.016910556664236,0.0017517234431087287,nan,nan,nan,nan
448,14.944873776403917,0,417.71244001476555,149.27833148763378,471.5058210784314,149.07169117647058,nan,nan,nan,nan,15.5979651863895,23.654659755190657,0.04141198679107142,nan,nan,nan,nan
449,14.978232869654818,0,423.83096539162113,153.35555555555553,477.6456834532374,154.1058153477218,nan,nan,nan,nan,16.004175370520798,23.316074498853702,0.01967913602609661,nan,nan,nan,nan
450,15.011591962905719,0,430.0908768193113,159.4103656372027,484.4169435215947,160.52796234772978,nan,nan,nan,nan,16.437866980042777,22.851072318027043,0.011468222807407485,nan,nan,nan,nan
451,15.04495105615662,0,435.5259339862169,169.45629307217988,490.5485436893204,170.86380798274,nan,nan,nan,nan,16.831811859049125,22.087882820773828,0.005156474708492955,nan,nan,nan,nan
452,15.078310149407523,0,440.0078599499821,181.29367631296893,495.0023130300694,182.02107427396555,nan,nan,nan,nan,17.14156335281275,21.23368982249043,0.019491679005288476,nan,nan,nan,nan
453,15.111669242658424,0,443.0887978142076,193.07206284153003,498.7544665645737,193.5,nan,nan,nan,nan,17.381430551238587,20.37954744037488,0.02558794408241559,nan,nan,nan,nan
454,15.145028335909325,0,445.52997858672376,204.6709493219129,500.880989994734,204.96577145866246,nan,nan,nan,nan,17.547322610014994,19.542105261489525,0.027882614860031116,nan,nan,nan,nan
455,15.178387429160226,0,446.5,215.16203703703704,501.7875518672199,213.72752420470263,nan,nan,nan,nan,17.6251978862894,18.850194573570334,0.06381963657194041,nan,nan,nan,nan
456,15.21174652241113,0,447.08527131782944,223.53050219076508,502.0825082508251,222.93701870187016,nan,nan,nan,nan,17.668677912726423,18.2245566896001,0.04575195241042747,nan,nan,nan,nan
457,15.24510561566203,0,446.5397489539749,231.61227336122732,500.7978666666666,230.8101333333333,nan,nan,nan,nan,17.628011731603376,17.659924074057283,0.04992808897450936,nan,nan,nan,nan
458,15.278464708912932,0,444.5107192254495,237.63312586445363,498.70711183496195,236.56351791530943,nan,nan,nan,nan,17.514192514170315,17.244048398820283,0.05528306879892974,nan,nan,nan,nan
459,15.311823802163833,0,442.23013517969,242.21991427629408,496.4724919093851,240.71332254584678,nan,nan,nan,nan,17.386209806862894,16.93601557027678,0.06421937628893994,nan,nan,nan,nan
460,15.345182895414736,0,439.51138915623994,246.3034969521976,493.7236804967541,245.0019757267852,nan,nan,nan,nan,17.229435448867203,16.64124601637653,0.059667148003491856,nan,nan,nan,nan
461,15.378541988665637,0,437.0554505356017,248.41682419659736,491.6270190895741,248.34743024963288,nan,nan,nan,nan,17.097351622614035,16.44886264262854,0.03361608224768006,nan,nan,nan,nan
462,15.411901081916538,0,436.5,250.5,490.6844592716152,250.29051987767582,nan,nan,nan,nan,17.056727950191473,16.30925744333085,0.036478605852858746,nan,nan,nan,nan
463,15.445260175167439,0,436.3336520076482,250.8224984066284,489.969332186873,251.61364287761532,nan,nan,nan,nan,17.0315073009307,16.251989400501813,0.015273511986489895,nan,nan,nan,nan
464,15.478619268418342,0,434.5,250.6566924066924,489.041358531909,251.6965215009586,nan,nan,nan,nan,16.94819078271113,16.25215617773722,0.010369690132338303,nan,nan,nan,nan
465,15.511978361669243,0,434.29545454545456,250.7105429292929,487.7883232671843,251.09088294506756,nan,nan,nan,nan,16.90393001916925,16.269665707336543,0.023971441360754037,nan,nan,nan,nan
466,15.545337454920144,0,434.359987456883,250.6328002508623,487.6305751173708,250.5,nan,nan,nan,nan,16.90057807048691,16.29250260567237,0.034909043224753175,nan,nan,nan,nan
467,15.578696548171045,0,434.27513227513225,250.69343292872702,487.6305751173708,250.5,nan,nan,nan,nan,16.898127990751796,16.290346791211395,0.03619598774659431,nan,nan,nan,nan
468,15.612055641421948,0,434.27513227513225,250.69343292872702,487.6305751173708,250.5,nan,nan,nan,nan,16.898127990751796,16.290346791211395,0.03619598774659431,nan,nan,nan,nan
469,15.64541473467285,0,434.1915353722582,250.73833796725359,487.6305751173708,250.5,nan,nan,nan,nan,16.895689913392797,16.28873028408337,0.03714447031001749,nan,nan,nan,nan
470,15.67877382792375,0,434.1915353722582,250.73833796725359,487.5,250.5,nan,nan,nan,nan,16.89174931291126,16.288603842883266,0.03715691180111414,nan,nan,nan,nan
471,15.712132921174652,0,434.1915353722582,250.73833796725359,487.564887722368,250.5710119568387,nan,nan,nan,nan,16.893756196433166,16.286230121010977,0.03563551121628015,nan,nan,nan,nan
472,15.745492014425555,0,434.1915353722582,250.73833796725359,487.5,250.5,nan,nan,nan,nan,16.89174931291126,16.288603842883266,0.03715691180111414,nan,nan,nan,nan
473,15.778851107676456,0,434.1915353722582,250.73833796725359,487.66090463843267,250.73235378853354,nan,nan,nan,nan,16.896764005712374,16.28078788929553,0.03219289446199714,nan,nan,nan,nan
474,15.812210200927357,0,434.1915353722582,250.73833796725359,487.66090463843267,250.73235378853354,nan,nan,nan,nan,16.896764005712374,16.28078788929553,0.03219289446199714,nan,nan,nan,nan
475,15.845569294178258,0,434.1915353722582,250.73833796725359,487.5363321799308,250.56891580161474,nan,nan,nan,nan,16.892893025083186,16.286274393345245,0.03568217200952747,nan,nan,nan,nan
476,15.878928387429161,0,434.10916896657466,250.76786261882853,487.5363321799308,250.56891580161474,nan,nan,nan,nan,16.890466619059097,16.28518519502382,0.036304593868499345,nan,nan,nan,nan
477,15.912287480680062,0,434.10916896657466,250.76786261882853,487.5363321799308,250.56891580161474,nan,nan,nan,nan,16.890466619059097,16.28518519502382,0.036304593868499345,nan,nan,nan,nan
478,15.945646573930963,0,434.1414514145141,250.75676506765066,487.90675600223335,250.48129536571744,nan,nan,nan,nan,16.902537515713483,16.28896103695298,0.03789933457394963,nan,nan,nan,nan
479,15.979005667181866,0,434.1414514145141,250.75676506765066,487.90675600223335,250.48129536571744,nan,nan,nan,nan,16.902537515713483,16.28896103695298,0.03789933457394963,nan,nan,nan,nan
480,16.012364760432767,0,434.1414514145141,250.75676506765066,487.90675600223335,250.48129536571744,nan,nan,nan,nan,16.902537515713483,16.28896103695298,0.03789933457394963,nan,nan,nan,nan
481,16.04572385368367,0,434.1414514145141,250.75676506765066,487.90675600223335,250.48129536571744,nan,nan,nan,nan,16.902537515713483,16.28896103695298,0.03789933457394963,nan,nan,nan,nan
482,16.07908294693457,0,434.1414514145141,250.75676506765066,487.90675600223335,250.48129536571744,nan,nan,nan,nan,16.902537515713483,16.28896103695298,0.03789933457394963,nan,nan,nan,nan
483,16.11244204018547,0,434.1915353722582,250.73833796725359,487.90675600223335,250.48129536571744,nan,nan,nan,nan,16.904012150762558,16.289639563892926,0.03751493101852736,nan,nan,nan,nan
484,16.145801133436372,0,434.1915353722582,250.73833796725359,487.9716371805672,250.4128053917439,nan,nan,nan,nan,16.905923840862624,16.29205272041287,0.03895875988994037,nan,nan,nan,nan
485,16.179160226687276,0,434.2442582247051,250.71166977032897,487.92564320045227,250.3206106870229,nan,nan,nan,nan,16.90601346820684,16.296135222943036,0.04036294374298195,nan,nan,nan,nan
486,16.212519319938178,0,434.2442582247051,250.71166977032897,487.92564320045227,250.3206106870229,nan,nan,nan,nan,16.90601346820684,16.296135222943036,0.04036294374298195,nan,nan,nan,nan
487,16.24587841318908,0,434.2442582247051,250.71166977032897,487.92564320045227,250.3206106870229,nan,nan,nan,nan,16.90601346820684,16.296135222943036,0.04036294374298195,nan,nan,nan,nan
488,16.27923750643998,0,434.2442582247051,250.71166977032897,487.92564320045227,250.3206106870229,nan,nan,nan,nan,16.90601346820684,16.296135222943036,0.04036294374298195,nan,nan,nan,nan
489,16.31259659969088,0,434.27513227513225,250.69343292872702,487.92564320045227,250.3206106870229,nan,nan,nan,nan,16.906911186372053,16.296788765249417,0.03998143433227708,nan,nan,nan,nan
490,16.345955692941782,0,434.27513227513225,250.69343292872702,487.92564320045227,250.3206106870229,nan,nan,nan,nan,16.906911186372053,16.296788765249417,0.03998143433227708,nan,nan,nan,nan
491,16.379314786192683,0,434.27513227513225,250.69343292872702,487.92564320045227,250.3206106870229,nan,nan,nan,nan,16.906911186372053,16.296788765249417,0.03998143433227708,nan,nan,nan,nan
492,16.412673879443584,0,434.27513227513225,250.69343292872702,487.92564320045227,250.3206106870229,562.7109658678286,259.50762527233115,561.5392953929539,319.26558265582656,16.906911186372053,16.296788765249417,0.03998143433227708,23.037051972950994,15.876985634982155,22.88978263387626,11.943285676819663
493,16.44603297269449,0,434.27513227513225,250.69343292872702,488.16652812413406,250.31920199501246,536.7441933458882,287.72630257376017,549.9709364908504,343.35629709364906,16.91418090885388,16.297070463455334,0.03997582868633918,21.459087708159796,13.938658083676726,22.195986012816224,10.415883798321259
494,16.47939206594539,0,434.27513227513225,250.69343292872702,488.16652812413406,250.31920199501246,519.8799422799422,308.1093795093795,532.0981516889739,365.8505417463352,16.91418090885388,16.297070463455334,0.03997582868633918,20.464201339153973,12.583960708878818,21.16541070786611,9.017497912792496
495,16.51275115919629,0,434.27513227513225,250.69343292872702,488.22396694214876,250.39889807162533,508.3856516290726,326.4924812030075,519.2776272207166,382.6019271303824,16.9159682750144,16.29439089910159,0.03828490458704686,19.80280817982579,11.397231193078403,20.44308857190778,8.000921131808793
496,16.546110252447193,0,434.27513227513225,250.69343292872702,488.22396694214876,250.39889807162533,496.45708219593564,338.32453745829537,506.8307952622673,394.04737732656514,16.9159682750144,16.29439089910159,0.03828490458704686,19.12491086979324,10.639792230237347,19.752585969052706,7.312369111866287
497,16.579469345698094,0,434.27513227513225,250.69343292872702,488.16652812413406,250.31920199501246,485.31126039667305,348.37076135636596,494.49427262313856,403.39289805269186,16.91418090885388,16.297070463455334,0.03997582868633918,18.498989153009763,10.003591073060655,19.075552071336553,6.753938808645925
498,16.612828438948995,3,434.27513227513225,250.69343292872702,488.16652812413406,250.31920199501246,475.9930898321816,354.3507732806844,484.34612031386223,407.6501017146178,16.91418090885388,16.297070463455334,0.03997582868633918,17.977738089632172,9.624345187394388,18.52003291980752,6.495169551892239
499,16.646187532199896,3,434.27513227513225,250.69343292872702,488.16652812413406,250.31920199501246,463.67652055725443,356.0795107033639,471.12139737991265,409.2975254730713,16.91418090885388,16.297070463455334,0.03997582868633918,17.282526791462658,9.500089961062962,17.794212655213048,6.382206227909515
500,16.679546625450797,3,434.27513227513225,250.69343292872702,488.30528052805283,250.56573157315728,453.48089887640447,352.97902621722847,460.22137646685695,405.62575325087215,16.918534566285672,16.28874468146039,0.034758937135675926,16.698067889028376,9.672059050545737,17.18755563826434,6.576643672249848
501,16.712905718701702,3,434.27513227513225,250.69343292872702,488.25374376039935,250.45285635052687,446.7208643287283,348.72830322352104,452.70644312952004,401.20216962524654,16.91690330229857,16.292568013395794,0.03714299449728958,16.30407374189642,9.920114490348292,16.763946086919724,6.819833905873721
502,16.746264811952603,3,434.27513227513225,250.69343292872702,488.25374376039935,250.45285635052687,441.6121351766513,344.56950844854066,446.8085951607078,395.9284940411701,16.91690330229857,16.292568013395794,0.03714299449728958,16.002606352864156,10.166272526063052,16.42585262990014,7.115603955408957
503,16.779623905203504,3,434.27513227513225,250.69343292872702,488.25374376039935,250.45285635052687,441.80946345585124,343.4136037177862,446.02033492822966,394.4401913875598,16.91690330229857,16.292568013395794,0.03714299449728958,16.010698474842588,10.237486225635173,16.378617170341442,7.200643674766211
504,16.812982998454405,3,434.359987456883,250.6328002508623,488.25374376039935,250.45285635052687,445.90476190476187,347.7788539144471,448.1539701733172,396.6557839580814,16.919353382033687,16.29472382785677,0.0358724554387293,16.255270431785107,9.976776626501362,16.502012528839543,7.075491541815943
505,16.846342091705306,3,434.359987456883,250.6328002508623,487.6771745475773,250.56976065382366,445.30484330484325,353.2462352462352,447.32048192771083,400.50602409638554,16.902032049611147,16.290154092901204,0.0334164848671741,16.235302755327144,9.642905927368847,16.465104493177073,6.852141666139748
506,16.879701184956208,3,434.27513227513225,250.69343292872702,487.6771745475773,250.56976065382366,444.3540564373897,355.39550264550263,445.6299112801014,402.3937473595268,16.89958196987603,16.287998278440227,0.03470467345971575,16.187029869616126,9.511105473527591,16.376398809820817,6.7411473153954375
507,16.91306027820711,3,434.3083645443196,250.6707240948814,487.6115462721207,250.49869451697128,447.1712614870509,356.8851294903926,448.18575974542557,402.5342084327764,16.898514053970434,16.291181959466474,0.035743766203560165,16.350197137947294,9.425404819654432,16.51763115391719,6.7367486961696095
508,16.94641937145801,3,434.359987456883,250.6328002508623,488.17629009762896,250.99107391910738,451.89691189827425,357.8592188919164,451.3810137457044,404.27018900343637,16.91737842832838,16.276185089332536,0.024489879085102834,16.619770108889895,9.373950338629934,16.697712418701162,6.641693888127735
509,16.979778464708914,3,434.359987456883,250.6328002508623,488.48465091007876,250.9587068731323,450.56447368421055,355.3754385964912,450.10648148148147,401.5808080808081,16.926660548951332,16.27759345955559,0.02521386253222322,16.53848408094597,9.522095307608282,16.621341470874533,6.79430933222961
510,17.013137557959816,3,434.359987456883,250.6328002508623,488.4189627228525,251.02188006482982,450.2754854368932,352.2617313915857,449.45715509854324,398.41688089117395,16.92472085056346,16.27536340135098,0.023875161825674934,16.514604380622956,9.710571458163638,16.57818731207514,6.9756498942553
511,17.046496651210717,3,434.359987456883,250.6328002508623,488.4189627228525,251.02188006482982,450.5771144278607,348.70563847429514,449.8789808917197,395.00552016985137,16.92472085056346,16.27536340135098,0.023875161825674934,16.523124138341736,9.927646861012766,16.5936055426786,7.1735119548661785
512,17.079855744461618,3,434.359987456883,250.6328002508623,488.4189627228525,251.02188006482982,450.55512152777777,345.4166666666667,449.4289372599232,392.3841229193342,16.92472085056346,16.27536340135098,0.023875161825674934,16.513899833484697,10.128722443539587,16.56256728547353,7.324935577287086
513,17.11321483771252,3,434.359987456883,250.6328002508623,488.4189627228525,251.02188006482982,450.15348288075563,342.4112554112554,448.5837563451777,388.5389170896785,16.92472085056346,16.27536340135098,0.023875161825674934,16.48368113878147,10.312507653958766,16.50659579280424,7.547570801779786
514,17.14657393096342,3,434.359987456883,250.6328002508623,488.4189627228525,251.02188006482982,450.320813771518,338.2703442879499,448.0968736239542,384.49625715543806,16.92472085056346,16.27536340135098,0.023875161825674934,16.483074679056514,10.5679324003938,16.46986215530876,7.7832531348269764
515,17.17993302421432,3,434.359987456883,250.6328002508623,488.4189627228525,251.02188006482982,450.60743464052285,332.8925653594771,448.08085808580853,379.79042904290424,16.92472085056346,16.27536340135098,0.023875161825674934,16.486257100736363,10.901586350660079,16.45764172413815,8.059758226888247
516,17.213292117465226,3,434.359987456883,250.6328002508623,488.4189627228525,251.02188006482982,450.5162037037037,328.6523919753086,447.5654225654225,374.4967824967825,16.92472085056346,16.27536340135098,0.023875161825674934,16.470545603180895,11.165597860772252,16.4159648191593,8.371795065840937
517,17.246651210716127,3,434.359987456883,250.6328002508623,488.4189627228525,251.02188006482982,451.54213273676356,324.2505592841163,447.96759259259255,370.0900673400673,16.92472085056346,16.27536340135098,0.023875161825674934,16.518735920805202,11.442917050280197,16.42774193348489,8.6342330786641
518,17.28001030396703,3,434.359987456883,250.6328002508623,488.4189627228525,251.02188006482982,454.5049309664694,319.7506903353057,450.95164741121096,364.41677364142055,16.92472085056346,16.27536340135098,0.023875161825674934,16.678869893190676,11.73112740886471,16.581893023931464,8.977851220917957
519,17.31336939721793,3,434.359987456883,250.6328002508623,488.4189627228525,251.02188006482982,456.7416879795396,315.3150042625746,452.23751135331514,360.3551316984559,16.92472085056346,16.27536340135098,0.023875161825674934,16.79794577048448,12.015599682187942,16.644862316915933,9.223930635233124
520,17.34672849046883,3,434.55075376884423,249.1929648241206,488.4911274911275,248.6303576303576,457.30931677018634,311.1374741200828,453.32259507829974,355.25055928411626,16.92865811060222,16.407045882445047,0.044022055114967706,16.82126051417445,12.282261289163246,16.694353591014316,9.534003500054329
521,17.38008758371973,3,436.28339947089944,246.0185185185185,489.72630365888784,242.6790550273696,460.80993431855495,306.28119868637106,455.54335511982566,350.5224400871459,17.009089125797995,16.724357593163003,0.10357761018296996,17.014037048736846,12.598823256845034,16.8094898038382,9.824771856559362
522,17.413446676970633,3,437.17879081797605,242.73585515680568,490.45825771324866,236.97580157289775,463.1065943992773,301.79584462511286,458.00694444444446,344.7689814814815,17.049332522898645,17.037392007222785,0.15569564130345656,17.138374523273406,12.891241747278174,16.936852600648933,10.180394805998203
523,17.446805770221534,3,436.0290849673202,238.8114379084967,488.96812080536915,231.9781879194631,463.5253077975376,296.6206110351117,457.88361879666223,340.09530083443127,16.959462267866492,17.34552461848653,0.17987518765437344,17.15187982146302,13.22667214732081,16.919548153231162,10.467601660518449
524,17.48016486347244,3,435.6066398390342,234.5784708249497,487.68353694008135,225.76876090750437,464.2082204155374,291.77461607949414,458.88533333333334,334.344,16.89610168058003,17.709847801138785,0.22543722329338758,17.181698408677324,13.543146955358269,16.964251435156562,10.825038251461322
525,17.51352395672334,3,435.8693009118541,230.9719689294157,487.9041375291375,219.62441724941723,466.6689497716895,285.97625570776256,461.4173262972735,328.4727352682498,16.90053290292808,18.054527607430497,0.28001078858007544,17.31456975388697,13.927188358207593,17.09703200493886,11.194910082923851
526,17.54688304997424,3,435.4135740554998,227.14877967235037,486.4074404761904,213.4627976190476,467.2097812097812,281.044616044616,462.37756052141526,322.5558659217877,16.829705612113486,18.40716518688487,0.33500947312053847,17.336470670277727,14.253132294053692,17.13989707193724,11.567595277462924
527,17.580242143225142,3,433.4378559463986,222.85963149078725,483.8473575435488,207.58724534986715,467.16795865633077,275.28811369509043,462.2778574844571,316.86035389765664,16.678438915192388,18.765544558954986,0.37248481202683303,17.322230547589463,14.63479128922365,17.122122112120152,11.927043630237176
528,17.613601236476043,3,431.74870734229575,219.07687004481213,480.81454323250836,201.86312251756797,466.7840314136126,270.0964223385689,462.35736196319016,311.42229038854805,16.521341781026308,19.10244998200502,0.422584244379704,17.288683841433773,14.980608462764907,17.115192046039557,12.272768365889917
529,17.646960329726944,3,429.57142857142856,215.44327731092437,477.63438857852265,196.45747982619488,465.4680220245658,265.55950868276153,461.65414928140933,306.19935095039403,16.344284612346996,19.423707169480195,0.4675325169431226,17.200646282259424,15.282722697009666,17.06305840099543,12.605536095351447
530,17.680319422977846,3,426.45985401459853,211.88286409454292,473.88527131782945,191.8257364341085,463.03856041131104,260.9173093401885,459.61143695014664,301.386119257087,16.120623058167084,19.71403099228981,0.495750174873811,17.045242812663012,15.591469391082049,16.93322988522813,12.911548321342313
531,17.713678516228747,3,423.12477526069756,208.89320388349515,470.2335766423358,187.94920924574208,461.24721106648815,256.75948237394016,457.2352071005917,297.24013806706114,15.893961197203772,19.95714565002853,0.5174906464396519,16.928422157451603,15.87015185545457,16.784706463440564,13.17540117792472
532,17.74703760947965,3,420.1508620689655,205.78951149425285,466.7825278810409,184.39064436183392,458.8055925432756,253.0710164225477,454.31149245969834,293.5813832553302,15.683959946839646,20.194149241918986,0.5321202159928108,16.773048072400872,16.116874090909917,16.604540890584893,13.407809537634282
533,17.780396702730553,3,416.4230769230769,202.65135327635326,463.44413233458175,181.42883895131087,455.4064929126657,249.9570187471422,451.24402147388963,289.59248413860416,15.454034526232673,20.41038583923097,0.5265442058620354,16.560779787348345,16.323403183336623,16.414336952290544,13.662489630093779
534,17.813755795981454,3,413.2221014492753,199.38260869565218,459.5719557195572,178.0741082410824,451.9059576563269,246.3032988675529,447.87771482530684,286.505193578848,15.222001017941778,20.64682429231886,0.5357849589208866,16.340200914450932,16.56760254920484,16.208099131148117,13.858603172256604
535,17.847114889232355,3,410.81545064377684,196.06115879828326,456.7679245283019,174.20408805031445,449.65234001910216,242.6614135625597,445.3674033149171,282.37661141804784,15.046576665502158,20.907545711225687,0.5518353087200389,16.194132590347056,16.814446117615216,16.04874822419572,14.125518693198394
536,17.880473982483256,3,407.3653421633554,192.26195732155995,452.9628252788104,170.00960346964064,446.7969782813975,238.3682719546742,442.24544981799266,277.56578263130524,14.804736056718166,21.1969467690691,0.5648244786146569,16.00909847366107,17.10638810937335,15.850467763870038,14.437769963982635
537,17.913833075734157,3,404.3004338394794,188.51301518438177,449.3007280785058,165.792655903767,443.9901349948078,234.05036344755968,439.7872446437468,273.4414549078226,14.578358065591722,21.487313811388134,0.5817100576272558,15.826009357242759,17.401621161262995,15.692560604878517,14.707231919024478
538,17.947192168985058,3,401.8140685754683,185.03322728879462,445.95384615384614,161.15993589743587,442.4761904761904,229.1468671679198,437.9294685990338,268.02608695652174,14.37895389790889,21.78600411776868,0.6148978968524952,15.71893489903184,17.742074217537837,15.565596038751062,15.065538033892263
539,17.98055126223596,3,399.37306843267106,181.43046357615893,442.6805162102612,156.7318224740321,440.91220010209287,224.57529351710053,435.8815722307299,263.5523226135783,14.182350954343953,22.083035640918894,0.6416249729426344,15.60922069185439,18.06098065903245,15.429489170670859,15.362293459572294
540,18.013910355486864,3,396.7353490108249,177.77342291899961,439.4829800899165,152.19010918432883,439.46870229007635,219.93994910941475,434.32532532532525,258.7937937937938,13.98069304099818,22.387827217393955,0.6666729652283624,15.506077988837617,18.386418711896606,15.32114342710932,15.680818014677216
541,18.047269448737765,3,394.9765625,174.89360119047618,436.31011608623544,147.93996683250413,438.4818897637795,215.3795275590551,433.54338624338624,253.54656084656082,13.808960047237537,22.65469489576362,0.710491539214329,15.430658842231958,18.70927239050822,15.257011113668765,16.03591971490446
542,18.080628541988666,3,393.56164383561645,172.58675799086757,433.8730781812234,144.69349035001633,437.8931552587646,212.02003338898163,432.86836158192085,250.14689265536722,13.67429092485272,22.86328673380181,0.7415579151483128,15.383339779666182,18.94854251975108,15.205120428208152,16.266853793477747
543,18.113987635239567,3,392.3949357520786,171.3764172335601,432.3504854368932,142.72783171521036,437.35363790186125,209.52509870276367,432.36752136752136,247.51976495726493,13.581751431752103,22.982519135517506,0.7604173254230298,15.341766218075241,19.126659883910804,15.16612901616564,16.4459928908022
544,18.14734672849047,3,391.59778032912357,170.4806735553004,431.2734375,141.66048177083331,437.09376693766933,208.57344173441732,432.2489748096075,246.26303456356177,13.517591422766284,23.05586801334662,0.7675957160853452,15.322539446744504,19.194629976019772,15.154726952637578,16.532121397858496
545,18.18070582174137,3,391.4494837758112,170.05899705014747,430.9422003284072,141.17372742200325,436.6144,208.2576,432.13607594936707,245.55748945147675,13.500190159506769,23.090277425652452,0.7713113080807861,15.291900929907497,19.216381915203343,15.145524314531228,16.58044193319523
546,18.21406491499227,3,391.4139963167587,170.11197053406997,430.8369708994709,141.13955026455025,437.154213036566,208.353471118177,432.3960113960114,245.98005698005696,13.49576330654632,23.089454853859607,0.7737564939472358,15.32552663132635,19.21060461828684,15.162627495143322,16.551870907461097
547,18.247424008243176,3,391.4049981624403,170.0599044468945,430.79366666666664,141.05266666666665,440.6757624398074,210.43392188336006,435.9858517260894,248.5602716468591,13.493776949398155,23.094762684589597,0.7748415388948596,15.549526304371668,19.068237823823768,15.387411441904604,16.381597010143885
548,18.280783101494077,3,391.31927487976316,170.10802811690712,430.761574074074,140.95701058201058,440.1707692307692,213.79897435897433,436.4180695847362,250.95117845117846,13.489987176971006,23.096565150481783,0.7766888053877714,15.52930850630606,18.82579615776364,15.42115122771697,16.21866868136785
549,18.314142194744978,3,391.05377532228357,169.57495395948433,430.3504854368932,140.72783171521036,438.85525620707864,215.770206022187,435.97440178074567,254.3094045631608,13.466522292973274,23.12486541233832,0.7734611789405962,15.45487510854383,18.682140772088445,15.405349079100871,15.988593673115584
550,18.34750128799588,3,391.07176684881597,169.62877959927138,430.368068833652,140.72434671765456,440.8276543209876,216.2014814814815,438.5783356578335,255.72384937238493,13.467792157759867,23.123013169451653,0.7744625533100666,15.577404087380794,18.65542384788318,15.56598769726109,15.897298957042429
551,18.38086038124678,3,391.05377532228357,169.57495395948433,430.3504854368932,140.72783171521036,453.0502109704641,218.40759493670885,450.1320372620494,259.5824220332118,13.466522292973274,23.12486541233832,0.7734611789405962,16.334385973837733,18.523303185441968,16.26931768580262,15.657387775489822
552,18.41421947449768,3,391.03650442477874,169.57411504424778,430.27649325626203,140.66827231856132,470.41735700197233,219.68875739644972,466.87670167250093,261.6184364060677,13.463478035118902,23.127125727464495,0.7752530876468343,17.403854811422885,18.4677723828168,17.276531069663104,15.551298584801991
553,18.447578567748582,3,390.8918717375093,169.60402684563758,430.27649325626203,140.66827231856132,489.9574468085106,215.68794326241132,485.9850275807722,258.5527974783294,13.459004715046092,23.12583454011463,0.7739209762844991,18.599577817522867,18.79377914498123,18.416878165799663,15.795427757716116
554,18.480937660999484,3,390.88480118914896,169.56001486436267,430.27649325626203,140.66827231856132,512.686541143654,200.8978382147838,509.732634846721,245.81257275902212,13.458663696741327,23.127486701541297,0.7730640892300797,19.995362412582647,19.911386634856548,19.837272628265787,16.71435984018871
555,18.51429675425039,3,390.88480118914896,169.56001486436267,430.27649325626203,140.66827231856132,538.078141499472,177.74340021119323,533.9635479951397,225.4086674767112,13.458663696741327,23.127486701541297,0.7730640892300797,21.591913515771083,21.684352330297834,21.314591146489274,18.19142336305421
556,18.54765584750129,3,390.88480118914896,169.56001486436267,430.27649325626203,140.66827231856132,559.6351501668521,155.4764553207267,554.8680555555555,204.00046296296293,13.458663696741327,23.127486701541297,0.7730640892300797,22.990945479716473,23.435932725903545,22.62591860508828,19.77501560662506
557,18.58101494075219,3,390.9172185430464,169.45364238410596,430.27649325626203,140.66827231856132,579.2336523125997,134.88078149920256,572.8251915708812,184.54741379310346,13.459398232337378,23.131535965503566,0.7716216537229929,24.301122253650846,25.103305900202848,23.78444584781723,21.251132193448115
558,18.61437403400309,3,390.96626329299596,169.45947928126145,430.27649325626203,140.66827231856132,590.5952380952381,118.74872448979592,584.8348348348349,167.14114114114113,13.460958226182433,23.131371024163762,0.7723513582068289,25.08982299924671,26.432771346019667,24.58694309606886,22.59555088582841
559,18.647733127253993,3,390.96626329299596,169.45947928126145,430.27649325626203,140.66827231856132,595.3825597749649,110.40037505860289,590.3075366717247,157.250885179565,13.460958226182433,23.131371024163762,0.7723513582068289,25.432225550312797,27.12963239899938,24.964134295787176,23.370285777657198
560,18.681092220504894,3,390.93444444444447,169.56555555555556,430.368068833652,140.72434671765456,594.7260589318599,105.56860036832411,590.414188836724,151.2190923317684,13.463298644036989,23.12524325606711,0.7716037101346408,25.403418537788838,27.52770520628187,24.987398647865227,23.840134081966895
561,18.714451313755795,3,390.89835575485796,169.63116591928252,430.368068833652,140.72434671765456,nan,nan,nan,nan,13.46233887459783,23.12272783723624,0.7722870364602588,nan,nan,nan,nan
562,18.747810407006696,3,390.8918717375093,169.60402684563758,430.27649325626203,140.66827231856132,nan,nan,nan,nan,13.459004715046092,23.12583454011463,0.7739209762844991,nan,nan,nan,nan
563,18.7811695002576,3,390.90401199850015,169.67304086989125,430.3504854368932,140.72783171521036,nan,nan,nan,nan,13.462070797134594,23.120997072716385,0.7732550469901006,nan,nan,nan,nan
564,18.814528593508502,3,390.93652561247217,169.56458797327394,430.4421965317919,140.7838792549775,591.3785046728972,105.72741433021807,589.4117647058823,149.369578134284,13.465863907659998,23.123035335048858,0.7695884001986761,25.179554306490775,27.50581947015667,24.927469886435865,23.982471314991415
565,18.847887686759403,3,390.93652561247217,169.56458797327394,430.53300970873784,140.82880258899675,590.1711286089238,105.3769028871391,588.6949632144878,149.4368986983588,13.468874008482882,23.12138174741648,0.7676087794912908,25.10001564278769,27.53176607761045,24.880829756340248,23.975489980801214
566,18.881246780010304,3,391.05377532228357,169.57495395948433,430.54696673189824,140.93705153294192,nan,nan,nan,nan,13.473256000558976,23.116893608243004,0.7671647111860804,nan,nan,nan,nan
567,18.914605873261205,3,391.15188024826574,169.63125228185467,430.54696673189824,140.93705153294192,nan,nan,nan,nan,13.47649604341714,23.114880582367277,0.7694031270390598,nan,nan,nan,nan
568,18.947964966512107,3,391.2283609576427,169.87771639042356,430.4546351084813,140.88132807363576,594.4304461942257,105.43779527559055,593.0480178671132,151.46621998883305,13.476485211785175,23.10774714442891,0.7768831343069276,25.384090603659335,27.537794064352937,25.157247232773585,23.82707324804323
569,18.981324059763008,3,391.2849816849817,169.83516483516485,430.4546351084813,140.88132807363576,594.7101449275361,107.26936531734131,594.1713191023536,153.55610290093048,13.47815352695552,23.109415409390337,0.7768710039585878,25.39711224817248,27.386655472081568,25.223965561554305,23.666635480695835
570,19.01468315301391,0,391.19300225733633,170.0744920993228,430.4546351084813,140.88132807363576,598.0109945027486,109.54422788605697,597.6473214285714,157.00396825396825,13.475900050295007,23.10028855344529,0.7798379056788662,25.609874921935166,27.20706802243282,25.438390103730793,23.406669689343875
571,19.048042246264814,0,391.2683017465626,169.9747305834262,430.54696673189824,140.93705153294192,600.5,113.04590818363272,600.2685579196217,162.43829787234043,13.481082731724728,23.102059098233447,0.7768837977609256,25.76399936376059,26.9249448819023,25.590707428094024,22.99247289201187
572,19.081401339515715,0,391.2683017465626,169.9747305834262,430.5912621359223,141.0229773462783,600.5805084745763,116.41242937853107,601.0115288220551,166.32781954887218,13.482676956955617,23.09874217259634,0.7747812857629737,25.758211627780852,26.64899774589291,25.6263741181751,22.695121673371133
573,19.114760432766616,0,391.328534514581,170.0265780730897,430.5769230769231,141.03122945430636,599.243292405639,117.00682128240109,599.9659763313609,166.71055226824456,13.484266968376911,23.09651451612101,0.7764961934948191,25.667637640042564,26.59696618783769,25.558105919633483,22.663363419212278
574,19.148119526017517,0,391.3476979742173,170.04567219152852,430.62133072407045,141.1170906718852,598.675274988044,118.19846963175513,599.2689335394127,168.24729520865534,13.486518895402389,23.092502387869736,0.7749691322613127,25.62617247486711,26.498153705416964,25.508726410859516,22.544072240358872
575,19.181478619268418,0,391.29822616407984,170.04434589800442,430.5769230769231,141.03122945430636,599.4997786631252,118.30987162461265,600.0601092896175,168.5638350720318,13.483360577641466,23.095810572067002,0.7764159232944849,25.680401110758485,26.491150841943266,25.558461421364722,22.52167628355507
576,19.21483771251932,0,391.29822616407984,170.04434589800442,430.54696673189824,141.09295499021528,599.53781882146,118.37950747581353,599.9798129000492,168.63170851797142,13.482518729349923,23.093354221540288,0.7757133622319683,25.682693559854442,26.485562791963495,25.553108626913396,22.516301352831857
577,19.24819680577022,0,391.2327394209354,170.03897550111358,430.5769230769231,141.18836291913215,599.1758143685854,118.5359214636323,599.8599900348779,168.63328350772295,13.48159458368055,23.08977779326256,0.7726928290218248,25.6582224077962,26.471878185576855,25.545426356737416,22.51590587658537
578,19.281555899021125,0,391.20083050207626,170.24537561343902,430.62326043737573,141.2693836978131,599.0586377988272,118.55796120884077,599.8599900348779,168.63328350772295,13.482793693686988,23.07884074763968,0.7738351352494975,25.6503948180703,26.46978241047784,25.545426356737416,22.51590587658537
579,19.314914992272026,0,391.20083050207626,170.24537561343902,430.74136786188575,141.29880478087648,599.0586377988272,118.55796120884077,599.8599900348779,168.63328350772295,13.486649986225144,23.077828487804567,0.7717768753535459,25.6503948180703,26.46978241047784,25.545426356737416,22.51590587658537
580,19.348274085522927,0,391.20083050207626,170.24537561343902,430.7894912985274,141.38152610441767,599.1621983914209,118.62868632707774,599.8599900348779,168.63328350772295,13.488360281803999,23.07464324642624,0.7696833835674531,25.65702153795613,26.464273564193256,25.545426356737416,22.51590587658537
581,19.38163317877383,0,391.20083050207626,170.24537561343902,430.7894912985274,141.38152610441767,599.1621983914209,118.62868632707774,599.9546827794562,168.55438066465257,13.488360281803999,23.07464324642624,0.7696833835674531,25.65702153795613,26.464273564193256,25.551734962391848,22.52215731515545
582,19.41499227202473,0,391.20083050207626,170.24537561343902,430.7894912985274,141.38152610441767,599.1621983914209,118.62868632707774,594.3892720306513,168.52260536398467,13.488360281803999,23.07464324642624,0.7696833835674531,25.65702153795613,26.464273564193256,25.195291351653637,22.511812987406532
583,19.44835136527563,0,391.2062242219722,170.1559805024372,430.74136786188575,141.29880478087648,nan,nan,nan,nan,13.486579996497838,23.081203949419667,0.7702891599131378,nan,nan,nan,nan
584,19.481710458526532,0,391.19282511210764,170.1192077727952,430.80717341230667,141.24152681803224,nan,nan,nan,nan,13.488063362907468,23.084899180889643,0.7696429692615155,nan,nan,nan,nan
585,19.515069551777433,0,391.11247216035633,169.869710467706,430.616930171278,141.27865612648222,nan,nan,nan,nan,13.478819172567427,23.092531956224565,0.7660598271972658,nan,nan,nan,nan
586,19.548428645028338,0,391.13848450914514,169.93131765584172,428.14261168384877,142.12328178694156,nan,nan,nan,nan,13.4019425285781,23.054192173191005,0.7853645080968301,nan,nan,nan,nan
587,19.58178773827924,0,391.09550561797755,169.8303370786517,424.13888888888886,143.09047619047618,nan,nan,nan,nan,13.27370551649345,23.01533850204055,0.8236667055543465,nan,nan,nan,nan
588,19.61514683153014,0,nan,nan,nan,nan,nan,nan,nan,nan,nan,nan,nan,nan,nan,nan,nan
589,19.64850592478104,0,nan,nan,nan,nan,nan,nan,nan,nan,nan,nan,nan,nan,nan,nan,nan
590,19.681865018031942,0,nan,nan,nan,nan,nan,nan,nan,nan,nan,nan,nan,nan,nan,nan,nan
591,19.715224111282843,0,nan,nan,nan,nan,nan,nan,nan,nan,nan,nan,nan,nan,nan,nan,nan
592,19.748583204533745,0,nan,nan,nan,nan,nan,nan,nan,nan,nan,nan,nan,nan,nan,nan,nan
593,19.781942297784646,0,nan,nan,nan,nan,nan,nan,nan,nan,nan,nan,nan,nan,nan,nan,nan
594,19.81530139103555,0,nan,nan,nan,nan,nan,nan,nan,nan,nan,nan,nan,nan,nan,nan,nan
595,19.84866048428645,0,nan,nan,nan,nan,nan,nan,nan,nan,nan,nan,nan,nan,nan,nan,nan
596,19.882019577537353,0,nan,nan,nan,nan,nan,nan,nan,nan,nan,nan,nan,nan,nan,nan,nan
597,19.915378670788254,0,398.58597285067873,179.56334841628959,440.9117199391172,161.91933028919328,nan,nan,nan,nan,14.105591514402846,21.950780813270917,0.5027099698311681,nan,nan,nan,nan
598,19.948737764039155,0,391.90915832406375,179.65146459028549,442.1897944199706,167.70411160058734,nan,nan,nan,nan,13.947156907662771,21.721394849838248,0.31391197056139425,nan,nan,nan,nan
599,19.982096857290056,0,390.12369651204597,180.4804027328299,443.29958611907034,173.2002546959567,nan,nan,nan,nan,13.937675104272984,21.482102028288782,0.19786905761593665,nan,nan,nan,nan
600,20.015455950540957,0,392.1346505671423,185.5568971825832,446.08999407933686,178.73445825932504,nan,nan,nan,nan,14.110626396727707,21.091430822914262,0.18482376755144098,nan,nan,nan,nan
601,20.04881504379186,0,395.5992353145637,191.34098018769552,450.0452710495963,184.97433679354094,nan,nan,nan,nan,14.366979651673375,20.653946941515528,0.1728303792523238,nan,nan,nan,nan
602,20.082174137042763,0,400.4938684503902,196.76737272389445,456.37081545064376,192.70872675250357,nan,nan,nan,nan,14.7409129224019,20.18175317834546,0.12012020426617548,nan,nan,nan,nan
603,20.115533230293664,0,406.324694024478,205.43340532757378,460.98399085191534,200.53945111492283,nan,nan,nan,nan,15.095141343688082,19.591822499166135,0.13895917820542011,nan,nan,nan,nan
604,20.148892323544565,0,410.5929171230376,213.94925155166118,465.1321398124467,208.76840011366863,nan,nan,nan,nan,15.383704576620541,18.996575314120562,0.14430850871538153,nan,nan,nan,nan
605,20.182251416795467,0,413.982254697286,219.96555323590815,468.6425315097881,217.49664789487798,nan,nan,nan,nan,15.618250174789814,18.47640987564284,0.08589622104138363,nan,nan,nan,nan
606,20.215610510046368,0,416.3295218295218,225.50103950103951,470.6844592716152,224.29051987767582,nan,nan,nan,nan,15.771110534823212,18.043748915428512,0.058957133857635645,nan,nan,nan,nan
607,20.24896960329727,0,417.8713692946058,229.55809128630705,472.3849407783418,228.39678510998309,nan,nan,nan,nan,15.88237330207339,17.75945247713984,0.05759280324034269,nan,nan,nan,nan
608,20.28232869654817,0,418.7859791034715,230.3602965958881,473.70811287477954,230.02910052910053,nan,nan,nan,nan,15.953765996941158,17.676156040508097,0.039916948525992084,nan,nan,nan,nan
609,20.315687789799075,0,420.1530683403068,233.35948396094838,474.06296938186017,232.27151935297513,nan,nan,nan,nan,16.014133574907603,17.494288782950157,0.056071754705264855,nan,nan,nan,nan
610,20.349046883049976,0,420.33025008564573,235.76909900650907,473.71372549019605,234.8232277526395,nan,nan,nan,nan,16.015982834098264,17.320820048761796,0.0530979656371373,nan,nan,nan,nan
611,20.382405976300877,0,421.24017003188095,239.60113354587318,475.5973913043478,238.80434782608697,nan,nan,nan,nan,16.11188438420035,17.0517385099337,0.049369184376671135,nan,nan,nan,nan
612,20.415765069551778,0,421.2417402682368,240.5636244684331,475.64104753771704,240.76288072872188,nan,nan,nan,nan,16.116887986153333,16.950421543278935,0.02831060622481219,nan,nan,nan,nan
613,20.44912416280268,0,420.4893319342427,239.4896817068905,474.61785216178515,240.51380753138076,nan,nan,nan,nan,16.060828446405086,16.994499707899642,0.010866712663020113,nan,nan,nan,nan
614,20.48248325605358,0,420.3825363825364,239.58662508662508,474.2169491525424,240.29463276836154,nan,nan,nan,nan,16.045421692386327,16.998248341916423,0.017472766697299757,nan,nan,nan,nan
615,20.51584234930448,0,420.32438016528926,239.51962809917356,474.13651877133105,240.29493742889645,nan,nan,nan,nan,16.041095197479855,17.000422098340366,0.01603558224352166,nan,nan,nan,nan
616,20.549201442555383,0,420.5,239.5,474.6574300461831,240.56750882912252,nan,nan,nan,nan,16.062421256013604,16.99232803739863,0.00996046388529718,nan,nan,nan,nan
617,20.582560535806287,0,420.57003823427175,239.5773375043448,474.6970666666666,240.6613333333333,nan,nan,nan,nan,16.065976586242066,16.986500881385577,0.009596652902294346,nan,nan,nan,nan
618,20.61591962905719,0,420.57003823427175,239.5773375043448,474.6970666666666,240.6613333333333,nan,nan,nan,nan,16.065976586242066,16.986500881385577,0.009596652902294346,nan,nan,nan,nan
619,20.64927872230809,0,420.57003823427175,239.5773375043448,474.7611379495437,240.5882984433709,nan,nan,nan,nan,16.06785194668851,16.989098540758686,0.011167347068455983,nan,nan,nan,nan
620,20.68263781555899,0,420.54373757455267,239.3691186216037,474.55051323608853,240.54997298757425,nan,nan,nan,nan,16.060231889200764,16.997408967976863,0.00749781525028136,nan,nan,nan,nan
621,20.715996908809892,0,420.7716535433071,239.3759842519685,474.55051323608853,240.54997298757425,nan,nan,nan,nan,16.06713443008576,16.99739547380522,0.007537841590752579,nan,nan,nan,nan
622,20.749356002060793,0,420.7158683610296,239.29195177582272,474.6526202052944,240.70070232306858,nan,nan,nan,nan,16.068523964247287,16.995122589764343,0.002630025607675982,nan,nan,nan,nan
623,20.782715095311694,0,420.7158683610296,239.29195177582272,474.72571121846477,240.7493290391841,nan,nan,nan,nan,16.070785924410394,16.99350741990813,0.0016399792594996054,nan,nan,nan,nan
624,20.816074188562595,0,420.7064338829615,239.2007759456838,474.72571121846477,240.7493290391841,nan,nan,nan,nan,16.070325343428813,16.9966579295143,-0.000284020964456738,nan,nan,nan,nan
625,20.8494332818135,0,420.7064338829615,239.2007759456838,474.72571121846477,240.7493290391841,nan,nan,nan,nan,16.070325343428813,16.9966579295143,-0.000284020964456738,nan,nan,nan,nan
626,20.8827923750644,0,420.7064338829615,239.2007759456838,474.72571121846477,240.7493290391841,nan,nan,nan,nan,16.070325343428813,16.9966579295143,-0.000284020964456738,nan,nan,nan,nan
627,20.916151468315302,0,420.6308037143772,239.14249119436437,474.7064516129032,240.74811827956987,nan,nan,nan,nan,16.067341560781713,16.998626556631073,-0.0014562423626580396,nan,nan,nan,nan
628,20.949510561566203,0,420.5627581823959,238.94248490625992,474.55051323608853,240.54997298757425,nan,nan,nan,nan,16.059984950085497,17.012214672441722,-0.001546417014839417,nan,nan,nan,nan
629,20.982869654817105,0,420.61764705882354,238.9310562934851,474.55051323608853,240.54997298757425,nan,nan,nan,nan,16.061622515958053,17.012664979289458,-0.0018232848614362443,nan,nan,nan,nan
630,21.016228748068006,0,420.61764705882354,238.9310562934851,474.55051323608853,240.54997298757425,nan,nan,nan,nan,16.061622515958053,17.012664979289458,-0.0018232848614362443,nan,nan,nan,nan
631,21.049587841318907,0,420.6387283236994,239.11496467565829,474.55051323608853,240.54997298757425,nan,nan,nan,nan,16.062614007401404,17.006310497561692,0.002063129470245629,nan,nan,nan,nan
632,21.082946934569808,0,420.7716535433071,239.3759842519685,474.62588363240883,240.61392060902662,nan,nan,nan,nan,16.069480087171037,16.99525059566369,0.006213137760195073,nan,nan,nan,nan
633,21.116306027820713,0,420.7716535433071,239.3759842519685,474.62588363240883,240.61392060902662,nan,nan,nan,nan,16.069480087171037,16.99525059566369,0.006213137760195073,nan,nan,nan,nan
634,21.149665121071614,0,420.7716535433071,239.3759842519685,474.62588363240883,240.61392060902662,nan,nan,nan,nan,16.069480087171037,16.99525059566369,0.006213137760195073,nan,nan,nan,nan
635,21.183024214322515,0,420.7716535433071,239.3759842519685,474.62588363240883,240.61392060902662,nan,nan,nan,nan,16.069480087171037,16.99525059566369,0.006213137760195073,nan,nan,nan,nan
636,21.216383307573416,0,420.9187479187479,239.5181485181485,474.62588363240883,240.61392060902662,nan,nan,nan,nan,16.07419928483829,16.990469706524507,0.009168200514112448,nan,nan,nan,nan
637,21.249742400824317,0,421.0147700570661,239.44377307821415,474.5600218758545,240.68115942028984,nan,nan,nan,nan,16.075024158584274,16.990742895308387,0.006071296555467756,nan,nan,nan,nan
638,21.28310149407522,0,421.0344366432631,239.44901370779002,474.5600218758545,240.68115942028984,nan,nan,nan,nan,16.075628668388013,16.990580677712494,0.006173541766791131,nan,nan,nan,nan
639,21.31646058732612,0,421.0898203592814,239.44444444444443,474.5600218758545,240.68115942028984,nan,nan,nan,nan,16.077293998888013,16.990793519512728,0.00604856486315807,nan,nan,nan,nan
640,21.349819680577024,0,421.0898203592814,239.44444444444443,474.5600218758545,240.68115942028984,nan,nan,nan,nan,16.077293998888013,16.990793519512728,0.00604856486315807,nan,nan,nan,nan
641,21.383178773827925,0,421.07909604519773,239.43668993020938,474.5600218758545,240.68115942028984,nan,nan,nan,nan,16.076954973002714,16.991051645077384,0.005888073338231293,nan,nan,nan,nan
642,21.416537867078826,0,421.07909604519773,239.43668993020938,474.5600218758545,240.68115942028984,nan,nan,nan,nan,16.076954973002714,16.991051645077384,0.005888073338231293,nan,nan,nan,nan
643,21.449896960329728,0,421.0417495029821,239.48243870112657,474.5600218758545,240.68115942028984,nan,nan,nan,nan,16.075913788122833,16.98942978361505,0.006884103298321006,nan,nan,nan,nan
644,21.48325605358063,0,421.00660720185,239.50809382226626,474.5600218758545,240.68115942028984,nan,nan,nan,nan,16.07490075929258,16.988506336229626,0.0074487120274161775,nan,nan,nan,nan
645,21.51661514683153,0,421.00660720185,239.50809382226626,474.5600218758545,240.68115942028984,nan,nan,nan,nan,16.07490075929258,16.988506336229626,0.0074487120274161775,nan,nan,nan,nan
646,21.54997424008243,0,421.00660720185,239.50809382226626,474.5600218758545,240.68115942028984,499.0,242.22222222222223,547.7308834446919,317.76169265033406,16.07490075929258,16.988506336229626,0.0074487120274161775,19.183352614919997,16.941851229549822,22.08678390057843,12.015298734663624
647,21.583333333333332,0,420.9960396039604,239.50033003300328,474.5600218758545,240.68115942028984,499.0,242.22222222222223,526.244358478401,343.0248226950354,16.07456645641311,16.98876491677214,0.0072879086596615815,19.183352614919997,16.941851229549822,20.835002254971744,10.397841955607387
648,21.616692426584237,0,420.9960396039604,239.50033003300328,474.62588363240883,240.61392060902662,504.09179229480736,360.1396984924623,518.1535199321459,410.81905569691827,16.076501296942006,16.991163119868695,0.008754604531031522,19.57781889500895,9.317949855249605,20.386134285928037,6.362098761425725
649,21.650051519835138,0,420.9960396039604,239.50033003300328,474.6907498631636,240.5391351943076,485.791169019182,367.3840028954035,499.5023432923257,418.3128295254833,16.07839908563947,16.993822458161013,0.010378463743456391,18.550394002443525,8.853899190268722,19.36404748855693,5.909769167340547
650,21.68341061308604,0,421.1678415575696,239.60087277609935,474.6907498631636,240.5391351943076,470.7405886379192,372.58042436687197,483.4133701318613,422.54339159766937,16.083784480442326,16.990508353736434,0.012456002295826205,17.711398749934297,8.520800176689818,18.487373311421567,5.6486086905901685
651,21.71676970633694,0,421.3285714285714,239.47142857142856,474.6907498631636,240.5391351943076,457.5813867259918,375.4608824619948,469.7597568777991,424.3320537428023,16.088395053392063,16.99515115370884,0.009621130460522315,16.97904552399982,8.329852226385121,17.744366260970505,5.5291967452240565
652,21.75012879958784,0,421.3285714285714,239.47142857142856,474.6907498631636,240.5391351943076,447.3536299765808,374.9882903981265,457.919564453811,422.51703547593957,16.088395053392063,16.99515115370884,0.009621130460522315,16.405310192730415,8.342351829344707,17.09503270885948,5.614827539102454
653,21.783487892838743,0,421.3285714285714,239.47142857142856,474.6907498631636,240.5391351943076,440.54166666666663,371.41,449.92998137802607,418.63947858472994,16.088395053392063,16.99515115370884,0.009621130460522315,16.014538605262473,8.544345612795961,16.65046497142246,5.822173760025313
654,21.816846986089644,0,421.3285714285714,239.47142857142856,474.7645459488852,240.58945078847196,435.5807426597582,367.9464594127806,444.00338600451465,414.489841986456,16.09068016715448,16.993477756723927,0.008574409003345626,15.726645236076568,8.743049913621922,16.316514071257693,6.048599671574364
655,21.850206079340545,0,421.3285714285714,239.47142857142856,474.7645459488852,240.58945078847196,431.9820547330641,367.0847913862719,439.55304928989136,412.39724310776944,16.09068016715448,16.993477756723927,0.008574409003345626,15.522050917244883,8.788959640624704,16.06748113732625,6.1610817188816105
656,21.88356517259145,0,421.3619924940293,239.47969976117366,474.6996218260399,240.66342517558073,431.6499582289056,364.3989139515455,438.2114740368509,408.8073701842546,16.08980584597706,16.990592982083644,0.007119432478335987,15.49541623249381,8.949083770487773,15.98452724322277,6.363487520043463
657,21.91692426584235,0,421.3823629553966,239.48280558392918,474.6996218260399,240.66342517558073,432.0914687774846,359.4784520668425,436.7758112094395,404.6578171091445,16.090427522148016,16.990505426532827,0.007176347978075105,15.505632571881081,9.24531839718961,15.894571616196234,6.598590280588237
658,21.950283359093252,0,421.3191919191919,239.53030303030303,474.89692982456137,240.59841008771926,429.28888888888883,357.0607966457023,433.5264873675631,401.4013854930725,16.09453283016691,16.991248378031017,0.00970299754400023,15.34013667306441,9.386750177357262,15.706710005596829,6.780778619361638
659,21.983642452344153,0,421.3191919191919,239.53030303030303,474.89692982456137,240.59841008771926,427.87189716312054,354.604609929078,431.15552699228795,399.4618680377035,16.09453283016691,16.991248378031017,0.00970299754400023,15.252441287417264,9.533055810125143,15.570487358540735,6.888953177051963
660,22.017001545595054,0,421.3191919191919,239.53030303030303,474.82339955849886,240.53449227373065,428.86565795506647,351.81705639614853,431.4057017543859,397.0912280701754,16.09224326428526,16.993394108384933,0.011039871804825865,15.299983138607956,9.703694668926527,15.57747483937254,7.026027757922182
661,22.050360638845955,0,421.3191919191919,239.53030303030303,474.82339955849886,240.53449227373065,429.5353942652329,350.6747311827957,430.8393524283935,396.04690743046905,16.09224326428526,16.993394108384933,0.011039871804825865,15.334387721153183,9.774197914391035,15.543170856098588,7.085544673383353
662,22.083719732096856,0,421.4372250423011,239.5549915397631,474.82339955849886,240.53449227373065,429.0535087719298,348.7859649122807,429.6725,394.13666666666666,16.095858110728862,16.99265495899737,0.011521345744889729,15.301201778847306,9.888449055023628,15.473082688235037,7.194392964751613
663,22.117078825347757,4,421.4372250423011,239.5549915397631,474.82339955849886,240.53449227373065,429.45871964679907,346.71920529801326,429.60016729401923,392.17273107486403,16.095858110728862,16.99265495899737,0.011521345744889729,15.31777693825815,10.015235153614592,15.463297634458174,7.308182193492219
664,22.150437918598662,4,421.75925925925924,239.5185185185185,475.3056017748197,240.85912368275095,430.1371794871795,344.2722222222222,429.2687898089172,389.48959660297237,16.12044739002264,16.983446473350966,0.0038635543977298312,15.348756060804135,10.166057148258515,15.436998049171969,7.463700569258359
665,22.183797011849563,4,421.75925925925924,239.5185185185185,475.3880513679508,240.84645449469568,430.6050677151594,341.06640454346876,429.3552522746071,386.0934656741108,16.122936223033705,16.98396729935357,0.004178021575847608,15.365483259417966,10.363620441273019,15.431705418657563,7.661956660403275
666,22.217156105100464,4,421.7059024223814,239.52473558512452,475.2439162422184,240.7051499717034,431.68237347294934,337.1588132635253,429.4278416347382,382.0506598552575,16.116833957613917,16.9884600875175,0.007284291015403737,15.414917203018108,10.606248852001004,15.423689395508335,7.89890156637643
667,22.250515198351366,4,421.5,239.5,475.06802721088434,240.6867913832199,432.42881500426256,332.96632566069906,429.41411564625844,377.68707482993193,16.10521137328633,16.98957799100649,0.007162702852961538,15.444761616940339,10.867127892230618,15.409856701436086,8.15571471170631
668,22.283874291602267,4,421.5,239.5,475.06802721088434,240.6867913832199,434.18943089430894,328.68333333333334,431.0541721275666,372.5482743556138,16.10521137328633,16.98957799100649,0.007162702852961538,15.532700263856563,11.136608094126307,15.486204551911984,8.462285222349928
669,22.317233384853168,4,421.58641975308643,239.50617283950618,475.1613265879707,240.71894322653174,434.6557839580814,324.3361547762999,431.0900086132644,367.7795004306632,16.11069476149911,16.988425543751934,0.0066106283223507515,15.546395302480908,11.409320109282527,15.474024049411192,8.746120583883867
670,22.35059247810407,4,421.6714285714286,239.52857142857144,475.1613265879707,240.71894322653174,432.90824915824913,320.2428451178451,429.4825143868968,362.6502877379371,16.11330702546127,16.98773319309871,0.0070483055368663165,15.43320220862747,11.66368842928347,15.368180264948224,9.050566677090988
671,22.383951571354974,4,421.6380075059706,239.5203002388263,475.1613265879707,240.71894322653174,432.78526504941595,315.75696316262355,429.23233636757686,358.42349371478105,16.11228104422919,16.987986859769165,0.006887491530339315,15.412196543182462,11.946846756179674,15.341135031002738,9.304431915594845
672,22.417310664605875,4,421.6714285714286,239.52857142857144,475.1613265879707,240.71894322653174,433.12960436562076,311.6193724420191,429.0763796909492,354.38454746136864,16.11330702546127,16.98773319309871,0.0070483055368663165,15.419264507578143,12.210112600648705,15.319870911054064,9.54828009219929
673,22.450669757856776,4,421.6714285714286,239.52857142857144,475.1613265879707,240.71894322653174,432.1653333333333,308.5862222222222,427.3916887709991,350.45269672855875,16.11330702546127,16.98773319309871,0.0070483055368663165,15.353805145974832,12.401821199066577,15.212195241689237,9.784304177536692
674,22.484028851107677,4,421.6714285714286,239.52857142857144,475.1613265879707,240.71894322653174,430.9,305.45570776255704,426.0978464419475,346.66619850187266,16.11330702546127,16.98773319309871,0.0070483055368663165,15.270292374504335,12.599913805010324,15.126716115027547,10.013101581137853
675,22.51738794435858,4,421.6682434563229,238.6165247555976,475.20284900284895,240.5253561253561,431.2660902977905,301.61671469740634,426.0904893813481,342.7280701754386,16.11255302028395,17.026105455669295,-0.008266736052535776,15.279284756023092,12.84715055740298,15.113602179545712,10.254244596424876
676,22.55074703760948,4,421.93195943735685,234.79555119398103,475.40060908084155,237.40033222591362,432.8917927556167,297.6868408986703,427.40161725067384,338.4348607367475,16.116367309278335,17.26806831716727,-0.023149592021968146,15.361644149347713,13.103601298865103,15.174511963350291,10.520512640044279
677,22.58410613086038,4,422.2461279461279,231.3,475.2867231638417,235.16949152542372,433.8817204301075,293.4975562072336,427.820724438331,334.4296194406235,16.113691780779785,17.468165352806384,-0.050832407242494736,15.406327336070992,13.37700223985396,15.18561976168689,10.768811072380364
678,22.61746522411128,4,422.9828884325804,227.02669404517454,475.44017094017096,233.2196581196581,433.734934086629,289.6586629001883,427.90225563909775,329.54586466165415,16.13080116558891,17.68720020083523,-0.1021176194243877,15.385573722785228,13.626856264383285,15.174597851299007,11.072421942607425
679,22.650824317362186,4,423.7563559322034,222.48093220338984,475.80677576801605,231.1656617858168,435.7631578947368,285.0990712074303,430.18533333333335,324.6355555555555,16.15500124517888,17.92074337705742,-0.1569722401572312,15.49050935591949,13.92905802869742,15.29007217269693,11.383085359097999
680,22.684183410613088,4,426.8739794107206,217.96840610578627,478.2295977011494,227.33591954022984,438.73102310231025,280.74422442244224,433.40719696969694,319.20454545454544,16.312443601345638,18.221256607471,-0.1745610594982931,15.652147938378102,14.22113248988112,15.458793692362653,11.729987102349039
681,22.71754250386399,4,430.8362445414847,213.1772197962154,482.0621319199057,222.91843345111894,442.30265486725665,275.6991150442478,436.6093672147483,313.4887892376682,16.53894466877489,18.556523119144185,-0.18358409094795183,15.848399667071217,14.56171989974327,15.626629023317067,12.097210022294767
682,22.75090159711489,4,434.74849849849846,207.875,485.2053519488074,219.17539267015707,444.42802303262954,270.67114523352524,439.0545722713864,307.49508357915437,16.743677588182045,18.887402788375606,-0.2211920062719284,15.959966305439906,14.9006194621379,15.750805114621555,12.483439170360997
683,22.78426069036579,4,438.7969391564016,202.7745427398283,489.1244172494172,214.29865967365967,447.82097649186255,265.55274261603375,442.6569484936831,301.8916423712342,16.977330549068775,19.25455357295668,-0.22731282662018656,16.147556430061275,15.250069818515014,15.944507388075673,12.849333455330926
684,22.817619783616692,4,442.8379310344828,197.4750957854406,492.731192387749,209.58519179304193,451.2873991309745,259.79143389199254,445.92229038854805,296.30674846625766,17.20239023357714,19.62513935942893,-0.24294540091821415,16.339034543278313,15.645422239660514,16.11985317268915,13.215937327246271
685,22.850978876867593,4,446.16916570549785,192.18723567858513,495.56968587984136,205.23635254650807,453.51983298538624,254.45581071677105,447.9079754601227,290.83895705521473,17.383164948821204,19.982918963345874,-0.2668045007971926,16.45886481058595,16.012230109300514,16.22152333910592,13.575117621800977
686,22.884337970118494,4,450.16819923371645,186.6551724137931,499.0285367334547,200.69489981785063,456.23236514522824,248.91147994467497,450.67990196078426,285.0799019607843,17.60483538132266,20.36043573777667,-0.2924389138400417,16.6078957938393,16.396720811289242,16.369456346474614,13.957229572091954
687,22.9176970633694,4,454.3825198637912,181.21301551267499,503.2670882264378,195.2234266787112,459.4993359893758,243.61620185922973,454.7296511627907,279.1690891472868,17.85883319590718,20.77237374548719,-0.292645861034691,16.79209755318562,16.76775403930269,16.5936726198663,14.354411078607209
688,22.9510561566203,4,458.24160811865727,175.89461358313818,506.7256581033936,190.2952743418966,463.0209235209235,238.2323232323232,458.2303222398309,272.9117802430005,18.07935156254684,21.16127760598996,-0.30468423569613434,16.992782063000725,17.147939086909116,16.78609444931139,14.77660233425009
689,22.9844152498712,4,462.0140350877193,170.45575048732942,509.67479674796743,186.00281425891183,465.241610738255,232.5331841909023,460.4447900466563,267.3976153447382,18.28263253318824,21.533059484868733,-0.33639573505101755,17.114904926702987,17.55020557176195,16.90499654129882,15.149736443240563
690,23.017774343122102,4,465.82167832167835,165.53535353535352,513.330850403476,181.60397268777157,467.9983700081499,226.91931540342298,463.66935050993015,261.8679549114332,18.51126069255664,21.892329620824235,-0.34994498990454836,17.27085982480435,17.950422021818607,17.085109969697662,15.52835971378189
691,23.051133436373004,4,469.6459854014599,160.6119221411192,516.7174721189591,177.2806691449814,471.3280182232346,222.5375854214123,467.19768664563617,256.88853838065194,18.733326258180337,22.25083763605116,-0.3674433446501285,17.465581711095123,18.267184113444294,17.285862723170254,15.872736159083512
692,23.084492529623905,4,473.383151073309,155.7480761441879,520.3368932038835,173.17734627831715,474.8526748971193,217.72921810699586,469.8047619047619,251.74761904761905,18.96145943644991,22.601116206238714,-0.3860366511647573,17.67258502567044,18.616586493968356,17.432066902366284,16.22855411766103
693,23.117851622874806,4,476.6575342465753,151.1195516811955,523.0949649458253,168.99872530274058,476.6501240694789,212.77667493796525,472.37458745874585,246.95489548954893,19.148937570200655,22.945729680718046,-0.40114334239979843,17.774022466013655,18.974920164332367,17.577632758755836,16.5626036863879
694,23.151210716125707,4,479.65414141414135,146.17777777777778,525.1727681438663,165.0314707771355,478.1041162227603,208.09039548022596,473.9133858267717,241.44671916010498,19.306574396937066,23.295424513199524,-0.43136743191207394,17.855315593371486,19.315543992260945,17.660242421166714,16.94621900164629
695,23.18456980937661,4,482.3593234323432,141.5519801980198,527.5,161.02124183006535,479.87862796833775,202.73614775725594,476.08092812676847,236.31522354272778,19.46402147807825,23.63639504988211,-0.44929797476312355,17.955823592222814,19.707440507051007,17.782353940287972,17.30742002075329
696,23.217928902627513,4,485.81676891615535,136.80572597137012,529.8377755840737,157.48634419216847,482.25784563189137,198.10178117048346,478.14728682170545,231.29302325581395,19.64694494825047,23.96667417808719,-0.4873102289337302,18.095910781455565,20.050615436766122,17.899269401627922,17.66307136633505
697,23.251287995878414,4,488.8376489930127,132.49732840115084,531.9921568627451,154.10359477124183,483.15627822944896,192.8780487804878,479.5002727768685,226.0441898527005,19.8111456617604,24.27476781551634,-0.5171169586424761,18.143331112292497,20.436033451608818,17.972864829645793,18.035537861836293
698,23.284647089129315,4,492.0250431778929,128.31433506044903,534.1391585760517,151.18317152103558,484.3545279383429,188.47880539499036,481.32466870540264,221.17533129459733,19.981409326036562,24.56165902218585,-0.5561458534123543,18.211195865076466,20.763568346364433,18.076531411199923,18.384394705664736
699,23.318006182380216,4,495.30878552971575,124.80232558139535,536.6700336700336,148.40707070707072,485.68615984405454,184.37329434697855,483.08910891089107,216.84818481848185,20.16846505173326,24.81793015516679,-0.5812390698992201,18.28828773153151,21.0713703256414,18.178008088722375,18.69653477084473
700,23.351365275631117,4,497.7448717948718,121.28931623931622,538.944557133198,145.33739012846516,487.9076773566569,180.8260447035957,485.1744704570791,212.74414715719064,20.320364730704632,25.085528114927904,-0.5934901169619201,18.422704125285563,21.341007279880483,18.300203727683723,18.995024025622325
701,23.38472436888202,4,500.5,118.34473684210526,541.0863711001641,142.6679802955665,489.3311827956989,177.39784946236557,487.09797657082,209.68690095846645,20.479289859274623,25.31573760566347,-0.6076520713310058,18.507514804405012,21.60117262256158,18.41454713899337,19.21917480803098
702,23.418083462132923,4,502.6974088713219,115.99824330259112,543.1757877280265,140.1167495854063,491.37960042060985,174.70767613038905,489.0733122362869,207.46888185654007,20.619028150717895,25.5170514780706,-0.6058721587066556,18.633259621302017,21.80823601345459,18.5337203068938,19.383571017001845
703,23.451442555383824,4,503.34165626300455,114.31876820640865,544.4063333333332,138.44333333333333,492.72240802675583,173.30769230769232,490.1810631229236,206.14894795127353,20.680081277626492,25.65401215699795,-0.5995576495283275,18.716406863704552,21.916910350956158,18.600601008369594,19.48148653546731
704,23.484801648634726,4,504.4136597938144,113.63659793814433,544.8991683991684,137.75779625779626,493.1025641025641,172.39644970414201,491.2266435986159,204.50346020761245,20.731389125647063,25.710983870953935,-0.6068184267187208,18.739312196595662,21.98664042131373,18.66331138131504,19.6030784168166
705,23.518160741885627,4,504.69053708439895,113.31585677749361,545.1365623948873,137.48772283888326,493.45942982456137,172.1798245614035,491.53973509933775,204.02980132450332,20.74820734974967,25.735434825433536,-0.6084678307835192,18.76165263818362,22.003831423951297,18.682140281370767,19.63815275463875
706,23.551519835136528,4,504.67519181585675,113.33120204603581,545.1365623948873,137.48772283888326,492.0019267822736,172.61753371868977,489.89915966386553,204.55070028011204,20.74770850011409,25.734788520984026,-0.6079627017459444,18.669858162334158,21.96743829659692,18.580943142928774,19.596833737553684
707,23.58487892838743,4,504.74556962025315,113.10506329113925,545.5120967741935,137.35047043010752,488.60545722713863,171.98082595870204,485.4835756596661,204.25632740980075,20.762208088930276,25.750018332225427,-0.6061559294904955,18.453755103670634,22.00791546137797,18.30636889569955,19.608850541848128
708,23.61823802163833,4,504.8454284542845,112.90938909389094,545.5120967741935,137.35047043010752,481.2857142857143,170.4672619047619,478.69024651661306,204.2272240085745,20.765413017308138,25.758141318002814,-0.6113826727936762,17.987386502862705,22.105932481290083,17.884688530610706,19.596564426827747
709,23.65159711488923,4,504.9060041407867,112.81904761904761,545.5120967741935,137.35047043010752,470.5050946142649,170.5026686074721,468.3932219127205,206.59842154131846,20.767370028739983,25.761910792304718,-0.6139700021734076,17.304362661509717,22.07884077351652,17.251202702309754,19.402962296932134
710,23.684956208140136,4,504.8454284542845,112.90938909389094,545.5120967741935,137.35047043010752,456.9856850715746,172.9130879345603,457.2157716497339,212.35655539429123,20.765413017308138,25.758141318002814,-0.6113826727936762,16.455169791582286,21.866200525046956,16.574506037106502,18.964608470341336
711,23.718315301391037,4,504.9060041407867,112.81904761904761,545.46,137.28166666666667,452.9398009950248,173.28407960199004,454.26050830889534,215.0948191593353,20.76570417984233,25.764577671957092,-0.6132188297801547,16.200705321928172,21.829133565713132,16.399773433793232,18.762263532997903
712,23.751674394641938,4,504.9060041407867,112.81904761904761,545.5302419354839,137.2113575268817,448.3592446201141,171.86780851998242,450.94515852613534,215.907883461868,20.76802088625807,25.76745330619665,-0.6109504598593569,15.907205518674408,21.925639102577563,16.198143019328988,18.697283915201556
713,23.78503348789284,4,504.884900990099,112.79826732673267,545.6693548387096,137.21337365591395,447.72128694350914,149.8148148148148,452.53279424977535,202.02920035938902,20.771843336655337,25.76836501065928,-0.6094769841074652,15.797431751450391,23.612221789887073,16.25713284085259,19.700742038839547
714,23.81839258114374,4,504.7160017160017,112.46632346632346,545.43125,137.33506944444443,nan,nan,nan,nan,20.75832607447747,25.776602301667452,-0.6194541690617351,nan,nan,nan,nan
715,23.85175167439464,4,499.8906802988596,203.65722899462577,545.616,137.14566666666667,nan,nan,nan,nan,20.652500211330615,22.2619809441341,1.0580821884832858,nan,nan,nan,nan
716,23.885110767645543,4,500.8183118741058,112.38412017167381,552.0312757201646,134.92510288065844,nan,nan,nan,nan,20.84604082560984,25.878844494327964,-0.46668113439876235,nan,nan,nan,nan
717,23.918469860896444,4,nan,nan,nan,nan,nan,nan,nan,nan,nan,nan,nan,nan,nan,nan,nan
718,23.95182895414735,4,504.8233082706767,112.43984962406014,545.4861528194862,137.15348682015346,nan,nan,nan,nan,20.763717808560756,25.785094422548937,-0.6170268269479097,nan,nan,nan,nan
719,23.98518804739825,4,504.80272952853596,112.5545905707196,545.5878064943671,137.11000662690523,nan,nan,nan,nan,20.766417736515308,25.782225739065847,-0.6123443000893098,nan,nan,nan,nan
720,24.01854714064915,4,504.77694548481065,112.49729504785684,545.5456349206349,137.21593915343914,nan,nan,nan,nan,20.764123642696724,25.7802800082096,-0.615819087865329,nan,nan,nan,nan
721,24.051906233900052,4,504.68137873055906,112.572929802438,545.5456349206349,137.21593915343914,nan,nan,nan,nan,20.76100639520479,25.777065705245306,-0.6131159258309387,nan,nan,nan,nan
722,24.085265327150953,4,504.7690417690418,112.78705978705977,545.5456349206349,137.21593915343914,627.1528925619834,86.3953168044077,625.967088607595,129.64388185654008,20.763991096955408,25.768423405008463,-0.6098319803123513,27.65877827580451,29.22751954977689,27.385064092666504,25.63847780976145
723,24.118624420401854,4,504.7360097323601,112.88686131386861,545.5456349206349,137.21593915343914,626.953923686105,97.80993520518359,626.2778993435448,138.5018234865062,20.762946403082346,25.76430221168851,-0.6073891131139562,27.59266197957956,28.260317272560386,27.36716519266069,24.929774745470414
724,24.151983513652755,4,504.7360097323601,112.88686131386861,545.5456349206349,137.21593915343914,627.5650584795321,99.58698830409357,626.6240703177822,141.36240703177822,20.762946403082346,25.76430221168851,-0.6073891131139562,27.62560694567974,28.112767683412624,27.3774932800006,24.703245831827406
725,24.185342606903657,4,504.91439205955334,112.94416873449131,545.5120967741935,137.35047043010752,628.7546816479401,99.21722846441948,627.2548625083836,141.420523138833,20.7677013970058,25.756807672296027,-0.6115190489592652,27.707268939920684,28.146920245295394,27.418469017113747,24.70016693350851
726,24.21870170015456,4,504.8516235100698,112.93423756678996,545.458,137.43566666666666,628.9127837514934,100.02568697729987,627.5163265306122,144.10748299319727,20.763830695544712,25.753687554083953,-0.6133207601602235,27.714135332416742,28.079552707403902,27.423908561325423,24.48800279374505
727,24.252060793405462,4,504.9607594936709,113.1379746835443,545.5487804878048,137.43665311653115,627.8651282051281,102.65333333333332,626.2501405283867,147.77290612703766,20.77047103089734,25.745572399964168,-0.6094151149865931,27.631678007307997,27.856993674528635,27.325672753085694,24.195872478220817
728,24.285419886656364,4,504.98837209302326,113.35012919896641,545.4552845528456,137.60738482384824,623.3541666666666,105.51065891472868,622.594823032224,152.01373481246696,20.768357205673567,25.730054020524147,-0.6099884662890298,27.31672400567595,27.607093012926814,27.0704790391602,23.854442434389963
729,24.318778979907265,4,505.0770859805167,113.30453197797542,545.4080518594336,137.66564312521322,620.1521739130435,107.86763285024153,620.1713541666666,156.08125,20.76969860807899,25.729661115330817,-0.613775793186502,27.092576731013587,27.403086537321364,26.8971290216589,23.531367130523407
730,24.352138073158166,4,504.99620253164557,113.426582278481,545.297131147541,137.8012295081967,621.6410608139003,109.9519890260631,620.4875761837786,158.53445850914204,20.763419164981478,25.719061125054537,-0.61436685697376,27.183114437798963,27.234419691479008,26.907872859903126,23.3415320764505
731,24.385497166409067,4,505.12217965091526,113.41336739037887,545.18125,137.96458333333334,625.2669358456707,110.91117092866756,624.1748792270531,160.59323671497583,20.763724565580674,25.713143003373126,-0.620929465521898,27.420751607326103,27.164539858856124,27.137656517171916,23.190672765561004
732,24.418856259659968,4,505.1992238033635,113.6386373436826,545.1486486486486,138.14414414414412,627.489010989011,110.99496336996336,626.2916060164969,160.49247937894225,20.76522366920309,25.69688382979637,-0.6213113929825371,27.56854786041972,27.16335493095905,27.274686753039383,23.203417242113222
733,24.452215352910873,4,505.01511335012594,113.75650713685977,545.039092495637,138.18254799301917,627.4188144329897,110.55970790378007,625.5656724228153,160.39298796441653,20.75562940491654,25.690182477409834,-0.6187160390803892,27.56583299769409,27.199125390683214,27.2282445417437,23.209420597888105
734,24.485574446161774,4,505.01511335012594,113.75650713685977,544.9370024229836,138.2308757355486,624.0212868892114,109.23609095307206,623.8950248756219,158.71243781094526,20.75228835437339,25.688143139805973,-0.620955865421373,27.345020515854603,27.299785332344143,27.127290797554544,23.33572008898456
735,24.518933539412675,0,505.0151515151515,113.72727272727273,544.9342965256277,138.15032679738562,621.8661800486618,109.12554744525548,621.9301634472511,158.67904903417534,20.752222709882204,25.692525934366735,-0.6199604195320673,27.201664923566188,27.30335339440707,27.000487073017784,23.333701276016434
736,24.552292632663576,0,505.0112781954887,113.81787802840434,544.9316239316239,138.234188034188,619.874139626352,109.27630285152408,620.4049976426214,158.57520037718055,20.752012431818542,25.685495172945327,-0.619781808882702,27.068100628009564,27.28572390685514,26.902377460403294,23.338178390199285
737,24.585651725914477,0,505.02308984047016,113.87405541561712,545.0324026197862,138.18648741813166,619.0226396917147,109.30298651252407,619.8599900348779,158.63328350772295,20.75572411901605,25.685229946546055,-0.6165621718333426,27.011180159519885,27.28131321240172,26.866944530134692,23.332395552093516
738,24.61901081916538,0,505.0112781954887,113.81787802840434,545.0324026197862,138.18648741813166,619.0226396917147,109.30298651252407,619.9659763313609,158.71055226824456,20.755310547120665,25.68750805271805,-0.6175699939864829,27.011180159519885,27.28131321240172,26.87348654207954,23.326652117830424
739,24.65236991241628,0,505.0112781954887,113.81787802840434,545.0324026197862,138.18648741813166,619.0256038647342,109.3840579710145,691.2184684684685,185.94819819819818,20.755310547120665,25.68750805271805,-0.6175699939864829,27.01104130102835,27.274615225216664,31.303623327663804,21.409692411851662
740,24.68572900566718,0,505.0112781954887,113.81787802840434,545.0324026197862,138.18648741813166,nan,nan,nan,nan,20.755310547120665,25.68750805271805,-0.6175699939864829,nan,nan,nan,nan
741,24.719088098918085,0,504.93333333333334,113.9588477366255,545.0324026197862,138.18648741813166,nan,nan,nan,nan,20.75280459074071,25.681655172781603,-0.6136942464361772,nan,nan,nan,nan
742,24.752447192168987,0,504.93333333333334,113.9588477366255,545.0324026197862,138.18648741813166,nan,nan,nan,nan,20.75280459074071,25.681655172781603,-0.6136942464361772,nan,nan,nan,nan
743,24.785806285419888,0,505.0112781954887,113.81787802840434,543.3164556962025,138.0645569620253,nan,nan,nan,nan,20.699545998505734,25.69025807514701,-0.6368311693015595,nan,nan,nan,nan
744,24.81916537867079,0,nan,nan,nan,nan,nan,nan,nan,nan,nan,nan,nan,nan,nan,nan,nan
745,24.85252447192169,0,nan,nan,nan,nan,nan,nan,nan,nan,nan,nan,nan,nan,nan,nan,nan
746,24.88588356517259,0,nan,nan,nan,nan,nan,nan,nan,nan,nan,nan,nan,nan,nan,nan,nan
747,24.919242658423492,0,nan,nan,nan,nan,nan,nan,nan,nan,nan,nan,nan,nan,nan,nan,nan
748,24.952601751674393,0,nan,nan,nan,nan,nan,nan,nan,nan,nan,nan,nan,nan,nan,nan,nan
749,24.985960844925298,0,nan,nan,nan,nan,nan,nan,nan,nan,nan,nan,nan,nan,nan,nan,nan
750,25.0193199381762,0,nan,nan,nan,nan,nan,nan,nan,nan,nan,nan,nan,nan,nan,nan,nan
751,25.0526790314271,0,nan,nan,nan,nan,nan,nan,nan,nan,nan,nan,nan,nan,nan,nan,nan
752,25.086038124678,0,nan,nan,nan,nan,nan,nan,nan,nan,nan,nan,nan,nan,nan,nan,nan
753,25.119397217928903,0,nan,nan,nan,nan,nan,nan,nan,nan,nan,nan,nan,nan,nan,nan,nan
754,25.152756311179804,0,nan,nan,nan,nan,nan,nan,nan,nan,nan,nan,nan,nan,nan,nan,nan
755,25.186115404430705,0,nan,nan,nan,nan,nan,nan,nan,nan,nan,nan,nan,nan,nan,nan,nan
756,25.219474497681606,0,nan,nan,nan,nan,nan,nan,nan,nan,nan,nan,nan,nan,nan,nan,nan
757,25.25283359093251,0,nan,nan,nan,nan,nan,nan,nan,nan,nan,nan,nan,nan,nan,nan,nan
758,25.286192684183412,0,nan,nan,nan,nan,nan,nan,nan,nan,nan,nan,nan,nan,nan,nan,nan
759,25.319551777434313,0,nan,nan,nan,nan,nan,nan,nan,nan,nan,nan,nan,nan,nan,nan,nan
760,25.352910870685214,0,nan,nan,nan,nan,nan,nan,nan,nan,nan,nan,nan,nan,nan,nan,nan
761,25.386269963936115,0,nan,nan,nan,nan,nan,nan,nan,nan,nan,nan,nan,nan,nan,nan,nan
762,25.419629057187016,0,nan,nan,nan,nan,nan,nan,nan,nan,nan,nan,nan,nan,nan,nan,nan
763,25.452988150437918,0,nan,nan,nan,nan,nan,nan,nan,nan,nan,nan,nan,nan,nan,nan,nan
764,25.48634724368882,0,nan,nan,nan,nan,nan,nan,nan,nan,nan,nan,nan,nan,nan,nan,nan
765,25.519706336939723,0,nan,nan,nan,nan,nan,nan,nan,nan,nan,nan,nan,nan,nan,nan,nan
766,25.553065430190625,0,nan,nan,nan,nan,nan,nan,nan,nan,nan,nan,nan,nan,nan,nan,nan
767,25.586424523441526,0,nan,nan,nan,nan,nan,nan,nan,nan,nan,nan,nan,nan,nan,nan,nan
768,25.619783616692427,0,nan,nan,nan,nan,nan,nan,nan,nan,nan,nan,nan,nan,nan,nan,nan
769,25.653142709943328,0,nan,nan,nan,nan,nan,nan,nan,nan,nan,nan,nan,nan,nan,nan,nan
770,25.68650180319423,0,nan,nan,nan,nan,nan,nan,nan,nan,nan,nan,nan,nan,nan,nan,nan
771,25.71986089644513,0,nan,nan,nan,nan,nan,nan,nan,nan,nan,nan,nan,nan,nan,nan,nan
772,25.753219989696035,0,nan,nan,nan,nan,nan,nan,nan,nan,nan,nan,nan,nan,nan,nan,nan
773,25.786579082946936,0,nan,nan,nan,nan,nan,nan,nan,nan,nan,nan,nan,nan,nan,nan,nan
774,25.819938176197837,0,424.4299617657282,225.42266249565517,471.25894134477824,224.31258941344777,nan,nan,nan,nan,16.03550111536953,18.05451036727941,0.06061072074212928,nan,nan,nan,nan
775,25.85329726944874,0,424.4299617657282,225.42266249565517,475.5594843462247,224.10534069981583,nan,nan,nan,nan,16.16703400311329,18.066227202185072,0.06299416176813981,nan,nan,nan,nan
776,25.88665636269964,0,424.4299617657282,225.42266249565517,477.79947460595446,223.76269702276707,nan,nan,nan,nan,16.235365904343055,18.080647111995177,0.06917196774352312,nan,nan,nan,nan
777,25.92001545595054,0,424.5,225.5,477.84195150452814,223.92784107508032,nan,nan,nan,nan,16.239096520440267,18.072184404534593,0.06728068200837,nan,nan,nan,nan
778,25.953374549201442,0,424.4414692756608,225.55578441469274,477.862199013635,223.8378299970989,nan,nan,nan,nan,16.237957431880098,18.073368233837574,0.0703844212243014,nan,nan,nan,nan
779,25.986733642452343,0,424.42000685166147,225.57999314833845,477.84195150452814,223.92784107508032,nan,nan,nan,nan,16.236808292219013,18.06928387165046,0.0689569603174944,nan,nan,nan,nan
780,26.020092735703248,0,424.42000685166147,225.57999314833845,477.82685105157015,223.9219245174301,nan,nan,nan,nan,16.23634022393438,18.069478068420366,0.06909524586232772,nan,nan,nan,nan
781,26.05345182895415,0,424.3079009833842,225.67887419464222,477.84195150452814,223.92784107508032,nan,nan,nan,nan,16.233576893285484,18.06568550719817,0.07101245457949922,nan,nan,nan,nan
782,26.08681092220505,0,424.3079009833842,225.67887419464222,477.84195150452814,223.92784107508032,nan,nan,nan,nan,16.233576893285484,18.06568550719817,0.07101245457949922,nan,nan,nan,nan
783,26.12017001545595,0,424.300135501355,225.6961382113821,477.8064984044096,224.01189440092833,nan,nan,nan,nan,16.232361097180004,18.06205576532782,0.06958687973161888,nan,nan,nan,nan
784,26.153529108706852,0,424.300135501355,225.6961382113821,477.8064984044096,224.01189440092833,nan,nan,nan,nan,16.232361097180004,18.06205576532782,0.06958687973161888,nan,nan,nan,nan
785,26.186888201957753,0,424.28798646362094,225.7049069373942,477.8064984044096,224.01189440092833,nan,nan,nan,nan,16.232007259147238,18.061734460515545,0.06976759370503237,nan,nan,nan,nan
786,26.220247295208654,0,424.28798646362094,225.7049069373942,477.8064984044096,224.01189440092833,nan,nan,nan,nan,16.232007259147238,18.061734460515545,0.06976759370503237,nan,nan,nan,nan
787,26.253606388459556,0,424.28798646362094,225.7049069373942,477.8064984044096,224.01189440092833,nan,nan,nan,nan,16.232007259147238,18.061734460515545,0.06976759370503237,nan,nan,nan,nan
788,26.28696548171046,0,424.300135501355,225.6961382113821,477.82685105157015,223.9219245174301,nan,nan,nan,nan,16.23290467563251,18.065263443964042,0.07151744773806887,nan,nan,nan,nan
789,26.32032457496136,0,424.300135501355,225.6961382113821,477.8064984044096,224.01189440092833,nan,nan,nan,nan,16.232361097180004,18.06205576532782,0.06958687973161888,nan,nan,nan,nan
790,26.353683668212263,0,424.46990024079804,225.53697970416235,477.8064984044096,224.01189440092833,nan,nan,nan,nan,16.237236808856565,18.067836971523885,0.0662605609244409,nan,nan,nan,nan
791,26.387042761463164,0,424.44936491589425,225.56368005492618,477.77183756938354,224.10312591294186,nan,nan,nan,nan,16.235680162290084,18.06360849335894,0.06486734954132434,nan,nan,nan,nan
792,26.420401854714065,0,424.36218601493545,225.70230821452816,477.77183756938354,224.10312591294186,nan,nan,nan,nan,16.233283699528677,18.05863451810354,0.06780981630633891,nan,nan,nan,nan
793,26.453760947964966,0,424.3512872628726,225.72628726287263,477.77183756938354,224.10312591294186,nan,nan,nan,nan,16.23299668399704,18.057778468563694,0.06832048103936748,nan,nan,nan,nan
794,26.487120041215867,0,424.3512872628726,225.72628726287263,477.77183756938354,224.10312591294186,nan,nan,nan,nan,16.23299668399704,18.057778468563694,0.06832048103936748,nan,nan,nan,nan
795,26.52047913446677,0,424.33265788584936,225.76528199932454,477.77183756938354,224.10312591294186,nan,nan,nan,nan,16.23250234192314,18.056385499560392,0.06914982321628084,nan,nan,nan,nan
796,26.553838227717673,0,424.33265788584936,225.76528199932454,477.77183756938354,224.10312591294186,nan,nan,nan,nan,16.23250234192314,18.056385499560392,0.06914982321628084,nan,nan,nan,nan
797,26.587197320968574,0,424.33265788584936,225.76528199932454,477.77183756938354,224.10312591294186,nan,nan,nan,nan,16.23250234192314,18.056385499560392,0.06914982321628084,nan,nan,nan,nan
798,26.620556414219475,0,424.3512872628726,225.72628726287263,477.77183756938354,224.10312591294186,nan,nan,nan,nan,16.23299668399704,18.057778468563694,0.06832048103936748,nan,nan,nan,nan
799,26.653915507470376,0,424.2998324958124,225.86365159128977,477.7225654604295,224.19564577817005,nan,nan,nan,nan,16.230260046447967,18.04955946291218,0.06928106797972591,nan,nan,nan,nan
800,26.687274600721278,0,424.2998324958124,225.86365159128977,477.7225654604295,224.19564577817005,545.858596491228,253.77894736842106,556.803628601921,306.22447527570256,16.230260046447967,18.04955946291218,0.06928106797972591,22.024592048181866,16.23624423137874,22.628032982478054,12.769471066397694
801,26.72063369397218,0,424.2998324958124,225.86365159128977,477.7225654604295,224.19564577817005,521.3032490974729,275.5496389891697,533.9013307367737,327.54982148653033,16.230260046447967,18.04955946291218,0.06928106797972591,20.543165103357868,14.717276652834759,21.278592701738347,11.373498087427196
802,26.75399278722308,0,424.2998324958124,225.86365159128977,477.7225654604295,224.19564577817005,503.85296889726675,291.4696826892868,515.5026143790849,343.11633986928103,16.230260046447967,18.04955946291218,0.06928106797972591,19.51552580049461,13.633902296684159,20.219516896634993,10.374791395073354
803,26.787351880473985,0,424.3121639784946,225.8252688172043,477.7225654604295,224.19564577817005,487.14031554212823,306.7260825780463,498.13386086383116,357.0735245631388,16.230563496805868,18.050924328263903,0.06846063745727105,18.5505187913622,12.61594754576104,19.23755787336956,9.494109055051384
804,26.820710973724886,0,424.3121639784946,225.8252688172043,477.7225654604295,224.19564577817005,481.2631362889983,317.29105090311987,490.01676190476184,366.0979047619047,16.230563496805868,18.050924328263903,0.06846063745727105,18.223234881451344,11.93200409221574,18.787191515880863,8.937471466441322
805,26.854070066975787,0,424.3512872628726,225.72628726287263,477.6758355516119,224.26471458148475,474.12720848056534,323.54848841774634,482.0283370618941,371.28821774794926,16.230199146068887,18.051958387115743,0.06487796484281026,17.820239184409285,11.524867892056793,18.343651307236723,8.614956034084331
806,26.887429160226688,0,424.3512872628726,225.72628726287263,477.6758355516119,224.26471458148475,463.6324281778827,327.7733175914994,470.4578399712953,374.52816648726224,16.230199146068887,18.051958387115743,0.06487796484281026,17.22305472307243,11.24232435580381,17.69888698055193,8.404677075986921
807,26.92078825347759,0,424.3512872628726,225.72628726287263,477.6758355516119,224.26471458148475,457.2546867855509,329.2053040695016,463.36076475477967,374.8852867830424,16.230199146068887,18.051958387115743,0.06487796484281026,16.8592282887856,11.1422437032245,17.301653967016865,8.37272311093461
808,26.95414734672849,0,424.44936491589425,225.56368005492618,477.6758355516119,224.26471458148475,454.50897435897434,331.5025641025641,459.2736259391063,376.48675365757214,16.23288262436193,18.05778841191099,0.06141165158037046,16.706765808602537,10.994476515651701,17.075948573950278,8.271680305511055
809,26.98750643997939,0,424.44936491589425,225.56368005492618,477.6758355516119,224.26471458148475,450.8222876779578,334.40058910162,454.70561139028473,378.4384422110553,16.23288262436193,18.05778841191099,0.06141165158037046,16.50227718803205,10.80829923893224,16.824602218344378,8.149447171951245
810,27.020865533230292,0,424.46990024079804,225.53697970416235,477.6758355516119,224.26471458148475,448.5,333.94428434197886,452.0883190883191,377.5379867046533,16.233458411505353,18.058750309657505,0.06084346831788588,16.36808195459053,10.832804850698833,16.676248328505736,8.198677673210407
811,27.054224626481197,0,424.44936491589425,225.56368005492618,477.6758355516119,224.26471458148475,450.39700916546064,330.2040520984081,452.89531680440774,373.96280991735534,16.23288262436193,18.05778841191099,0.06141165158037046,16.46754125905061,11.06858307015998,16.71324467396232,8.411544371529388
812,27.0875837197321,0,424.44936491589425,225.56368005492618,477.6758355516119,224.26471458148475,450.0169114374721,327.36938139741875,451.86507936507934,370.37213403880065,16.23288262436193,18.05778841191099,0.06141165158037046,16.43864338931667,11.244953796943776,16.64720725434361,8.623394060801985
813,27.120942812983,0,424.4074453551912,225.62568306010928,477.6758355516119,224.26471458148475,445.13415750915743,324.35668498168496,447.33845437616384,367.47067039106145,16.231721458599804,18.055560674774412,0.06273248589035038,16.149799655585053,11.42554152221897,16.38596426659176,8.789515979307783
814,27.1543019062339,0,424.4074453551912,225.62568306010928,477.62724330685495,224.32568402471315,443.53489439853075,321.4793388429752,445.52367557430847,365.1082981715893,16.230287062170365,18.053352397909883,0.06143388410194852,16.04983996322421,11.603693617955788,16.27797443361069,8.928023717935437
815,27.1876609994848,0,424.3823629553966,225.66530473272044,477.6758355516119,224.26471458148475,442.6630776132794,318.6707043517272,444.6676328502415,361.6521739130435,16.23103148447104,18.05413890541996,0.06357635023929085,15.991781562787251,11.779309424417338,16.220924324874062,9.134090164860053
816,27.221020092735703,0,424.3823629553966,225.66530473272044,477.6758355516119,224.26471458148475,441.52938537460744,315.5329744279946,443.35852713178286,359.3565891472868,16.23103148447104,18.05413890541996,0.06357635023929085,15.917455698237795,11.975895549732986,16.141102283436354,9.270243928072466
817,27.254379185986604,0,424.3823629553966,225.66530473272044,477.6758355516119,224.26471458148475,440.44064216307555,312.3565694972539,442.18938233792744,355.4313425216947,16.23103148447104,18.05413890541996,0.06357635023929085,15.845360018487165,12.175720184547261,16.064644249875784,9.505529685248776
818,27.287738279237505,0,424.3823629553966,225.66530473272044,477.6758355516119,224.26471458148475,443.3744131455399,308.22574334898275,444.6168091168091,351.45299145299145,16.23103148447104,18.05413890541996,0.06357635023929085,16.004036214091492,12.444170946473687,16.191656017623817,9.750778380475609
819,27.32109737248841,5,424.3823629553966,225.66530473272044,477.6758355516119,224.26471458148475,445.04166666666663,304.33032646048105,445.55791962174936,347.1304964539007,16.23103148447104,18.05413890541996,0.06357635023929085,16.090338802034257,12.696653897317072,16.233880851353717,10.015839835581696
820,27.35445646573931,5,424.3823629553966,225.66530473272044,477.6758355516119,224.26471458148475,443.39578059071727,300.7185654008439,443.80670611439837,343.38757396449705,16.23103148447104,18.05413890541996,0.06357635023929085,15.984331685646449,12.926222900398502,16.124405140205482,10.242300498935704
821,27.387815558990212,5,424.3823629553966,225.66530473272044,477.6758355516119,224.26471458148475,442.4959546925566,296.9049352750809,443.5232876712329,338.91552511415523,16.23103148447104,18.05413890541996,0.06357635023929085,15.920963754801125,13.171127164476815,16.096317653701966,10.517051218937167
822,27.421174652241113,5,424.3823629553966,225.66530473272044,477.6758355516119,224.26471458148475,444.41467505241087,292.1635220125786,445.3819723337795,334.57161981258366,16.23103148447104,18.05413890541996,0.06357635023929085,16.020029596353922,13.482528139799964,16.191091760786687,10.78877242126717
823,27.454533745492014,5,424.46990024079804,225.53697970416235,477.6758355516119,224.26471458148475,444.7893772893772,287.6355311355311,444.8361034164358,330.1703601108033,16.233458411505353,18.058750309657505,0.06084346831788588,16.029386147920913,13.778964510384272,16.14815194023589,11.061490804157758
824,27.487892838742916,5,424.1857142857143,221.61428571428573,477.14173913043476,222.4582608695652,501.3921568627451,225.7328431372549,444.37421383647796,283.56918238993705,16.19935743617942,18.26055058359826,0.014878388102617183,19.314036473040186,18.102059757379116,15.993493521158257,14.045179530396016
825,27.521251931993817,5,424.5201966982788,217.63083948015455,477.49502923976604,219.9859649122807,444.55632183908045,279.61057471264365,445.0280151946818,320.94017094017096,16.210628256109125,18.49055379839831,-0.01804991704435668,15.993048574783378,14.306636270743233,16.13453781059613,11.640156763457187
826,27.554611025244718,5,427.0245464247599,213.60974742084665,479.74684684684684,215.77027027027026,446.60778727445387,275.1742640075973,446.04394576905094,316.15194015895275,16.34543858969386,18.789405055527737,-0.013959754918922216,16.10206883579087,14.60451054615102,16.180455164778685,11.944347940974097
827,27.587970118495623,5,428.1719298245614,209.48736842105262,480.76603998806326,212.09788122948373,447.04670912951167,270.64171974522293,446.3869969040248,311.48400412796695,16.401360312922954,19.071234619010518,-0.023957654622608068,16.115549016038972,14.907446355125336,16.18789683471483,12.24144230009166
828,27.621329211746524,5,429.791621129326,204.71220400728598,481.5881826320501,208.61712921515965,447.0677506775067,266.57669376693764,446.40977261731973,306.4446057087566,16.46500854896678,19.371430954137253,-0.05384737862885055,16.10549556409067,15.179843617669938,16.175744544407745,12.563404091301638
829,27.654688304997425,5,431.77633944624233,199.8561668464581,483.81696969696964,204.43424242424243,447.7911392405063,261.3792194092827,448.0915032679738,301.288084464555,16.58324445408405,19.70353524683235,-0.06849737580661848,16.1342070436309,15.531378668164573,16.26006621688626,12.897717281870271
830,27.688047398248326,5,434.378154425612,195.04896421845572,485.91241101826057,199.93995666976167,450.16339869281046,256.7930283224401,450.01846153846157,295.4758974358974,16.717049266664617,20.047677356781527,-0.07664472979838005,16.263650476728657,15.846718331765231,16.357574626728006,13.277075015215752
831,27.721406491499227,5,436.4906156156156,190.24249249249246,488.08998144712433,195.2847866419295,452.131469979296,252.3447204968944,451.73424657534247,290.8264840182648,16.83884483928281,20.399328573247487,-0.08003302663382267,16.36989401532842,16.153658250057045,16.44631145568053,13.582761456000723
832,27.75476558475013,5,439.37045454545455,185.33636363636364,490.48276913693195,190.8283013113754,454.2393162393162,246.92136752136753,453.93686868686865,285.53131313131314,16.99210399217941,20.750560545273327,-0.0914992723182635,16.482626513310382,16.529609091951727,16.56263427133335,13.933448597086826
833,27.78812467800103,5,441.90727699530515,180.77895148669796,492.90502117362365,186.51421657592255,517.6942528735632,194.28735632183907,455.98740310077517,280.80523255813955,17.137123626983765,21.08529541571553,-0.09750131403792561,20.305725861081285,20.407088221958947,16.67209358169251,14.248509787555221
834,27.821483771251934,5,443.70871559633025,176.16284403669724,494.79496623695513,182.3284223449969,519.4330900243309,190.35766423357666,457.4657671164417,275.4837581209395,17.243045828650587,21.417973916920783,-0.10727892766688552,20.41376320451505,20.70110499825384,16.746827979682827,14.603913529819122
835,27.854842864502835,5,445.68518518518516,171.82638888888889,496.6876932591218,178.3568336425479,521.0287769784172,185.9904076738609,458.50630914826496,271.307570977918,17.355755361378876,21.734165390001937,-0.11605471681669635,20.51326862620341,21.028873992405536,16.798699689794294,14.884213490287642
836,27.888201957753736,5,448.0,167.48842592592592,498.7881619937694,174.51277258566978,460.8986035215543,229.07650273224044,460.3164880040837,267.11383358856557,17.486434370378774,22.047941860632477,-0.1282549884904196,16.842109413385245,17.784121824529844,16.896689666094947,15.168554480636072
837,27.921561051004637,5,450.0812260536398,163.44022988505748,500.6432859399684,170.61421800947866,462.262996941896,225.12293577981652,462.16129032258067,262.1241935483871,17.60302518600877,22.35387905305194,-0.13267224851409617,16.916054194658717,18.065641520087624,16.99545616180719,15.508189836563618
838,27.95492014425554,5,451.80865603644645,159.39331814730446,502.23016619629976,167.516462841016,525.8432671081678,175.26931567328916,463.2087179487179,257.6461538461538,17.700795708711084,22.63015207829331,-0.15530537125956792,20.816841893037637,21.843409814945932,17.048126143573537,15.813618824823651
839,27.98827923750644,5,453.59875097580016,155.55854800936768,503.6489703989704,164.1792149292149,464.6308176100629,217.26540880503143,464.3430263866451,253.7905223478729,17.795876267340557,22.90860577773217,-0.1685186318296902,17.042968248457605,18.62860293949496,17.107685038256946,16.078383531379107
840,28.02163833075734,5,455.8346883468834,151.60240030971738,505.44151189312475,161.78885630498533,465.4489402697495,213.582530507386,465.03972088030054,249.81642512077295,17.917828786603355,23.15770070356227,-0.2069399196124483,17.08490966098893,18.893778564469752,17.140889630824976,16.35168425367352
841,28.054997424008242,5,458.4568190699492,147.44157874169596,507.4416177429876,159.57632093933464,465.9804741980474,209.731520223152,466.1809071729958,245.60284810126583,18.059126727945667,23.409745492445634,-0.25526975395055956,17.108961239591547,19.171694085273344,17.200598130472958,16.643693737264712
842,28.088356517259147,5,461.047327621379,143.81109751121988,509.1142213642213,157.264157014157,466.3399412628487,205.8942731277533,466.2433127572016,241.4645061728395,18.190216912090236,23.645629289421542,-0.29135294392646427,17.12250452360722,19.449591046171687,17.195412238060307,16.92988660094583
843,28.121715610510048,5,464.2833539859562,139.5943824865758,511.40254652301667,155.32353901403852,466.59830866807613,201.66666666666666,467.3192771084337,237.35542168674698,18.361802555852215,23.892696540647854,-0.3499996330116342,17.128953161220263,19.75701190190515,17.251831160763324,17.217496888321886
844,28.15507470376095,5,467.15282940933497,135.77777777777777,513.1273080660836,153.2918691286038,467.66822066822067,197.67599067599068,468.3813249869587,233.26238914971307,18.50464243392924,24.127533338684366,-0.3994890994804105,17.18648925815674,20.05046982274238,17.307724280889232,17.505422975094344
845,28.18843379701185,5,469.8848101265823,132.27215189873417,515.1989562948467,151.05544683626874,468.23021582733816,193.69384492406073,468.9953560371517,229.08823529411765,18.655111014957004,24.359235388865358,-0.43387480954060076,17.21263845457599,20.343693293412265,17.336376420283642,17.79962029279797
846,28.22179289026275,5,472.48258706467664,128.9705638474295,517.2028701891714,148.8010437051533,469.5389718076285,190.2976782752902,470.2295252999478,225.07668231611893,18.799862366705426,24.584200354612108,-0.4628749296053769,17.286921233233254,20.596741198134666,17.403478068578046,18.08510040251358
847,28.255151983513652,5,475.16896695943115,126.10455876202425,519.054142204827,146.72667971298108,470.35227272727275,186.58522727272728,471.7331319234642,221.51510574018127,18.94362420429764,24.785465443005002,-0.4888295462728551,17.32978843787371,20.873268124486117,17.48836163528272,18.34059697162762
848,28.288511076764554,5,476.9496615905245,124.0642978003384,520.6369047619048,144.77943121693121,471.8741319444444,184.26215277777774,472.639431616341,218.4624037892244,19.050489155959077,24.947783408937838,-0.49350392734015075,17.42032009763262,21.04920337051793,17.537907959572912,18.559717237208176
849,28.321870170015455,5,478.49149659863946,121.96513605442176,521.8440129449838,143.17540453074432,473.12592592592586,182.45833333333334,474.0184864240323,216.30213749277874,19.13764276267167,25.098672367857148,-0.5081186374889166,17.49521391338292,21.18633853022988,17.618500599396956,18.716813577593875
850,28.35522926326636,5,480.01244101244095,120.03775203775203,523.0042317708333,141.603515625,473.6239782016349,180.54859218891914,474.58630952380946,214.3083333333333,19.222985110857195,25.241657035200134,-0.5200595446476848,17.522622524520223,21.330045563912858,17.649623590233258,18.860727689226575
851,28.38858835651726,5,480.9699738903394,118.7976501305483,523.6437606837607,140.65641025641025,473.8181818181818,178.46780303030303,475.44796883695045,212.42459654980522,19.273848768519624,25.331147227907444,-0.5300424161827851,17.530597741578642,21.48624871392251,17.699170220984172,18.99770706215925
852,28.42194744976816,5,481.76233766233764,117.68181818181819,524.3580494321977,139.38744154976618,474.2141472868217,177.83236434108525,475.8519099947671,211.59654631083203,19.321910111846925,25.428335090431545,-0.5280643867289606,17.554267175477875,21.53478418565704,17.722542065747497,19.058076825673457
853,28.455306543019063,5,482.2519280205656,117.02056555269922,524.8576703591809,138.94561933534743,474.7780979827089,176.43611911623438,476.44871794871796,210.79807692307693,19.35356468224478,25.473852307838484,-0.5328071781448985,17.587024194207366,21.64088841284661,17.75791048151487,19.11678399689132
854,28.488665636269964,5,482.57525510204084,116.66198979591837,524.9318106587222,138.41310824230388,474.9464788732394,176.40375586854458,476.84470327232384,209.95618413754852,19.366249042971695,25.509974959192615,-0.5319823918975214,17.59758745227072,21.643697608127287,17.7808204242073,19.17826100284863
855,28.522024729520865,5,482.5264718339686,116.53155442609064,524.9204470742932,138.30637738330046,475.2889518413598,176.38621340887627,476.73878478137414,210.0249858035207,19.36415877247528,25.51942147547068,-0.5321049618155494,17.619170206150272,21.64578256397552,17.774400074054157,19.173080374645544
856,28.555383822771766,5,482.4367381252627,116.53257671290457,525.1265060240963,138.0177376171352,475.2889518413598,176.38621340887627,476.6683878370625,210.09695926563396,19.367906052625813,25.530943290750066,-0.5227935320117869,17.619170206150272,21.64578256397552,17.770181963621532,19.16774606205772
857,28.588742916022667,5,482.52625,116.48375,525.0831663326653,138.0310621242485,475.12592592592586,176.45833333333334,476.6683878370625,210.09695926563396,19.36939145612475,25.532459325589112,-0.5255544962186027,17.60902356113024,21.639997156597993,17.770181963621532,19.16774606205772
858,28.622102009273572,5,482.52625,116.48375,525.0831663326653,138.0310621242485,475.12592592592586,176.45833333333334,476.6683878370625,210.09695926563396,19.36939145612475,25.532459325589112,-0.5255544962186027,17.60902356113024,21.639997156597993,17.770181963621532,19.16774606205772
859,28.655461102524473,5,482.4725999175937,116.45817882159042,525.2214428857716,137.93687374749499,475.1503623188405,176.33967391304347,476.7532763532763,210.07350427350428,19.372098223294913,25.537327693062494,-0.5220518218531544,17.61032897847573,21.648970607865675,17.775385849017326,19.169614128073807
860,28.688820195775374,5,482.59002433090023,116.31995133819952,525.2214428857716,137.93687374749499,475.1503623188405,176.33967391304347,477.4020397208802,209.96403650026838,19.375825478936548,25.543091373457447,-0.5262798689961116,17.61032897847573,21.648970607865675,17.81529051155532,19.17886272339471
861,28.722179289026275,5,482.8341463414634,116.26788617886177,525.6252485089464,137.71669980119285,476.1263736263736,176.63186813186815,477.61211129296237,210.18548827059465,19.396910159014293,25.554724789198264,-0.5210672243269968,17.672514360450798,21.62919414943266,17.828681133718586,19.163343113865213
862,28.755538382277177,5,482.85026519787834,116.30273357813137,525.7264529058116,137.72444889779558,477.3446054750402,178.08615136876003,477.94800218938144,211.58182813355225,19.400758745050737,25.55314499431016,-0.5195845439034517,17.752185079973863,21.52273011464402,17.85196676710783,19.06351300726422
863,28.788897475528078,5,482.933911606774,116.37339942172655,525.7605210420842,137.58617234468937,476.2991266375546,178.0465793304221,476.08519153802166,212.2744425385935,19.404677875025904,25.555898696796895,-0.5156631344514132,17.686176029423766,21.523366217324384,17.73821908222267,19.009825567947814
864,28.82225656877898,5,483.21645569620256,115.71518987341773,525.9632598530393,137.23313293253173,471.66962962962964,179.00296296296295,470.82516339869284,213.73366013071896,19.41995031057069,25.59724527174518,-0.5231968248212399,17.396318099389614,21.44136380899751,17.41661605090547,18.894115491128716
865,28.855615662029884,5,483.21645569620256,115.71518987341773,525.9876060013046,137.29223744292236,461.54111275233873,177.3938946331856,461.3429672447013,214.3771676300578,19.420740315998984,25.59493210922252,-0.524187039346606,16.754386008745577,21.539399902480092,16.8338399725209,18.82830650609939
866,28.888974755280785,5,483.21645569620256,115.71518987341773,525.9876060013046,137.29223744292236,449.98644226273956,176.53015427769986,450.8809167912307,214.49825610363723,19.420740315998984,25.59493210922252,-0.524187039346606,16.024019429390066,21.578411861761513,16.19021480814808,18.797945400804018
867,28.922333848531686,5,483.21645569620256,115.71518987341773,526.0900723208415,137.2965154503616,441.2368421052632,171.08947368421053,442.8346666666667,211.4368888888889,19.424069949919755,25.59488694539268,-0.5231872775058458,15.45480263944377,21.968346256958778,15.685740078783803,19.000681816666045
868,28.955692941782587,5,483.18286182861823,115.56949569495696,525.7784352399736,137.24917817225509,434.82060606060605,159.66585858585856,438.57057471264363,203.63126436781607,19.412708492565514,25.602267442526326,-0.5282666453389521,15.007928793225993,22.822547878167267,15.3972013732529,19.554861631300827
869,28.989052035033488,5,483.18286182861823,115.56949569495696,526.3485008818342,136.9005291005291,437.390979993218,133.42692438114614,442.41494252873565,182.4670498084291,19.43124336100466,25.61678264981103,-0.514853141613034,15.076033186129122,24.872844095312615,15.566737726449976,21.117872731862757
870,29.02241112828439,5,482.90274314214463,115.50789692435578,525.5604166666667,137.09340277777775,452.1245326430831,103.53753235547886,455.53412630982723,155.08269612007928,19.396369055765213,25.610329286443125,-0.5255902390001139,15.935776049752597,27.326225340929874,16.313154267004215,23.22286274344302
871,29.05577022153529,5,nan,nan,nan,nan,nan,nan,nan,nan,nan,nan,nan,nan,nan,nan,nan
872,29.08912931478619,5,nan,nan,nan,nan,nan,nan,nan,nan,nan,nan,nan,nan,nan,nan,nan
873,29.122488408037096,5,483.0796829370045,115.65540258656652,524.9478707782672,137.26651982378854,nan,nan,nan,nan,19.382408674073517,25.59694768900996,-0.5346812981584075,nan,nan,nan,nan
874,29.155847501287997,5,483.0299199325747,115.56847871892118,526.0576466598847,136.91353001017293,nan,nan,nan,nan,19.4167648402734,25.615761866680653,-0.5165768571699211,nan,nan,nan,nan
875,29.1892065945389,5,483.0299199325747,115.56847871892118,526.133600534402,137.06680026720105,nan,nan,nan,nan,19.41923013791873,25.609776772781522,-0.5190184405344681,nan,nan,nan,nan
876,29.2225656877898,0,483.0299199325747,115.56847871892118,526.0430748840291,137.12193505632868,nan,nan,nan,nan,19.416286833316803,25.60748096092024,-0.521135369005955,nan,nan,nan,nan
877,29.2559247810407,0,483.0299199325747,115.56847871892118,525.9425962165687,137.03979125896933,nan,nan,nan,nan,19.413022893627975,25.61061562690154,-0.5204632209265108,nan,nan,nan,nan
878,29.289283874291602,0,483.2363792363792,115.56070356070354,525.8021038790268,137.28468113083497,nan,nan,nan,nan,19.415226847535727,25.601314169146743,-0.5295316784569196,nan,nan,nan,nan
879,29.322642967542503,0,483.28589420654913,115.62048698572627,525.8021038790268,137.28468113083497,648.2003610108303,81.49398315282791,646.8612680477087,123.72567482736973,19.416907240316696,25.59894530524619,-0.5287935188937272,29.114664635449184,29.70487563238807,28.793498933887555,26.169701864209834
880,29.356002060793404,0,483.18185601331663,115.84186433624635,525.9198144466534,137.2730284956925,650.4316831683168,87.71353135313531,650.2118193891101,128.5285524568393,19.41751631217788,25.590416884245016,-0.5214148378958833,29.23102140031163,29.178133647736935,28.98939470680036,25.788854410831913
881,29.38936115404431,0,483.5002134016218,115.80964575330772,525.9511290866194,137.5500505561173,652.638,89.44466666666666,651.8509647371923,130.4451097804391,19.428954139120712,25.581188642998214,-0.5310864218602135,29.370716471838357,29.03657093719754,29.087165393214036,25.63827210336212
882,29.42272024729521,0,483.38896075894775,115.880120741699,525.9486918110771,137.65239551478084,650.4541160593792,90.90283400809717,650.6720757268424,132.06355645706557,19.425283081267764,25.574125060401688,-0.5305502904714127,29.214344327256587,28.906681573059153,29.00065532704842,25.505036998763412
883,29.45607934054611,0,483.46563573883157,116.24054982817869,526.0424366872005,137.65776865160848,647.6666666666666,94.05707346690953,647.6162790697674,135.1918604651163,19.43117093398689,25.559472833660827,-0.5227701072325296,29.00806991067215,28.631843735833105,28.78289744012931,25.246429034481274
884,29.489438433797012,0,483.45924029022615,116.31668800682884,525.8326488706366,137.7381930184805,642.5344827586207,97.48148148148147,643.2171428571429,138.50920634920635,19.42421262857266,25.552930521958803,-0.5250224464189878,28.643261417039145,28.32926395863391,28.477036033753894,24.970584909022293
885,29.522797527047913,0,483.3468697123519,116.36632825719119,525.8326488706366,137.7381930184805,637.8669086509376,100.65093768905021,638.8831246273106,142.49791293977339,19.42056844483055,25.550771879270847,-0.5227307065628861,28.312789749461214,28.050781954911987,28.173626717244762,24.64294245643553
886,29.556156620298815,0,483.33037600337974,116.37431347697506,525.8326488706366,137.7381930184805,634.6216730038022,106.41634980988593,636.1483781918564,147.7694962042788,19.42003420702062,25.550426646977634,-0.5223797674543216,28.066549348740644,27.56117085492929,27.970144334134307,24.21988208649933
887,29.589515713549716,0,483.33037600337974,116.37431347697506,526.0326049254248,137.68921262573707,633.0243902439024,106.80555555555554,635.126893939394,149.15530303030303,19.426531018816984,25.55260948345314,-0.519205060218848,27.957784590840063,27.52467061228377,27.897202334234006,24.108438584297446
888,29.622874806800617,0,483.2442492680886,116.45085738184859,526.0744500846024,137.75363790186123,633.5480895915678,106.59683794466403,635.1313689379988,148.98403928790668,19.425131018682045,25.54688981253149,-0.517560239630625,27.993828034482657,27.54337441485417,27.89828520439339,24.121908439474936
889,29.65623390005152,0,483.3710144927536,116.42898550724637,525.9845274133871,137.77026572485704,633.7982120051084,105.87611749680714,635.2574626865671,148.92848258706465,19.426350876792995,25.547170498532267,-0.5207014279479694,28.014046905544895,27.603941556563615,27.90674828756209,24.126576972877945
890,29.689592993302423,0,483.3926482873851,116.53007518796993,525.9908350305499,137.93177189409369,633.4181229773462,105.7242718446602,635.031746031746,149.82051282051282,19.42735385891344,25.536702138089392,-0.5221262977154041,27.989331821635634,27.61558050027885,27.887940532565672,24.055962558333633
891,29.722952086553324,0,483.4780810587262,116.56699751861042,525.9558521560575,138.02156057494867,632.3975694444445,105.98668981481481,634.6699669966997,151.4851485148515,19.42905330256772,25.531712028410677,-0.5245405971157563,27.919752466234677,27.59109294257579,27.856763474570776,23.924550634768462
892,29.756311179804225,0,483.4780810587262,116.56699751861042,525.9558521560575,138.02156057494867,632.4043715846993,107.41256830601093,634.5912368275096,153.4104270660011,19.42905330256772,25.531712028410677,-0.5245405971157563,27.913413201996388,27.472656713931958,27.842831396781015,23.773726088915243
893,29.789670273055126,0,483.5014528850145,116.59111664591116,525.9591836734694,138.10578231292516,632.3474099099099,107.94481981981981,635.1449520586576,155.42019176536942,19.42994872607609,25.527431049190604,-0.526029114790361,27.907072397851188,27.42834994902729,27.869534180255922,23.61818658837355
894,29.823029366306027,0,483.4780810587262,116.56699751861042,525.9591836734694,138.10578231292516,632.406517094017,109.5625,635.8915989159891,157.34037940379403,19.429159897294923,25.52838125450836,-0.5262926933434142,27.90333601305916,27.294482850273493,27.909069015815998,23.470461942292673
895,29.85638845955693,0,483.4780810587262,116.56699751861042,525.9591836734694,138.10578231292516,632.8887122416534,110.30736618971912,637.0602836879432,158.2755825734549,19.429159897294923,25.52838125450836,-0.5262926933434142,27.931985928302016,27.23411613194433,27.980370932250636,23.400535489732572
896,29.889747552807833,0,483.5814905814906,116.58353808353809,525.7883817427386,138.2403181189488,633.684630738523,112.25399201596805,637.6417445482866,160.7061266874351,19.42701958887147,25.52230653951674,-0.5317695879937753,27.975781813230114,27.075429165586154,28.00665006123354,23.213418349696227
897,29.923106646058734,0,483.5814905814906,116.58353808353809,525.8094740508533,138.33786137234412,634.3375796178344,113.53662420382166,638.4675581971272,162.6552748885587,19.42770300493735,25.51847097784276,-0.53360510108236,28.013139348314823,26.97141868418874,28.050861963781713,23.06461543429383
898,29.956465739309635,0,483.58170731707315,116.65121951219513,525.9962585034014,138.3,636.2139979859013,115.19838872104732,640.2215628090999,164.75568743818002,19.433837117719296,25.517447229063936,-0.5293314559472104,28.13001996765584,26.83955703537838,28.154067639469613,22.906675410111944
899,29.989824832560537,0,483.58170731707315,116.65121951219513,525.9962585034014,138.3,636.4890476190476,116.28380952380951,640.9846625766871,166.2474437627812,19.433837117719296,25.517447229063936,-0.5293314559472104,28.143017354791343,26.751144949901263,28.196131841449414,22.793631149386762
900,30.023183925811438,0,483.65435139573066,116.73768472906404,525.8094740508533,138.33786137234412,639.4301357862462,116.41130091984232,643.4088319088319,166.53276353276354,19.430232602404338,25.51230231443956,-0.5311007544621112,28.33798749275803,26.748200240425163,28.350838963128098,22.777302756739637
901,30.05654301906234,0,483.6088560885609,116.81877818778186,525.7971014492754,138.51749734888654,644.0785388127854,116.47945205479452,647.5729166666666,166.5028409090909,19.428407520555425,25.501827604897503,-0.5328026164534501,28.64686524502029,26.754487578476688,28.619141588980398,22.789236986937983
902,30.08990211231324,0,483.6260762607626,116.90979909799097,525.6852436032246,138.7087276550999,647.4345238095237,116.39972527472527,649.8599900348779,166.63328350772295,19.425419720489252,25.490451754864573,-0.5363123340557809,28.87061367009464,26.769610586466925,28.765792865744913,22.784498357378062
903,30.12326120556414,0,483.6898656898657,116.85347985347985,525.6852436032246,138.7087276550999,646.991935483871,116.60887096774194,649.6973293768546,166.54055390702274,19.427462698472617,25.4928188173131,-0.5382273841848144,28.840038211078895,26.75131349234186,28.755790247150642,22.79125284530186
904,30.156620298815046,0,483.6898656898657,116.85347985347985,525.7066388599235,138.61105318039625,644.6737790422001,116.46040777619723,647.8728070175439,166.56140350877192,19.42815864528906,25.496709145163855,-0.535925642408507,28.686570207640724,26.757571876574257,28.638161672199534,22.785427674817168
905,30.189979392065947,0,483.68085969180856,116.89334955393349,525.7066388599235,138.61105318039625,642.979255068364,116.48420556341348,646.2537091988131,166.51483679525222,19.427898758932436,25.495078977298736,-0.5349700336756068,28.57370363802602,26.751287990791084,28.53411825560157,22.785262191733693
906,30.223338485316848,0,483.68085969180856,116.89334955393349,525.7066388599235,138.61105318039625,642.5,116.5,645.9338235294117,166.5970588235294,19.427898758932436,25.495078977298736,-0.5349700336756068,28.541738924829964,26.748767240762604,28.51310910831651,22.778200447926597
907,30.25669757856775,0,483.57136963696365,117.04826732673267,525.7066388599235,138.61105318039625,642.5,116.5,645.8139880952381,166.59821428571428,19.424444586482174,25.48865178474414,-0.5304287031730649,28.541738924829964,26.748767240762604,28.505386488447503,22.77783441225131
908,30.29005667181865,0,483.6172385620915,116.94975490196079,525.7066388599235,138.61105318039625,642.387323943662,116.54788732394366,645.8139880952381,166.59821428571428,19.425861445620455,25.492708758875843,-0.5330538168018216,28.533996813828313,26.744550234446013,28.505386488447503,22.77783441225131
909,30.32341576506955,0,483.6260762607626,116.90979909799097,525.7066388599235,138.61105318039625,642.387323943662,116.54788732394366,645.9338235294117,166.5970588235294,19.426115667305695,25.49434208271533,-0.5340097208413953,28.533996813828313,26.744550234446013,28.51310910831651,22.778200447926597
910,30.356774858320453,0,483.6260762607626,116.90979909799097,525.7066388599235,138.61105318039625,nan,nan,nan,nan,19.426115667305695,25.49434208271533,-0.5340097208413953,nan,nan,nan,nan
911,30.390133951571354,0,483.5826086956522,116.81697722567287,525.7066388599235,138.61105318039625,nan,nan,nan,nan,19.42460596633863,25.498056168229837,-0.5355181973526404,nan,nan,nan,nan
912,30.42349304482226,0,483.5826086956522,116.81697722567287,525.7066388599235,138.61105318039625,nan,nan,nan,nan,19.42460596633863,25.498056168229837,-0.5355181973526404,nan,nan,nan,nan
913,30.45685213807316,0,483.4780426599749,116.8025930572982,525.7066388599235,138.61105318039625,nan,nan,nan,nan,19.421161351378508,25.498508479291118,-0.5346696951591409,nan,nan,nan,nan
914,30.49021123132406,0,483.56273291925464,116.91635610766045,525.8919298245614,138.5859649122807,nan,nan,nan,nan,19.430059194479572,25.49521310607581,-0.5306228669235924,nan,nan,nan,nan
915,30.523570324574962,0,483.56273291925464,116.91635610766045,525.875574407918,138.48568398727465,nan,nan,nan,nan,19.429529908464858,25.499161531430303,-0.5286746067806498,nan,nan,nan,nan
916,30.556929417825863,0,483.59341563786006,116.78148148148148,525.8151320485367,138.42255531763024,nan,nan,nan,nan,19.428454316209198,25.507101742216307,-0.5312245629480625,nan,nan,nan,nan
917,30.590288511076764,0,483.5652173913044,116.72505175983436,524.501179245283,138.5683962264151,nan,nan,nan,nan,19.384816385603912,25.50199535880607,-0.5498541199922523,nan,nan,nan,nan
918,30.623647604327665,0,483.4303261329944,116.56713257094451,520.4459064327485,138.02266081871343,nan,nan,nan,nan,19.24856230092726,25.524924778481555,-0.5891000462714037,nan,nan,nan,nan
919,30.657006697578566,0,nan,nan,nan,nan,nan,nan,nan,nan,nan,nan,nan,nan,nan,nan,nan
920,30.69036579082947,0,nan,nan,nan,nan,nan,nan,nan,nan,nan,nan,nan,nan,nan,nan,nan
921,30.723724884080372,0,475.4100337674867,122.02990834539314,512.932994062765,142.94571670907547,nan,nan,nan,nan,18.748657043516786,25.090563856000873,-0.5676885095352036,nan,nan,nan,nan
922,30.757083977331273,0,466.42020497803804,124.14202049780381,508.1669143140168,141.05448241703812,nan,nan,nan,nan,18.30280669218718,25.06310193264011,-0.42611280456525985,nan,nan,nan,nan
923,30.790443070582175,0,456.46743295019155,125.43438697318007,503.04133180252586,138.99272866437045,nan,nan,nan,nan,17.81339222002597,25.074069323233143,-0.3063110525455465,nan,nan,nan,nan
924,30.823802163833076,0,447.5669362084456,128.69272237196765,496.80689655172415,140.0791461412151,nan,nan,nan,nan,17.32776976448532,24.882433872546567,-0.23881511278410303,nan,nan,nan,nan
925,30.857161257083977,0,439.2582159624413,134.63935125906957,490.328086419753,143.98487654320988,nan,nan,nan,nan,16.86211954013357,24.474739884544377,-0.18255980498932,nan,nan,nan,nan
926,30.890520350334878,0,433.6007194244604,139.48800959232614,485.57078039927404,147.96793708408953,nan,nan,nan,nan,16.538436260580472,24.11532262378692,-0.15896719485954308,nan,nan,nan,nan
927,30.923879443585783,0,429.3313885647608,145.18358615324775,482.252497729337,153.53072963972144,nan,nan,nan,nan,16.310525978390462,23.667198906627636,-0.1521414176425564,nan,nan,nan,nan
928,30.957238536836684,0,426.531746031746,153.74111866969008,479.6091458153581,160.94708081679607,642.6442006269592,115.5626959247649,652.5036496350365,162.4014598540146,16.160353146901087,23.04321706430884,-0.1258794730467414,28.556168218006498,26.82609129769965,28.958335806724342,23.116961298771624
929,30.990597630087585,0,424.7660145761411,164.08247027234367,478.0624479600333,169.43935609214543,nan,nan,nan,nan,16.08396987984392,22.319386122171267,-0.08396977954382719,nan,nan,nan,nan
930,31.023956723338486,0,423.9174107142857,173.39732142857142,477.60155167636464,177.34552507619838,nan,nan,nan,nan,16.06897164357283,21.66717183962512,-0.051946712927415664,nan,nan,nan,nan
931,31.057315816589387,0,423.9977477477477,181.47522522522522,477.9640167364017,185.18688981868897,nan,nan,nan,nan,16.106532933132677,21.072459589559514,-0.04627289805220159,nan,nan,nan,nan
932,31.09067490984029,0,424.182949140139,190.04024881083058,478.3639654692286,193.01197438039543,nan,nan,nan,nan,16.14910868760877,20.466475273892023,-0.029896915101928434,nan,nan,nan,nan
933,31.12403400309119,0,425.1301919720768,197.48970331588131,478.96299435028243,200.9508474576271,nan,nan,nan,nan,16.21900263051569,19.904237766303524,-0.04097648748656666,nan,nan,nan,nan
934,31.15739309634209,0,425.66916221033864,203.40998217468803,479.4496908375491,206.80494659921303,nan,nan,nan,nan,16.267399542070763,19.47747319389881,-0.03961280790809928,nan,nan,nan,nan
935,31.190752189592995,0,427.4360609280907,207.4211831385051,481.12822671156,210.9273288439955,nan,nan,nan,nan,16.385030300331724,19.187347465791273,-0.04213510630840117,nan,nan,nan,nan
936,31.224111282843896,0,429.15367965367966,211.16450216450215,482.4965397923875,214.5602652825836,nan,nan,nan,nan,16.490118590244933,18.9254187496389,-0.04022927560288825,nan,nan,nan,nan
937,31.257470376094798,0,430.5972523499638,214.19595083152566,483.55284552845524,216.64953542392567,nan,nan,nan,nan,16.57422796991616,18.744627922124135,-0.020175014800243942,nan,nan,nan,nan
938,31.2908294693457,0,433.17604617604616,217.34451659451656,485.6771745475773,218.5697606538237,nan,nan,nan,nan,16.725817718642528,18.56853519475773,0.006436467285452845,nan,nan,nan,nan
939,31.3241885625966,0,435.80383944153573,218.88865619546246,489.3884444444444,220.7105185185185,nan,nan,nan,nan,16.924671569756665,18.443818573737076,-0.005959150541930483,nan,nan,nan,nan
940,31.3575476558475,0,436.32692991817856,219.35716826752045,489.7512210012209,221.4716117216117,nan,nan,nan,nan,16.95314674433596,18.400998519385375,-0.012423869002560841,nan,nan,nan,nan
941,31.390906749098402,0,436.2500863557858,219.1706390328152,489.6492805755396,220.40617505995203,nan,nan,nan,nan,16.94663261479113,18.445351608061056,0.006618261325203715,nan,nan,nan,nan
942,31.424265842349303,0,436.1977520196698,219.34808570425008,489.5147058823529,219.88388480392155,nan,nan,nan,nan,16.940838131727233,18.45745268479284,0.02179034927014386,nan,nan,nan,nan
943,31.457624935600208,0,436.1977520196698,219.34808570425008,489.56675667566753,219.62166216621662,nan,nan,nan,nan,16.94226218804085,18.466849228853185,0.027502638639266004,nan,nan,nan,nan
944,31.49098402885111,0,436.02072356866876,219.36916051984542,489.34935025687514,219.92595950438198,nan,nan,nan,nan,16.930393905720315,18.454853342825423,0.021335208300176284,nan,nan,nan,nan
945,31.52434312210201,0,436.0857042500878,219.37618545837725,489.4602460246024,219.1122112211221,nan,nan,nan,nan,16.935256634609228,18.483786434492934,0.03919107286529127,nan,nan,nan,nan
946,31.55770221535291,0,436.26758571933544,219.28985507246375,489.73533880279547,218.90945001519293,nan,nan,nan,nan,16.94901119941065,18.494555570141173,0.04171309288379605,nan,nan,nan,nan
947,31.591061308603813,0,436.4299617657282,219.42266249565517,489.72171808832417,218.85692679975799,nan,nan,nan,nan,16.953754030388307,18.4918614150427,0.045770508417004745,nan,nan,nan,nan
948,31.624420401854714,0,436.5,219.5,489.72171808832417,218.85692679975799,nan,nan,nan,nan,16.956029097216593,18.48918494122433,0.04746932608443529,nan,nan,nan,nan
949,31.657779495105615,0,436.5,219.5,489.319747235387,218.9469194312796,nan,nan,nan,nan,16.943720970360303,18.485560974083768,0.04559841145466573,nan,nan,nan,nan
950,31.691138588356516,0,436.5,219.5,489.6456834532374,218.89418465227817,nan,nan,nan,nan,16.953714437395462,18.487777648956854,0.046675645763862426,nan,nan,nan,nan
951,31.72449768160742,0,436.43953408701606,219.58718739294278,489.73533880279547,218.90945001519293,nan,nan,nan,nan,16.954777311674682,18.484165604721635,0.0482001195818154,nan,nan,nan,nan
952,31.757856774858322,0,436.2194472194472,219.9014319014319,489.6666666666667,218.98037439613526,nan,nan,nan,nan,16.946498100467615,18.47017681679809,0.053424519912637435,nan,nan,nan,nan
953,31.791215868109223,0,436.09473346178544,220.30732177263968,489.71372549019605,218.8232277526395,nan,nan,nan,nan,16.944703449651428,18.46129068256886,0.06551830497770446,nan,nan,nan,nan
954,31.824574961360124,0,436.09310454401015,220.41499841118522,489.56205673758865,218.72547281323875,nan,nan,nan,nan,16.94010136441232,18.460797864165443,0.07005680960657762,nan,nan,nan,nan
955,31.857934054611025,0,435.9981096408318,220.4580970384373,489.6456834532374,218.89418465227817,nan,nan,nan,nan,16.939952665152706,18.453238963113606,0.0672170262731564,nan,nan,nan,nan
956,31.891293147861926,0,435.9981096408318,220.4580970384373,489.6456834532374,218.89418465227817,nan,nan,nan,nan,16.939952665152706,18.453238963113606,0.0672170262731564,nan,nan,nan,nan
957,31.924652241112828,0,435.9981096408318,220.4580970384373,489.6610017889088,218.9633273703041,nan,nan,nan,nan,16.940470519312154,18.450788667579445,0.06571317709169938,nan,nan,nan,nan
958,31.958011334363732,0,436.06115914185074,220.32596861991672,489.6456834532374,218.89418465227817,nan,nan,nan,nan,16.941660773646362,18.457993287860596,0.06440556648950212,nan,nan,nan,nan
959,31.991370427614633,0,436.06115914185074,220.32596861991672,489.6456834532374,218.89418465227817,nan,nan,nan,nan,16.941660773646362,18.457993287860596,0.06440556648950212,nan,nan,nan,nan
960,32.024729520865534,0,436.06115914185074,220.32596861991672,489.6456834532374,218.89418465227817,nan,nan,nan,nan,16.941660773646362,18.457993287860596,0.06440556648950212,nan,nan,nan,nan
961,32.058088614116436,0,436.08126195028683,220.3801784576163,489.6456834532374,218.89418465227817,nan,nan,nan,nan,16.942367346295082,18.456089612979117,0.06558745295267769,nan,nan,nan,nan
962,32.09144770736734,0,436.08126195028683,220.3801784576163,489.6666666666667,218.98037439613526,nan,nan,nan,nan,16.94307096772866,18.453037177846372,0.06370936740277798,nan,nan,nan,nan
963,32.12480680061824,0,436.08126195028683,220.3801784576163,489.6666666666667,218.98037439613526,nan,nan,nan,nan,16.94307096772866,18.453037177846372,0.06370936740277798,nan,nan,nan,nan
964,32.15816589386914,0,436.08126195028683,220.3801784576163,489.6456834532374,218.89418465227817,nan,nan,nan,nan,16.942367346295082,18.456089612979117,0.06558745295267769,nan,nan,nan,nan
965,32.19152498712004,0,436.08126195028683,220.3801784576163,489.65607985480943,219.00332728372655,nan,nan,nan,nan,16.942760652321137,18.452207686160925,0.06321844553962293,nan,nan,nan,nan
966,32.22488408037094,0,436.1783541466538,220.36631444124237,489.6666666666667,218.98037439613526,nan,nan,nan,nan,16.94602022117661,18.453628623621853,0.06346445745953755,nan,nan,nan,nan
967,32.25824317362184,0,436.2074569789675,220.42033142128744,489.6666666666667,218.98037439613526,nan,nan,nan,nan,16.947001871843472,18.451741082480552,0.06464922782230846,nan,nan,nan,nan
968,32.291602266872744,0,436.22465840482994,220.4550365427391,489.6666666666667,218.98037439613526,nan,nan,nan,nan,16.947586713803705,18.450526897657753,0.065410145024761,nan,nan,nan,nan
969,32.324961360123645,0,436.22465840482994,220.4550365427391,489.6666666666667,218.98037439613526,nan,nan,nan,nan,16.947586713803705,18.450526897657753,0.065410145024761,nan,nan,nan,nan
970,32.35832045337455,0,436.22465840482994,220.4550365427391,489.67335766423355,219.0678223844282,nan,nan,nan,nan,16.947851366419172,18.447415191248812,0.06350867282012557,nan,nan,nan,nan
971,32.391679546625454,0,436.22465840482994,220.4550365427391,489.67335766423355,219.0678223844282,nan,nan,nan,nan,16.947851366419172,18.447415191248812,0.06350867282012557,nan,nan,nan,nan
972,32.425038639876355,0,436.22465840482994,220.4550365427391,489.67335766423355,219.0678223844282,nan,nan,nan,nan,16.947851366419172,18.447415191248812,0.06350867282012557,nan,nan,nan,nan
973,32.458397733127256,0,436.22465840482994,220.4550365427391,489.67335766423355,219.0678223844282,nan,nan,nan,nan,16.947851366419172,18.447415191248812,0.06350867282012557,nan,nan,nan,nan
974,32.49175682637816,0,436.22465840482994,220.4550365427391,489.67335766423355,219.0678223844282,592.2392996108949,178.92477302204927,604.334656084656,225.11772486772486,16.947851366419172,18.447415191248812,0.06350867282012557,25.029263748957295,21.716918698761646,25.6556384858582,18.35620938504164
975,32.52511591962906,0,436.22465840482994,220.4550365427391,489.67335766423355,219.0678223844282,703.692671394799,407.4499605988967,762.7649572649573,477.9116809116809,16.947851366419172,18.447415191248812,0.06350867282012557,30.703097536326354,6.821791741165659,33.51531973523259,2.974001073829399
976,32.55847501287996,0,436.22465840482994,220.4550365427391,489.67335766423355,219.0678223844282,nan,nan,nan,nan,16.947851366419172,18.447415191248812,0.06350867282012557,nan,nan,nan,nan
977,32.59183410613086,0,436.22465840482994,220.4550365427391,489.6666666666667,218.98037439613526,nan,nan,nan,nan,16.947586713803705,18.450526897657753,0.065410145024761,nan,nan,nan,nan
978,32.62519319938176,0,436.22465840482994,220.4550365427391,489.6666666666667,218.98037439613526,nan,nan,nan,nan,16.947586713803705,18.450526897657753,0.065410145024761,nan,nan,nan,nan
979,32.65855229263266,0,436.22465840482994,220.4550365427391,489.6666666666667,218.98037439613526,499.38657718120805,318.61655480984336,513.003494975972,363.0576671035387,16.947586713803705,18.450526897657753,0.065410145024761,19.276070384045024,11.878794906089233,20.08419172546855,9.155853955747713
980,32.691911385883564,0,436.22465840482994,220.4550365427391,489.6666666666667,218.98037439613526,479.47058823529414,340.36908881199537,492.8643287283032,383.4261424017003,16.947586713803705,18.450526897657753,0.065410145024761,18.154326346317703,10.485760063147893,18.96553778432641,7.912835954799089
981,32.725270479134466,0,436.26762360446565,220.42519936204144,489.6666666666667,218.98037439613526,463.40458015267177,346.63061916878706,476.1515151515151,389.5379723157501,16.948852035563156,18.451629854204477,0.0647897337377307,17.248240160021712,10.074990652148902,18.041277513553197,7.529954238591851
982,32.75862957238537,0,436.26762360446565,220.42519936204144,489.6666666666667,218.98037439613526,455.1063627730294,348.4055080721747,466.4034249303066,392.1222620469932,16.948852035563156,18.451629854204477,0.0647897337377307,16.779866519004802,9.953196639875424,17.503806522689437,7.3650431003195065
983,32.79198866563627,0,436.2214721954355,220.33590485374475,489.6666666666667,218.98037439613526,453.6441136671177,353.81957600360846,463.37269372693726,397.27511275112744,16.947289297628195,18.45475217567076,0.06283060742766684,16.709262248725594,9.621282039242214,17.345372779486016,7.061784456483675
984,32.82534775888717,0,436.2214721954355,220.33590485374475,489.67335766423355,219.0678223844282,451.45515587529974,360.4,459.74685314685314,402.0941724941725,16.947553950243663,18.451640469261818,0.06092927639936418,16.600797961062874,9.220008278370372,17.15437142529148,6.778655268883555
985,32.85870685213807,0,436.29383429672447,220.35613359023762,489.67335766423355,219.0678223844282,447.9454806312769,359.7403156384505,455.72105263157897,401.23859649122807,16.949803347052942,18.450996451696597,0.06140478841912193,16.401053216853928,9.254277186997642,16.93041099690555,6.822079537725316
986,32.89206594538898,0,436.29383429672447,220.35613359023762,489.67335766423355,219.0678223844282,446.40734908136477,355.0939632545932,453.0201072386059,397.0804289544236,16.949803347052942,18.450996451696597,0.06140478841912193,16.302462108315716,9.532600016488336,16.772141929490903,7.058007621996749
987,32.92542503863988,0,436.29383429672447,220.35613359023762,489.67335766423355,219.0678223844282,443.1956735496558,354.4478859390364,449.1980018165304,395.57811080835603,16.949803347052942,18.450996451696597,0.06140478841912193,16.11898326576899,9.566688881167831,16.557241812906046,7.139360176006736
988,32.95878413189078,0,436.2649241690868,220.30138754436913,489.6666666666667,218.98037439613526,441.328231292517,355.5719954648526,446.8415637860082,396.1311728395062,16.948561760486086,18.45602193418133,0.06210691175094894,16.01630433399541,9.495660707306858,16.42816478259677,7.103925518115611
989,32.99214322514168,0,436.29708737864075,220.27281553398058,489.6666666666667,218.98037439613526,441.244161358811,356.6215498938429,445.8749384539635,396.8700147710488,16.94949860972238,18.45706913879953,0.06150494337139246,16.01438029877569,9.432038105508239,16.376493017790096,7.059797391730566
990,33.02550231839258,0,436.29708737864075,220.27281553398058,489.6666666666667,218.98037439613526,443.4687933425798,354.0249653259362,447.57710727969345,394.55651340996167,16.94949860972238,18.45706913879953,0.06150494337139246,16.133331997923847,9.59276001648262,16.465096518373194,7.1961727285259
991,33.058861411643484,0,436.29708737864075,220.27281553398058,489.67335766423355,219.0678223844282,445.8273553323768,349.9516977522716,449.002487562189,390.2293532338308,16.949763262337846,18.453957432390588,0.05960095069864371,16.256460085842978,9.844095260574665,16.533849668253108,7.449649071594575
992,33.092220504894385,0,436.2649241690868,220.30138754436913,489.67335766423355,219.0678223844282,447.5227713178294,345.62742248062017,450.7723935389134,385.9383259911894,16.948826413101553,18.452910227772392,0.06020405063617326,16.34180990412387,10.11094798120977,16.622198336132495,7.702772044489234
993,33.125579598145286,6,436.29383429672447,220.35613359023762,489.6654411764706,219.156556372549,451.36837376460016,341.8090745732255,453.3894684550422,381.8012916045703,16.949619419491093,18.447824181645963,0.059480445769173364,16.55151601611312,10.351501147673854,16.758592549475182,7.949354139837246
994,33.15893869139619,6,436.31091898815237,220.39129042587254,489.6654411764706,219.156556372549,454.3033033033033,338.0930930930931,455.6821226172076,378.23029366306025,16.950201417254785,18.446593742874796,0.06025094425921333,16.71035388471811,10.58536621049908,16.878735720403323,8.1632058677734
995,33.19229778464709,6,436.31091898815237,220.39129042587254,489.6654411764706,219.156556372549,455.61664114344046,334.57886676875955,456.4322075379344,375.49486049926577,16.950201417254785,18.446593742874796,0.06025094425921333,16.777420778952475,10.805100830118239,16.914764136067166,8.326099157920376
996,33.22565687789799,6,436.31091898815237,220.39129042587254,489.6654411764706,219.156556372549,456.6790476190476,331.58619047619044,457.64714946070876,371.7935285053929,16.950201417254785,18.446593742874796,0.06025094425921333,16.831537244006686,10.99284970821734,16.974917581244622,8.547628575416674
997,33.25901597114889,6,436.31091898815237,220.39129042587254,489.6425925925926,219.2466049382716,459.4513274336283,328.1838741396263,459.4793741109531,368.7501185395922,16.949559017076545,18.44335957902317,0.058303900722024134,16.983298664566142,11.209701373566858,17.071415734552954,8.731766446270921
998,33.29237506439979,6,436.31091898815237,220.39129042587254,489.6425925925926,219.2466049382716,460.4759713701431,324.4575664621677,459.97294538029604,365.3854007146503,16.949559017076545,18.44335957902317,0.058303900722024134,17.034227396076368,11.444866660728769,17.092194290894966,8.933742519729089
999,33.32573415765069,6,436.31091898815237,220.39129042587254,489.6425925925926,219.2466049382716,461.037513397642,320.4823151125402,459.93865030674846,361.42024539877303,16.949559017076545,18.44335957902317,0.058303900722024134,17.05808196210078,11.69598578153985,17.082008434808717,9.171799441678381
1000,33.359093250901594,6,436.31091898815237,220.39129042587254,489.6425925925926,219.2466049382716,460.3776435045317,316.52416918429003,459.33284023668637,357.45759368836286,16.949559017076545,18.44335957902317,0.058303900722024134,17.011327678713567,11.945115790456883,17.039444541983443,9.409879088291042
1001,33.3924523441525,6,436.31091898815237,220.39129042587254,489.6425925925926,219.2466049382716,460.40197530864197,312.3674074074074,459.2897897897898,352.4569569569569,16.949559017076545,18.44335957902317,0.058303900722024134,17.003649283027077,12.209199090787568,17.02639481926372,9.712982469142638
1002,33.425811437403404,6,436.31091898815237,220.39129042587254,489.6425925925926,219.2466049382716,461.04173027989816,308.10381679389315,459.37462686567164,347.5582089552239,16.949559017076545,18.44335957902317,0.058303900722024134,17.031524200863277,12.48246344197444,17.020765651362996,10.011789780512439
1003,33.459170530654305,6,436.31091898815237,220.39129042587254,489.6425925925926,219.2466049382716,460.49147727272725,304.32575757575756,458.04819888381525,343.4693049213597,16.949559017076545,18.44335957902317,0.058303900722024134,16.991164004120506,12.723815147757284,16.936358138254274,10.260230392919032
1004,33.492529623905206,6,436.31091898815237,220.39129042587254,489.6425925925926,219.2466049382716,458.1850376272687,300.8016821602479,455.9544290834613,339.4091141833077,16.949559017076545,18.44335957902317,0.058303900722024134,16.848537554555165,12.946755440137455,16.807771850733936,10.506793550460818
1005,33.52588871715611,6,436.31091898815237,220.39129042587254,489.6425925925926,219.2466049382716,457.7976025818349,296.86768095896724,455.5108094519859,335.4429361488185,16.949559017076545,18.44335957902317,0.058303900722024134,16.816781627434214,13.200534722516545,16.77333937287864,10.751344215369866
1006,33.55924781040701,6,436.31091898815237,220.39129042587254,489.6425925925926,219.2466049382716,458.3878871937124,293.0873786407767,455.96574642126785,331.390081799591,16.949559017076545,18.44335957902317,0.058303900722024134,16.84264625717277,13.447211774632278,16.790138002750833,11.003883917986709
1007,33.59260690365791,6,436.31091898815237,220.39129042587254,489.6425925925926,219.2466049382716,458.18683356513674,289.2461752433936,455.9063492063492,327.0137566137566,16.949559017076545,18.44335957902317,0.058303900722024134,16.82191678786061,13.697566792173955,16.776671240000343,11.276999749892957
1008,33.62596599690881,6,436.31091898815237,220.39129042587254,489.6425925925926,219.2466049382716,457.5199789695057,285.04626708727653,455.59163987138265,322.80439442658087,16.949559017076545,18.44335957902317,0.058303900722024134,16.772772831234434,13.971791626633118,16.748792219198105,11.54056792682467
1009,33.65932509015971,6,436.31091898815237,220.39129042587254,489.6425925925926,219.2466049382716,458.5672707303679,281.6798462383306,455.92114695340496,319.43881208397335,16.949559017076545,18.44335957902317,0.058303900722024134,16.82670757150085,14.195447770548348,16.759999327870343,11.75320589827936
1010,33.69268418341061,6,436.5376035691523,218.5452517527087,489.82685105157015,217.2304811293575,459.1118530884808,278.8169170840289,456.24400871459693,315.83496732026146,16.95772757176868,18.581351713060663,0.06214116325773944,16.852255256165627,14.385738032145756,16.770312337021483,11.981774240025867
1011,33.726043276661514,6,436.10261780104713,215.5787085514834,488.25128644939963,214.6303602058319,512.1666666666666,215.67283950617283,455.90776699029124,312.92125134843576,16.889037134638393,18.778078831301674,0.05478114853507967,19.97029487507915,18.840959134402027,16.744021668756968,12.166255617121116
1012,33.759402369912415,6,434.79322268326416,213.3298755186722,487.7323732373237,212.09570957095707,457.0568248388986,272.93438781487987,455.19708788351534,309.8559542381695,16.827155028457767,18.947604780982495,0.06088808218915735,16.716422499233218,14.772924169577246,16.69551797389781,12.360391884705734
1013,33.792761463163316,6,435.05037187288707,209.52839756592292,487.7431547619047,208.3357142857143,458.27237781438765,270.0494233937397,455.98599439775904,306.08291316526606,16.826167278989914,19.219849910340578,0.06033235702784891,16.781794783017435,14.967918749085447,16.732502318435444,12.603176960917027
1014,33.82612055641422,6,436.43555093555096,206.8132363132363,488.18058076225043,203.93920145190563,460.2712047541869,266.32306861156127,457.53476821192055,302.20971302428256,16.874661819086317,19.478895901319564,0.09895124590171399,16.892156526511968,15.221609238995056,16.813792782434668,12.854828797621392
1015,33.85947964966512,6,436.1157930798218,203.34669407331276,487.97086783195334,199.12664826740263,460.7397186147185,262.5016233766234,458.10616844602606,298.49169632265716,16.848879709065958,19.77910358293284,0.12940713456510444,16.91129294492621,15.480005669569374,16.83860764717633,13.095891111924256
1016,33.89283874291602,6,435.4467713787085,199.50401396160555,487.53698630136984,194.75494672754945,461.024,258.32106666666664,458.3865497076023,294.0543859649123,16.80480934123579,20.077777362458654,0.14123076573029691,16.918644190471078,15.76362059363388,16.844801377194546,13.384271500990007
1017,33.92619783616693,6,435.5615711252654,195.7876857749469,487.16682113067657,189.13314797652146,462.2155657962109,253.38607270865333,460.1383333333333,288.9116666666667,16.786164802985283,20.420496985219074,0.18554806688564238,16.97884404484792,16.10191142660262,16.936011731474682,13.722952613250067
1018,33.95955692941783,6,435.158024691358,192.2553791887125,486.343984962406,184.3139097744361,463.2990476190476,249.67714285714285,460.7668364459535,283.955857385399,16.73795105084058,20.727589020877183,0.21625199857122188,17.035656606951264,16.357869026811578,16.961877928127258,14.049399818734548
1019,33.99291602266873,6,433.8958333333333,188.01364942528735,485.1859813084112,179.18442367601244,463.0785163776493,244.35211946050094,460.3280047365305,278.6506808762581,16.650589545109582,21.07283538668245,0.2364333559132374,17.01027160782363,16.72393069699838,16.923895139216036,14.398974140511577
1020,34.02627511591963,6,431.06516853932584,183.47640449438202,481.89073050951504,174.64548802946592,459.97555242125054,239.76868829337096,457.4247491638796,274.2173913043478,16.445984664891725,21.40470184053141,0.23912381199253738,16.811667575325455,17.035156316643793,16.741360915904313,14.688102956596419
1021,34.05963420917053,6,426.79311634867184,178.65806210250653,477.7922159447583,170.38888888888889,455.37668161434976,234.9481813652217,453.6021505376344,269.94247311827957,16.16926752009565,21.735691953902833,0.22669836784438738,16.520475006209672,17.361617174359132,16.503591076596525,14.966390154695038
1022,34.092993302421434,6,424.0795412504624,174.43655197928226,474.84913652655587,166.28022157054414,452.8499234303216,231.02450229709035,451.4033970276008,265.4649681528662,15.978167695475978,22.043489764268607,0.22573855499637718,16.356364641809755,17.631117416132547,16.360990019053634,15.262691520221388
1023,34.126352395672335,6,421.85214446952597,170.81602708803612,472.78102664067575,162.32261208576998,450.6473429951691,226.72678475577024,449.39797008547004,261.58012820512823,15.830702867298347,22.325941385146503,0.23349507886550466,16.210243590286233,17.928878553946582,16.23082133360478,15.52083806294262
1024,34.159711488923236,6,419.7094594594595,166.87124624624624,470.60168940870693,158.3187134502924,448.4170518746789,223.0056497175141,447.1819209039548,257.24237288135595,15.68094001948934,22.623750921618978,0.23571389503453372,16.06334558080493,18.18726197101699,16.0861707346838,15.810503917627265
1025,34.19307058217414,6,417.95548073325847,163.25514403292178,468.6389973958333,154.15071614583331,447.4257217847769,219.7832020997375,445.827490261547,252.90205898720086,15.550212179102092,22.917540732870787,0.24984411807086654,15.993241937921058,18.41386540934471,15.992543952838206,16.103466374739035
1026,34.22642967542504,6,416.5,159.5,466.9169973544973,149.9963624338624,446.22008547008545,215.60470085470084,444.6847498493068,248.54008438818565,15.435756478138313,23.21817760720195,0.2608511044776971,15.90683745327287,18.709179180663334,15.911122150316436,16.399832606159183
1027,34.25978876867594,6,414.56021140052843,156.05020762551905,465.0827675396055,145.68865179437438,445.13002008032123,211.75,443.3213058419244,244.52119129438714,15.302209764000386,23.513866380554415,0.2807300167960235,15.828103971627963,18.982983116529134,15.816979036205874,16.67364611671055
1028,34.29314786192684,6,412.9406392694064,152.1251902587519,462.7782258064516,140.77822580645162,444.3831168831169,206.92207792207793,442.47715736040607,239.9080654258319,15.161184633081925,23.85284631894401,0.30747971493661613,15.76717307756886,19.329029565498043,15.752000465797144,16.990979334487363
1029,34.32650695517774,6,411.1636869288836,148.6658720699245,460.75440313111545,135.98956294846704,442.84256243213895,202.7899022801303,441.45297718419584,234.8864774624374,15.024674104229078,24.17100411862701,0.3399519526347108,15.658915966167848,19.624931385462222,15.674465176663508,17.33820588788264
1030,34.35986604842864,6,408.9676528599605,144.8043392504931,458.54745254745256,131.75824175824175,441.4941983122363,198.6872362869198,439.57282671272304,230.5474956822107,14.867904291774309,24.483646528200126,0.349412398327555,15.562141752770538,19.920579418703152,15.546513588852473,17.637929712765715
1031,34.393225141679544,6,406.64012866907916,141.0249296340973,455.8957282206525,128.0107635385133,438.76687116564415,195.12372188139057,437.28293241695303,226.54123711340208,14.692570318127647,24.77462571982452,0.3516658621906868,15.380882234066853,20.175232082947133,15.393993098763913,17.914925998881724
1032,34.42658423493045,6,403.7392033542977,137.11236897274634,452.87795275590554,124.83661417322834,436.2546583850932,191.6231884057971,434.0067226890756,223.88627450980388,14.486586154023616,25.04806485952679,0.33648794012499944,15.21248056538193,20.426798012293375,15.185073987500298,18.095641921775545
1033,34.45994332818135,6,401.57304785894206,133.97607052896726,450.66430499325236,121.43960863697706,433.9065420560748,188.75233644859813,432.00058377116164,220.37653239929946,14.331291283991272,25.302895422715437,0.34365081121468816,15.055876726266018,20.6332721558195,15.050222853085659,18.340130316688164
1034,34.493302421432254,6,399.43,130.7675,448.06516547253494,117.79529170931423,431.8988648090815,185.26625386996903,430.1115023474178,216.53403755868544,14.162902466318643,25.57118712378658,0.35740594165340495,14.91776559373543,20.88679270394768,14.920791053592698,18.609600171934563
1035,34.526661514683155,6,397.1681123502684,127.4874019000413,445.8957282206525,114.24487050117725,429.81557177615565,182.07980535279805,428.31182795698925,212.68458781362008,14.00399147321224,25.840064670441876,0.3640461667905974,14.77546061077098,21.118913505583436,14.796235434709626,18.880993025666577
1036,34.56002060793406,6,395.89800995024876,124.63805970149254,444.0850550964187,110.39084022038567,430.033724340176,178.22922776148582,428.25804691762136,209.4151663938898,13.888986688323303,26.106955040196112,0.3916220448375855,14.774608995198816,21.40668507160855,14.780843731615516,19.11555933721626
1037,34.59337970118496,6,395.2910447761194,122.14179104477611,443.1263412945656,106.81481481481481,429.9802504816955,174.68304431599228,428.3824940047962,205.85551558752996,13.824541038788688,26.351355208325582,0.4195984882901609,14.757804061443181,21.672382859927747,14.775313890583496,19.37241379751973
1038,34.62673879443586,6,394.57828282828285,120.15656565656566,441.57108098713934,103.7566909975669,429.4958516349438,172.12103465104929,428.0125,202.60357142857143,13.739082203844,26.553948501453405,0.4510757171870668,14.717504203731538,21.864081067246175,14.740316580106485,19.607036208819444
1039,34.66009788768676,6,394.34343434343435,118.53787878787878,440.89040139616054,101.72251308900523,429.3122489959839,170.25050200803213,427.9863339275104,200.55020796197266,13.700709524765891,26.701855241371984,0.46460255864685,14.698736286106378,22.00481316565267,14.730996695942839,19.75610955673584
1040,34.69345698093766,6,393.8294372294372,117.5961038961039,440.6373551465576,100.76005453306067,429.7721139430285,169.29335332333832,428.43604284814114,199.04158790170132,13.671190466877782,26.77864198537129,0.4632700497113447,14.724103322403533,22.07820625805487,14.753209630695558,19.866877455656685
1041,34.72681607418856,6,393.7556120288013,117.62346463362981,440.5938346883469,100.72967479674797,429.9525237381309,168.77161419290354,428.4106369820655,198.45021645021643,13.667369052393244,26.778646357169244,0.4643284530412269,14.733503740308917,22.11809228248449,14.749418251696047,19.90992520303607
1042,34.76017516743946,6,393.80347310461667,117.6865734858111,440.5938346883469,100.72967479674797,429.99435028248587,169.19363122752952,428.3940520446097,198.43866171003717,13.669104946181776,26.776160525151695,0.46612092362589214,14.737762213531944,22.086252392731183,14.748346210565469,19.910732275411412
1043,34.793534260690365,6,393.7071611253197,117.65046888320545,440.30868055555555,100.72916666666667,429.17902251510156,172.06150466776495,428.4078590785908,201.10907859078588,13.656442559228218,26.777147858178004,0.46688614124258926,14.69729536349287,21.86785542044795,14.75919721122294,19.716378171245633
1044,34.826893353941266,6,393.3822668339606,117.60351317440401,440.04375,100.90416666666667,428.2990755845568,178.4779771615008,426.9560367454068,207.04593175853017,13.637304260772257,26.771054539583886,0.4614059683109578,14.666596883006013,21.38423188458565,14.691729002455228,19.283483488012568
1045,34.86025244719217,6,393.2053169734151,117.49734151329243,440.04375,100.90416666666667,428.1833060556465,186.55264593562464,427.2877551020408,215.52108843537414,13.631243033040402,26.775116605036686,0.45760980357230474,14.690278440542285,20.78337652893376,14.743823515152265,18.67604156645857
1046,34.89361154044307,6,393.2053169734151,117.49734151329243,440.04375,100.90416666666667,430.53283767038414,191.37794299876083,429.63266666666664,221.5,13.631243033040402,26.775116605036686,0.45760980357230474,14.855014255300388,20.432452038587435,14.909336960346138,18.255615694965535
1047,34.92697063369397,6,393.2068965517241,117.53817733990148,440.04375,100.90416666666667,432.5664,196.35146666666665,431.65669014084506,228.2218309859155,13.631409934932815,26.77347116102291,0.4585381118921362,14.99968915688605,20.072058785311103,15.056708534274478,17.785297487981662
1048,34.96032972694488,6,393.0188139059305,117.55132924335378,440.1690672153635,100.8165294924554,436.9813928761297,200.86868686868686,437.4559322033898,233.51525423728813,13.629300859926836,26.776492706347383,0.4583165366285637,15.289473045334256,19.752073010640434,15.427354622848858,17.425971345837244
1049,34.99368882019578,6,393.1379595208591,117.58405617513424,440.1690672153635,100.8165294924554,447.8389458272328,198.66666666666663,449.8366615463389,233.36968766001021,13.633272569544424,26.775321315780303,0.4599902251521345,15.956072330734886,19.935636689113338,16.17941445483207,17.46085342877086
1050,35.02704791344668,6,393.0824062628759,117.5591264936135,440.1690672153635,100.8165294924554,468.89454870420013,186.91867739052722,471.6734955185659,224.3772940674349,13.631393353727141,26.776257584851948,0.45899358341905006,17.239140675138277,20.845343391986766,17.4904713412897,18.13752030555178
1051,35.06040700669758,6,393.0814814814815,117.54526748971192,440.1690672153635,100.8165294924554,497.72070957095707,170.66171617161714,498.42200147167034,211.00588668138334,13.631324020632746,26.776815506427795,0.45867732322497057,19.030122129917217,22.1284438308481,19.116945519637,19.14780331762017
1052,35.09376609994848,6,393.0814814814815,117.54526748971192,440.1690672153635,100.8165294924554,526.0783373301359,158.42246203037567,526.8460061443932,199.45199692780335,13.631324020632746,26.776815506427795,0.45867732322497057,20.832454942682293,23.129560474402552,20.878722145114274,20.047477247993342
1053,35.12712519319938,6,393.057881773399,117.54885057471263,440.1690672153635,100.8165294924554,552.608676975945,152.11383161512026,552.7463768115942,192.60628019323673,13.63056580515789,26.77664148872212,0.45857033478378084,22.542359748744232,23.68078254844035,22.50583510956612,20.60740284854044
1054,35.160484286450284,6,393.057881773399,117.54885057471263,440.1690672153635,100.8165294924554,574.840506329114,148.40759493670885,573.4715447154472,188.46973803071361,13.63056580515789,26.77664148872212,0.45857033478378084,23.985538923284842,24.023113877788514,23.8177895995881,20.959814723578962
1055,35.193843379701185,6,393.09991708126034,117.64427860696517,440.1808437067773,100.91459197786997,589.4382530120482,143.3870481927711,587.9763406940064,184.49526813880126,13.632776766589373,26.768804142732023,0.45872142154198003,24.94535841840707,24.453025144125842,24.74406241650181,21.288683644545387
1056,35.22720247295209,6,393.09991708126034,117.64427860696517,440.21908742598396,100.97526994078717,596.4613333333333,139.5936,595.9765886287626,180.33779264214047,13.634153793115964,26.76634440898193,0.45704421417634755,25.413944500470926,24.770324124424665,25.26301019456149,21.618793328551835
1057,35.26056156620299,6,393.19278606965173,117.65132669983414,440.15349490691955,101.02774850720056,602.9605333333333,135.99893333333333,602.2268041237113,176.5864833906071,13.635127825903972,26.763921032019052,0.4572735543367828,25.850165303472096,25.072234027944297,25.67214981567879,21.916144248664835
1058,35.29392065945389,6,393.30150753768845,117.67462311557789,440.15349490691955,101.02774850720056,606.770341207349,133.89763779527559,606.4626225490196,174.4797794117647,13.638733198561269,26.763117128939427,0.45865854558016866,26.106917896372746,25.249476675280654,25.949217163116423,22.085470069495113
1059,35.32727975270479,6,393.346750524109,117.82096436058698,440.35451388888885,101.25868055555556,606.517006802721,131.15460729746442,607.3879003558719,172.4252669039146,13.647691822659361,26.747984441246054,0.4554419861970216,26.099872765564104,25.46873254682982,26.015183557796675,22.24378669802801
1060,35.36063884595569,6,393.4728778467908,117.89233954451345,440.3555555555555,101.28478632478631,606.8458257160268,127.0201096892139,607.205574912892,168.85307781649243,13.652082037096818,26.744185883569003,0.45743789750090086,26.13601426218791,25.802468270198467,26.01548200180178,22.51595865401409
1061,35.39399793920659,6,393.5455993628036,117.98247710075667,440.5336805555555,101.40034722222222,606.0029868578255,124.5400238948626,607.6614583333334,167.00925925925924,13.660802920463091,26.73609637720078,0.45598213698614815,26.08917088526356,26.000928161852563,26.05093441998955,22.658195405318704
1062,35.42735703245749,6,393.70742534301854,118.01775625504438,440.56439393939394,101.4879476584022,603.4831908831908,124.5105413105413,605.6398467432949,167.36836343732895,13.667347094529202,26.73129535330184,0.45581774977705053,25.923055861842865,25.99699934750872,25.920013171915983,22.62601645310548
1063,35.4607161257084,6,393.66666666666663,118.01849618013671,440.5222105631339,101.68520461699894,602.3699699699699,122.38738738738739,604.844262295082,165.48524590163933,13.664995699703528,26.7230093923541,0.45135696187958796,25.856742299384692,26.166395422482818,25.87512925962996,22.768638086822666
1064,35.4940752189593,6,393.921640276086,118.18189200162404,440.61664917803427,101.71668415529905,604.0479302832243,119.89923747276687,606.2790697674419,163.48006644518273,13.676931890867168,26.715562177406582,0.4555778996588175,25.97610906563222,26.373041714338335,25.973979439597386,22.92616689518603
1065,35.527434312210204,6,393.8440145102781,118.15517936316002,440.61664917803427,101.71668415529905,604.5900321543409,117.45819935691318,607.019439679817,161.68496283590622,13.674330322092253,26.716542122108685,0.454361088131992,26.020439334044738,26.57365657755041,26.027658807102284,23.06628464999259
1066,35.560793405461105,6,393.88780882948555,118.72336978533819,440.4711158952278,101.75672766415501,608.7951747907434,115.93451501723288,610.3056460369163,161.47665580890336,13.672620033730265,26.691858665547613,0.46772714844569624,26.304752118764355,26.709075666875588,26.24004129983027,23.090021699899932
1067,35.594152498712006,6,393.96590453269147,118.66586442037705,440.405718422005,101.81758957654723,616.5124653739612,115.46537396121883,617.2061538461538,161.31230769230768,13.672952845598527,26.691673673947108,0.4662340778527068,26.818938468894633,26.76724218306913,26.685340953932986,23.118803236154765
1068,35.62751159196291,6,394.0048309178744,118.66908212560386,440.5580484330484,101.92770655270655,623.5289537712895,114.2632603406326,622.1733333333333,160.93641025641026,13.67946371224031,26.687241330605165,0.4628674290690479,27.29034908507155,26.883908167692024,27.00712592238067,23.159451749394716
1069,35.66087068521381,6,394.04831506293135,118.57166057653268,440.65984195402297,102.0265804597701,625.1836533727228,114.26686361398325,624.5449649973075,161.42757135164243,13.684150165857691,26.68726855983144,0.4579470995665072,27.400408969266824,26.887853034659887,27.158109693134012,23.127013850839585
1070,35.69422977846471,6,394.0048309178744,118.66908212560386,440.6764492753623,102.12246376811594,624.6258295048493,114.53139356814701,624.5529411764705,162.34362745098036,13.683734860848428,26.679351718943032,0.4574724454678014,27.362142650529055,26.86468196190942,27.154862577502737,23.056268356537917
1071,35.72758887171561,0,394.0048309178744,118.66908212560386,440.7051005747126,102.07614942528734,624.4015625,115.23541666666665,624.2755417956656,163.27502579979358,13.684595071872867,26.681301195211493,0.45829537485580024,27.344157115222785,26.806282876165216,27.13317198335348,22.98375962070349
1072,35.76094796496651,0,394.0830295666261,118.70554880518428,440.7051005747126,102.07614942528734,624.0707213578501,116.34464875058933,623.8748701973001,165.05295950155764,13.687241684665018,26.67992966669699,0.45974005789318373,27.317349507629714,26.714441592278835,27.100131377171785,22.845892112184494
1073,35.79430705821741,0,394.0830295666261,118.70554880518428,440.7221014492753,102.17246376811593,623.0365365365365,117.55805805805804,623.8676844783714,166.79847328244276,13.687981535802585,26.67597473075071,0.45740831846628127,27.24345000976638,26.6124203773253,27.092588029695012,22.71173974117151
1074,35.827666151468314,0,394.0830295666261,118.70554880518428,440.7221014492753,102.17246376811593,622.8909435751541,119.00568990042674,624.0746268656717,168.71243781094526,13.687981535802585,26.67597473075071,0.45740831846628127,27.227600958655838,26.493694002072303,27.09812643304081,22.565479451384498
1075,35.861025244719215,0,394.0830295666261,118.70554880518428,440.7221014492753,102.17246376811593,623.2983947119924,119.83333333333333,624.3252496433666,170.13694721825962,13.687981535802585,26.67597473075071,0.45740831846628127,27.251071506476183,26.427161703644376,27.10843553454964,22.457074295134795
1076,35.894384337970116,0,394.1423987164059,118.7950260730044,440.73814578910117,102.43029016277423,623.2334664891256,120.51708832667553,624.0826044703596,170.59378036929056,13.691171329890452,26.661821906454712,0.4538803943514326,27.243843792787967,26.371233102812983,27.091026243552047,22.42161061370747
1077,35.92774343122102,0,394.1124449779912,118.78111244497798,440.77230549607424,102.33119200571021,623.9306885544916,120.46830825353396,624.2111592111592,170.55940355940353,13.691102048629627,26.666479625398672,0.45531865460334237,27.29023998044648,26.376974562753528,27.09940801625024,22.42453121507021
1078,35.96110252447192,0,393.96240889911775,118.86843114691214,440.880698005698,102.3568376068376,623.8072344322344,120.54349816849816,624.2111592111592,170.55940355940353,13.690091848094694,26.661857360760692,0.454640319253676,27.28173815598914,26.370532363085946,27.09940801625024,22.42453121507021
1079,35.99446161772283,0,394.06426635694925,118.8741773132017,440.7676005747126,102.33620689655173,623.8068493150685,120.56575342465753,624.2111592111592,170.55940355940353,13.689649551944715,26.662458276164344,0.4569538056816175,27.2816169328825,26.368717192195618,27.09940801625024,22.42453121507021
1080,36.02782071097373,0,394.06426635694925,118.8741773132017,440.7676005747126,102.33620689655173,623.8964401294498,120.47202958853444,624.2111592111592,170.55940355940353,13.689649551944715,26.662458276164344,0.4569538056816175,27.287955103638737,26.376584479223432,27.09940801625024,22.42453121507021
1081,36.06117980422463,0,394.06426635694925,118.8741773132017,440.7676005747126,102.33620689655173,623.8207590306356,120.55464106081389,624.2111592111592,170.55940355940353,13.689649551944715,26.662458276164344,0.4569538056816175,27.282586139651666,26.36965824281325,27.09940801625024,22.42453121507021
1082,36.09453889747553,0,394.06426635694925,118.8741773132017,440.8199275362319,102.41739130434783,623.9856050382366,120.44849302744039,624.2111592111592,170.55940355940353,13.69152734671491,26.659174820132346,0.45468354185539855,27.293963432061414,26.37872908798738,27.09940801625024,22.42453121507021
1083,36.12789799072643,0,394.0132244262932,118.8642551536367,440.8199275362319,102.41739130434783,nan,nan,nan,nan,13.689838992464747,26.659510832062267,0.45405660204894976,nan,nan,nan,nan
1084,36.16125708397733,0,394.0426852929763,118.88086922778423,440.8199275362319,102.41739130434783,622.7938461538462,119.97128205128205,653.9861111111111,172.82754629629628,13.690844032811935,26.65887843435774,0.45466321021640393,27.217047368520383,26.414628763852487,28.998913967401535,22.31950375027364
1085,36.194616177228234,0,394.0426852929763,118.88086922778423,440.7676005747126,102.33620689655173,nan,nan,nan,nan,13.68896623804174,26.662161890389736,0.4569324556085102,nan,nan,nan,nan
1086,36.227975270479135,0,394.0426852929763,118.88086922778423,440.79157744468233,102.25196288365453,nan,nan,nan,nan,13.689601894238272,26.66567063611926,0.4586546960149439,nan,nan,nan,nan
1087,36.261334363730036,0,393.88038277511964,118.62679425837321,440.80163817663816,102.08190883190882,nan,nan,nan,nan,13.683625572391488,26.682736658622083,0.4554508756043127,nan,nan,nan,nan
1088,36.29469345698094,0,393.82419813235884,118.52781161185545,440.8053475935829,102.09732620320855,nan,nan,nan,nan,13.681670303093536,26.68602261466208,0.45240890958176067,nan,nan,nan,nan
1089,36.32805255023184,0,393.90731707317076,118.66829268292683,439.24834983498346,101.6930693069307,nan,nan,nan,nan,13.632597875864771,26.69514914388008,0.47841330831666684,nan,nan,nan,nan
1090,36.36141164348274,0,393.74864073609365,118.57130907570054,434.1630236794171,102.8224043715847,nan,nan,nan,nan,13.461509485076654,26.64567546032017,0.4943307123314372,nan,nan,nan,nan
1091,36.39477073673364,0,nan,nan,nan,nan,nan,nan,nan,nan,nan,nan,nan,nan,nan,nan,nan
1092,36.42812982998454,0,nan,nan,nan,nan,nan,nan,nan,nan,nan,nan,nan,nan,nan,nan,nan
1093,36.46148892323544,0,nan,nan,nan,nan,nan,nan,nan,nan,nan,nan,nan,nan,nan,nan,nan
1094,36.49484801648635,0,nan,nan,nan,nan,nan,nan,nan,nan,nan,nan,nan,nan,nan,nan,nan
1095,36.52820710973725,0,nan,nan,nan,nan,nan,nan,nan,nan,nan,nan,nan,nan,nan,nan,nan
1096,36.56156620298815,0,nan,nan,nan,nan,nan,nan,nan,nan,nan,nan,nan,nan,nan,nan,nan
1097,36.594925296239055,0,nan,nan,nan,nan,nan,nan,nan,nan,nan,nan,nan,nan,nan,nan,nan
1098,36.628284389489956,0,396.47978013349035,120.15312131919906,439.0288350634371,115.76355247981544,nan,nan,nan,nan,13.739503266804466,26.062424465254693,0.1657479147340096,nan,nan,nan,nan
1099,36.66164348274086,0,396.19616685456594,117.06463735437805,441.7701149425287,116.50985221674877,nan,nan,nan,nan,13.812803129005122,26.15971066820464,0.053475901180099115,nan,nan,nan,nan
1100,36.69500257599176,0,396.56666666666666,115.40967741935484,444.3898199875853,118.8665425201738,nan,nan,nan,nan,13.91010066118315,26.135003379273932,-0.050857425614551664,nan,nan,nan,nan
1101,36.72836166924266,0,397.3543278084714,119.70165745856353,447.87339268051426,125.3545994065282,nan,nan,nan,nan,14.072089225906389,25.706112793564053,-0.09892975982765956,nan,nan,nan,nan
1102,36.76172076249356,0,398.0200529701097,129.71358304956487,450.3713692946058,135.55843706777316,nan,nan,nan,nan,14.218211664126997,24.903603045472202,-0.09824926432464565,nan,nan,nan,nan
1103,36.79507985574446,0,401.05894562058944,143.3632212536322,454.40283400809716,147.68859649122805,nan,nan,nan,nan,14.500125943948053,23.898711185512038,-0.061237512485495006,nan,nan,nan,nan
1104,36.82843894899536,0,404.33373493975904,158.7746987951807,457.8718646116651,161.1284375944394,nan,nan,nan,nan,14.77319892709599,22.79209277625996,-0.0166616480418821,nan,nan,nan,nan
1105,36.861798042246264,0,406.5321772639692,172.5290944123314,460.80058737151245,173.58120411160058,nan,nan,nan,nan,14.985261494191086,21.80309808959403,0.012442953627233744,nan,nan,nan,nan
1106,36.895157135497165,0,408.42198993418504,184.57801006581494,462.8528138528139,184.1304473304473,nan,nan,nan,nan,15.150526481234234,20.962750604604377,0.04481688051489803,nan,nan,nan,nan
1107,36.928516228748066,0,410.2448583624369,194.29608071400853,463.7941090696996,193.57713619130942,nan,nan,nan,nan,15.270245886525146,20.25860378964859,0.0504459025476271,nan,nan,nan,nan
1108,36.96187532199897,0,410.79941327466076,201.6123945727906,463.720859824402,199.87344838026036,nan,nan,nan,nan,15.308906902679375,19.762001984708263,0.0728771969711143,nan,nan,nan,nan
1109,36.99523441524987,0,413.45680345572356,203.24910007199423,465.80134680134677,202.82797673706764,nan,nan,nan,nan,15.462620567851843,19.600164498265777,0.04362544434568626,nan,nan,nan,nan
1110,37.02859350850078,0,415.8597430406852,203.69521770164167,468.6958593982722,206.00208519511466,nan,nan,nan,nan,15.631034935111618,19.47449984950029,-0.016939411089609235,nan,nan,nan,nan
1111,37.06195260175168,0,417.84285714285716,206.27142857142857,470.57665766576656,208.6177617761776,nan,nan,nan,nan,15.75858084795274,19.290935876711686,-0.017944942474759352,nan,nan,nan,nan
1112,37.09531169500258,0,417.86242852337705,206.38109653548602,470.5859305431879,208.68447610566932,nan,nan,nan,nan,15.759766529779323,19.284602181277428,-0.017007415878643066,nan,nan,nan,nan
1113,37.12867078825348,0,417.69879518072287,206.58634538152612,470.13453996983407,208.7761689291101,nan,nan,nan,nan,15.741283652246768,19.27324473207804,-0.014766538218423168,nan,nan,nan,nan
1114,37.16202988150438,0,417.60130047912384,206.80219028062967,469.98395721925135,208.53208556149733,nan,nan,nan,nan,15.733808826084111,19.27400765454599,-0.004582007129083954,nan,nan,nan,nan
1115,37.19538897475528,0,417.44399323181045,206.96548223350254,469.94812164579605,208.54770423375072,nan,nan,nan,nan,15.728204872452217,19.267354171521873,-0.0012146330060624365,nan,nan,nan,nan
1116,37.22874806800618,0,417.4268828098615,206.98919284025666,470.363453815261,208.49053356282272,nan,nan,nan,nan,15.740508859608752,19.268980775767904,0.0008554889747715136,nan,nan,nan,nan
1117,37.262107161257084,0,417.4818151484818,207.00867534200867,470.1769759450172,208.52033218785795,nan,nan,nan,nan,15.736507318224483,19.267064865714588,0.00047484945267551026,nan,nan,nan,nan
1118,37.295466254507986,0,417.5058939096267,206.78290766208252,470.2881355932203,208.54548022598868,nan,nan,nan,nan,15.740247626686426,19.274438816151555,-0.005012276175012564,nan,nan,nan,nan
1119,37.32882534775889,0,417.6162977221687,206.90503689444978,470.24080267558526,208.71209587513934,nan,nan,nan,nan,15.742614647855392,19.264089431085473,-0.006117690093723993,nan,nan,nan,nan
1120,37.36218444100979,0,417.57346278317146,207.0566343042071,470.52249134948096,208.66580161476355,nan,nan,nan,nan,15.750267559195848,19.260545591602593,-0.0015150895676728242,nan,nan,nan,nan
1121,37.39554353426069,0,417.57346278317146,207.0566343042071,470.4553264604811,208.74369988545246,nan,nan,nan,nan,15.74827255177772,19.257664451825434,-0.003278975554563923,nan,nan,nan,nan
1122,37.42890262751159,0,417.57346278317146,207.0566343042071,470.5131086142322,208.81532699510225,nan,nan,nan,nan,15.750134119747646,19.255140958327175,-0.004816784738930711,nan,nan,nan,nan
1123,37.46226172076249,0,417.570081300813,207.11382113821136,470.5131086142322,208.81532699510225,nan,nan,nan,nan,15.750147735051172,19.25307614954182,-0.0035554764926608654,nan,nan,nan,nan
1124,37.49562081401339,0,417.57403783431175,207.15101108936724,470.59326950971854,208.82970699158687,nan,nan,nan,nan,15.75283968865227,19.25130523688533,-0.00300049189684971,nan,nan,nan,nan
1125,37.5289799072643,0,417.6532284496886,207.10095050803014,470.60818208009215,208.92077211178332,nan,nan,nan,nan,15.755733639317429,19.2499231907992,-0.006152901083499279,nan,nan,nan,nan
1126,37.5623390005152,0,417.7022178734507,207.13600782778866,470.60818208009215,208.92077211178332,nan,nan,nan,nan,15.757315748336396,19.24871098414066,-0.0054178680003210385,nan,nan,nan,nan
1127,37.5956980937661,0,417.74565716158634,207.2523762700754,470.6628952712503,209.0037713954163,nan,nan,nan,nan,15.760672163445367,19.241626266984728,-0.004676437592666485,nan,nan,nan,nan
1128,37.629057187017004,0,417.74565716158634,207.2523762700754,470.73239848086473,208.92667250949458,nan,nan,nan,nan,15.76274032999049,19.24448011720411,-0.0029284478174498355,nan,nan,nan,nan
1129,37.662416280267905,0,417.8071570576541,207.33929754804504,470.60866965620323,209.02660687593422,nan,nan,nan,nan,15.761093803711365,19.237677992119025,-0.0033471861335643174,nan,nan,nan,nan
1130,37.695775373518806,0,417.86,207.41466666666665,470.6055606477238,209.29117018026275,nan,nan,nan,nan,15.76305764376341,19.22547403820204,-0.0075712843527526745,nan,nan,nan,nan
1131,37.72913446676971,0,417.91289782244553,207.39798994974873,470.6055606477238,209.29117018026275,nan,nan,nan,nan,15.764653536969384,19.22613034695268,-0.007981526740858516,nan,nan,nan,nan
1132,37.76249356002061,0,418.0111561866126,207.36646382691006,470.48492987168004,209.16860638615336,nan,nan,nan,nan,15.76376005447677,19.231662138172872,-0.006132745073383037,nan,nan,nan,nan
1133,37.79585265327151,0,418.0111561866126,207.36646382691006,470.5551547941088,209.09047189660353,nan,nan,nan,nan,15.76584895172071,19.234553471965658,-0.004345002881835708,nan,nan,nan,nan
1134,37.82921174652241,0,418.0111561866126,207.36646382691006,470.73528514791093,209.2674595913388,nan,nan,nan,nan,15.771601730129372,19.228360178968508,-0.008128655455730235,nan,nan,nan,nan
1135,37.86257083977331,0,418.0111561866126,207.36646382691006,470.60024945431866,209.54287496102273,674.3745051464765,174.34837688044337,670.6865671641791,227.38805970149255,15.767715844709844,19.218289915999314,-0.014339413233420011,30.299249792947297,22.250077784331275,29.75785566068851,18.330694393097705
1136,37.89592993302421,0,418.0111561866126,207.36646382691006,470.8505641964013,209.55840195181457,nan,nan,nan,nan,15.775467601814231,19.21799256856393,-0.014453329944976034,nan,nan,nan,nan
1137,37.929289026275114,0,417.9225352112676,207.4097920858484,470.7771722676354,209.63427187405387,621.6080426356589,244.7281976744186,624.416322787712,293.3846859238881,15.770636426151928,19.213527119031276,-0.01515722472717976,26.653529345616803,17.009786444707363,26.650724760242138,13.724757015627366
1138,37.962648119526015,0,418.01428571428573,207.5857142857143,470.5775266792216,209.7200251098556,588.9479655712049,265.2887323943662,594.2274715660542,315.3718285214348,15.767745007370332,19.20398583070407,-0.013433661894516568,24.609269966201868,15.53397831888436,24.80584999745048,12.247253648704433
1139,37.99600721277692,0,418.01428571428573,207.5857142857143,470.5458570524984,209.6268184693232,nan,nan,nan,nan,15.766668933746734,19.207311613946473,-0.011395181858351684,nan,nan,nan,nan
1140,38.02936630602782,0,418.01428571428573,207.5857142857143,470.5458570524984,209.6268184693232,536.4806565064479,313.8913638139898,542.2254408060453,365.2350965575146,15.766668933746734,19.207311613946473,-0.011395181858351684,21.43314002244547,12.242546106466188,21.739224918410955,9.0702377755472
1141,38.062725399278726,0,418.01428571428573,207.5857142857143,470.5682389937107,209.5566037735849,514.5308322552825,334.5286761535144,521.708284714119,384.82302605989884,15.767287149931626,19.20986570326481,-0.009819060585228715,20.16087698556923,10.905045616259091,20.579507012777547,7.873802855749942
1142,38.09608449252963,0,418.10493827160496,207.54320987654322,470.59956304619226,209.6498127340824,500.4733656174334,345.92615012106535,505.78409090909093,395.4143939393939,15.77105881225706,19.208165333212314,-0.012879888096512136,19.361433227224335,10.17770858700525,19.695188517661073,7.2313997330993915
1143,38.12944358578053,0,418.10493827160496,207.54320987654322,470.5237197612315,209.72070373861138,486.58681408681406,346.78787878787875,490.81387119603676,394.9366595895258,15.768789351716087,19.205531162740606,-0.014522775749792285,18.569687774481338,10.102540793449771,18.86320576601398,7.237252112730541
1144,38.16280267903143,0,418.10493827160496,207.54320987654322,470.5237197612315,209.72070373861138,471.7859437751004,343.94096385542167,476.34128630705396,392.05152143845083,15.768789351716087,19.205531162740606,-0.014522775749792285,17.720994174962737,10.253404937270778,18.055636009306955,7.383746522933488
1145,38.19616177228233,0,418.10493827160496,207.54320987654322,470.50110584518166,209.79178515007897,458.54038004750595,341.403008709422,461.91299790356396,388.7194269741439,15.768164992458836,19.20294612932519,-0.016123457193797253,16.95992710293909,10.388092972354151,17.247875755980825,7.556712066429952
1146,38.22952086553323,7,418.10493827160496,207.54320987654322,470.50110584518166,209.79178515007897,448.8846910665092,338.31247540338444,451.287037037037,385.80632716049377,15.768164992458836,19.20294612932519,-0.016123457193797253,16.40108853366393,10.56299320548517,16.65053515647934,7.71126109519661
1147,38.26287995878413,7,418.10493827160496,207.54320987654322,470.50110584518166,209.79178515007897,441.7982149786573,334.2456344586729,442.4436479490243,380.9219434488251,15.768164992458836,19.20294612932519,-0.016123457193797253,15.98499657434764,10.80311527784511,16.145907028175966,7.984692796868788
1148,38.296239052035034,7,418.10493827160496,207.54320987654322,470.58898439987263,209.79974530404328,436.8658634538152,329.0305220883534,436.4665856622114,376.3394086674767,15.770888610296614,19.202751347864684,-0.016216388332469484,15.687393170791621,11.119379137628654,15.799885328864926,8.245935923241415
1149,38.329598145285935,7,418.10493827160496,207.54320987654322,470.58898439987263,209.79974530404328,431.4981684981685,323.34188034188037,430.38755020080316,370.4253012048193,15.770888610296614,19.202751347864684,-0.016216388332469484,15.361563686388934,11.46642541082935,15.442528620132212,8.587413329148887
1150,38.362957238536836,7,418.10493827160496,207.54320987654322,470.58898439987263,209.79974530404328,428.4740207833733,317.931654676259,425.48688172043006,363.65419354838707,15.770888610296614,19.202751347864684,-0.016216388332469484,15.169955456580054,11.802001552153305,15.146466468348988,8.98417706322
1151,38.39631633178774,7,418.10493827160496,207.54320987654322,470.58898439987263,209.79974530404328,426.30607187112764,311.0185873605948,423.30685763888886,356.5,15.770888610296614,19.202751347864684,-0.016216388332469484,15.021749526197034,12.236666640856413,15.000558135402363,9.411246846433135
1152,38.42967542503864,7,418.10493827160496,207.54320987654322,470.4820120980579,209.78446354664118,426.6646266829865,304.8253773969808,422.6455525606469,350.37061994609167,15.767567364262977,19.2031899467641,-0.015978906702944502,15.02182252987313,12.632981850013659,14.942977008556257,9.781766738289734
1153,38.46303451828954,7,418.10493827160496,207.54320987654322,470.4820120980579,209.78446354664118,428.68206408655846,298.9679567207657,424.1830524344569,343.8061797752809,15.767567364262977,19.2031899467641,-0.015978906702944502,15.119876705477864,13.013410880600496,15.00858626557658,10.185052110837688
1154,38.49639361154044,7,418.10493827160496,207.54320987654322,470.51437598736175,209.877093206951,429.3757346767422,294.1662468513854,424.4031360647445,337.3813859382903,15.768664278923001,19.19988633632918,-0.018005837759958183,15.144550581278818,13.325570176345575,14.999941582502489,10.58065039311188
1155,38.52975270479134,7,418.10493827160496,207.54320987654322,470.51437598736175,209.877093206951,430.6769674495261,288.60939431396787,425.19524462734336,332.15454961133975,15.768664278923001,19.19988633632918,-0.018005837759958183,15.202565694042438,13.68994123746303,15.027965383697474,10.905654824353466
1156,38.56311179804225,7,418.10493827160496,207.54320987654322,470.51437598736175,209.877093206951,432.9873617693523,284.1026856240126,427.24657534246575,326.696803652968,15.768664278923001,19.19988633632918,-0.018005837759958183,15.323842137501282,13.989504787801012,15.12773730522235,11.249163240417461
1157,38.59647089129315,7,418.13470085470084,207.568547008547,470.5780710021992,209.86930568645928,436.1322207958922,279.06546854942235,430.05228758169926,321.5429864253394,15.771593142422336,19.19935203821713,-0.017237334119878694,15.493433247612153,14.32731524899117,15.272603718337484,11.577039804637648
1158,38.62982998454405,7,418.278125,207.71979166666668,470.5780710021992,209.86930568645928,437.9801202034211,273.73185390661115,431.7513812154696,316.49355432780845,15.776322102130091,19.194054334588436,-0.014012292808122695,15.58626607914255,14.684565622190078,15.354717404701967,11.898463082762444
1159,38.663189077794954,7,418.47910189982724,207.62487046632125,471.34642755479643,208.75177910617705,438.61577258138465,269.6432828977533,433.36681222707426,311.0950994662785,15.804909048463125,19.238781669861194,0.009064925573076373,15.611413931198493,14.958543929368723,15.431388990122192,12.243893719286794
1160,38.696548171045855,7,420.1857142857143,203.61428571428573,472.30965559655596,204.47970479704796,440.3384401114206,265.6230269266481,435.4014835419564,306.74362540565596,15.874864102409232,19.540981212059464,0.014706177514983142,15.701677401200204,15.231320461801236,15.536145772381085,12.525212202199304
1161,38.729907264296756,7,422.27453027139876,199.71120389700764,473.87055606198726,200.10331206320265,442.71744240714617,261.55806299952985,437.4633431085044,303.09139784946234,15.975715702115593,19.845710799190336,0.025414976748194176,15.831472172664883,15.509707514261143,15.64513329999643,12.763079977642251
1162,38.76326635754766,7,422.4582897033158,195.58603839441534,474.1812810945273,196.4570895522388,499.2619047619047,200.95476190476188,442.38999055712935,257.75542965061373,15.979244933353595,20.130028358625975,0.014700279589066266,19.158907595495776,19.878535305423608,15.800580008725595,15.766547852451781
1163,38.79662545079856,7,422.6716630977873,191.73126338329766,474.27105517909,194.03420458212324,441.2491582491582,253.66041366041364,436.9544328875681,294.99455175829615,15.978567504849817,20.360595855626727,-0.017906835228553818,15.719837235424503,16.04293389759012,15.590954761711002,13.285208624848032
1164,38.82998454404946,7,423.1763026409707,187.53854389721627,475.03155996393144,190.76224827171623,499.3715012722646,196.5648854961832,436.82461385151964,291.02341803687096,16.00643125646207,20.636969519991556,-0.038487312280813105,19.161337170008085,20.200029659986,15.571224673783993,13.543316111902104
1165,38.86334363730036,7,424.2663739480424,183.83827296011708,476.0526984126984,188.0101587301587,441.40911342248637,245.767211490837,438.0317693059628,286.9687194525904,16.062393569313624,20.87805623574079,-0.060096281677262116,15.705366364630784,16.584064921197157,15.629807441048015,13.810508822021651
1166,38.89670273055126,7,426.094298245614,179.53508771929825,477.41456582633054,183.94615624027387,442.39285714285717,241.65761904761902,438.5389765662362,282.52654232424675,16.150001455697353,21.192652663215622,-0.06648838139061963,15.752228107831515,16.869627948724066,15.64621645507722,14.103258085717563
1167,38.93006182380216,7,427.8369359120212,174.82631778536214,478.9514348785872,179.9861242510249,443.17254273504267,236.88568376068375,440.18338249754174,277.06489675516224,16.240222557011837,21.52038895507804,-0.08418788952863025,15.784948450843707,17.202316334080514,15.726933392450745,14.467196058960065
1168,38.963420917053064,7,429.62954545454545,170.11363636363637,480.6231331426755,175.8697171909755,444.3307731694828,232.5048643113159,441.2526364053186,272.36084364970196,16.336640814890217,21.856219957683187,-0.09832900202329642,15.842064893969416,17.510345655287345,15.776280294509105,14.781944703129376
1169,38.996780010303965,7,431.91743119266056,165.44495412844037,482.4233807266982,172.13649289099527,507.0796019900497,179.74875621890547,442.528125,267.2015625,16.453782287665224,22.178540057803268,-0.1214695729643519,19.630889027386093,21.464339990446504,15.836845843676155,15.129409059666663
1170,39.030139103554866,7,433.19718309859155,160.36580594679185,483.3103782735208,168.69479469770448,445.55874086565484,222.8015739179314,442.47853352629033,262.40376266280754,16.510037378986176,22.50509300449591,-0.16090139200102108,15.887851151621248,18.195888630323125,15.819705698696986,15.452157091430701
1171,39.06349819680577,7,434.7688679245283,155.57783018867926,484.36533586818757,164.97877059569075,445.508803885853,217.50758955676986,442.8209693372898,256.70820969337285,16.58157228360573,22.833305648275015,-0.188117271430921,15.868872885294143,18.571912748695617,15.823279225065017,15.838478930077152
1172,39.096857290056676,7,437.75189167662285,150.19235364396656,486.78466921119593,160.8546437659033,447.4236983842011,212.95092758827047,445.3357418111753,250.80154142581887,16.740769666744487,23.205411354579248,-0.22040985008932384,15.972966144257445,18.90160279165773,15.956909132053346,16.24610343845211
1173,39.13021638330758,7,441.8397590361446,145.210843373494,490.96894615130486,156.04261645193262,450.82955974842764,207.4761006289308,448.1458998935037,245.46592119275823,16.993157432976272,23.594059589467257,-0.22448931164294098,16.167114750200913,19.302576150903228,16.110967508630186,16.61794421030392
1174,39.16357547655848,7,445.43400167084377,140.16207184628237,494.06837606837604,152.03583168967782,453.76172370088716,202.65209125475286,450.6120042872454,239.80760986066448,17.196875687893158,23.95480005759955,-0.2518118869439069,16.335056321021067,19.65808998033789,16.244333058474417,17.01398258730809
1175,39.19693456980938,7,449.3186212694409,135.4220260613703,497.46011254551473,148.3038728897716,455.5601039636127,197.7043534762833,452.601246105919,234.9963655244029,17.42130193970435,24.29554941998755,-0.27863095503970203,16.433206948745163,20.02244026502471,16.351934055299434,17.352727054204625
1176,39.23029366306028,7,452.98187947745464,130.37210282343025,500.278561827957,144.6065188172043,458.1801801801802,193.22869022869023,454.700909577314,229.54307116104866,17.620897087954923,24.648327442960607,-0.31601465674353274,16.584482146805627,20.356162461855355,16.46522627571244,17.73883814631869
1177,39.26365275631118,7,456.2113402061856,125.79939862542955,503.03846153846155,140.9257067718606,459.71439224459357,188.45637583892616,456.8519622454048,224.6582215598609,17.806391043976866,24.982879541778612,-0.340629613560463,16.667943641330055,20.71139681145658,16.58389956603125,18.08749822895431
1178,39.29701184956208,7,458.8816076889471,121.27173438182612,505.27136333985646,136.93215916503587,461.2118758434548,183.59851551956814,458.4299895506792,219.35841170323928,17.957511395149183,25.328572653463546,-0.35704586522175913,16.74939525400757,21.0750944001315,16.667097693052238,18.466662229697018
1179,39.33037094281298,7,461.73037974683547,116.2493670886076,507.5405405405405,132.76676676676678,462.8,178.16996336996337,460.31595092024537,214.80981595092024,18.115797049654848,25.703454741206283,-0.38223774399331933,16.835646848151054,21.48402133423951,16.77166869233758,18.795200010741276
1180,39.363730036063885,7,463.9614890885751,111.58579375267436,509.44844844844846,128.5065065065065,464.1045751633987,173.7109658678286,461.9679284963196,209.31493165089378,18.243422182566064,26.068615341637646,-0.3951628770133635,16.906951700622756,21.822056284591472,16.860109296596335,19.193308845408584
1181,39.397089129314786,7,466.5459317585302,106.99343832020998,511.53426017874875,124.43098311817279,465.6303854875284,169.17006802721087,464.16834451901565,203.9552572706935,18.38944469712431,26.42629931939706,-0.41231330789742243,16.992489141134055,22.16875281767344,16.983483285746455,19.58553944117131
1182,39.43044822256569,7,468.94037940379405,102.73441734417344,513.7003783969728,120.40557275541795,467.99605988967687,164.07880220646177,465.6320553780617,199.54153354632587,18.533109336680287,26.770156646487123,-0.4207570603679479,17.130635678239923,22.56140867604495,17.06406187038401,19.909818661997054
1183,39.46380731581659,7,470.947958725886,98.64647824136384,515.6327568667344,116.75686673448627,469.2954186413902,160.24644549763033,466.9860215053763,195.47043010752688,18.657340741951323,27.092725298665556,-0.43244043938980514,17.204549542960034,22.857596962508147,17.139029593844803,20.21055332573016
1184,39.49716640906749,7,473.58310991957103,95.26139410187668,517.4828326180258,113.88376251788267,470.53468697123515,156.7851099830795,468.64673311184936,191.71040974529345,18.801331259240847,27.356672191496184,-0.45231911602871244,17.27582410089851,23.12654004761622,17.234247409397348,20.490589894690487
1185,39.53052550231839,7,475.4098143236074,92.33333333333333,519.2382934443289,111.2854665279223,472.3570336391437,154.03440366972478,470.0521739130435,188.79362318840577,18.91641679304739,27.5901529268606,-0.46129573887124586,17.386305750688944,23.343097635244494,17.315764985249334,20.709016316020982
1186,39.56388459556929,7,477.14879356568366,89.8083109919571,520.6357168267521,108.84204909284952,473.7621320604614,151.43357199681782,470.75476190476184,186.09761904761902,19.01761084070501,27.800624345407954,-0.4672598421463035,17.470752424100667,23.547842432719328,17.353976851333016,20.910334437750453
1187,39.5972436888202,7,478.08035320088294,88.15982339955849,521.5421436004162,107.53520638224072,474.4721529509559,149.38570241064005,472.0525727069351,183.9731543624161,19.07687991002689,27.926260877117628,-0.4756711669649754,17.511999399986745,23.708619887128773,17.43091826610106,21.07110381882856
1188,39.6306027820711,7,478.89022757697455,87.03659080767514,521.8601813110181,106.43514644351464,474.25276461295414,148.15086887835702,472.2330383480825,182.32566371681415,19.113249397798015,28.02051186178499,-0.48150310314149963,17.495310692696265,23.804243509229792,17.43880003274251,21.19425941098282
1189,39.663961875322,7,479.3519553072626,86.43063314711358,522.1030042918455,106.09835479256078,474.6756756756757,147.71498771498773,472.561315496098,181.74358974358972,19.1361036404059,28.060945477936386,-0.48998165859969073,17.521577967379095,23.83921842253731,17.458225926151673,21.238418666137882
1190,39.6973209685729,7,479.3520804755372,86.3758573388203,522.1030042918455,106.0854792560801,474.57176470588234,147.12,472.8989898989899,181.84062850729518,19.136050641331188,28.063792529383072,-0.49093414726007506,17.513650573636383,23.885378388861472,17.479666209670356,21.23192305222258
1191,39.730680061823804,7,479.3520804755372,86.3758573388203,522.1030042918455,106.0854792560801,474.57176470588234,147.12,472.80984719864176,181.86926994906622,19.136050641331188,28.063792529383072,-0.49093414726007506,17.513650573636383,23.885378388861472,17.474119048878098,21.22958804045698
1192,39.764039155074705,7,479.4799278304014,86.18087505638249,522.307210031348,105.91954022988506,474.57176470588234,147.12,472.8460236886633,181.85617597292725,19.14689150132773,28.07932216929457,-0.490861477451526,17.513650573636383,23.885378388861472,17.476367154853865,21.23064539196598
1193,39.79739824832561,7,479.5002219263204,86.11806480248558,522.307210031348,105.91954022988506,474.50631911532383,146.9992101105845,472.7901861252115,181.8155668358714,19.14750652999789,28.082005219508517,-0.4924901267242866,17.509188140940775,23.894648526067513,17.472770942168612,21.233552776510837
1194,39.83075734157651,7,479.508124725516,86.00087834870443,522.307210031348,105.91954022988506,474.56563421828906,147.891592920354,472.5508712759977,182.12703766160763,19.147650925773576,28.086971520040258,-0.49521150895299404,17.51487414435987,23.825190335462025,17.458369040417118,21.209779784471213
1195,39.86411643482741,7,479.508124725516,86.00087834870443,522.307210031348,105.91954022988506,471.8477564102564,152.5176282051282,469.22833333333335,186.48722222222221,19.147650925773576,28.086971520040258,-0.49521150895299404,17.35038030423107,23.459299919368846,17.259109716697704,20.87807416684795
1196,39.89747552807831,7,479.508124725516,86.00087834870443,522.3347164591977,106.00795297372059,466.22289766970613,154.5060790273556,463.6166116611661,190.17876787678767,19.14856838909561,28.083356352821248,-0.4968896563372361,16.994882601638,23.292309478450598,16.91630307955318,20.59263187862064
1197,39.93083462132921,7,479.508124725516,86.00087834870443,522.3347164591977,106.00795297372059,453.8335570469799,152.70156599552573,453.22605893186,190.74355432780845,19.14856838909561,28.083356352821248,-0.4968896563372361,16.197551284407677,23.40284702987483,16.268534567598472,20.52837989762288
1198,39.96419371458011,7,479.4079929732103,86.20114185331576,522.1236673773988,106.05863539445629,440.7907666243117,151.18763235916984,441.27508503401356,191.48469387755102,19.138426232803305,28.072388575852184,-0.49465019951619515,15.358373832673125,23.489483689038813,15.525010071069207,20.447862433786355
1199,39.99755280783101,7,479.5965147453083,86.08981233243968,522.2195994277539,106.04291845493562,434.59566517189836,139.25747384155454,436.93966623876764,184.54899443731279,19.147804050165558,28.078121384169446,-0.4977926333564196,14.917393837823562,24.405854604354044,15.230667088232002,20.951058735322235
1200,40.030911901081915,7,479.4079929732103,86.20114185331576,522.1614301191765,106.1307331166486,437.44014550264546,118.41071428571429,441.50035460992905,168.32801418439715,19.139682983144148,28.06946086943653,-0.49586368298153344,15.0231930112077,26.074594659627703,15.462158187415362,22.17785312723968
1201,40.064270994332816,7,482.5609915198956,84.83431180691454,521.9515951595159,106.08947561422808,nan,nan,nan,nan,19.236989970135483,28.1329717878595,-0.5637533698278174,nan,nan,nan,nan
1202,40.09763008758372,7,476.0301418439716,89.66578014184395,524.2083333333333,105.1799828178694,nan,nan,nan,nan,19.098280867327414,27.960743575201022,-0.34740901717884537,nan,nan,nan,nan
1203,40.130989180834625,7,533.6926829268293,85.40650406504065,513.8698224852071,106.85207100591715,nan,nan,nan,nan,20.68682421052656,28.135609584607078,-2.1921722799292547,nan,nan,nan,nan
1204,40.164348274085526,7,479.5246415770609,86.22356630824372,521.9959618208517,106.0436857562408,573.804694048617,63.16848281642917,564.3613114754098,117.7335519125683,19.13811911284337,28.072048943361374,-0.49636499473162504,24.102367337257856,31.09005147140742,23.35836775047505,26.44909495657623
1205,40.19770736733643,7,479.43023777478686,86.05204127411395,522.0151351351351,105.8954954954955,598.6901303538175,70.06480446927374,595.3488452257841,121.65735953119614,19.135408127207462,28.08531897710705,-0.495735665486971,25.78674390177859,30.557053926510022,25.395395936153637,26.20801798589236
1206,40.23106646058733,7,479.47192513368987,86.09358288770053,522.0151351351351,105.8954954954955,614.6444444444444,73.34768518518518,609.9860748476937,122.55047867711052,19.136846612212054,28.083618101292366,-0.4952355671192514,26.8649149371002,30.316108878799795,26.359302409489796,26.17232210331284
1207,40.26442555383823,7,479.5002219263204,86.11806480248558,522.0937840785169,105.94038531443111,623.3014029995162,72.8722786647315,617.716343765524,121.13512170889219,19.140430265687996,28.08086871426486,-0.49516501158767595,27.458819379475102,30.38148927503039,26.875975369405435,26.30692935176791
1208,40.29778464708913,7,479.4079929732103,86.20114185331576,522.2122186495177,106.06573776348695,627.2250666666666,73.67786666666666,622.2450824029771,121.39021796916532,19.141362930730885,28.072209726457885,-0.4938924015764534,27.72342909634644,30.322435828423487,27.174681601283527,26.29760057617608
1209,40.33114374034003,7,479.2854678740836,86.35101336783096,522.1317747077577,106.13319164009918,626.9733777038269,80.26622296173045,623.0211442786069,127.36380597014926,19.13475216492482,28.06282097820325,-0.4915699540233849,27.67520777181322,29.75226038150162,27.20070037402699,25.815078118026754
1210,40.36450283359093,7,479.3428819444444,86.30034722222221,522.1317747077577,106.13319164009918,626.6633608815426,90.89366391184572,623.8167641325537,136.41585445094216,19.136622041451076,28.065039687543095,-0.49331057085553676,27.60481416329824,28.843476449473425,27.21480818476074,25.09007581114762
1211,40.397861926841834,7,479.23355119825703,86.44880174291939,522.1317747077577,106.13319164009918,624.6941950927587,101.59784560143626,621.7277452891487,144.88823911630928,19.133115053589044,28.058618044453397,-0.488824164158496,27.423754409462394,27.93685165792729,27.04314144356016,24.412352104075143
1212,40.431221020092735,7,479.2550571679859,86.55540897097626,522.1972132904609,106.32511611289746,621.6021505376343,100.22071307300509,619.666081871345,144.7263157894737,19.13612665147584,28.046303751095532,-0.49025179371005523,27.22227675394745,28.043937313389012,26.909419453095857,24.420166640398865
1213,40.46458011334364,7,479.3646649260226,86.7532637075718,522.1012101210121,106.55592225889255,616.560975609756,100.69454123112659,615.5189063408958,145.28388598022104,19.136831050047896,28.028441956454724,-0.49306504750892344,26.881970525632067,27.99100047581998,26.637043145763492,24.36617293357508
1214,40.49793920659454,7,479.3646649260226,86.7532637075718,522.1012101210121,106.55592225889255,612.014657980456,100.61346362649294,611.7479532163742,145.50409356725146,19.136831050047896,28.028441956454724,-0.49306504750892344,26.57735304568393,27.985817981615323,26.390674255229225,24.33973276388138
1215,40.53129829984544,7,479.27088830255053,86.83509234828496,522.1012101210121,106.55592225889255,607.8639784946236,100.63924731182794,608.239460370995,146.39685216413716,19.133776878921545,28.02485950389807,-0.49024058602191767,26.29894854812429,27.97274146128905,26.159177173673584,24.26096505403793
1216,40.56465739309634,7,479.51734738691255,86.79139218269651,522.310581437342,106.47923438064282,604.3995826812728,101.36306729264476,606.4400440044004,147.58965896589658,19.148915667655984,28.03046974116151,-0.48992504043475865,26.064171497464425,27.903146914427904,26.03806602843768,24.162816919875493
1217,40.59801648634724,7,479.4483814523184,87.00349956255467,522.2586520947176,106.56211293260473,604.2634575569358,101.46687370600414,606.5215493726131,149.62738679759954,19.14510883709699,28.017931098790207,-0.4867949936171849,26.05468630133257,27.894120181439018,26.036403316117525,24.003054321137345
1218,40.63137557959815,7,479.4411255411255,87.11774891774891,522.2602243937748,106.64820846905538,604.4686897880539,102.7533718689788,607.1449520586576,151.42019176536942,19.145040650987266,28.009546443272647,-0.486043394755424,26.063880816891327,27.78731659493387,26.070707626469407,23.86415251891616
1219,40.66473467284905,7,479.44775474956816,87.14766839378238,522.2602243937748,106.64820846905538,605.6042496679947,102.56308100929616,608.4975775193798,152.35610465116278,19.14529314872876,28.008291862567102,-0.48543291848562725,26.140563782764243,27.80615716133112,26.155137870274224,23.794202243345822
1220,40.69809376609995,7,479.57615317667535,87.09486510008702,522.2773591675636,106.76318622174381,608.4025717111771,103.01879327398613,610.6538839724681,152.36725663716814,19.150110206828263,28.0059725108719,-0.4903656141083811,26.326212529874766,27.775490555224128,26.294826648016354,23.798446834504833
1221,40.73145285935085,7,479.6483957219251,87.30704099821746,522.1144067796611,106.88100282485874,610.1492248062015,103.03972868217053,612.0601092896175,152.5638350720318,19.147350945440262,27.992040593505468,-0.490634481100757,26.4430536413503,27.77831832973484,26.38524883552026,23.786424250680977
1222,40.764811952601754,7,479.73777777777775,87.18755555555555,522.1132478632478,106.98254985754984,610.0450191570881,102.94588122605363,612.0746268656717,152.55373134328357,19.15018771443325,27.993015902844753,-0.4965818700311746,26.436432906968093,27.78586943000196,26.38622632560068,23.78724803230789
1223,40.798171045852655,7,479.77941834451894,87.28814317673378,522.0874551971326,107.00931899641576,609.9360919540229,102.45563218390804,611.8510182207931,151.2802786709539,19.150830388648604,27.98768738232907,-0.4956109613881868,26.43099412343449,27.826471247139214,26.376351364499563,23.886286221073266
1224,40.831530139103556,0,479.77941834451894,87.28814317673378,522.0735023888276,107.21536199926497,609.5002298850574,102.49149425287355,611.5176017601759,151.1914191419142,19.15038151090397,27.979174637567667,-0.5003736930221465,26.401670622490762,27.82233700354146,26.35504830827438,23.892447061182775
1225,40.86488923235446,0,479.77941834451894,87.28814317673378,522.0735023888276,107.21536199926497,609.5087476979742,102.45165745856353,611.5176017601759,151.1914191419142,19.15038151090397,27.979174637567667,-0.5003736930221465,26.402390914463364,27.82568266880741,26.35504830827438,23.892447061182775
1226,40.89824832560536,0,479.8914107699154,87.4134401424121,521.9059169423006,107.1492098493201,609.5087476979742,102.45165745856353,611.6858108108108,151.18637387387386,19.148698498043053,27.97654573445218,-0.49901038247010804,26.402390914463364,27.82568266880741,26.36597656056918,23.89324198587329
1227,40.93160741885626,0,479.8076923076923,87.4920424403183,521.9059169423006,107.1492098493201,nan,nan,nan,nan,19.145977720096482,27.973116003384334,-0.49632439211404833,nan,nan,nan,nan
1228,40.96496651210716,0,479.757217847769,87.4002624671916,521.9765825100621,107.27808269301134,nan,nan,nan,nan,19.146545935237583,27.971701359835365,-0.5000241902683653,nan,nan,nan,nan
1229,40.99832560535806,0,479.757217847769,87.4002624671916,521.9765825100621,107.27808269301134,nan,nan,nan,nan,19.146545935237583,27.971701359835365,-0.5000241902683653,nan,nan,nan,nan
1230,41.03168469860896,0,479.7018229166667,87.46571180555554,521.9765825100621,107.27808269301134,nan,nan,nan,nan,19.14475947728232,27.968864614056088,-0.4979512318990806,nan,nan,nan,nan
1231,41.065043791859864,0,479.757217847769,87.4002624671916,522.0051679586563,107.25396825396825,nan,nan,nan,nan,19.14749139989014,27.972732177168865,-0.4991829713734079,nan,nan,nan,nan
1232,41.098402885110765,0,479.64854111405833,87.39124668435014,518.4350877192983,106.34561403508772,nan,nan,nan,nan,19.02544792302891,28.00582469107372,-0.5167346052857457,nan,nan,nan,nan
1233,41.131761978361666,0,nan,nan,nan,nan,nan,nan,nan,nan,nan,nan,nan,nan,nan,nan,nan
1234,41.165121071612575,0,nan,nan,nan,nan,nan,nan,nan,nan,nan,nan,nan,nan,nan,nan,nan
1235,41.198480164863476,0,nan,nan,nan,nan,nan,nan,nan,nan,nan,nan,nan,nan,nan,nan,nan
1236,41.23183925811438,0,nan,nan,nan,nan,nan,nan,nan,nan,nan,nan,nan,nan,nan,nan,nan
1237,41.26519835136528,0,nan,nan,nan,nan,nan,nan,nan,nan,nan,nan,nan,nan,nan,nan,nan
1238,41.29855744461618,0,nan,nan,nan,nan,nan,nan,nan,nan,nan,nan,nan,nan,nan,nan,nan
1239,41.33191653786708,0,nan,nan,nan,nan,nan,nan,nan,nan,nan,nan,nan,nan,nan,nan,nan
1240,41.36527563111798,0,nan,nan,nan,nan,nan,nan,nan,nan,nan,nan,nan,nan,nan,nan,nan
1241,41.39863472436888,0,448.7213032581453,105.41002506265663,492.4288194444444,120.12586805555554,nan,nan,nan,nan,17.17144147659669,26.61841148949432,-0.35847249789895164,nan,nan,nan,nan
1242,41.431993817619784,0,442.8951360999553,117.44132083891118,490.3327832783278,128.8932893289329,nan,nan,nan,nan,16.93869487638524,25.7649331642059,-0.25165057852092515,nan,nan,nan,nan
1243,41.465352910870685,0,440.7126577126577,130.0,490.52935737401754,140.23763291724455,nan,nan,nan,nan,16.904652734568707,24.80814034399196,-0.2090760986764776,nan,nan,nan,nan
1244,41.498712004121586,0,440.99531116794543,143.51193520886616,491.70901467505234,153.2914046121593,nan,nan,nan,nan,16.98487792195941,23.76670465644208,-0.19313718020456405,nan,nan,nan,nan
1245,41.53207109737249,0,441.316142557652,157.5664570230608,493.1754578754578,167.08241758241758,nan,nan,nan,nan,17.07549672246246,22.694326660311873,-0.18112243491220079,nan,nan,nan,nan
1246,41.56543019062339,0,441.7412008281573,172.05631469979295,493.80905797101445,179.25905797101447,nan,nan,nan,nan,17.141291695219927,21.683996277531044,-0.12798461884920737,nan,nan,nan,nan
1247,41.59878928387429,0,441.8735632183908,187.33248190719453,494.22141623488767,191.8735751295337,nan,nan,nan,nan,17.19144436294348,20.64484488045786,-0.0673111604658931,nan,nan,nan,nan
1248,41.63214837712519,0,441.64489311163896,199.97941409342835,493.79473684210524,202.8035087719298,nan,nan,nan,nan,17.198212697079878,19.779425566402857,-0.029139355043927458,nan,nan,nan,nan
1249,41.6655074703761,0,440.1815632667367,207.6221521205748,492.8980769230769,209.9676282051282,nan,nan,nan,nan,17.14190770101056,19.24038361946249,-0.01794777782452942,nan,nan,nan,nan
1250,41.698866563627,0,440.0991649269311,211.69867780097422,492.28492962581527,213.77617576381735,nan,nan,nan,nan,17.129410886437476,18.9559493834223,-0.012561732142664997,nan,nan,nan,nan
1251,41.7322256568779,0,440.4194915254237,215.42584745762713,491.8551198257081,216.5984023238925,nan,nan,nan,nan,17.133802117803235,18.72125255493063,0.007124209254241945,nan,nan,nan,nan
1252,41.7655847501288,0,440.9273127753304,217.92143906020556,491.30324074074076,219.36574074074073,nan,nan,nan,nan,17.1381552568841,18.533369483521824,0.0002409971760150402,nan,nan,nan,nan
1253,41.7989438433797,0,441.25810765630223,220.41524573721165,491.1801007556675,221.8581024349286,nan,nan,nan,nan,17.150068467391264,18.35618983433585,-8.814075897563154e-05,nan,nan,nan,nan
1254,41.832302936630605,0,440.5,221.5,490.52461873638345,221.95511982570804,nan,nan,nan,nan,17.108510652951622,18.312809015232993,0.02281287858106139,nan,nan,nan,nan
1255,41.865662029881506,0,440.359027064063,223.24528948269955,490.77383863080684,222.91605541972288,nan,nan,nan,nan,17.11526021117657,18.21698016003789,0.040837560115720976,nan,nan,nan,nan
1256,41.89902112313241,0,440.359027064063,223.24528948269955,491.4687384387717,222.7809840917499,nan,nan,nan,nan,17.136506831864565,18.22248541770066,0.04379466270190346,nan,nan,nan,nan
1257,41.93238021638331,0,440.4299617657282,223.42266249565517,493.28422344996926,222.50184162062615,nan,nan,nan,nan,17.194533013104785,18.2280524345573,0.05343770560641195,nan,nan,nan,nan
1258,41.96573930963421,0,440.4299617657282,223.42266249565517,493.21067303863,219.31819992035042,nan,nan,nan,nan,17.190352319959757,18.341272459893133,0.12313823808308727,nan,nan,nan,nan
1259,41.99909840288511,0,nan,nan,nan,nan,nan,nan,nan,nan,nan,nan,nan,nan,nan,nan,nan
1260,42.03245749613601,0,nan,nan,nan,nan,nan,nan,nan,nan,nan,nan,nan,nan,nan,nan,nan
1261,42.06581658938691,0,440.42266414141415,222.7105429292929,493.14766759345065,222.75285758418286,nan,nan,nan,nan,17.189132740598897,18.244190929060803,0.0323713036363636,nan,nan,nan,nan
1262,42.099175682637814,0,440.36868686868684,222.7127525252525,493.62724330685495,222.32568402471315,nan,nan,nan,nan,17.201957875842552,18.259719838631153,0.041717757065936625,nan,nan,nan,nan
1263,42.132534775888715,0,440.2734399498275,222.76199435559735,493.564887722368,222.42898804316127,nan,nan,nan,nan,17.197269976164982,18.25414608705041,0.04053520395779528,nan,nan,nan,nan
1264,42.165893869139616,0,440.20927318295736,222.68421052631578,493.564887722368,222.42898804316127,nan,nan,nan,nan,17.19518339164829,18.256834366601517,0.03884185196892052,nan,nan,nan,nan
1265,42.199252962390524,0,440.20927318295736,222.68421052631578,493.564887722368,222.42898804316127,nan,nan,nan,nan,17.19518339164829,18.256834366601517,0.03884185196892052,nan,nan,nan,nan
1266,42.232612055641425,0,440.20927318295736,222.68421052631578,493.564887722368,222.42898804316127,nan,nan,nan,nan,17.19518339164829,18.256834366601517,0.03884185196892052,nan,nan,nan,nan
1267,42.265971148892326,0,440.24253848570527,222.66132579327677,493.564887722368,222.42898804316127,nan,nan,nan,nan,17.196164146606982,18.257678457289114,0.038349321949630616,nan,nan,nan,nan
1268,42.29933024214323,0,440.33677944862154,222.77098997493732,493.564887722368,222.42898804316127,nan,nan,nan,nan,17.19922130244159,18.25389216753453,0.04073908452989364,nan,nan,nan,nan
1269,42.33268933539413,0,440.2091503267974,222.74603174603175,493.564887722368,222.42898804316127,nan,nan,nan,nan,17.195278447129738,18.254645672328728,0.040180791442618546,nan,nan,nan,nan
1270,42.36604842864503,0,440.49952335557674,222.6345726088338,493.62724330685495,222.32568402471315,nan,nan,nan,nan,17.205834575174435,18.262621010751786,0.040037922366006395,nan,nan,nan,nan
1271,42.39940752189593,0,440.4350607805502,222.71337172104924,493.6270190895741,222.34743024963288,nan,nan,nan,nan,17.203994750889752,18.25899277260685,0.04126821825408864,nan,nan,nan,nan
1272,42.43276661514683,0,440.4945196647324,222.8039974210187,493.6270190895741,222.34743024963288,nan,nan,nan,nan,17.20595748662133,18.255845174608048,0.04324800537423682,nan,nan,nan,nan
1273,42.46612570839773,0,440.5639291465378,222.73236714975846,493.6270190895741,222.34743024963288,nan,nan,nan,nan,17.207966056015238,18.258451585729006,0.041701186443566324,nan,nan,nan,nan
1274,42.499484801648634,0,440.4720336243129,222.8399612027158,493.6270190895741,222.34743024963288,nan,nan,nan,nan,17.20532715312854,18.254549243736818,0.04402554399000232,nan,nan,nan,nan
1275,42.532843894899536,0,440.3723544973545,223.1137566137566,493.6270190895741,222.34743024963288,nan,nan,nan,nan,17.202715654271756,18.24475795272423,0.049944660117604255,nan,nan,nan,nan
1276,42.56620298815044,0,440.5447483958122,223.23606889564337,493.6270190895741,222.34743024963288,nan,nan,nan,nan,17.208181140879653,18.240605759278864,0.052659699126352384,nan,nan,nan,nan
1277,42.59956208140134,0,440.5,223.5,493.6935579196217,222.41843971631207,nan,nan,nan,nan,17.209319059960855,18.228769609256318,0.05680241596963616,nan,nan,nan,nan
1278,42.63292117465224,0,440.5,223.5,493.6935579196217,222.41843971631207,nan,nan,nan,nan,17.209319059960855,18.228769609256318,0.05680241596963616,nan,nan,nan,nan
1279,42.66628026790314,0,440.5,223.5,493.6935579196217,222.41843971631207,nan,nan,nan,nan,17.209319059960855,18.228769609256318,0.05680241596963616,nan,nan,nan,nan
1280,42.69963936115405,0,440.5,223.5,493.6935579196217,222.41843971631207,nan,nan,nan,nan,17.209319059960855,18.228769609256318,0.05680241596963616,nan,nan,nan,nan
1281,42.73299845440495,0,440.5,223.5,493.6935579196217,222.41843971631207,nan,nan,nan,nan,17.209319059960855,18.228769609256318,0.05680241596963616,nan,nan,nan,nan
1282,42.76635754765585,0,440.5,223.5,493.6935579196217,222.41843971631207,nan,nan,nan,nan,17.209319059960855,18.228769609256318,0.05680241596963616,nan,nan,nan,nan
1283,42.79971664090675,0,440.5,223.5,493.6935579196217,222.41843971631207,nan,nan,nan,nan,17.209319059960855,18.228769609256318,0.05680241596963616,nan,nan,nan,nan
1284,42.83307573415765,0,440.5,223.5,493.6935579196217,222.41843971631207,nan,nan,nan,nan,17.209319059960855,18.228769609256318,0.05680241596963616,nan,nan,nan,nan
1285,42.866434827408554,0,440.5,223.5,493.6935579196217,222.41843971631207,nan,nan,nan,nan,17.209319059960855,18.228769609256318,0.05680241596963616,nan,nan,nan,nan
1286,42.899793920659455,0,440.5,223.5,493.6935579196217,222.41843971631207,nan,nan,nan,nan,17.209319059960855,18.228769609256318,0.05680241596963616,nan,nan,nan,nan
1287,42.933153013910356,0,440.5,223.5,493.6935579196217,222.41843971631207,nan,nan,nan,nan,17.209319059960855,18.228769609256318,0.05680241596963616,nan,nan,nan,nan
1288,42.96651210716126,0,440.5,223.5,493.6935579196217,222.41843971631207,nan,nan,nan,nan,17.209319059960855,18.228769609256318,0.05680241596963616,nan,nan,nan,nan
1289,42.99987120041216,0,440.5,223.5,493.6935579196217,222.41843971631207,nan,nan,nan,nan,17.209319059960855,18.228769609256318,0.05680241596963616,nan,nan,nan,nan
1290,43.03323029366306,0,440.5,223.5,493.6935579196217,222.41843971631207,nan,nan,nan,nan,17.209319059960855,18.228769609256318,0.05680241596963616,nan,nan,nan,nan
1291,43.06658938691396,0,440.5,223.5,493.6935579196217,222.41843971631207,nan,nan,nan,nan,17.209319059960855,18.228769609256318,0.05680241596963616,nan,nan,nan,nan
1292,43.09994848016486,0,440.5,223.5,493.6305751173708,222.5,nan,nan,nan,nan,17.207433102735152,18.22580814567082,0.055053415636315,nan,nan,nan,nan
1293,43.13330757341576,0,440.5,223.5,493.6935579196217,222.58156028368793,nan,nan,nan,nan,17.20941585080784,18.222975887847426,0.05325275954330362,nan,nan,nan,nan
