frame,time_s,episode,roof_a_px_x,roof_a_px_y,roof_b_px_x,roof_b_px_y,tool_front_px_x,tool_front_px_y,tool_rear_px_x,tool_rear_px_y,object_proxy_x_cm,object_proxy_y_cm,proxy_heading_rad,tool_front_proxy_x_cm,tool_front_proxy_y_cm,tool_rear_proxy_x_cm,tool_rear_proxy_y_cm
0,0.0,0,539.5,226.5,594.9152366094643,225.7389495579823,nan,nan,nan,nan,22.141787135299957,17.921643226072554,0.03885938853126,nan,nan,nan,nan
1,0.033345111896348645,0,539.4351122776319,226.57101195683873,594.7803799115275,225.74837366640642,nan,nan,nan,nan,22.13578437548817,17.918842321688885,0.04011063762395401,nan,nan,nan,nan
2,0.06669022379269729,0,539.5,226.5,594.8123875610382,225.60190182472368,nan,nan,nan,nan,22.13890981141614,17.926119541046447,0.04163971330551042,nan,nan,nan,nan
3,0.10003533568904593,0,539.5,226.5,594.8123875610382,225.60190182472368,nan,nan,nan,nan,22.13890981141614,17.926119541046447,0.04163971330551042,nan,nan,nan,nan
4,0.13338044758539458,0,539.5,226.5,594.6936520174762,225.59110768439987,nan,nan,nan,nan,22.135380480772266,17.926394049361328,0.0418956810184765,nan,nan,nan,nan
5,0.16672555948174322,0,539.5,226.5,594.7803799115275,225.74837366640642,nan,nan,nan,nan,22.137748408097487,17.92123530828991,0.03870722662220595,nan,nan,nan,nan
6,0.20007067137809187,0,539.5,226.5,594.7803799115275,225.74837366640642,nan,nan,nan,nan,22.137748408097487,17.92123530828991,0.03870722662220595,nan,nan,nan,nan
7,0.2334157832744405,0,539.4826689774696,226.54477180820334,594.8346415489272,225.68053375196232,nan,nan,nan,nan,22.138925271517518,17.922032977703925,0.04094483090790651,nan,nan,nan,nan
8,0.26676089517078916,0,539.4826689774696,226.54477180820334,594.8346415489272,225.68053375196232,nan,nan,nan,nan,22.138925271517518,17.922032977703925,0.04094483090790651,nan,nan,nan,nan
9,0.3001060070671378,0,539.4904513888889,226.52228009259258,594.7803799115275,225.74837366640642,nan,nan,nan,nan,22.13745311315398,17.92049205734125,0.03915096843058801,nan,nan,nan,nan
10,0.33345111896348645,0,539.4904513888889,226.52228009259258,594.7803799115275,225.74837366640642,nan,nan,nan,nan,22.13745311315398,17.92049205734125,0.03915096843058801,nan,nan,nan,nan
11,0.3667962308598351,0,539.4904513888889,226.52228009259258,594.7803799115275,225.74837366640642,nan,nan,nan,nan,22.13745311315398,17.92049205734125,0.03915096843058801,nan,nan,nan,nan
12,0.40014134275618374,0,539.4904513888889,226.52228009259258,594.7803799115275,225.74837366640642,nan,nan,nan,nan,22.13745311315398,17.92049205734125,0.03915096843058801,nan,nan,nan,nan
13,0.4334864546525324,0,539.5,226.5,594.7983215316024,225.84972462627852,nan,nan,nan,nan,22.138141473154242,17.917884397843192,0.036666073573086246,nan,nan,nan,nan
14,0.466831566548881,0,539.5,226.5,594.8730535761414,225.80918448139352,nan,nan,nan,nan,22.140429135784878,17.91928248556365,0.03746189117778364,nan,nan,nan,nan
15,0.5001766784452297,0,539.4844290657439,226.56891580161476,594.8730535761414,225.80918448139352,nan,nan,nan,nan,22.139930347235634,17.916993334324147,0.038836275678468854,nan,nan,nan,nan
16,0.5335217903415783,0,539.4844290657439,226.56891580161476,594.8345135064253,225.7285601888277,nan,nan,nan,nan,22.138893365024458,17.91964194616069,0.04046479416447992,nan,nan,nan,nan
17,0.566866902237927,0,539.4844290657439,226.56891580161476,594.8730535761414,225.80918448139352,nan,nan,nan,nan,22.139930347235634,17.916993334324147,0.038836275678468854,nan,nan,nan,nan
18,0.6002120141342756,0,539.4844290657439,226.56891580161476,594.8730535761414,225.80918448139352,nan,nan,nan,nan,22.139930347235634,17.916993334324147,0.038836275678468854,nan,nan,nan,nan
19,0.6335571260306243,0,539.4844290657439,226.56891580161476,594.8730535761414,225.80918448139352,nan,nan,nan,nan,22.139930347235634,17.916993334324147,0.038836275678468854,nan,nan,nan,nan
20,0.6669022379269729,0,539.4844290657439,226.56891580161476,594.8730535761414,225.80918448139352,nan,nan,nan,nan,22.139930347235634,17.916993334324147,0.038836275678468854,nan,nan,nan,nan
21,0.7002473498233216,0,539.4594827586207,226.61149425287354,594.8730535761414,225.80918448139352,nan,nan,nan,nan,22.139167201482895,17.91556837285505,0.03968044036738835,nan,nan,nan,nan
22,0.7335924617196702,0,539.4594827586207,226.61149425287354,594.8730535761414,225.80918448139352,nan,nan,nan,nan,22.139167201482895,17.91556837285505,0.03968044036738835,nan,nan,nan,nan
23,0.7669375736160189,0,539.4594827586207,226.61149425287354,594.8730535761414,225.80918448139352,nan,nan,nan,nan,22.139167201482895,17.91556837285505,0.03968044036738835,nan,nan,nan,nan
24,0.8002826855123675,0,539.4594827586207,226.61149425287354,594.8730535761414,225.80918448139352,nan,nan,nan,nan,22.139167201482895,17.91556837285505,0.03968044036738835,nan,nan,nan,nan
25,0.8336277974087162,0,539.4594827586207,226.61149425287354,594.8730535761414,225.80918448139352,nan,nan,nan,nan,22.139167201482895,17.91556837285505,0.03968044036738835,nan,nan,nan,nan
26,0.8669729093050648,0,539.4594827586207,226.61149425287354,594.8730535761414,225.80918448139352,nan,nan,nan,nan,22.139167201482895,17.91556837285505,0.03968044036738835,nan,nan,nan,nan
27,0.9003180212014135,0,539.4594827586207,226.61149425287354,594.8730535761414,225.80918448139352,nan,nan,nan,nan,22.139167201482895,17.91556837285505,0.03968044036738835,nan,nan,nan,nan
28,0.933663133097762,0,539.4594827586207,226.61149425287354,594.8730535761414,225.80918448139352,nan,nan,nan,nan,22.139167201482895,17.91556837285505,0.03968044036738835,nan,nan,nan,nan
29,0.9670082449941108,0,539.5,226.5,594.8057083006022,225.82848913328093,nan,nan,nan,nan,22.138391810569104,17.918594327085522,0.037090952751758575,nan,nan,nan,nan
30,1.0003533568904595,0,539.5,226.5,594.8057083006022,225.82848913328093,nan,nan,nan,nan,22.138391810569104,17.918594327085522,0.037090952751758575,nan,nan,nan,nan
31,1.033698468786808,0,539.5,226.5,594.8057083006022,225.82848913328093,nan,nan,nan,nan,22.138391810569104,17.918594327085522,0.037090952751758575,nan,nan,nan,nan
32,1.0670435806831566,0,539.5,226.5,594.8057083006022,225.82848913328093,nan,nan,nan,nan,22.138391810569104,17.918594327085522,0.037090952751758575,nan,nan,nan,nan
33,1.1003886925795052,0,539.5,226.5,594.8057083006022,225.82848913328093,nan,nan,nan,nan,22.138391810569104,17.918594327085522,0.037090952751758575,nan,nan,nan,nan
34,1.133733804475854,0,539.5,226.5,594.8057083006022,225.82848913328093,nan,nan,nan,nan,22.138391810569104,17.918594327085522,0.037090952751758575,nan,nan,nan,nan
35,1.1670789163722026,0,539.5,226.5,594.8057083006022,225.82848913328093,nan,nan,nan,nan,22.138391810569104,17.918594327085522,0.037090952751758575,nan,nan,nan,nan
36,1.2004240282685512,0,539.5,226.5,594.8803689064558,225.78787878787875,nan,nan,nan,nan,22.14067747238067,17.919994728128728,0.03788748157019053,nan,nan,nan,nan
37,1.2337691401648998,0,539.5,226.5,594.8803689064558,225.78787878787875,nan,nan,nan,nan,22.14067747238067,17.919994728128728,0.03788748157019053,nan,nan,nan,nan
38,1.2671142520612486,0,539.5,226.5,594.8803689064558,225.78787878787875,nan,nan,nan,nan,22.14067747238067,17.919994728128728,0.03788748157019053,nan,nan,nan,nan
39,1.3004593639575972,0,539.5,226.5,594.8803689064558,225.78787878787875,nan,nan,nan,nan,22.14067747238067,17.919994728128728,0.03788748157019053,nan,nan,nan,nan
40,1.3338044758539458,0,539.5,226.5,594.8803689064558,225.78787878787875,nan,nan,nan,nan,22.14067747238067,17.919994728128728,0.03788748157019053,nan,nan,nan,nan
41,1.3671495877502944,0,539.5,226.5,594.8803689064558,225.78787878787875,nan,nan,nan,nan,22.14067747238067,17.919994728128728,0.03788748157019053,nan,nan,nan,nan
42,1.4004946996466432,0,539.5,226.5,594.8803689064558,225.78787878787875,nan,nan,nan,nan,22.14067747238067,17.919994728128728,0.03788748157019053,nan,nan,nan,nan
43,1.4338398115429918,0,539.5,226.5,594.8803689064558,225.78787878787875,nan,nan,nan,nan,22.14067747238067,17.919994728128728,0.03788748157019053,nan,nan,nan,nan
44,1.4671849234393404,0,539.5,226.5,594.8057083006022,225.82848913328093,nan,nan,nan,nan,22.138391810569104,17.918594327085522,0.037090952751758575,nan,nan,nan,nan
45,1.500530035335689,0,539.5,226.5,594.8057083006022,225.82848913328093,nan,nan,nan,nan,22.138391810569104,17.918594327085522,0.037090952751758575,nan,nan,nan,nan
46,1.5338751472320378,0,539.5,226.5,594.8057083006022,225.82848913328093,nan,nan,nan,nan,22.138391810569104,17.918594327085522,0.037090952751758575,nan,nan,nan,nan
47,1.5672202591283864,0,539.5,226.5,594.8057083006022,225.82848913328093,nan,nan,nan,nan,22.138391810569104,17.918594327085522,0.037090952751758575,nan,nan,nan,nan
48,1.600565371024735,0,539.5,226.5,594.8803689064558,225.78787878787875,nan,nan,nan,nan,22.14067747238067,17.919994728128728,0.03788748157019053,nan,nan,nan,nan
49,1.6339104829210835,0,539.5,226.5,594.8803689064558,225.78787878787875,nan,nan,nan,nan,22.14067747238067,17.919994728128728,0.03788748157019053,nan,nan,nan,nan
50,1.6672555948174324,0,539.5,226.5,594.8803689064558,225.78787878787875,nan,nan,nan,nan,22.14067747238067,17.919994728128728,0.03788748157019053,nan,nan,nan,nan
51,1.700600706713781,0,539.5,226.5,594.8803689064558,225.78787878787875,nan,nan,nan,nan,22.14067747238067,17.919994728128728,0.03788748157019053,nan,nan,nan,nan
52,1.7339458186101295,0,539.5,226.5,594.8803689064558,225.78787878787875,nan,nan,nan,nan,22.14067747238067,17.919994728128728,0.03788748157019053,nan,nan,nan,nan
53,1.7672909305064781,0,539.4757365684576,226.54477180820334,594.8057083006022,225.82848913328093,nan,nan,nan,nan,22.137647737228825,17.917097228751423,0.03798149199977864,nan,nan,nan,nan
54,1.800636042402827,0,539.4757365684576,226.54477180820334,594.8057083006022,225.82848913328093,nan,nan,nan,nan,22.137647737228825,17.917097228751423,0.03798149199977864,nan,nan,nan,nan
55,1.8339811542991755,0,539.4636678200692,226.56891580161476,594.8057083006022,225.82848913328093,nan,nan,nan,nan,22.13727665340914,17.916290634128828,0.03846162617926537,nan,nan,nan,nan
56,1.867326266195524,0,539.4636678200692,226.56891580161476,594.8057083006022,225.82848913328093,nan,nan,nan,nan,22.13727665340914,17.916290634128828,0.03846162617926537,nan,nan,nan,nan
57,1.9006713780918727,0,539.4636678200692,226.56891580161476,594.9043161726469,225.61232449297972,nan,nan,nan,nan,22.140524257899422,17.923534752449598,0.042765479283149076,nan,nan,nan,nan
58,1.9340164899882215,0,539.4516407599309,226.58923431203223,594.8707482993196,225.5596546310832,nan,nan,nan,nan,22.139228496423012,17.924579350076456,0.04423390906948752,nan,nan,nan,nan
59,1.96736160188457,0,539.4516407599309,226.58923431203223,594.8707482993196,225.5596546310832,nan,nan,nan,nan,22.139228496423012,17.924579350076456,0.04423390906948752,nan,nan,nan,nan
60,2.000706713780919,0,539.4516407599309,226.58923431203223,594.8707482993196,225.5596546310832,nan,nan,nan,nan,22.139228496423012,17.924579350076456,0.04423390906948752,nan,nan,nan,nan
61,2.0340518256772673,0,539.4516407599309,226.58923431203223,594.8707482993196,225.5596546310832,nan,nan,nan,nan,22.139228496423012,17.924579350076456,0.04423390906948752,nan,nan,nan,nan
62,2.067396937573616,0,539.4516407599309,226.58923431203223,594.8707482993196,225.5596546310832,nan,nan,nan,nan,22.139228496423012,17.924579350076456,0.04423390906948752,nan,nan,nan,nan
63,2.100742049469965,0,539.4516407599309,226.58923431203223,594.8707482993196,225.5596546310832,nan,nan,nan,nan,22.139228496423012,17.924579350076456,0.04423390906948752,nan,nan,nan,nan
64,2.1340871613663133,0,539.4516407599309,226.58923431203223,594.8162893572729,225.62815508717145,nan,nan,nan,nan,22.137506394865326,17.922267067322203,0.042880572095155875,nan,nan,nan,nan
65,2.167432273262662,0,539.4362068965518,226.61321839080458,594.8544121497774,225.70751505629744,nan,nan,nan,nan,22.138061888350236,17.918856223743504,0.04175100073310036,nan,nan,nan,nan
66,2.2007773851590104,0,539.4299516908212,226.75646490480247,594.8544121497774,225.70751505629744,nan,nan,nan,nan,22.137800464784824,17.914117117623288,0.04460970003093936,nan,nan,nan,nan
67,2.2341224970553593,0,539.4304484433019,226.6895172807769,594.7998436278342,225.74876205368776,nan,nan,nan,nan,22.136163707722126,17.9149227141001,0.04246537147171517,nan,nan,nan,nan
68,2.267467608951708,0,539.4229452054794,226.70148401826484,594.707266614947,225.80113783294541,nan,nan,nan,nan,22.1330976879847,17.91271837182164,0.041682106337090956,nan,nan,nan,nan
69,2.3008127208480564,0,539.4229452054794,226.70148401826484,594.707266614947,225.80113783294541,nan,nan,nan,nan,22.1330976879847,17.91271837182164,0.041682106337090956,nan,nan,nan,nan
70,2.3341578327444052,0,539.4229452054794,226.70148401826484,594.7769210999743,225.73297352865583,nan,nan,nan,nan,22.135272600657988,17.915029768348035,0.043026615988139345,nan,nan,nan,nan
71,2.367502944640754,0,539.4229452054794,226.70148401826484,594.7769210999743,225.73297352865583,nan,nan,nan,nan,22.135272600657988,17.915029768348035,0.043026615988139345,nan,nan,nan,nan
72,2.4008480565371024,0,539.4229452054794,226.70148401826484,594.7769210999743,225.73297352865583,nan,nan,nan,nan,22.135272600657988,17.915029768348035,0.043026615988139345,nan,nan,nan,nan
73,2.4341931684334512,0,539.4229452054794,226.70148401826484,594.7769210999743,225.73297352865583,nan,nan,nan,nan,22.135272600657988,17.915029768348035,0.043026615988139345,nan,nan,nan,nan
74,2.4675382803297996,0,539.4299516908212,226.75646490480247,594.7319802237835,225.88108248763984,nan,nan,nan,nan,22.13390198795836,17.908270490803563,0.04117179591973332,nan,nan,nan,nan
75,2.5008833922261484,0,539.4299516908212,226.75646490480247,594.7319802237835,225.88108248763984,nan,nan,nan,nan,22.13390198795836,17.908270490803563,0.04117179591973332,nan,nan,nan,nan
76,2.5342285041224972,0,539.4299516908212,226.75646490480247,594.7319802237835,225.88108248763984,nan,nan,nan,nan,22.13390198795836,17.908270490803563,0.04117179591973332,nan,nan,nan,nan
77,2.5675736160188456,0,539.4299516908212,226.75646490480247,594.8019136281355,225.8119989656064,nan,nan,nan,nan,22.13608645306782,17.910612390781473,0.042534889232931895,nan,nan,nan,nan
78,2.6009187279151944,0,539.4299516908212,226.75646490480247,594.8019136281355,225.8119989656064,nan,nan,nan,nan,22.13608645306782,17.910612390781473,0.042534889232931895,nan,nan,nan,nan
79,2.634263839811543,0,539.4299516908212,226.75646490480247,594.8019136281355,225.8119989656064,nan,nan,nan,nan,22.13608645306782,17.910612390781473,0.042534889232931895,nan,nan,nan,nan
80,2.6676089517078916,0,539.4299516908212,226.75646490480247,594.8019136281355,225.8119989656064,nan,nan,nan,nan,22.13608645306782,17.910612390781473,0.042534889232931895,nan,nan,nan,nan
81,2.7009540636042404,0,539.4224872231687,226.76831345826236,594.7319802237835,225.88108248763984,nan,nan,nan,nan,22.133674141340606,17.907873667343214,0.0414066033594518,nan,nan,nan,nan
82,2.7342991755005888,0,539.4224872231687,226.76831345826236,594.7319802237835,225.88108248763984,nan,nan,nan,nan,22.133674141340606,17.907873667343214,0.0414066033594518,nan,nan,nan,nan
83,2.7676442873969376,0,539.4224872231687,226.76831345826236,594.7902006776127,226.0268438884545,nan,nan,nan,nan,22.135207008625308,17.903078091553336,0.03846415911684725,nan,nan,nan,nan
84,2.8009893992932864,0,539.4224872231687,226.76831345826236,594.8644112247574,225.9750852347233,nan,nan,nan,nan,22.13749465902373,17.904847775040267,0.039481156926754926,nan,nan,nan,nan
85,2.8343345111896348,0,539.4224872231687,226.76831345826236,594.8644112247574,225.9750852347233,nan,nan,nan,nan,22.13749465902373,17.904847775040267,0.039481156926754926,nan,nan,nan,nan
86,2.8676796230859836,0,539.4106485414896,226.80317190597563,594.7902006776127,226.0268438884545,nan,nan,nan,nan,22.134837161895526,17.901917752346073,0.03915809637215813,nan,nan,nan,nan
87,2.9010247349823324,0,539.4106485414896,226.80317190597563,594.8517366511145,226.10342146189737,nan,nan,nan,nan,22.136566033840026,17.899420436876632,0.037606601741402165,nan,nan,nan,nan
88,2.9343698468786807,0,539.3474576271186,226.8420903954802,594.9809376609994,225.9018547140649,nan,nan,nan,nan,22.138809561129992,17.904869171031187,0.04235640451731647,nan,nan,nan,nan
89,2.9677149587750296,0,539.3474576271186,226.8420903954802,594.9948159668221,225.98211508553655,nan,nan,nan,nan,22.13911072791992,17.90221570535232,0.04075028466024519,nan,nan,nan,nan
90,3.001060070671378,0,539.3474576271186,226.8420903954802,594.9948159668221,225.98211508553655,nan,nan,nan,nan,22.13911072791992,17.90221570535232,0.04075028466024519,nan,nan,nan,nan
91,3.0344051825677267,0,539.3474576271186,226.8420903954802,594.9948159668221,225.98211508553655,nan,nan,nan,nan,22.13911072791992,17.90221570535232,0.04075028466024519,nan,nan,nan,nan
92,3.0677502944640755,0,539.3554233928065,226.8071367884452,594.9948159668221,225.98211508553655,nan,nan,nan,nan,22.139365615129684,17.903376426023197,0.04005716218495281,nan,nan,nan,nan
93,3.101095406360424,0,539.3554233928065,226.8071367884452,594.9948159668221,225.98211508553655,nan,nan,nan,nan,22.139365615129684,17.903376426023197,0.04005716218495281,nan,nan,nan,nan
94,3.1344405182567727,0,539.3554233928065,226.8071367884452,594.9337506520604,225.8943661971831,nan,nan,nan,nan,22.13766656494868,17.906245115876512,0.0418284406580189,nan,nan,nan,nan
95,3.1677856301531215,0,539.3554233928065,226.8071367884452,594.9337506520604,225.8943661971831,nan,nan,nan,nan,22.13766656494868,17.906245115876512,0.0418284406580189,nan,nan,nan,nan
96,3.20113074204947,0,539.3554233928065,226.8071367884452,594.9337506520604,225.8943661971831,nan,nan,nan,nan,22.13766656494868,17.906245115876512,0.0418284406580189,nan,nan,nan,nan
97,3.2344758539458187,0,539.3719806763285,226.7604433077579,594.9201658890616,225.81415241057542,nan,nan,nan,nan,22.13789014004981,17.91045226145149,0.042511108241569916,nan,nan,nan,nan
98,3.267820965842167,0,539.394017094017,226.72507122507122,594.9947835159102,225.77386541471049,nan,nan,nan,nan,22.14084700972804,17.913026438316578,0.042593463379102005,nan,nan,nan,nan
99,3.301166077738516,0,539.394017094017,226.72507122507122,594.9947835159102,225.77386541471049,nan,nan,nan,nan,22.14084700972804,17.913026438316578,0.042593463379102005,nan,nan,nan,nan
100,3.3345111896348647,0,539.4019356675207,226.73840022772555,594.9947835159102,225.77386541471049,nan,nan,nan,nan,22.14107503899487,17.91259144155989,0.04286155368437036,nan,nan,nan,nan
101,3.367856301531213,0,539.3497314108,226.8303647158609,594.9947835159102,225.77386541471049,nan,nan,nan,nan,22.13947683796598,17.90951552603416,0.044672594109011525,nan,nan,nan,nan
102,3.401201413427562,0,539.3474576271186,226.8420903954802,594.9947835159102,225.77386541471049,nan,nan,nan,nan,22.139403160953123,17.909126429707875,0.0449048933698362,nan,nan,nan,nan
103,3.4345465253239107,0,539.3859050866723,226.76015913611818,594.9201658890616,225.81415241057542,nan,nan,nan,nan,22.138303638299735,17.910471401382623,0.042510172170510466,nan,nan,nan,nan
104,3.467891637220259,0,539.394017094017,226.72507122507122,594.8508085550338,225.88341158059467,nan,nan,nan,nan,22.13639530414629,17.909289434539666,0.04044935229513089,nan,nan,nan,nan
105,3.501236749116608,0,539.3696453900709,226.78354609929076,594.6845144356955,225.90472440944882,nan,nan,nan,nan,22.130647567829477,17.90651523924712,0.04123520924703396,nan,nan,nan,nan
106,3.5345818610129562,0,539.3474576271186,226.8420903954802,594.4432879637043,226.03816386442483,nan,nan,nan,nan,22.122571447998542,17.899967213761336,0.0397923739730571,nan,nan,nan,nan
107,3.567926972909305,0,539.2935447968837,227.18586533110738,594.0332197614991,225.65133446905165,nan,nan,nan,nan,22.109091362247373,17.90111834465882,0.05468406794198019,nan,nan,nan,nan
108,3.601272084805654,0,539.3049821084503,227.17946600605558,594.3502994011976,223.89487691284097,nan,nan,nan,nan,22.12135843050615,17.959915717133317,0.08964628788059281,nan,nan,nan,nan
109,3.6346171967020022,0,539.3374350560568,227.26360404703308,594.210079430293,226.3662010408107,nan,nan,nan,nan,22.114634059005166,17.874987370620545,0.04172483696491347,nan,nan,nan,nan
110,3.667962308598351,0,539.3264234383637,227.27086788280815,594.7164333851736,226.33203732503887,nan,nan,nan,nan,22.129460514517532,17.87622948128346,0.04238506481144743,nan,nan,nan,nan
111,3.7013074204947,0,539.3049821084503,227.17946600605558,594.5817145817146,226.3188293188293,nan,nan,nan,nan,22.124870802362977,17.87957704533803,0.040858739033651524,nan,nan,nan,nan
112,3.734652532391048,0,539.2853976170684,227.09420892213907,594.5346896191966,226.33098591549296,nan,nan,nan,nan,22.122914161998743,17.8819436434437,0.0389145591690824,nan,nan,nan,nan
113,3.767997644287397,0,539.3461538461538,227.01811594202894,594.8320292123109,226.33098591549296,nan,nan,nan,nan,22.133630168747096,17.88470967347549,0.03733036080279814,nan,nan,nan,nan
114,3.8013427561837454,0,539.3654485049834,227.10437430786266,595.085018144116,226.1874027993779,nan,nan,nan,nan,22.141909206419356,17.886814310615602,0.04184820483175728,nan,nan,nan,nan
115,3.834687868080094,0,539.3654485049834,227.10437430786266,595.0133868808567,225.69585006693438,nan,nan,nan,nan,22.140464125660557,17.90307488503264,0.05167199058078474,nan,nan,nan,nan
116,3.868032979976443,0,539.3857182244278,227.1563275434243,595.3814102564102,223.7400641025641,nan,nan,nan,nan,22.15479536984423,17.966616394984825,0.09112218077210452,nan,nan,nan,nan
117,3.9013780918727914,0,539.3857182244278,227.1563275434243,595.0798952193843,223.68860510805501,nan,nan,nan,nan,22.145857952284274,17.968114145757525,0.0925030309799584,nan,nan,nan,nan
118,3.93472320376914,0,539.4281798245614,227.22807017543857,595.1991744066047,223.15067079463364,nan,nan,nan,nan,22.15140637849521,17.98375662540419,0.10441912994037056,nan,nan,nan,nan
119,3.968068315665489,0,539.4907407407408,227.3061002178649,595.4592933947772,222.17895545314897,nan,nan,nan,nan,22.162378335045407,18.013765067990445,0.12466352332259834,nan,nan,nan,nan
120,4.001413427561838,0,539.5207823960881,227.33034501494157,595.4472868217053,222.2643410852713,nan,nan,nan,nan,22.162776553151275,18.010132065060525,0.12354217044966878,nan,nan,nan,nan
121,4.034758539458186,0,539.558799675588,227.3928088672614,595.6331699346405,221.5706699346405,nan,nan,nan,nan,22.17041943276702,18.031345228227963,0.13797108627328428,nan,nan,nan,nan
122,4.0681036513545346,0,539.6191243620735,227.4821380607037,595.3123042505592,220.7986577181208,nan,nan,nan,nan,22.163659476190745,18.05395602292792,0.15550159660723104,nan,nan,nan,nan
123,4.101448763250883,0,539.8540184453227,227.62002635046113,595.2519118308592,220.7165991902834,nan,nan,nan,nan,22.168865189241444,18.05226144952292,0.16046141046668055,nan,nan,nan,nan
124,4.134793875147232,0,539.8540184453227,227.62002635046113,595.2519118308592,220.7165991902834,nan,nan,nan,nan,22.168865189241444,18.05226144952292,0.16046141046668055,nan,nan,nan,nan
125,4.168138987043581,0,539.8540184453227,227.62002635046113,595.6171296296296,220.3884259259259,nan,nan,nan,nan,22.18026506871474,18.063475211846637,0.1659262588234044,nan,nan,nan,nan
126,4.20148409893993,0,539.8540184453227,227.62002635046113,595.4777462121211,220.2154356060606,nan,nan,nan,nan,22.17633881071886,18.06915044498342,0.16962327880479192,nan,nan,nan,nan
127,4.234829210836278,0,539.9203354297694,227.63102725366872,595.5644379844961,220.23207364341084,nan,nan,nan,nan,22.180872560844442,18.068340090505238,0.16945942986673454,nan,nan,nan,nan
128,4.2681743227326265,0,539.9902580305423,227.58030542390728,595.6019323671497,220.2792270531401,nan,nan,nan,nan,22.184029895547972,18.068516477861074,0.16765431583996207,nan,nan,nan,nan
129,4.301519434628975,0,540.2517814726841,227.484032726313,595.6113475177305,220.23971631205674,nan,nan,nan,nan,22.192180765236955,18.073204374200927,0.16720182689609356,nan,nan,nan,nan
130,4.334864546525324,0,540.1983225108224,227.4380411255411,595.7448501872659,220.5697565543071,439.75993377483445,122.57257174392934,398.4665977961432,164.6893939393939,22.194144575508908,18.06376479922794,0.15943523020320308,14.36956350093462,24.947707079377444,11.9572144293342,21.85214548166204
131,4.368209658421673,0,540.3239625167336,227.48192771084337,595.7448501872659,220.5697565543071,457.984943977591,137.5689775910364,409.9239766081871,174.99289891395154,22.197849377418308,18.062403138689827,0.16058539372760722,15.529837594796087,23.885055947741105,12.684384872728419,21.152191798323685
132,4.401554770318021,0,540.4254457050243,227.55159373311722,595.8550170068027,221.17261904761904,455.07715767002134,137.50747179017992,405.96058091286307,174.48478561549098,22.20325881132726,18.040138354628446,0.15015569947123614,15.34993358270289,23.884429378290914,12.4436874852518,21.181157652536758
133,4.43489988221437,0,540.4989124524197,227.4344752582925,595.7956592956592,221.4209664209664,422.10395803528843,117.51597520267046,377.6951842884046,156.2722625773473,22.203371710106637,18.035733324816107,0.1433019400362968,13.256645024013475,25.28853043320179,10.664000825349587,22.410344235227832
134,4.4682449941107185,0,540.6418937517203,227.52628681530413,595.7956592956592,221.4209664209664,385.46814159292035,96.63952802359881,344.4019711369236,136.01020767335444,22.207564828003235,18.032800954970313,0.1454020518352238,10.888895009244886,26.779639708912804,8.534471739247937,23.79982440861059
135,4.501590106007067,0,540.6418937517203,227.52628681530413,596.1712121212121,222.29734848484847,376.34286898839133,94.37106135986733,333.40953862104715,131.79471228615864,22.21754562810962,18.0038598383033,0.12742110666689543,10.305306072818437,26.933536850628965,7.8369235442891485,24.085137809612288
136,4.534935217903416,0,540.4379300853288,227.49793559042115,596.0612244897959,222.27059712773996,376.68957345971563,101.53633491311216,329.71039844509227,136.10738581146742,22.20825692487481,18.00546653043758,0.12722111967137548,10.360008469279308,26.394228628861853,7.635983739309904,23.767333533048113
137,4.568280329799764,0,539.5,227.35640608034743,595.0337909186906,222.8958113340373,369.57082856051926,105.848415425735,319.8012232415902,137.653123634775,22.148886592947818,17.987933394824978,0.11231581276108323,9.935219256415863,26.058006882520523,7.040051238570364,23.63900629436686
138,4.601625441696113,0,539.5,227.35640608034743,594.8070554355651,223.6594672426206,346.80729166666663,101.63248697916666,297.79072398190044,132.87179487179486,22.14103160672775,17.962360508515477,0.0975236950336321,8.492351469727781,26.330428972330832,5.664156546813934,23.94506547952852
139,4.634970553592462,0,539.4399460188934,227.4286099865047,594.4856262833675,224.22073921971253,327.02646085997793,89.36346931275266,276.6415313225058,122.61252900232019,22.12881829473245,17.941042134028486,0.08808903177701399,7.180797238833563,27.21737017905315,4.29356859782491,24.6515596521286
140,4.6683156654888105,0,539.4399460188934,227.4286099865047,594.3435517970402,224.01585623678648,325.7671138630891,83.68593051255588,270.07731305449937,118.45162653147443,22.12486116503984,17.947753000738132,0.09236422614034363,7.065136918555422,27.646966912447876,3.8576347836370934,24.943611783655278
141,4.701660777385159,0,539.4399460188934,227.4286099865047,594.7625802093887,224.98682877406281,341.2424955856386,102.56346870708259,277.6159420289855,134.83964469378213,22.136013949158347,17.91578158264794,0.07248827291693688,8.150461953793402,26.25023061771859,4.44832362424306,23.768321795952765
142,4.735005889281508,0,539.4399460188934,227.4286099865047,594.2189691979261,225.88228118328757,365.44424700133277,154.92581075077743,292.62126832715063,176.8998410174881,22.118530011901726,17.8856691120288,0.05488405238451829,9.913826716718727,22.48519383525026,5.659602431492746,20.83625271962242
143,4.768351001177856,0,538.5593567251461,227.54736842105262,593.2644385810612,225.61975960128993,375.94811800610375,211.55917260088165,299.5636839983877,222.593107617896,22.06421355052234,17.889170964039554,0.06263876581315744,10.790222286644793,18.616618389086742,6.371441894377629,17.78029222575062
144,4.801696113074205,0,538.6180919139034,227.5628272251309,593.3454814814814,225.54814814814813,372.51266114180476,238.27186924493552,297.50256786500364,244.90070921985813,22.068466292397098,17.89113565320761,0.06438228147805378,10.69791209551291,16.858886499094517,6.393069265473456,16.333213290498705
145,4.835041224970554,0,538.9534292972057,227.72706745695734,594.2464004346645,227.0747079597935,368.1307980409104,247.49668683376547,294.8512068438741,254.37060800488845,22.10309163444969,17.835949455626064,0.03663978962802323,10.481783325472891,16.259174475249324,6.300364744678296,15.726803910558422
146,4.8683863368669025,0,539.4399460188934,227.4286099865047,594.2058422058421,227.14277914277912,368.9624168834923,255.31454177507948,296.888013136289,260.52643678160916,22.11637932528216,17.843860369109052,0.02934710831182131,10.562101068145996,15.761399400051028,6.455262126593748,15.340563282870297
147,4.901731448763251,0,539.4399460188934,227.57139001349523,594.1420054200541,227.20243902439023,372.38103810381034,255.90069006900686,299.9396697000337,260.51836872261543,22.11431677190057,17.8371232719487,0.03103479694537261,10.761428447311825,15.728520906432847,6.629473710761654,15.34489162920915
148,4.935076560659599,0,539.1559988916597,227.55417013022995,594.0065789473684,227.16940789473685,375.7812698412698,254.51301587301583,304.64078014184395,258.36489361702127,22.101907362311387,17.838492940071255,0.03133583181058292,10.951935412624143,15.821092115597988,6.885150775411731,15.486580558947582
149,4.968421672555948,0,539.379207383279,227.5,594.046677649643,227.09143327841846,379.396102034967,261.6987675551734,309.79073383084574,263.50932835820896,22.109863537553693,17.843049937800796,0.0318486062054067,11.187623425730669,15.370111446552528,7.2096990068102045,15.169062773881564
150,5.001766784452297,0,539.4221858817116,227.51049332243116,594.3141025641025,227.23557692307693,384.6287046287046,266.008991008991,315.17163608562686,265.8165137614679,22.118908491790997,17.838144720543603,0.029108480181556064,11.503986241161803,15.104940844913408,7.529883067117384,15.030955338550983
151,5.035111896348646,0,539.4399460188934,227.4286099865047,594.3885350318471,227.21974522292993,390.30713383838383,259.8791035353535,321.4752891692955,260.4570627409744,22.121720821370907,17.841438275482336,0.02777100939910064,11.808762335581372,15.498954455056651,7.860229432449591,15.375746278359612
152,5.0684570082449945,0,539.5607425607425,227.42779142779142,594.3030548796971,227.17707488510408,396.4388539482879,256.5055904961565,327.93763440860215,255.70967741935485,22.122815994096047,17.842903634158066,0.02863670665084548,12.150891253961847,15.720784053293796,8.204952324132355,15.684032123115049
153,5.101802120141342,0,539.5344827586207,227.45977011494253,594.3685768092547,226.9351627656712,403.0592060232717,258.09548254620125,334.4753886010363,256.20898100172707,22.124312027816107,17.849892695235337,0.03417655071701708,12.538003443975457,15.628216918341874,8.582835815325797,15.660696536293237
154,5.135147232037691,0,539.5252939567952,227.45009570686352,594.3630711002974,227.09110570424437,408.7242276422764,257.4377235772357,340.4907077896401,255.50691973111898,22.12366236808438,17.84503337606705,0.030820913398225225,12.863051061485573,15.67720949214373,8.924801890933532,15.712865113533722
155,5.16849234393404,0,539.4783925130745,227.4676575832645,594.3630711002974,227.09110570424437,414.63072865150014,255.5341246290801,346.70772946859904,253.4367954911433,22.122261296003657,17.844420603125762,0.031169323630734446,13.199023132041685,15.805871953690637,9.272274394796135,15.852302227350574
156,5.201837455830389,0,539.4419568822553,227.41708126036485,594.3630711002974,227.09110570424437,419.7438759689922,258.8520930232558,351.8877026492685,255.31514432582048,22.12120681952579,17.846065503012678,0.030143667721542967,13.5034029133992,15.601391800451738,9.57913976913831,15.739563813408315
157,5.235182567726738,0,539.4419568822553,227.41708126036485,594.3630711002974,227.09110570424437,424.09142653859834,262.0935610103166,356.24532058940656,257.78454798884906,22.12120681952579,17.846065503012678,0.030143667721542967,13.76252113425493,15.401398763443977,9.840910839029304,15.588496383228355
158,5.268527679623086,0,539.4419568822553,227.41708126036485,594.3630711002974,227.09110570424437,427.7936026936027,261.5387205387205,359.6990689013035,257.1489757914339,22.12120681952579,17.846065503012678,0.030143667721542967,13.974837751634132,15.441202459472688,10.03666607017874,15.633156913893462
159,5.301872791519434,0,539.4419568822553,227.41708126036485,594.3630711002974,227.09110570424437,431.3751621271076,261.6877431906615,363.5612244897959,256.5120937263794,22.12120681952579,17.846065503012678,0.030143667721542967,14.18194805279479,15.436284358529228,10.256106744666178,15.678463287574019
160,5.335217903415783,0,539.4419568822553,227.41708126036485,594.3630711002974,227.09110570424437,433.9692891649413,261.62974465148375,367.4507575757575,256.54469696969693,22.12120681952579,17.846065503012678,0.030143667721542967,14.331621981388368,15.44323469990506,10.480118169055,15.681345519922079
161,5.368563015312132,0,539.4419568822553,227.41708126036485,594.3630711002974,227.09110570424437,437.2867063492063,261.9927248677248,369.68469462840324,256.66482707873433,22.12120681952579,17.846065503012678,0.030143667721542967,14.523987905397455,15.424426574251754,10.609222836373284,15.67656525371137
162,5.401908127208481,0,539.4419568822553,227.41708126036485,594.3630711002974,227.09110570424437,440.60139616055847,262.49877835951133,373.4776286353468,256.8090976882923,22.12120681952579,17.846065503012678,0.030143667721542967,14.716459474241892,15.396555485579906,10.828210414921179,15.672236866831645
163,5.43525323910483,0,539.4419568822553,227.41708126036485,594.4024751143395,227.02394404089316,443.4205128205128,261.6298076923077,375.7342291899962,255.54012691302722,22.122476007850857,17.84831909130627,0.031496867434480345,14.877691537308275,15.455172894326491,10.953232778859055,15.75571324375414
164,5.4685983510011775,0,539.4419568822553,227.41708126036485,594.4024751143395,227.02394404089316,446.4013180714533,260.508498092265,379.4695945945946,255.04767267267266,22.122476007850857,17.84831909130627,0.031496867434480345,15.048011276888221,15.530078370261945,11.166704264675698,15.791801120505752
165,5.501943462897526,1,539.4419568822553,227.41708126036485,594.4024751143395,227.02394404089316,448.74958039610607,259.7636790869419,381.37320944638014,253.72667440960123,22.122476007850857,17.84831909130627,0.031496867434480345,15.182596665341416,15.580360724774973,11.271560645031308,15.878326980786266
166,5.535288574793875,1,539.4419568822553,227.41708126036485,594.3742215001354,226.93961548876248,450.6179114799446,257.97060857538037,383.48454746136866,252.6791758646063,22.121751087272635,17.851094287934988,0.03320660551779611,15.287776718661874,15.696776024328244,11.38958622733152,15.947808469118199
167,5.568633686690224,1,539.4419568822553,227.41708126036485,594.4089290605314,226.94604218022457,452.8070175438596,257.17240215924426,385.4724770642202,251.37117737003058,22.122777420027283,17.85090567333278,0.03307061224265573,15.413368516503374,15.75041364347502,11.499683290953229,16.033854830121737
168,5.601978798586573,1,539.4419568822553,227.41708126036485,594.4089290605314,226.94604218022457,454.67406624383364,256.30937279774486,387.6554783950617,251.18209876543207,22.122777420027283,17.85090567333278,0.03307061224265573,15.52030382036554,15.807827219900318,11.625227070468153,16.048757000932063
169,5.635323910482921,1,539.4419568822553,227.41708126036485,594.4089290605314,226.94604218022457,457.57389635316696,256.8595649392194,390.0861172976986,251.19599109131403,22.122777420027283,17.85090567333278,0.03307061224265573,15.689369291146477,15.776461580170261,11.765853544111776,16.05101491686326
170,5.6686690223792695,1,539.4419568822553,227.41708126036485,594.4089290605314,226.94604218022457,459.56970849176173,256.6875792141952,393.40513392857144,250.95386904761904,22.122777420027283,17.85090567333278,0.03307061224265573,15.804930103502269,15.789988312479998,11.957037386371494,16.070786919404796
171,5.702014134275618,1,539.4419568822553,227.41708126036485,594.3669699476151,226.85966363385717,462.0311020960108,255.42934415145368,395.41944125526214,249.52927669345578,22.121646499465143,17.853739413737994,0.034824955140003576,15.946122764280055,15.873454665164688,12.068855515548643,16.16454154149147
172,5.735359246171967,1,539.4419568822553,227.41708126036485,594.4089290605314,226.94604218022457,465.45003223726627,254.96647324306898,398.21972386587765,248.9877712031558,22.122777420027283,17.85090567333278,0.03307061224265573,16.14416855510985,15.90743289266339,12.229301751066695,16.20287032524478
173,5.768704358068316,1,539.4419568822553,227.41708126036485,594.3669699476151,226.85966363385717,468.1613832853026,254.81268011527376,401.5388699279484,249.06446719757298,22.121646499465143,17.853739413737994,0.034824955140003576,16.301580068425825,15.920761273470545,12.4219140981446,16.20228063497998
174,5.802049469964665,1,539.4419568822553,227.41708126036485,594.3669699476151,226.85966363385717,471.18570947084595,254.0077519379845,404.9123788217747,248.69351230425056,22.121646499465143,17.853739413737994,0.034824955140003576,16.476572587440884,15.976153909140514,12.616351780428037,16.230456573551216
175,5.835394581861013,1,539.4419568822553,227.41708126036485,594.3669699476151,226.85966363385717,474.1131071190951,253.69560878243513,407.60884353741494,248.25547996976567,22.121646499465143,17.853739413737994,0.034824955140003576,16.646589169302956,15.999923303816015,12.771441408883698,16.26207052002306
176,5.8687396937573615,1,539.5824298026132,227.21517931609674,595.0097481722177,226.42621175196314,477.32274623034965,253.53416746871991,411.23555027711797,247.82343626286618,22.145707724764605,17.875331155132788,0.03937378387563013,16.833267774510073,16.014419719252874,12.98065534313353,16.294539158954446
177,5.90208480565371,1,542.7324522760646,227.46372980910425,597.8604324627913,226.19769727604603,479.5361057382334,253.40361057382333,413.2863349131121,247.8147709320695,22.324471136718103,17.87891158720398,0.04904268480351075,16.96203475759251,16.025651994084704,13.099691872490936,16.29777918455381
178,5.935429917550059,1,545.8874962697702,227.25753506415995,600.4425520410922,225.99324141659906,482.8143333333333,253.65733333333333,416.0251650165016,247.66996699669966,22.495658786299302,17.896535621094113,0.04928317693530195,17.153142611869733,16.013648450064803,13.258337936805958,16.31066320178903
179,5.968775029446408,1,548.4158355998791,227.1994560290118,603.9826446280991,225.76143250688705,485.65225744476464,252.9221902017291,419.4078341013825,247.56221198156683,22.676872155764702,17.910417978278822,0.05228015079495666,17.31800366569264,16.064444925410857,13.4545508026635,16.32201583931448
180,6.002120141342756,1,551.875939849624,226.6500626566416,606.5829281469476,225.30551053484604,487.9289670902574,251.96741609644835,421.47516116799386,247.3174061433447,22.85847711221441,17.94798821581269,0.050867537075072945,17.450185992355653,16.128658705730093,13.57404825126931,16.34045578611955
181,6.035465253239105,1,554.868202764977,226.70384024577572,610.0666666666666,225.27455782312924,491.34138486312395,251.80450885668276,425.4512937595129,247.1175799086758,23.051569998516158,17.951799387866465,0.05231740090443623,17.64915890045849,16.14356468493361,13.804689261545612,16.358517482754568
182,6.0688103651354535,1,558.4356024288909,226.57782038990092,612.8888888888888,224.97403685092127,493.93662864385294,251.7265525982256,427.59863169897375,246.96427213987076,23.242641562936583,17.97045834545152,0.056259736234635004,17.800563057715273,16.151955228947457,13.929194375172115,16.371195084312497
183,6.102155477031802,1,561.2327272727273,226.6590909090909,616.1669458403126,225.0427135678392,497.50939191340336,251.29863100923268,431.57586206896553,246.38314176245208,23.42370892643528,17.969768910232204,0.05621711737333891,18.0089914340666,16.1841113781346,14.159242767423466,16.413812681663885
184,6.135500588928151,1,564.5288124801018,226.46641197070994,619.9118387909319,224.80296669465434,500.9094239094239,251.2997002997003,435.2578466428287,245.8673023440604,23.63443902123896,17.989087973187125,0.05689992193995626,18.207550984883316,16.18848453188233,14.37245796921323,16.45187619761589
185,6.1688457008245,1,568.6016414141413,226.25883838383837,623.4197427293064,224.30732662192392,504.31843760344253,251.1317444554783,437.8851153039832,245.70020964360586,23.86180389408816,18.01780727103786,0.0630564248170784,18.406687553963746,16.203738607132536,14.525125649776932,16.46610516634054
186,6.202190812720848,1,572.6033083645442,226.11204744069911,627.4055010893245,224.13916122004355,507.7291056910569,251.00747967479674,441.65506202480987,245.95598239295717,24.10083436031884,18.033914833500354,0.06349889809890463,18.606013307289345,16.216191710715904,14.745270438627587,16.45459751694162
187,6.235535924617197,1,576.6489296636084,225.84831804281345,631.3678911564625,223.82176870748296,511.6315453384418,250.95498084291188,445.5285602503912,245.96596244131456,24.341028456095508,18.05889443732864,0.06465044134299648,18.83416869342055,16.22467642861323,14.971013187503587,16.459062950195623
188,6.2688810365135454,1,580.4396525905959,225.42078466606768,635.2583937684662,223.58071447757183,515.3427419354839,250.14348118279568,449.4111374407583,245.82464454976304,24.57166371170632,18.08654813312961,0.06084027411652337,19.051451162569037,16.28178076877883,15.19710036712553,16.47329455427967
189,6.302226148409894,1,584.4277978339351,225.41576413959083,639.0881226053639,223.24220032840722,519.3098827470686,250.17386934673368,453.33134447096256,245.9717581543357,24.806208624078003,18.103546399020786,0.06767144447749299,19.28362927476498,16.285030447688396,15.425955364951527,16.468985074758358
190,6.335571260306243,1,588.1083178150217,225.4245810055866,642.7347850362925,222.99748743718592,522.9916405433647,250.4587251828631,457.47759433962267,246.3561320754717,25.025981015342225,18.116617725156335,0.07280072177725076,19.499036519190867,16.271512890619807,15.668391796585041,16.44967784410157
191,6.368916372202591,1,591.9336363636363,225.2709090909091,646.411731044349,222.6074391988555,526.7512588116817,251.10943269553542,461.42374854481955,247.1125339542103,25.25163176119565,18.140067731818164,0.07770636023817305,19.718774609657885,16.23453760871567,15.899649088184946,16.40613632703177
192,6.40226148409894,1,595.2069271758437,225.28685612788632,650.4564489112228,222.2892238972641,530.422200198216,251.0056161215725,464.8791208791209,247.35612535612535,25.471588265259996,18.1553731226159,0.08358632585092576,19.933813764753598,16.24603421604784,16.101539478906382,16.394993725908062
193,6.435606595995289,1,599.2588620792374,225.20673220137024,654.2235004108463,221.9816488633251,534.0095709570957,251.31683168316832,468.4536464771323,247.389369592089,25.706681616681454,18.173875020369422,0.08842088680695465,20.14369110261082,16.230694130492424,16.310153877480797,16.397558012273564
194,6.468951707891637,1,603.1139705882352,225.52757352941177,657.9059205190592,221.96242227629085,537.4728522336769,252.1168384879725,472.36341756919376,248.63858804653026,25.932161337973824,18.16922379328158,0.09536827953272992,20.345822929804683,16.183727883859667,16.53963645842071,16.322257845188624
195,6.502296819787986,1,606.9881950916433,226.04193849021436,661.4922542735042,221.81089743589743,541.4138376980278,253.3731005496282,475.85303388494873,249.25925925925924,26.155379961474384,18.16251800130069,0.10899387270385245,20.575329044317463,16.108073402389895,16.743822491046735,16.28689985853739
196,6.535641931684334,1,610.8055302339714,225.99149194773625,665.2631720430107,221.81451612903226,544.6609829488466,253.60715479772648,479.46427191966006,249.5287755890305,26.383028734487084,18.169471396898693,0.10796310151384024,20.765214115600457,16.097261541577627,16.95475358117983,16.274296178639855
197,6.568987043580683,1,614.4419306184011,225.93423831070888,669.2214209401709,221.7323717948718,548.3734536944165,253.79538615847542,483.31181533646316,249.72926447574332,26.611228294029086,18.179530703591322,0.10794645455891383,20.98242370055865,16.090000996881738,17.179436924556285,16.266441425636998
198,6.602332155477032,1,618.3804314797933,226.13369796414463,673.1804653679653,221.7694805194805,552.1931081542135,254.00682360968952,487.20697954271964,249.93622141997594,26.84780741777284,18.177286574104627,0.11108568979515507,21.20590929278129,16.081387470478614,17.406933584925014,16.258231968948685
199,6.635677267373381,1,622.0336391437309,226.2302752293578,676.7641483888438,221.89168697535877,555.5052560189895,253.93760596812479,490.72005044136193,250.17023959646912,27.064552037990616,18.175140001235103,0.11065061806598893,21.40010615086927,16.090154030921408,17.612161058773907,16.24778049262734
200,6.669022379269729,1,625.4844890510949,226.3007907542579,680.4081852450188,221.8928379106085,558.7332643202208,254.1142167011732,493.9031587697423,249.59351620947632,27.27749347660552,18.17781293601535,0.11168507110840972,21.58904309572798,16.08300649099767,17.797839597302954,16.289061355938518
201,6.702367491166078,1,629.0108303249098,225.90072202166064,683.4922542735042,221.81089743589743,562.074,253.57933333333332,497.35691823899367,249.6018081761006,27.477024560842356,18.1985629122668,0.1060683692746414,21.785833764460573,16.12176762199258,17.999654212656296,16.293058967678427
202,6.735712603062426,1,631.903052064632,225.6463195691203,686.9217603911981,221.4754142895952,565.1021290751829,253.65236194278108,500.3095238095238,249.38875205254516,27.66853734153178,18.222776422492096,0.10687573675233561,21.963342582983316,16.121022355656667,18.172195821867295,16.31065446874563
203,6.769057714958775,1,634.9760407307576,225.45522611560347,689.9776881720429,221.21290322580646,568.0636030636031,252.97069597069597,503.3251270027354,249.3282532239156,27.853962353597325,18.242310188325906,0.10830587786682201,22.138413086916945,16.168776809056453,18.348516773049326,16.318512667170744
204,6.802402826855124,1,637.7390909090909,224.97454545454545,693.0625873148924,221.03380832634812,570.5541752933057,252.0631469979296,506.14560770156436,248.23305254713196,28.031424527836478,18.268498115987285,0.10192604329365196,22.286441848205,16.230522505573802,18.513494413244764,16.392823853186165
205,6.835747938751473,1,640.7367941712204,224.81026108075287,695.6619365609349,220.7771285475793,573.332674571805,251.61561264822134,508.861658456486,247.60714285714286,28.20092567322032,18.2865830926971,0.10430951612536907,22.4506171429463,16.263034311443317,18.67254051057821,16.436797541613657
206,6.869093050647821,1,643.4222222222222,224.52777777777777,698.3748247827306,220.4793944491169,576.169762137504,251.2398175301401,511.2018779342723,247.66784037558685,28.364955301475902,18.309853718520024,0.10457870333720921,22.618200099631604,16.29101550022993,18.809592821291144,16.435969639000753
207,6.902438162544169,1,645.9545733578882,224.41712707182322,700.9997256515775,220.34622770919063,578.5932872655479,251.3188548864758,513.9588377723971,247.34826472962064,28.520924064120486,18.321709573062936,0.10488114787773964,22.76054559894763,16.28910183848615,18.971174833466822,16.46024977143804
208,6.935783274440518,1,648.5785300396461,224.28453796889295,703.3251567184518,220.18697192695555,580.848786972416,251.2858092389498,516.4359933499584,247.35536159600997,28.670777602265794,18.33502628784813,0.10584102952191227,22.8932848895635,16.29420298231913,19.116341332191308,16.46306684872665
209,6.969128386336867,1,651.0443634153752,224.19143117593435,705.7598937583001,219.81567065073037,582.9582079572049,251.29087261785355,518.4939809049398,247.27604815276047,28.81983529261476,18.3541239538053,0.11138443901940928,23.0173702312193,16.296652239125798,19.237000491499312,16.470913092553843
210,7.002473498233216,1,653.4615384615385,224.008547008547,708.2570346320346,219.74512987012986,585.4291417165668,251.07518296739852,520.7896480331262,246.64844720496893,28.968623075998934,18.366124930468956,0.10903876307733586,23.163292506125366,16.31383567280028,19.371881352057567,16.514520132079337
211,7.0358186101295646,1,655.6542649727768,223.55989110707804,710.7710843373494,219.8390896921017,587.5023286759813,249.71556886227546,523.1444577831132,245.81232492997196,29.111324366597074,18.38132225402488,0.09789527214711648,23.28873879042327,16.40446329452518,19.510460634347112,16.571739144739112
212,7.0691637220259125,1,657.9131476489966,223.44144953578913,713.068698209035,219.91873830526595,589.7009314703924,249.50499001996008,525.5387008945935,245.47646830027224,29.248766577957785,18.385874611028186,0.09393596657001464,23.418810843455237,16.420997298113942,19.65120195740597,16.59666705303671
213,7.102508833922261,1,660.060950714494,223.31029454651502,715.357858649789,219.65664556962025,591.8859126984127,249.45535714285714,527.9024096385542,245.16425702811242,29.38382622663344,18.402260097706954,0.0963325991465113,23.547707318439578,16.42710164511685,19.79021321069669,16.620036391054434
214,7.13585394581861,1,662.4189387276458,223.03576663734975,717.6268696581196,219.55128205128204,593.9846205282514,249.1715145436309,530.0427046263345,244.65559509687623,29.52447682042556,18.418305112799402,0.09312703450899407,23.672186119714368,16.44825746864117,19.916318766662926,16.65585547442287
215,7.169199057714959,1,664.5942671394798,222.75768321513002,719.7645966029723,219.27707006369425,596.053902116402,248.66898148148147,531.7544075440754,243.55555555555554,29.65630314506515,18.4399325725905,0.09310959157607304,23.79559845805984,16.483553126642427,20.017792851881797,16.729504220677878
216,7.202544169611308,1,666.3888383378828,222.49560206248103,721.6881634819532,219.02866242038218,597.4324958123952,247.74036850921271,533.5885601577909,243.45404339250493,29.770113927475293,18.459738418083518,0.09269330685368918,23.879546375626195,16.545586966192978,20.125748442162433,16.738548687595575
217,7.2358892815076565,1,667.7553093259464,222.45429362880887,723.3061951754386,219.04440789473685,599.1344850948509,247.9278455284553,535.21067303863,243.5380326563122,29.860330292137387,18.46274390535691,0.09126311389769613,23.979467659723067,16.53569136447759,20.22109014869809,16.735266520807937
218,7.2692343934040045,1,669.1920451172455,222.21608785989906,724.5286588759042,218.8252643294379,600.3003663003662,247.55311355311355,536.5039632874426,243.3249895702962,29.94202512573999,18.480009874931582,0.0911596443560255,24.049380618483546,16.561552688393316,20.297374253666188,16.750832148086673
219,7.302579505300353,1,670.4619469026549,221.99115044247787,725.592776399228,218.61483319547835,601.2107202680066,247.67102177554438,537.6570281124498,243.16305220883532,30.013858487141295,18.496309704908654,0.0911347044825694,24.10278480238482,16.555114357143047,20.365381468930757,16.762895161510098
220,7.335924617196702,1,671.4180841539838,221.82423157266487,726.3045337895637,218.48331907613345,602.3340101522842,247.34890016920474,538.5517819706498,243.2125786163522,30.065145063841207,18.50753173275035,0.09073863129162633,24.170071909584358,16.57751469075029,20.417989143187125,16.7608767701009
221,7.369269729093051,1,672.4433770014556,221.6494905385735,727.4057848918843,218.52457174950857,603.2051799529095,247.56945845946854,539.3968253968254,243.29761904761904,30.129744994730864,18.5135290369916,0.08637607650007804,24.220860910258935,16.56436056574007,20.46763568618484,16.7564847542912
222,7.4026148409894,1,673.4259424161471,221.62807954882751,728.578111946533,218.39069896964634,604.404546974256,247.2380474757606,540.2503067484663,243.05480572597136,30.195441732743063,18.52031687297771,0.08838181502976059,24.292705938931164,16.587470635739624,20.518127106741876,16.773403627510614
223,7.435959952885748,1,674.1610291991905,221.45417750795028,729.6302083333333,218.23876096491227,605.1246666666666,247.461,541.0772014475272,243.41576196220345,30.250521505607807,18.532556601406643,0.08759595900076328,24.33456308859085,16.573957071077274,20.566411736196688,16.75106149461316
224,7.469305064782096,1,675.1974653698791,221.4353079870321,730.6314076484947,218.15269867100622,606.0705256154357,246.99800399201598,542.1837398373983,243.03780487804877,30.312494949367874,18.537564651355545,0.08895281683902388,24.391873264832054,16.605279764176505,20.631970109841326,16.7771007044584
225,7.502650176678445,1,675.5806262803628,221.16447175885278,731.1703949185307,218.17950842308753,606.761105626851,247.2800263244488,542.5408805031446,243.12285115303982,30.341035279675715,18.546401766959818,0.08295599558894931,24.431800588157916,16.58788712779904,20.652901251217994,16.772052948606564
226,7.535995288574794,1,676.1193732193732,221.22877492877493,731.4756064322703,218.1379122376669,607.0108071597433,247.31982438365415,543.1642394822006,243.23826860841422,30.36651277716735,18.546259898014704,0.08528203382794404,24.446429835853912,16.585636051017055,20.68947004159122,16.76538890862706
227,7.569340400471143,1,676.1294553749643,221.2286854861705,731.4540466392318,218.22441700960215,607.0216362407031,247.33198106828937,543.1642394822006,243.23826860841422,30.36584803908543,18.54333758438571,0.08360989580394527,24.447031631678882,16.58486119568533,20.68947004159122,16.76538890862706
228,7.602685512367491,1,676.1193732193732,221.22877492877493,731.4540466392318,218.22441700960215,606.9986504723346,247.31511470985154,543.1642394822006,243.23826860841422,30.36554388754317,18.54332733632625,0.08360090321384385,24.44572629215288,16.585925628882766,20.68947004159122,16.76538890862706
229,7.63603062426384,1,676.1193732193732,221.22877492877493,731.4540466392318,218.22441700960215,607.0216362407031,247.33198106828937,543.1719383617194,243.2619626926196,30.36554388754317,18.54332733632625,0.08360090321384385,24.447031631678882,16.58486119568533,20.6898959603742,16.763859706407533
230,7.669375736160188,1,676.1193732193732,221.22877492877493,731.4540466392318,218.22441700960215,606.9871924502864,247.30401078530502,543.1821138211382,243.28577235772354,30.36554388754317,18.54332733632625,0.08360090321384385,24.445084029325404,16.58663130428498,20.69046754288992,16.762326350620377
231,7.702720848056537,1,676.1193732193732,221.22877492877493,731.4540466392318,218.22441700960215,606.9316498316498,247.27609427609426,543.2064463484292,243.30069359445125,30.36554388754317,18.54332733632625,0.08360090321384385,24.44188956084517,16.58836983462671,20.69188286610939,16.76138949607644
232,7.736065959952886,1,676.1193732193732,221.22877492877493,731.4540466392318,218.22441700960215,606.9419703103913,247.30398110661267,543.1057304277643,243.42574656981435,30.36554388754317,18.54332733632625,0.08360090321384385,24.442412157902854,16.586572936188695,20.685809193497075,16.753130213079906
233,7.769411071849235,1,676.1193732193732,221.22877492877493,731.4540466392318,218.22441700960215,606.9419703103913,247.30398110661267,543.1205501618123,243.4494336569579,30.36554388754317,18.54332733632625,0.08360090321384385,24.442412157902854,16.586572936188695,20.686654320222274,16.75161130698868
234,7.802756183745583,1,676.1193732193732,221.22877492877493,731.4540466392318,218.22441700960215,606.9419703103913,247.30398110661267,543.1205501618123,243.4494336569579,30.36554388754317,18.54332733632625,0.08360090321384385,24.442412157902854,16.586572936188695,20.686654320222274,16.75161130698868
235,7.836101295641932,1,676.1349815288434,221.26285876669508,731.5440021662605,218.07690224749524,606.983789260385,247.17291455589327,543.0754257907543,243.49959448499592,30.369188002856188,18.54723643805405,0.0870916744361988,24.44529306736268,16.595139175134236,20.683940133200974,16.748292449171483
236,7.86944640753828,1,676.1349815288434,221.26285876669508,731.5440021662605,218.07690224749524,607.0074450084602,247.19153976311335,543.1287693561532,243.42705786471066,30.369188002856188,18.54723643805405,0.0870916744361988,24.44663259153511,16.59396127213358,20.687163980320467,16.75307589193255
237,7.902791519434629,1,676.1349815288434,221.26285876669508,731.5440021662605,218.07690224749524,607.0092317837124,246.45070886910648,543.4665911664779,242.28312570781426,30.369188002856188,18.54723643805405,0.0870916744361988,24.44905736499973,16.64208884100851,20.70838372729223,16.827887422089223
238,7.936136631330978,1,676.5990170569528,221.23474992772478,732.0288331985987,217.9916464564807,605.7005395683453,236.8603117505995,543.1022964509394,234.45789839944328,30.39827679976805,18.551740603774082,0.08819135164613087,24.401495516549392,17.266696963502493,20.69599003992532,17.33845647546423
239,7.969481743227326,1,676.6465517241379,221.2022988505747,732.0288331985987,217.9916464564807,604.3855507868383,228.17703862660943,540.7788657690738,227.3080375356997,30.399798342557816,18.55286205346844,0.08761029689890783,24.350257174088835,17.83746279686543,20.566404289211874,17.805860131654228
240,8.002826855123676,1,676.6609343651476,221.23674405273715,732.0288331985987,217.9916464564807,602.0182389937106,231.1833333333333,537.1659308314937,230.43046357615893,30.40013781532787,18.55171832705893,0.08830136443609883,24.199898854806356,17.63533908548467,20.348901882251777,17.594900703302628
241,8.036171967020024,1,676.6609343651476,221.23674405273715,732.0288331985987,217.9916464564807,595.1720328282828,235.8377525252525,528.7446623093681,233.6226579520697,30.40013781532787,18.55171832705893,0.08830136443609883,23.779189631878484,17.319387404657306,19.84789824229301,17.3735216420711
242,8.069517078916371,1,676.6609343651476,221.23674405273715,731.9774919614148,218.0597534833869,585.1497674418605,236.2074418604651,517.0498765432098,234.29086419753082,30.39833127054082,18.549383944763207,0.08701945267496254,23.18339785720635,17.281366805045167,19.156878376721004,17.313687752242263
243,8.10286219081272,1,676.6609343651476,221.23674405273715,731.8996763754045,218.0423408845739,567.8032490974729,237.81317689530687,498.7941900541605,237.28261939931065,30.396033155653132,18.549914449650622,0.08745101928273802,22.152150509680094,17.152440071820617,18.08102330247974,17.09326715380858
244,8.136207302709069,1,676.6609343651476,221.23674405273715,731.8996763754045,218.0423408845739,544.5201868535202,238.5975975975976,474.8375491849353,238.41315345699832,30.396033155653132,18.549914449650622,0.08745101928273802,20.774873569014748,17.069496429950554,16.67430560104083,16.987209667732166
245,8.169552414605418,1,676.6609343651476,221.23674405273715,731.8996763754045,218.0423408845739,518.8678808904307,228.0956923966464,452.08876190476184,230.38857142857142,30.396033155653132,18.549914449650622,0.08745101928273802,19.266712969550063,17.72330007727713,15.327757796237115,17.480154315792426
246,8.202897526501767,1,676.6503436426117,221.23167239404353,731.8996763754045,218.0423408845739,494.75027593818976,209.6451434878587,428.7513340448239,216.1334044823906,30.395727756763428,18.550076753262974,0.08733941308445055,17.83363871697021,18.916526344908334,13.922835371440287,18.38800511103364
247,8.236242638398116,1,676.6503436426117,221.23167239404353,731.8167202572347,218.0308145766345,467.5761078998073,190.6355628956785,403.0756358768407,201.1449129852744,30.393252158134693,18.55040500039498,0.08766158326908167,16.190814117057528,20.164377405463945,12.358162721198722,19.353695307926888
248,8.269587750294464,1,676.6503436426117,221.23167239404353,731.8167202572347,218.0308145766345,435.4989367357788,169.83572567783094,373.9934895833333,185.79329427083331,30.393252158134693,18.55040500039498,0.08766158326908167,14.216985822926853,21.551924611391417,10.566802162503434,20.352281216738994
249,8.302932862190813,1,676.6084972911319,221.27715996578272,731.8167202572347,218.0308145766345,403.49182599057906,147.76198392906622,346.2865606485812,169.84097287184284,30.391866508137653,18.54885092112151,0.08850745950324711,12.203896916888473,23.058022305160314,8.830011313588031,21.40869430825166
250,8.336277974087162,1,676.6084972911319,221.27715996578272,731.8167202572347,218.0308145766345,369.9780701754386,128.88967611336034,319.74788298691294,157.1751347190146,30.391866508137653,18.54885092112151,0.08850745950324711,10.069503122786884,24.360404746502173,7.1584570589312015,22.251142949397963
251,8.36962308598351,1,676.6084972911319,221.27715996578272,731.8996763754045,218.0423408845739,nan,nan,nan,nan,30.394342106766388,18.548522673989503,0.0881843581573566,nan,nan,nan,nan
252,8.40296819787986,0,676.6084972911319,221.27715996578272,731.8996763754045,218.0423408845739,nan,nan,nan,nan,30.394342106766388,18.548522673989503,0.0881843581573566,nan,nan,nan,nan
253,8.436313309776207,0,676.641487839771,221.24034334763948,731.8996763754045,218.0423408845739,nan,nan,nan,nan,30.395437119790543,18.54977987235909,0.08749960054006771,nan,nan,nan,nan
254,8.469658421672555,0,676.641487839771,221.24034334763948,731.8996763754045,218.0423408845739,nan,nan,nan,nan,30.395437119790543,18.54977987235909,0.08749960054006771,nan,nan,nan,nan
255,8.503003533568904,0,676.641487839771,221.24034334763948,731.8996763754045,218.0423408845739,nan,nan,nan,nan,30.395437119790543,18.54977987235909,0.08749960054006771,nan,nan,nan,nan
256,8.536348645465253,0,676.6084972911319,221.27715996578272,731.9736913479794,218.10577705451587,nan,nan,nan,nan,30.39635706860467,18.54643732268177,0.08685102690111933,nan,nan,nan,nan
257,8.569693757361602,0,676.6084972911319,221.27715996578272,731.9169389978213,218.05582788671023,nan,nan,nan,nan,30.394816839606325,18.548080414862557,0.08789888319855305,nan,nan,nan,nan
258,8.60303886925795,0,676.6084972911319,221.27715996578272,731.8330627705627,218.04410173160173,nan,nan,nan,nan,30.392314062447458,18.54841472781834,0.0882264896678927,nan,nan,nan,nan
259,8.6363839811543,0,676.6084972911319,221.27715996578272,731.7535403050108,218.0133442265795,nan,nan,nan,nan,30.390012729796528,18.549394053303775,0.08892578406539522,nan,nan,nan,nan
260,8.669729093050648,0,676.5059322033899,221.27429378531073,731.7535403050108,218.0133442265795,nan,nan,nan,nan,30.386928875173155,18.54941631499323,0.08875040536642535,nan,nan,nan,nan
261,8.703074204946997,0,676.5386779184247,221.32658227848103,731.8374451754386,218.02494517543857,nan,nan,nan,nan,30.390277368396337,18.547358048195,0.08948746527772404,nan,nan,nan,nan
262,8.736419316843346,0,676.417022487902,221.24622829490463,731.6861293859648,218.08744517543857,nan,nan,nan,nan,30.382009716726607,18.547744506798615,0.08671460043061192,nan,nan,nan,nan
263,8.769764428739693,0,676.417022487902,221.24622829490463,731.6861293859648,218.08744517543857,nan,nan,nan,nan,30.382009716726607,18.547744506798615,0.08671460043061192,nan,nan,nan,nan
264,8.803109540636042,0,676.4417808219179,221.2791095890411,731.7535403050108,218.0133442265795,nan,nan,nan,nan,30.38498199893995,18.549208839526045,0.08877058263823341,nan,nan,nan,nan
265,8.83645465253239,0,676.4615607774876,221.50797795184218,731.5956688596491,218.22724780701753,nan,nan,nan,nan,30.379384165917543,18.534228210251122,0.0892539194513947,nan,nan,nan,nan
266,8.86979976442874,0,676.4875839906514,221.59567630733275,731.5956688596491,218.22724780701753,nan,nan,nan,nan,30.37992926470916,18.531309689073005,0.09100872464539157,nan,nan,nan,nan
267,8.903144876325088,0,676.5199417758369,221.7050946142649,731.5956688596491,218.22724780701753,nan,nan,nan,nan,30.380605966118566,18.52766864211079,0.0931985844791075,nan,nan,nan,nan
268,8.936489988221437,0,676.552944589498,221.66173484189147,731.5956688596491,218.22724780701753,nan,nan,nan,nan,30.381718866532097,18.52914437213666,0.09238691285291524,nan,nan,nan,nan
269,8.969835100117786,0,676.5432956849116,221.64089197799015,731.5956688596491,218.22724780701753,nan,nan,nan,nan,30.381484944185154,18.529835444672806,0.091965175247315,nan,nan,nan,nan
270,9.003180212014135,0,676.4726847794332,221.62605901256205,731.5956688596491,218.22724780701753,nan,nan,nan,nan,30.379397362062022,18.530281459694663,0.09158778626912453,nan,nan,nan,nan
271,9.036525323910483,0,676.4726847794332,221.62605901256205,731.5956688596491,218.22724780701753,nan,nan,nan,nan,30.379397362062022,18.530281459694663,0.09158778626912453,nan,nan,nan,nan
272,9.069870435806832,0,676.5329845975007,221.727404824179,731.5956688596491,218.22724780701753,nan,nan,nan,nan,30.380938166301622,18.52693091925939,0.09365322004242185,nan,nan,nan,nan
273,9.103215547703181,0,676.5329845975007,221.727404824179,731.5956688596491,218.22724780701753,nan,nan,nan,nan,30.380938166301622,18.52693091925939,0.09365322004242185,nan,nan,nan,nan
274,9.136560659599528,0,676.5329845975007,221.727404824179,731.5956688596491,218.22724780701753,nan,nan,nan,nan,30.380938166301622,18.52693091925939,0.09365322004242185,nan,nan,nan,nan
275,9.169905771495877,0,676.5400696864111,221.73867595818814,731.5956688596491,218.22724780701753,nan,nan,nan,nan,30.38112093403759,18.52655858366262,0.09388357356700106,nan,nan,nan,nan
276,9.203250883392226,0,676.6210526315789,221.76315789473685,731.5956688596491,218.22724780701753,nan,nan,nan,nan,30.3834946242224,18.525796963626856,0.09446696381630275,nan,nan,nan,nan
277,9.236595995288575,0,676.4883245767659,221.69176882661998,731.4540466392318,218.22441700960215,nan,nan,nan,nan,30.37540230915951,18.528084428077328,0.09312972766312547,nan,nan,nan,nan
278,9.269941107184923,0,676.5085880640465,221.7254730713246,731.4540466392318,218.22441700960215,nan,nan,nan,nan,30.3759210461308,18.526970338017655,0.09381868392286667,nan,nan,nan,nan
279,9.303286219081272,0,676.5085880640465,221.7254730713246,731.5230307985827,218.16244208231123,nan,nan,nan,nan,30.37823982313234,18.52911031178352,0.09495582141856998,nan,nan,nan,nan
280,9.336631330977621,0,676.4921739130435,221.67159420289855,731.4540466392318,218.22441700960215,nan,nan,nan,nan,30.375573342925293,18.528762795521793,0.09273721556339205,nan,nan,nan,nan
281,9.36997644287397,0,676.4719558267944,221.63789596047658,731.4540466392318,218.22441700960215,nan,nan,nan,nan,30.375055937371535,18.529876779048788,0.09204873479650062,nan,nan,nan,nan
282,9.403321554770319,0,676.4719558267944,221.63789596047658,731.4540466392318,218.22441700960215,nan,nan,nan,nan,30.375055937371535,18.529876779048788,0.09204873479650062,nan,nan,nan,nan
283,9.436666666666667,0,676.5014568764568,221.6451048951049,731.4540466392318,218.22441700960215,nan,nan,nan,nan,30.375925360714497,18.529656553680596,0.09222685394908388,nan,nan,nan,nan
284,9.470011778563016,0,676.502736963411,221.64275424949582,731.5233360950014,218.171223418945,nan,nan,nan,nan,30.3782664425609,18.53158028756734,0.09314803268350816,nan,nan,nan,nan
285,9.503356890459363,0,676.5320623916812,221.64991334488735,731.5233360950014,218.171223418945,nan,nan,nan,nan,30.379130705762595,18.531361605702198,0.09332533930477718,nan,nan,nan,nan
286,9.536702002355712,0,676.502736963411,221.64275424949582,731.5233360950014,218.171223418945,nan,nan,nan,nan,30.3782664425609,18.53158028756734,0.09314803268350816,nan,nan,nan,nan
287,9.570047114252061,0,676.5190972222222,221.6964699074074,731.5233360950014,218.171223418945,nan,nan,nan,nan,30.378612961261496,18.52979320105539,0.09422503158949332,nan,nan,nan,nan
288,9.60339222614841,0,676.526863084922,221.61351819757365,731.5740588073646,218.11349271777956,631.6643968871596,155.7029831387808,575.0860805860806,139.66849816849816,30.3808226209272,18.534560404297203,0.09367991379349982,26.280017689064476,22.87661556702981,22.80658961675251,23.937867366220317
289,9.636737338044759,0,676.5689004931825,221.56890049318247,731.7389392690299,218.15636163781255,nan,nan,nan,nan,30.387058777250676,18.534759491134633,0.0918055744111218,nan,nan,nan,nan
290,9.670082449941107,0,676.5939655172414,221.49166666666665,731.8811074918567,218.1273072747014,nan,nan,nan,nan,30.392445231371436,18.538447679697956,0.09072155675681905,nan,nan,nan,nan
291,9.703427561837456,0,676.7101200686106,221.31217838765008,732.055737704918,218.02650273224043,nan,nan,nan,nan,30.402103787903215,18.548070492239233,0.08911883795378592,nan,nan,nan,nan
292,9.736772673733805,0,676.7402671213413,221.2961068485365,732.3319848975189,217.97087378640776,nan,nan,nan,nan,30.411643651463496,18.550708208120305,0.08960856344351495,nan,nan,nan,nan
293,9.770117785630154,0,677.0026041666666,221.18229166666666,732.6524005486968,218.08449931412892,nan,nan,nan,nan,30.42917259359274,18.55111161270827,0.08509644330313881,nan,nan,nan,nan
294,9.803462897526503,0,677.1082100377139,221.34841891499852,732.7266285091305,218.08885254837827,nan,nan,nan,nan,30.43413815395877,18.545528990041273,0.08828565514720972,nan,nan,nan,nan
295,9.83680800942285,0,677.1707530647986,221.4246935201401,732.8038408779149,218.0614540466392,nan,nan,nan,nan,30.43825819324588,18.543999107556473,0.09029063118942691,nan,nan,nan,nan
296,9.870153121319198,0,676.9272197962154,223.9272197962154,731.8643533123028,219.36566771819136,nan,nan,nan,nan,30.390818423836308,18.415469453673957,0.1145098708209918,nan,nan,nan,nan
297,9.903498233215547,0,676.1151848457073,229.28842040941032,730.772397094431,221.88270110304006,nan,nan,nan,nan,30.309645083205318,18.150860143089513,0.16967809182095003,nan,nan,nan,nan
298,9.936843345111896,0,676.4065335753176,229.47670901391407,731.8668261562998,223.84290271132377,nan,nan,nan,nan,30.34391673788661,18.07983454112039,0.13382404460363118,nan,nan,nan,nan
299,9.970188457008245,0,676.2001748251748,229.65093240093236,731.924336973479,225.9383775351014,nan,nan,nan,nan,30.331410069110106,18.00379207928908,0.09628197336559165,nan,nan,nan,nan
300,10.003533568904594,0,673.66396882494,230.68345323741008,729.4789115646258,228.4190476190476,nan,nan,nan,nan,30.169822529611118,17.883168373131262,0.06790908277485928,nan,nan,nan,nan
301,10.036878680800942,0,671.3900206672571,229.26867434307644,726.7951096121417,228.606239460371,nan,nan,nan,nan,30.023730963756613,17.9203775389082,0.036637575445169324,nan,nan,nan,nan
302,10.070223792697291,0,669.0736502347418,229.57834507042253,723.4954301075268,230.9094086021505,nan,nan,nan,nan,29.84595906242693,17.82945931586801,-0.003636822508537199,nan,nan,nan,nan
303,10.10356890459364,0,662.63474524248,227.3182934315531,716.1407952069716,232.16013071895424,nan,nan,nan,nan,29.432944515008167,17.853300087764815,-0.07717223429530183,nan,nan,nan,nan
304,10.136914016489989,0,652.1437146892655,223.71468926553672,704.1312794893145,230.14127116291976,nan,nan,nan,nan,28.772009061836435,18.02452294552748,-0.11419253600250286,nan,nan,nan,nan
305,10.170259128386338,0,637.8758949880669,219.08154335719965,686.8875904284919,226.29465776293824,nan,nan,nan,nan,27.84632312424968,18.285079434964718,-0.14053415874752231,nan,nan,nan,nan
306,10.203604240282685,0,619.8129770992366,215.3854961832061,668.2768456375838,224.61912751677852,nan,nan,nan,nan,26.755080920037987,18.438681144260407,-0.18860957543552667,nan,nan,nan,nan
307,10.236949352179034,0,599.4021385402139,211.63272896327288,648.1168185584092,221.9240541286937,nan,nan,nan,nan,25.547744801613597,18.62568885351468,-0.2113332846755012,nan,nan,nan,nan
308,10.270294464075382,0,578.980193236715,210.1942028985507,627.7556802993852,219.85110932905638,nan,nan,nan,nan,24.32815849253177,18.713921676676506,-0.19662786481250946,nan,nan,nan,nan
309,10.303639575971731,0,559.2037037037037,211.67094017094018,607.7603983596953,220.7791446983011,nan,nan,nan,nan,23.131537032602054,18.604369057502854,-0.18489985207615178,nan,nan,nan,nan
310,10.33698468786808,0,541.3496563573883,211.4819587628866,590.2133333333334,219.9905185185185,nan,nan,nan,nan,22.07253188908575,18.611467129920726,-0.16998993254532954,nan,nan,nan,nan
311,10.370329799764429,0,525.1821386603996,210.0297688993341,575.1541514041513,217.5509768009768,476.33556050482554,173.25909428359316,393.21403508771925,155.6719298245614,21.14167957500379,18.71917337036467,-0.143942172205529,16.701025609904345,21.37848252922896,11.60525856313745,22.47851478551088
312,10.403674911660778,0,512.2959401709402,209.86360398860396,563.178496555855,215.6202455825097,nan,nan,nan,nan,20.400021389587565,18.77132315357475,-0.10245668046898755,nan,nan,nan,nan
313,10.437020023557126,0,501.47833503923573,209.95871716137836,554.1304473304473,214.84531024531023,nan,nan,nan,nan,19.806891696026785,18.77964926753678,-0.07977127923827934,nan,nan,nan,nan
314,10.470365135453475,0,493.75757575757575,211.634082763115,546.5194541231126,215.08885017421602,nan,nan,nan,nan,19.349079436294723,18.70418970356023,-0.04919543176383612,nan,nan,nan,nan
315,10.503710247349824,0,488.0637398373984,213.2832520325203,541.7185697808535,216.5360438292964,nan,nan,nan,nan,19.03560861234685,18.593016728562457,-0.04378349340167432,nan,nan,nan,nan
316,10.537055359246173,0,484.447601010101,214.25473484848484,538.4978795589483,217.0062199604184,nan,nan,nan,nan,18.831958021712985,18.53993241679664,-0.032915749903561074,nan,nan,nan,nan
317,10.57040047114252,0,482.5,214.5,536.5975540386803,217.08191126279863,nan,nan,nan,nan,18.717408571242558,18.526451306448575,-0.02936020368514183,nan,nan,nan,nan
318,10.603745583038869,0,481.59443457667254,216.45115452930727,536.0454419506789,217.3937378775284,nan,nan,nan,nan,18.67461606453869,18.449944328683216,0.004684299286909836,nan,nan,nan,nan
319,10.637090694935218,0,481.1419472247498,218.67303609341826,536.0818181818182,219.28677685950413,nan,nan,nan,nan,18.66221845804443,18.312620868071406,0.01147186394383415,nan,nan,nan,nan
320,10.670435806831566,0,480.59328579916814,221.47504456327985,535.3297071129707,220.80697350069732,nan,nan,nan,nan,18.62393700874179,18.168145794111453,0.037490718296248844,nan,nan,nan,nan
321,10.703780918727915,0,480.1279951471034,223.51016075219897,534.372026368587,222.5348237317283,nan,nan,nan,nan,18.581689717552713,18.042396645849898,0.043821931242583975,nan,nan,nan,nan
322,10.737126030624264,0,478.7080357142857,225.51369047619045,533.9983164983165,224.003367003367,nan,nan,nan,nan,18.528773512249614,17.926284885657864,0.05410891453407278,nan,nan,nan,nan
323,10.770471142520613,0,477.6678476527901,226.8134041925007,532.4209621993127,224.51202749140893,nan,nan,nan,nan,18.451534491608868,17.864762745224027,0.07040056048249932,nan,nan,nan,nan
324,10.803816254416962,0,476.3265682656827,228.99354243542436,530.8746579091406,225.81034482758622,nan,nan,nan,nan,18.366504183961265,17.748065842067877,0.08835353010766546,nan,nan,nan,nan
325,10.83716136631331,0,474.7517600244873,230.95194367921638,529.8264348785872,227.82146799116995,nan,nan,nan,nan,18.289155310105308,17.615539213169118,0.0865195567853304,nan,nan,nan,nan
326,10.87050647820966,0,474.6824099303663,231.00211928549803,529.856783919598,228.1217197096594,nan,nan,nan,nan,18.28792357254967,17.603962284191596,0.081380772481528,nan,nan,nan,nan
327,10.903851590106008,0,474.6093845216331,230.93113954905544,529.9376039933444,228.17914586799776,nan,nan,nan,nan,18.28811248102425,17.60440124425703,0.07865333313310141,nan,nan,nan,nan
328,10.937196702002355,0,474.6251934385639,231.5261528938409,529.6169444444444,227.9036111111111,nan,nan,nan,nan,18.279465102792685,17.59377592318492,0.0964666726011591,nan,nan,nan,nan
329,10.970541813898704,0,474.61510464058233,231.38277221716712,529.6169444444444,227.9036111111111,nan,nan,nan,nan,18.27909879648071,17.598467259502662,0.093583388446847,nan,nan,nan,nan
330,11.003886925795053,0,474.6225845410628,231.43840579710144,529.6169444444444,227.9036111111111,nan,nan,nan,nan,18.279345898955206,17.596649326830082,0.09470681307154691,nan,nan,nan,nan
331,11.037232037691401,0,474.58196721311475,231.47024893746203,529.3791223766693,227.75361133823927,nan,nan,nan,nan,18.27117178535648,17.60036128756974,0.09862832671605491,nan,nan,nan,nan
332,11.07057714958775,0,474.5,231.5,529.3278598795839,227.70197044334975,nan,nan,nan,nan,18.26727263546399,17.60099838343313,0.10022445846645024,nan,nan,nan,nan
333,11.103922261484099,0,474.39571865443423,231.51009174311926,529.3278598795839,227.70197044334975,nan,nan,nan,nan,18.264207609407038,17.600596048968768,0.10028188062044942,nan,nan,nan,nan
334,11.137267373380448,0,474.39571865443423,231.51009174311926,529.3261529964097,227.89781828224244,nan,nan,nan,nan,18.264084691547446,17.59413280385457,0.09634404769802231,nan,nan,nan,nan
335,11.170612485276797,0,474.39571865443423,231.51009174311926,529.2549346677787,227.94551014734498,nan,nan,nan,nan,18.261956198147622,17.592509744277777,0.09547730311760774,nan,nan,nan,nan
336,11.203957597173146,0,474.4023413431916,231.6025878003697,529.2549346677787,227.94551014734498,430.08112449799194,153.70361445783132,358.1798941798942,151.1058201058201,18.26219616853096,17.58948376433935,0.09734190813432174,13.847895108213816,22.67955203214052,9.453975090268202,22.743649631763134
337,11.237302709069494,0,474.40337941628263,231.56620583717356,529.2549346677787,227.94551014734498,nan,nan,nan,nan,18.262209024860375,17.590676457436537,0.09661335382787466,nan,nan,nan,nan
338,11.270647820965841,0,474.40337941628263,231.56620583717356,529.2549346677787,227.94551014734498,nan,nan,nan,nan,18.262209024860375,17.590676457436537,0.09661335382787466,nan,nan,nan,nan
339,11.30399293286219,0,474.38144009931716,231.80291744258224,529.1737089201878,227.92101629384146,nan,nan,nan,nan,18.259279920390718,17.583658270034558,0.10193831761000888,nan,nan,nan,nan
340,11.337338044758539,0,474.3795779019242,231.78212290502793,529.1737089201878,227.92101629384146,nan,nan,nan,nan,18.259214985164355,17.5843381310395,0.10151845655185615,nan,nan,nan,nan
341,11.370683156654888,0,474.3795779019242,231.78212290502793,529.1737089201878,227.92101629384146,nan,nan,nan,nan,18.259214985164355,17.5843381310395,0.10151845655185615,nan,nan,nan,nan
342,11.404028268551237,0,474.3373831775701,231.7429906542056,529.2549346677787,227.94551014734498,nan,nan,nan,nan,18.26035243241006,17.584839567279808,0.10006765143488211,nan,nan,nan,nan
343,11.437373380447585,0,474.3392248062015,231.68527131782946,529.2549346677787,227.94551014734498,nan,nan,nan,nan,18.260378503699123,17.58673162185169,0.09891415200234592,nan,nan,nan,nan
344,11.470718492343934,0,474.3392248062015,231.68527131782946,529.2021217197096,227.89363484087102,nan,nan,nan,nan,18.25883220867088,17.588406210750723,0.10003123786578723,nan,nan,nan,nan
345,11.504063604240283,0,474.3392248062015,231.68527131782946,529.2021217197096,227.89363484087102,nan,nan,nan,nan,18.25883220867088,17.588406210750723,0.10003123786578723,nan,nan,nan,nan
346,11.537408716136632,0,474.3392248062015,231.68527131782946,529.2021217197096,227.89363484087102,nan,nan,nan,nan,18.25883220867088,17.588406210750723,0.10003123786578723,nan,nan,nan,nan
347,11.57075382803298,0,474.3392248062015,231.68527131782946,529.2021217197096,227.89363484087102,nan,nan,nan,nan,18.25883220867088,17.588406210750723,0.10003123786578723,nan,nan,nan,nan
348,11.60409893992933,0,474.35231870525985,231.63274198568314,529.2021217197096,227.89363484087102,nan,nan,nan,nan,18.259192041035735,17.59013608047258,0.09899599020255462,nan,nan,nan,nan
349,11.637444051825677,0,474.35395189003435,231.59200249921898,529.2021217197096,227.89363484087102,nan,nan,nan,nan,18.259220264115324,17.5914719046201,0.09818106420660064,nan,nan,nan,nan
350,11.670789163722025,0,474.35395189003435,231.59200249921898,529.2021217197096,227.89363484087102,nan,nan,nan,nan,18.259220264115324,17.5914719046201,0.09818106420660064,nan,nan,nan,nan
351,11.704134275618374,0,474.30790960451975,231.65065913370998,529.1209095951192,227.869384359401,nan,nan,nan,nan,18.25549527107723,17.590262031861783,0.09989519659960064,nan,nan,nan,nan
352,11.737479387514723,0,474.2643678160919,231.66946256601426,528.9678313921241,227.89267886855242,nan,nan,nan,nan,18.249677019790944,17.588740838628244,0.09995568663496747,nan,nan,nan,nan
353,11.770824499411072,0,474.2543532338308,231.83582089552237,528.9678313921241,227.89267886855242,nan,nan,nan,nan,18.249463543168332,17.583284582896795,0.10328467715182221,nan,nan,nan,nan
354,11.80416961130742,0,474.2543532338308,231.83582089552237,528.8147531891292,227.91597337770384,nan,nan,nan,nan,18.24491798415526,17.58240933856318,0.10303654656707585,nan,nan,nan,nan
355,11.83751472320377,0,474.1902106567534,231.88197026022306,528.8147531891292,227.91597337770384,nan,nan,nan,nan,18.243052662567784,17.58085376044321,0.10387230855911275,nan,nan,nan,nan
356,11.870859835100118,0,474.14005602240894,231.93246187363835,528.8147531891292,227.91597337770384,nan,nan,nan,nan,18.24160125864977,17.579165658535672,0.10481382538484998,nan,nan,nan,nan
357,11.904204946996467,0,474.1942379182156,231.90644361833952,528.7398101619207,227.92378559463987,nan,nan,nan,nan,18.240959149215005,17.579744997779315,0.10432323745134889,nan,nan,nan,nan
358,11.937550058892816,0,474.2857581338244,231.8198281154082,528.7398101619207,227.92378559463987,nan,nan,nan,nan,18.243610498179997,17.582644756391318,0.10271004935125365,nan,nan,nan,nan
359,11.970895170789165,0,474.1942379182156,231.90644361833952,528.7398101619207,227.92378559463987,nan,nan,nan,nan,18.240959149215005,17.579744997779315,0.10432323745134889,nan,nan,nan,nan
360,12.004240282685512,0,474.1890130353818,231.93140906269397,528.6616749861341,227.93926788685525,nan,nan,nan,nan,18.238496239580527,17.578358536244483,0.10462099752788685,nan,nan,nan,nan
361,12.03758539458186,0,474.1890130353818,231.93140906269397,528.5288961928238,228.03752396603667,nan,nan,nan,nan,18.234525912243466,17.575024767135968,0.10282266103621966,nan,nan,nan,nan
362,12.07093050647821,0,474.1890130353818,231.93140906269397,528.5288961928238,228.03752396603667,nan,nan,nan,nan,18.234525912243466,17.575024767135968,0.10282266103621966,nan,nan,nan,nan
363,12.104275618374558,0,474.1890130353818,231.93140906269397,528.5288961928238,228.03752396603667,nan,nan,nan,nan,18.234525912243466,17.575024767135968,0.10282266103621966,nan,nan,nan,nan
364,12.137620730270907,0,474.1244568590937,231.9459962756052,528.5288961928238,228.03752396603667,nan,nan,nan,nan,18.232633081661312,17.574502715959987,0.10302389994747688,nan,nan,nan,nan
365,12.170965842167256,0,474.0530373111317,231.92291088498303,528.5288961928238,228.03752396603667,nan,nan,nan,nan,18.230519769315336,17.5752097411387,0.10245459378836833,nan,nan,nan,nan
366,12.204310954063605,0,473.96753246753246,231.95454545454547,528.6051833471188,228.0096498483595,nan,nan,nan,nan,18.2302896913326,17.575087646185004,0.10342157876878033,nan,nan,nan,nan
367,12.237656065959953,0,473.96753246753246,231.95454545454547,528.6051833471188,228.0096498483595,nan,nan,nan,nan,18.2302896913326,17.575087646185004,0.10342157876878033,nan,nan,nan,nan
368,12.271001177856302,0,473.96753246753246,231.95454545454547,528.5288961928238,228.03752396603667,nan,nan,nan,nan,18.228018850416177,17.57411501311698,0.10296901965078031,nan,nan,nan,nan
369,12.304346289752651,0,474.0398381574852,232.02676626206036,528.5288961928238,228.03752396603667,nan,nan,nan,nan,18.230182394317794,17.571799540777494,0.10453017997279708,nan,nan,nan,nan
370,12.337691401649,0,473.923773820681,232.0409247110278,528.5288961928238,228.03752396603667,nan,nan,nan,nan,18.22677365627866,17.571256245095825,0.10464408396864942,nan,nan,nan,nan
371,12.371036513545347,0,473.923773820681,232.0409247110278,528.5288961928238,228.03752396603667,nan,nan,nan,nan,18.22677365627866,17.571256245095825,0.10464408396864942,nan,nan,nan,nan
372,12.404381625441696,0,473.96487927249916,232.08153026026966,528.5288961928238,228.03752396603667,nan,nan,nan,nan,18.22800338307715,17.569954798118978,0.10552227223289837,nan,nan,nan,nan
373,12.437726737338044,0,473.9783348808418,231.96533580934695,528.6051833471188,228.0096498483595,nan,nan,nan,nan,18.230612932964302,17.57474168580125,0.10365434083855159,nan,nan,nan,nan
374,12.471071849234393,0,473.96753246753246,231.95454545454547,528.6038095238094,228.02911564625848,nan,nan,nan,nan,18.23024200985904,17.574444584202844,0.10303025137442084,nan,nan,nan,nan
375,12.504416961130742,0,473.96753246753246,231.95454545454547,528.6800876472199,228.00136948781153,nan,nan,nan,nan,18.232512595311704,17.5754130035629,0.10347953190925377,nan,nan,nan,nan
376,12.537762073027091,0,474.1124497991968,231.90948409020697,528.6800876472199,228.00136948781153,nan,nan,nan,nan,18.23675552106772,17.576988258532428,0.10278284956954131,nan,nan,nan,nan
377,12.57110718492344,0,474.13542628501074,231.85564789165898,528.6800876472199,228.00136948781153,nan,nan,nan,nan,18.23740535135204,17.578767284182646,0.10173103523610803,nan,nan,nan,nan
378,12.604452296819789,0,474.1727941176471,231.90992647058823,528.6800876472199,228.00136948781153,235.1731242312423,90.06642066420665,181.20006422607577,121.52280025690429,18.238531782868684,17.577015197977484,0.10287891765081875,1.450261697298826,26.986524569025903,-1.5426960677219412,24.561071161156974
379,12.637797408716137,0,474.1779816513762,231.88532110091742,528.6800876472199,228.00136948781153,251.71957213067358,121.65250072275222,193.46857923497265,147.55635245901638,18.238672408340022,17.577824627466363,0.10239019516362605,2.75934281811218,24.67704052931043,-0.5234556808631164,22.719921593943017
380,12.671142520612486,0,474.21716712162566,231.68122535638457,528.7540136054422,227.98013605442173,259.25724258289705,148.83595113438042,197.62938596491225,171.07324561403507,18.241924467762654,17.585288809336866,0.09865446814451549,3.4469571985777736,22.739134055666533,-0.03675000674681719,21.088395169024718
381,12.704487632508833,0,474.23883318140383,231.6934062594956,528.7540136054422,227.98013605442173,267.05125051250513,161.00574005740057,202.9920523609163,181.94763908368395,18.242568178454466,17.584904657603907,0.09892994908341508,4.013429505272065,21.89675923244525,0.38699534196644964,20.352857906788252
382,12.737832744405182,0,474.3520564763659,231.77900552486187,528.831279101616,227.9652150095864,275.6685541713854,167.58927897319742,208.81239092495636,187.47556719022685,18.248238052766826,17.582724492620436,0.10100955088881175,4.580152912978749,21.452430901336975,0.7826212992620072,19.98673950009994
383,12.77117785630153,0,474.3520564763659,231.77900552486187,528.831279101616,227.9652150095864,283.5357917570499,175.30187997107734,215.18890248878006,193.84414524683802,18.248238052766826,17.582724492620436,0.10100955088881175,5.106694413195519,20.931975165096937,1.2164900069805127,19.566882830513833
384,12.80452296819788,2,474.30671506352087,231.72837265577738,528.831279101616,227.9652150095864,293.2182098765432,183.13086419753085,223.26304579339723,199.96521121760736,18.246878750280683,17.58435192987225,0.09992432307500596,5.737915350615152,20.41028675425309,1.7448232298207225,19.168624715139764
385,12.837868080094228,2,474.27662141779786,231.715233785822,528.831279101616,227.9652150095864,308.220646178093,200.68741791436824,237.19337016574585,213.87047268262737,18.24598652480435,17.58476166215075,0.099617557385622,6.740620161965151,19.244665113960597,2.677106058474344,18.26614105499719
386,12.871213191990577,2,474.27662141779786,231.715233785822,528.831279101616,227.9652150095864,322.59764826175865,219.32208588957056,250.65504587155962,227.66146788990827,18.24598652480435,17.58476166215075,0.099617557385622,7.6956745544683995,18.027158946781913,3.569005032535429,17.38244026238805
387,12.904558303886926,2,474.24030303030304,231.6609090909091,528.8176870748299,227.88054421768703,333.46729880865547,238.6632628251884,260.68510515701524,242.0270815326995,18.244518665915123,17.589300158766754,0.10020528694600131,8.433808818256393,16.78147751448998,4.256184546393178,16.46901497809181
388,12.937903415783275,2,474.24030303030304,231.6609090909091,528.8176870748299,227.88054421768703,340.58705161854766,265.03193350831145,269.3577826192205,263.27523602033403,18.244518665915123,17.589300158766754,0.10020528694600131,8.97718057359356,15.111666751705377,4.9044792237208314,15.133567975939433
389,12.971248527679624,2,474.35885749012454,231.7833485262838,528.8176870748299,227.88054421768703,346.74164054336467,292.2507836990596,274.47810858143606,285.379451255108,18.248068097187584,17.5853707212082,0.10284305446402779,9.455748131563903,13.432440555510482,5.344963262300848,13.76928266648535
390,13.004593639575972,2,474.35885749012454,231.7833485262838,528.8176870748299,227.88054421768703,350.6874821785001,293.0846877673225,278.9764744864148,285.773691186216,18.248068097187584,17.5853707212082,0.10284305446402779,9.682173511981025,13.386031138707374,5.60072755798353,13.750360492927902
391,13.037938751472321,2,474.35885749012454,231.7833485262838,528.8176870748299,227.88054421768703,353.3065937405044,287.06289881494985,282.49101796407183,280.56620093147035,18.248068097187584,17.5853707212082,0.10284305446402779,9.803430641688815,13.758026869545965,5.764922889992496,14.074594606615241
392,13.071283863368668,2,474.35885749012454,231.7833485262838,528.8176870748299,227.88054421768703,357.26672721768085,283.05449591280654,286.31356509884114,276.9389911383776,18.248068097187584,17.5853707212082,0.10284305446402779,10.010345797224725,14.009581241784744,5.95758935969898,14.303155134580553
393,13.104628975265017,2,474.3697247706422,231.69724770642202,528.8707317073171,227.9311653116531,361.7296437659033,280.222010178117,290.69767441860466,275.2114164904863,18.249899923844957,17.58656559369251,0.10001896018797493,10.251730735893695,14.189997361926048,6.194810033997559,14.415419254991672
394,13.137974087161366,2,474.3985307621671,231.7122742577288,528.8707317073171,227.9311653116531,366.4646053702197,276.10930295633307,296.28040854224696,271.4370164035902,18.250755161853824,17.586093129996087,0.10036253181303136,10.504170401759499,14.45090791196619,6.487961735083351,14.656677831149407
395,13.171319199057715,2,474.2936002426448,231.62845010615712,528.8176870748299,227.88054421768703,370.93423019431987,269.0188340807175,300.5,265.5,18.2460716769091,17.590400150851995,0.0996249785937899,10.730761422504749,14.899024661764928,6.691728789675899,15.032664178374134
396,13.204664310954064,2,474.2936002426448,231.62845010615712,528.8176870748299,227.88054421768703,375.2418546365915,267.4598997493734,304.3897488820089,265.2463020295838,18.2460716769091,17.590400150851995,0.0996249785937899,10.97125520066385,15.002122437187433,6.91185542674839,15.053370959120143
397,13.238009422850412,2,474.2936002426448,231.62845010615712,528.8176870748299,227.88054421768703,379.2035286704474,267.52205419029616,308.7772988505747,265.34877873563215,18.2460716769091,17.590400150851995,0.0996249785937899,11.198473336912475,15.003119918038871,7.162573555869186,15.052372431616522
398,13.271354534746761,2,474.2936002426448,231.62845010615712,528.8176870748299,227.88054421768703,382.1773114355231,266.9978710462287,312.5096251266464,264.9709557581898,18.2460716769091,17.590400150851995,0.0996249785937899,11.366981207271188,15.039726974216077,7.373249534097923,15.080685258645406
399,13.30469964664311,2,474.2936002426448,231.62845010615712,528.890240605569,227.8472560151392,385.1767068273092,265.38337967253625,315.7790300546448,264.4798497267759,18.24823418976318,17.591548996699046,0.10019765724615966,11.53318635602835,15.144991259040586,7.5570190487253015,15.115555008556024
400,13.338044758539459,2,474.2936002426448,231.62845010615712,528.8176870748299,227.88054421768703,387.5561815336463,265.5035993740219,317.94973009446693,264.44838056680163,18.2460716769091,17.590400150851995,0.0996249785937899,11.670195683451237,15.140385322874737,7.680749145866177,15.120223397644128
401,13.371389870435808,2,474.20588235294116,231.67279411764707,528.8176870748299,227.88054421768703,389.5905830994699,263.5662613033988,320.2521117608837,262.57634827810267,18.243511280445055,17.58888716202253,0.10039661837380871,11.780289947970653,15.265008651797698,7.801911351198266,15.240739013414382
402,13.404734982332156,2,474.2773722627737,231.59306569343065,528.8176870748299,227.88054421768703,391.55435109906654,258.9870520927431,322.3662790697674,258.65439276485785,18.245576695824003,17.591548258266382,0.09888879570191286,11.877537153781404,15.557051268920201,7.901380017003414,15.490639039962508
403,13.438080094228503,2,474.2773722627737,231.59306569343065,528.8176870748299,227.88054421768703,393.5229559748428,257.4792452830189,324.3799435028248,257.40501412429376,18.245576695824003,17.591548258266382,0.09888879570191286,11.985899776002684,15.655209386694954,8.00997622964839,15.572165122594381
404,13.471425206124852,2,474.2773722627737,231.59306569343065,528.8176870748299,227.88054421768703,395.5875706214689,257.4733207784055,326.3836032388664,257.10560053981106,18.245576695824003,17.591548258266382,0.09888879570191286,12.104961218650576,15.658213731177094,8.123244050275284,15.593647116983652
405,13.504770318021201,2,474.2773722627737,231.59306569343065,528.8176870748299,227.88054421768703,397.61281337047353,257.3800680903745,328.9487983281087,256.87530477185646,18.245576695824003,17.591548258266382,0.09888879570191286,12.221490100472668,15.666714923092275,8.269143578942343,15.611475360124643
406,13.53811542991755,2,474.24992361747627,231.5377329666972,528.8176870748299,227.88054421768703,400.5651234567901,257.7,332.1155364190886,257.4291352709006,18.24474163396345,17.593342281166954,0.09773542059300976,12.392857594694735,15.650155105894425,8.453694541185115,15.580430291702902
407,13.571460541813899,2,474.24992361747627,231.5377329666972,528.8176870748299,227.88054421768703,402.8936984687868,260.70259128386334,334.3336883209087,259.53745118920835,18.24474163396345,17.593342281166954,0.09773542059300976,12.536488890277141,15.4627135957527,8.591722018967818,15.44993992794589
408,13.604805653710248,2,474.24992361747627,231.5377329666972,528.8176870748299,227.88054421768703,405.24127278344145,261.3710225517454,336.5,259.5,18.24474163396345,17.593342281166954,0.09773542059300976,12.673788911738436,15.423365617331143,8.71570159829782,15.455033576781721
409,13.638150765606596,2,474.24992361747627,231.5377329666972,528.8176870748299,227.88054421768703,407.3607176581681,261.4973245199874,338.5,259.5,18.24474163396345,17.593342281166954,0.09773542059300976,12.796285410108297,15.418045188144529,8.830360483768752,15.457552890083514
410,13.671495877502945,2,474.24992361747627,231.5377329666972,528.7912949445796,227.79697215463636,408.6722899094033,261.62511715089033,340.33724653148346,259.5823550337958,18.24398954581747,17.596081164807924,0.09946454297693473,12.872237232399597,15.411611982374977,8.93611242943099,15.45466464006324
411,13.704840989399294,2,474.24992361747627,231.5377329666972,528.8176870748299,227.88054421768703,409.8633980881899,261.6056120875732,341.1317055123936,259.41139474657786,18.24474163396345,17.593342281166954,0.09773542059300976,12.940823160439264,15.414347423503353,8.980830623393775,15.466467151381385
412,13.738186101295643,2,474.30958988590805,231.65155720012334,528.7680577849117,227.86302835741037,411.7319043181112,261.56228642435536,342.4847863247863,258.92581196581193,18.245088969270583,17.590197399668664,0.10053838215423992,13.048396195391957,15.419444763391608,9.056071163216203,15.498865619943649
413,13.77153121319199,2,474.24593682919345,231.58816314014103,528.7152833736234,227.81278538812782,413.43514113542653,259.5734221376467,344.42549435028246,257.55402542372883,18.24163813286986,17.593851404208863,0.10026240562033631,13.141082923971599,15.547607657016304,9.160816258757993,15.58811631313745
414,13.804876325088339,2,475.827239488117,231.48171846435102,530.3123854412149,227.9384655669023,415.4111422346716,259.3548085901027,347.05044091710755,256.8758377425044,18.335434373144174,17.59539314216858,0.09553206752186474,13.254536710339218,15.563981865097054,9.30834534715973,15.634407215146418
415,13.838221436984687,2,478.3320659062104,231.38783269961976,532.7709346299297,227.4189627228525,417.440651906519,259.0691881918819,349.10900140646976,256.82489451476795,18.482257491214078,17.619053529959032,0.10422154379728854,13.370948090390725,15.584683518920931,9.426391407041127,15.64025015398844
416,13.871566548881036,2,480.88376383763836,231.17250922509226,535.5843170320404,226.71444631815626,419.6783570300158,258.555766192733,352.03797897592403,256.80332316039335,18.64111000133223,17.65310519346595,0.11369798651931104,13.498852320340792,15.620126555049305,9.594632237699326,15.645338293422013
417,13.904911660777385,2,484.1193933526944,230.94030332365278,538.6908890723919,226.233691164327,423.4396551724138,257.6484674329502,355.417803030303,255.44772727272726,18.828822019278324,17.68101657775188,0.11891866039951557,13.71394356188171,15.682576958808019,9.782838252302307,15.735648454892662
418,13.938256772673734,2,487.9125736738703,230.58840864440077,542.473898858075,226.14464382816746,427.42943228671106,257.5705677132889,359.18431809736154,255.34819769602376,19.052934521503087,17.70077563226852,0.11363954335108198,13.944484849933161,15.692621851468862,9.999158860738014,15.74677508890111
419,13.971601884570083,2,492.1617259552042,230.47332015810278,546.6951154052603,225.77214170692432,431.4353677621283,257.42222222222216,363.44570994684887,255.46810933940773,19.30388257583303,17.722773948614172,0.11885291418188645,14.175903185242529,15.707173979268944,10.245006981780268,15.744597433200168
420,14.004946996466431,2,497.1185468451243,229.59114085404715,551.8160085952189,225.3596561912436,435.4904214559387,255.6899744572158,368.29575163398687,254.50196078431372,19.602559222205922,17.772440205302658,0.10916966265451497,14.406927955784605,15.822699691291994,10.520342199874621,15.81220883195863
421,14.03829210836278,2,502.3598848368522,229.10268714011517,557.0570469798657,224.40324384787468,441.27245053272446,255.14946727549463,373.35005452562706,253.1723009814613,19.914019310510447,17.827527023505954,0.11858337856848883,14.740965619477603,15.864606417931556,10.80640623300776,15.90333351677607
422,14.071637220259129,2,508.2600660066006,228.5224422442244,562.7875816993464,223.8986928104575,446.7612655800575,253.61521252796416,379.56578483245147,252.28818342151672,20.259532521896638,17.871509822498112,0.11736016510829379,15.056573219481049,15.969682504537573,11.161777101522617,15.967696515269505
423,14.104982332155478,2,514.5199731453507,227.88956025511914,569.116806722689,223.14173669467783,452.5721393034826,253.04757462686567,385.4550438596491,251.08406432748538,20.63418425511498,17.926337664060526,0.11974524481642708,15.39311864971014,16.013507699885295,11.497633268241364,16.052172884030952
424,14.138327444051825,2,520.8854166666666,226.76512096774192,575.7329368450863,222.5964316057774,458.6773283160866,251.19567262464722,391.80326651818854,249.5463994060876,21.02089849682681,17.990698481401946,0.10777133452890855,15.745316563214535,16.14007814614654,11.859503798564443,16.15874272425319
425,14.171672555948174,2,527.9657603222558,226.63007720711647,582.4530690889072,222.0847784200385,465.4541745134965,249.45951035781545,398.5547570157426,248.36379192334016,21.43211213164625,18.021913944880236,0.11587205173477087,16.137673015390302,16.26040099149404,12.246690992831539,16.243300728188604
426,14.205017667844523,2,534.8886625933469,225.48404616429053,589.3529411764706,221.77124183006535,471.60732814526585,248.22114137483786,405.34947447447445,247.34797297297297,21.844623321431854,18.080010151768292,0.09917585577162387,16.495092082710478,16.34813589533721,12.637603389783118,16.31736000123753
427,14.238362779740871,2,542.0478597910346,224.81462756993596,596.3169734151329,220.67280163599182,478.5629348513599,247.39089184060722,412.2590038314176,245.416091954023,22.267511811985734,18.148803504869665,0.10814924341384145,16.900388461267244,16.410776515936373,13.033230598148457,16.450623783007707
428,14.27170789163722,2,549.0594501718213,224.50103092783505,603.8819444444443,220.3486111111111,485.38742138364773,245.49213836477986,419.44043715846993,245.04663023679416,22.70323615715205,18.180370283829376,0.10749530309718233,17.297954119224123,16.542340468575674,13.449840292799042,16.483878463422187
429,14.305053003533569,2,555.9737827715355,224.17841334695265,610.4751118568232,220.07242729306486,492.05749354005167,245.44282945736435,426.16866593965824,244.17520901490366,23.107288090989186,18.20989770048583,0.10703174167342425,17.688280072348046,16.55437102023165,13.839270200748638,16.548933132990214
430,14.338398115429918,2,562.3851485148515,223.45874587458744,617.0487012987013,219.75811688311688,498.33686236766124,245.48732755854988,432.44380292532713,243.46920708237104,23.496565514398966,18.25354094055401,0.09867172110611039,18.055993040845408,16.559824678553912,14.203243224062067,16.602803605214287
431,14.371743227326267,2,568.498864005193,223.0324569944823,623.0943708609271,219.34933774834437,503.9490920881971,245.295719844358,438.2701217118178,243.40047114252062,23.861439719532463,18.29005521419613,0.09841333361386809,18.38478555448118,16.579668533719286,14.542816251488373,16.61497292184054
432,14.405088339222615,2,573.8123577235772,223.1310569105691,628.593653468127,219.11232799775343,509.4524944391484,245.48871941531615,443.7269914926527,243.3952049497293,24.185474014560473,18.302437845577913,0.1048383027094765,18.70738258581167,16.57449178429858,14.861150360042641,16.622557851186375
433,14.438433451118964,2,579.2306201550388,222.98062015503876,633.7204668374608,218.58126957016793,514.7593984962406,245.4830827067669,449.1783929257977,243.55555555555554,24.502510735368514,18.332770787965824,0.1128825515845519,19.018602193797935,16.581907186522745,15.179607836465488,16.61943655835104
434,14.471778563015313,2,584.2730220492866,223.44357976653697,638.6778523489933,218.64485458612975,519.2430291508238,245.50760456273764,453.8104719764011,244.8702064896755,24.80146320468127,18.322398307703793,0.12093666065592332,19.281645343325412,16.586279229728127,15.452153196420753,16.54067657298414
435,14.50512367491166,2,589.5403071017274,223.65259117082533,643.5275163957798,218.60393498716851,524.1442495126705,247.3593242365172,459.1953488372093,245.60581395348837,25.104507790275953,18.324056233153563,0.12664055402723925,19.568269129252865,16.47300778869971,15.767535697431203,16.500331511330455
436,14.538468786808009,2,594.2490494296578,223.7661596958175,648.649153028998,218.66838931955212,529.0122525918945,248.6861451460886,463.39326674065853,247.20088790233075,25.399056320710116,18.32515558300851,0.12679293508619885,19.852889515497072,16.3937383237024,16.014657502917846,16.403037858092542
437,14.571813898704358,2,599.0846761453396,224.16745655608213,653.1783675799086,218.52768264840182,533.316141356256,249.4686405603311,467.6960672012218,247.4734631538755,25.67971539270283,18.323231765439136,0.13811513930944108,20.104630777303466,16.348911420866425,16.266041383830046,16.391143077603633
438,14.605159010600707,2,603.6688846641317,224.1264258555133,657.9784675615211,218.25195749440715,537.735788113695,249.43701550387595,472.64315510049295,247.72317026924534,25.962115790779833,18.340572904677387,0.14227814331117156,20.363846891884002,16.35677360495449,16.55503247059216,16.381568085171192
439,14.638504122497055,2,608.2869481765835,224.18458093410106,662.5035694673256,218.3256452498627,542.0428432327167,249.4774423888348,477.37888888888887,248.99,26.236365998369457,18.342714230734032,0.14210779282201813,20.616486373648947,16.359839731380386,16.832614762449538,16.30622509552266
440,14.671849234393404,2,612.860338766379,224.36145733461169,667.2034087734004,218.39061190276612,546.21229964017,250.31501472031402,481.59859154929575,249.43661971830986,26.51446580632449,18.34129370383732,0.1439767601635747,20.86014647140657,16.311283048088008,17.079237145208058,16.283021930576357
441,14.705194346289753,2,616.9435946462715,224.4639898024219,671.3957983193277,218.50728291316526,550.5928729107536,250.9369284137496,485.78290993071596,249.40762124711316,26.762658435769495,18.339894803239815,0.14340017507162828,21.116365789251375,16.276932202623726,17.32348177706498,16.290374542211435
442,14.738539458186102,2,621.1233049511194,224.33491012298958,675.3957983193277,218.50728291316526,554.2776692708333,250.578125,489.6701550387597,249.3565891472868,27.008736573025615,18.350053545637515,0.14119907336810605,21.333148530989256,16.30491833855915,17.550461833258503,16.298758606960615
443,14.77188457008245,2,624.9732587064676,224.20677860696517,679.3347398030942,218.45738396624472,558.0337301587301,249.9041005291005,493.61915887850466,249.38862928348908,27.243338250989233,18.361584038937586,0.13943342425392355,21.554775243260348,16.353370454471413,17.78117162255154,16.301878475517768
444,14.8052296819788,2,628.5371747211896,224.0185873605948,683.0923251203625,218.43840271877656,561.6612543775867,249.51607768226677,497.0098039215686,249.578431372549,27.46402352397422,18.373746361332913,0.1356762843252506,21.768585019797058,16.383220280885762,17.979362443302023,16.29410850408914
445,14.838574793875148,2,631.5907372400757,223.7835538752363,686.4959889349931,218.46970954356846,564.4829268292683,249.4383739837398,499.9313725490196,248.7812971342383,27.658758254502068,18.385164992348038,0.12974498246122823,21.93460057821322,16.391967288127926,18.14998030738793,16.349293171233654
446,14.871919905771495,2,635.115490375802,223.27192178429576,689.611768018018,218.3009572072072,567.546332046332,247.46332046332046,503.3509803921568,247.57176470588234,27.860159867740677,18.412668045130907,0.12376038115892565,22.118494714472238,16.523816493348804,18.349899931587007,16.43180497473368
447,14.905265017667844,2,638.1915887850467,222.65482866043612,693.0179508423088,218.21596244131453,570.5602836879432,247.45325596389426,505.8488327592805,246.7305778798316,28.056982963786567,18.44078440106609,0.11270119133506881,22.295979233992654,16.528471786147552,18.496129374494522,16.48942367217949
448,14.938610129564193,2,641.28,222.44444444444443,696.2036284863254,217.99566747901432,573.3867584398557,246.44182235332676,509.17488262910797,245.66001564945225,28.247171639228004,18.45974198698629,0.11273755805936035,22.464557398607578,16.59779999875623,18.691088351601127,16.563041039557813
449,14.971955241460542,2,645.0480738618273,222.27029608404968,699.6902056277056,217.94155844155844,576.6426484907497,245.50957481337227,512.4209905660377,245.43710691823898,28.466384096800923,18.472608419359446,0.11079666518391583,22.65851192047087,16.662650554099987,18.881459521596366,16.581775285411908
450,15.00530035335689,2,648.1903881700555,221.91127541589648,703.2924783549782,217.89772727272728,580.180006428801,245.4284795885567,515.787267694741,245.31395808620007,28.670778824832997,18.49094999769158,0.10388280183362095,22.867369771735603,16.672645438823324,19.078949854419655,16.594220716873142
451,15.03864546525324,2,651.5457307809177,221.32239440899423,706.8970863405506,217.89147286821702,583.1120829284093,245.16812439261417,519.2119482496195,245.04794520547946,28.882167403496844,18.51587998611958,0.09209997212056685,23.04101487537936,16.69348336681161,19.28001164036101,16.61600131000133
452,15.071990577149588,2,655.0886654478976,220.98964046313222,709.9180107526881,217.59516129032258,586.1896833170094,244.42833823049295,522.1504493942946,243.5201250488472,29.081995229542553,18.541740351914832,0.0920283920743557,23.224538912795854,16.745706274304247,19.453279392458747,16.7189599763345
453,15.105335689045937,2,657.389502762431,220.87170042971147,713.0776881720429,217.8,588.66832010582,243.448082010582,524.7715756136183,243.56769596199524,29.2465725274541,18.542740305139397,0.08465748615251065,23.373473152576643,16.812837823247797,19.60727918044815,16.71937752433051
454,15.138680800942286,2,660.2254085723096,220.71785383903793,715.5911796536795,217.59902597402598,591.1166666666667,243.582,527.0252293577981,243.14105504587155,29.409165406649908,18.558535407542657,0.08593796411455322,23.517854212311846,16.80740922504354,19.740017826110492,16.750084006310004
455,15.172025912838635,2,662.1782449725777,220.47806215722122,717.3769188596491,217.4078947368421,592.6866731203613,242.84833817360436,528.7754548974061,241.95663956639567,29.52334888259784,18.57571856646036,0.08517209298593197,23.612652880191117,16.8573233119709,19.843770193554594,16.829379885093747
456,15.205371024734982,2,663.1052631578947,220.56578947368422,718.3507767784138,217.07467974925046,593.6188524590164,242.4993169398907,529.9842022116903,241.34320695102684,29.58171777720218,18.58539543700723,0.09341965972172114,23.668743790954014,16.881334642476585,19.915355750944048,16.870899184588332
457,15.23871613663133,2,663.2631578947369,220.53947368421052,718.7478142076502,217.35901639344263,594.0120240480962,242.43019372077487,530.2108843537414,241.36454581832731,29.597604905258784,18.57709007238376,0.08701938936712594,23.69219539488892,16.886372753190894,19.92868349619472,16.86981595103351
458,15.27206124852768,2,663.3432835820895,220.5410447761194,718.747799779978,217.27557755775578,593.8692025358691,241.55555555555554,530.1966426858513,241.3537170263789,29.600300175687273,18.579909125007823,0.08878359239582062,23.686136932991015,16.943245154797285,19.927853323599024,16.870501279868243
459,15.305406360424028,2,663.3432835820895,220.5410447761194,718.747799779978,217.27557755775578,591.2193054416188,235.94640415641234,528.1809523809524,236.32841781874038,29.600300175687273,18.579909125007823,0.08878359239582062,23.5442199726863,17.30682547210518,19.812697860789825,17.19555169059939
460,15.338751472320377,2,663.3432835820895,220.5410447761194,718.747799779978,217.27557755775578,589.0867226167419,213.68345168926186,524.723069105691,217.46011178861787,29.600300175687273,18.579909125007823,0.08878359239582062,23.47626342164249,18.782714933780014,19.61989536232028,18.436870187407344
461,15.372096584216726,2,663.3912101516557,220.53265242958835,718.7478142076502,217.35901639344263,586.7015746537659,180.7759438436729,520.9217864923746,190.44183006535948,29.601478933036674,18.57741077098287,0.08702957723759266,23.419708507665202,21.03040649197088,19.406594665025718,20.259437414695586
462,15.405441696113074,2,663.3912101516557,220.53265242958835,718.7347991313788,217.44136807817588,581.4279526903215,139.8015992003998,513.8653198653199,156.79164190928896,29.600801707841953,18.574624158077185,0.08541973299109128,23.20244029541996,23.939328148949624,18.98933927435681,22.60021463483497
463,15.438786808009423,2,663.4118010503552,220.52981155390793,718.7478142076502,217.35901639344263,568.7618318011575,101.20275791624107,500.5845469255663,125.55117313915856,29.602106279122573,18.577520771540243,0.08699696428510434,22.497398893164295,26.78724830191451,18.167393574026907,24.83855688651493
464,15.472131919905772,2,663.3912101516557,220.53265242958835,718.747799779978,217.27557755775578,548.1403926234384,72.4158239143367,482.31883024251067,103.28483119353304,29.60176483135423,18.58022479339494,0.08867434184165461,21.228078675815027,28.968368413317094,17.008245794180468,26.463620375087384
465,15.505477031802121,2,663.3912101516557,220.53265242958835,718.8215846994535,217.272131147541,523.8803157626686,61.37662337662338,462.8086956521739,95.12463768115941,29.604014191115954,18.580394867012735,0.08865672872731914,19.66736946103726,29.78821379356731,15.764147443269664,27.04382638138688
466,15.53882214369847,2,663.3912101516557,220.53265242958835,718.8215846994535,217.272131147541,499.11847178408686,65.99544339291973,442.87083954297066,98.59215101838052,29.604014191115954,18.580394867012735,0.08865672872731914,18.061503757829872,29.37095441186098,14.510006619566282,26.742412087954047
467,15.572167255594817,2,663.3912101516557,220.53265242958835,718.8215846994535,217.272131147541,476.3112807463952,78.92408821034775,426.583807716635,109.46742567994939,29.604014191115954,18.580394867012735,0.08865672872731914,16.60281671835669,28.313939573965797,13.513505440909906,25.89462040645282
468,15.605512367491166,2,663.3912101516557,220.53265242958835,718.8215846994535,217.272131147541,460.9214641080313,100.04939587775408,414.36339165545087,127.29026469268729,29.604014191115954,18.580394867012735,0.08865672872731914,15.652515349468018,26.666920595914064,12.805460040558835,24.556009735874042
469,15.638857479387514,2,663.3809523809523,220.53710575139146,718.7478142076502,217.35901639344263,454.89763275751756,118.46065259117083,409.3742283950617,144.258487654321,29.601158758574037,18.577254184972467,0.08710545361812524,15.305256854740385,25.278737097232472,12.552473996917529,23.318765360702713
470,15.672202591283863,2,663.3809523809523,220.53710575139146,718.747799779978,217.27557755775578,449.3132999443516,116.26377295492487,405.07189542483655,143.23921568627452,29.601444656891594,18.58006820738454,0.08874987049458799,14.952078072079996,25.431220150215488,12.285167633684003,23.38452311890194
471,15.705547703180212,0,663.4222222222222,220.52777777777777,718.7101092896174,217.38032786885245,431.479057591623,107.06675392670157,391.06795634920627,137.04613095238096,29.60120882367407,18.57685020528748,0.08659061540097833,13.813853979918308,26.083206549070418,11.402529458118924,23.806185930370955
472,15.73889281507656,0,663.3432835820895,220.5410447761194,718.7101092896174,217.38032786885245,410.8662131519274,97.9219954648526,374.6936671575847,130.73637702503683,29.59879781605332,18.57634889601541,0.0867628608851566,12.49101477505248,26.7315678106343,10.368479870773669,24.23447749394525
473,15.77223792697291,0,663.3432835820895,220.5410447761194,718.6559494366584,217.45232206650175,nan,nan,nan,nan,29.596908600064353,18.573881607253156,0.08540278981332144,nan,nan,nan,nan
474,15.805583038869258,0,663.3330226778502,220.54551102826963,718.5042594119263,217.4754053311349,nan,nan,nan,nan,29.59190972057278,18.57283559909012,0.08519028155363854,nan,nan,nan,nan
475,15.838928150765607,0,663.3330226778502,220.54551102826963,718.5592896174862,217.40327868852458,nan,nan,nan,nan,29.593825553014426,18.575307904861518,0.08655577442199082,nan,nan,nan,nan
476,15.872273262661956,0,663.3432835820895,220.5410447761194,718.468715393134,217.24418604651163,nan,nan,nan,nan,29.591944664917847,18.580764251035717,0.08973013902448394,nan,nan,nan,nan
477,15.905618374558305,0,663.3432835820895,220.5410447761194,718.5592896174862,217.40327868852458,nan,nan,nan,nan,29.594145848110244,18.575464924396414,0.08647933649886953,nan,nan,nan,nan
478,15.938963486454652,0,663.3432835820895,220.5410447761194,718.5592896174862,217.40327868852458,nan,nan,nan,nan,29.594145848110244,18.575464924396414,0.08647933649886953,nan,nan,nan,nan
479,15.972308598351,0,663.3432835820895,220.5410447761194,718.6338219326818,217.41205211726384,nan,nan,nan,nan,29.59637575755807,18.575223426161628,0.08622247240279235,nan,nan,nan,nan
480,16.00565371024735,0,663.3432835820895,220.5410447761194,718.6216289104638,217.4935275080906,nan,nan,nan,nan,29.59572664827771,18.572467138034398,0.08462651128125498,nan,nan,nan,nan
481,16.0389988221437,0,663.3330226778502,220.54551102826963,718.6338219326818,217.41205211726384,nan,nan,nan,nan,29.596055462462253,18.575066406626732,0.08629886125364249,nan,nan,nan,nan
482,16.07234393404005,0,663.3330226778502,220.54551102826963,718.6338219326818,217.41205211726384,nan,nan,nan,nan,29.596055462462253,18.575066406626732,0.08629886125364249,nan,nan,nan,nan
483,16.105689045936394,0,663.3330226778502,220.54551102826963,718.5340300107181,217.44694533762058,nan,nan,nan,nan,29.59290994533997,18.573816981642793,0.08572053311077547,nan,nan,nan,nan
484,16.139034157832743,0,663.2666666666667,220.58333333333334,718.6216289104638,217.4935275080906,nan,nan,nan,nan,29.593312593927116,18.570995219510444,0.08537444057144963,nan,nan,nan,nan
485,16.172379269729092,0,663.2666666666667,220.58333333333334,718.6216289104638,217.4935275080906,nan,nan,nan,nan,29.593312593927116,18.570995219510444,0.08537444057144963,nan,nan,nan,nan
486,16.20572438162544,0,663.2666666666667,220.58333333333334,718.5340300107181,217.44694533762058,nan,nan,nan,nan,29.590816186085192,18.572502082653735,0.08639133119022441,nan,nan,nan,nan
487,16.23906949352179,0,663.2416974169741,220.63068880688806,718.484291799787,217.36741214057508,nan,nan,nan,nan,29.588709445223856,18.573543401543034,0.08892176558873192,nan,nan,nan,nan
488,16.272414605418138,0,663.2550831792976,220.6069008009858,718.484291799787,217.36741214057508,nan,nan,nan,nan,29.589172442220374,18.57434994442803,0.0884694643176893,nan,nan,nan,nan
489,16.305759717314487,0,663.2666666666667,220.58333333333334,718.4077643908969,217.29585006693438,nan,nan,nan,nan,29.58750528295221,18.577505399376705,0.08952300953001532,nan,nan,nan,nan
490,16.339104829210836,0,663.2666666666667,220.58333333333334,718.4077643908969,217.29585006693438,nan,nan,nan,nan,29.58750528295221,18.577505399376705,0.08952300953001532,nan,nan,nan,nan
491,16.372449941107185,0,663.2666666666667,220.58333333333334,718.3327943950418,217.2864457019671,nan,nan,nan,nan,29.585264137912947,18.57776787473528,0.08979776952494878,nan,nan,nan,nan
492,16.405795053003533,0,663.2666666666667,220.58333333333334,718.3327943950418,217.2864457019671,nan,nan,nan,nan,29.585264137912947,18.57776787473528,0.08979776952494878,nan,nan,nan,nan
493,16.439140164899882,0,663.3212403100774,220.5693023255814,718.3821535123407,217.36642256577161,nan,nan,nan,nan,29.58816591005987,18.575616035409308,0.087942474098603,nan,nan,nan,nan
494,16.47248527679623,0,663.2550831792976,220.6069008009858,718.3821535123407,217.36642256577161,nan,nan,nan,nan,29.58607874120059,18.574308814155742,0.08860760296726403,nan,nan,nan,nan
495,16.50583038869258,0,663.2550831792976,220.6069008009858,718.3821535123407,217.36642256577161,nan,nan,nan,nan,29.58607874120059,18.574308814155742,0.08860760296726403,nan,nan,nan,nan
496,16.53917550058893,0,663.3212403100774,220.5693023255814,718.4572891403934,217.37537052007545,nan,nan,nan,nan,29.590413548354654,18.575369087418736,0.08767888744167594,nan,nan,nan,nan
497,16.572520612485278,0,663.2666666666667,220.58333333333334,718.3821535123407,217.36642256577161,nan,nan,nan,nan,29.58648691383918,18.575106693115266,0.08815649091363635,nan,nan,nan,nan
498,16.605865724381626,0,663.2666666666667,220.58333333333334,718.4572891403934,217.37537052007545,nan,nan,nan,nan,29.588734552133964,18.57485974512469,0.08789289125478549,nan,nan,nan,nan
499,16.639210836277975,0,663.2666666666667,220.58333333333334,718.4572891403934,217.37537052007545,nan,nan,nan,nan,29.588734552133964,18.57485974512469,0.08789289125478549,nan,nan,nan,nan
500,16.672555948174324,0,663.3330226778502,220.54551102826963,718.2093023255813,217.39561614541566,nan,nan,nan,nan,29.583239533311286,18.575311035702,0.08710429265317589,nan,nan,nan,nan
501,16.705901060070673,0,663.3330226778502,220.54551102826963,718.2638445154419,217.44728434504793,nan,nan,nan,nan,29.584716456781468,18.573608513125535,0.08601526256004727,nan,nan,nan,nan
502,16.73924617196702,0,663.3330226778502,220.54551102826963,718.2638445154419,217.44728434504793,nan,nan,nan,nan,29.584716456781468,18.573608513125535,0.08601526256004727,nan,nan,nan,nan
503,16.77259128386337,0,663.2666666666667,220.58333333333334,718.2638445154419,217.44728434504793,nan,nan,nan,nan,29.582622697526688,18.572293614136477,0.0866889455142442,nan,nan,nan,nan
504,16.80593639575972,0,663.2666666666667,220.58333333333334,718.2638445154419,217.44728434504793,nan,nan,nan,nan,29.582622697526688,18.572293614136477,0.0866889455142442,nan,nan,nan,nan
505,16.839281507656064,0,663.2666666666667,220.58333333333334,718.2638445154419,217.44728434504793,nan,nan,nan,nan,29.582622697526688,18.572293614136477,0.0866889455142442,nan,nan,nan,nan
506,16.872626619552413,0,663.2666666666667,220.58333333333334,718.2638445154419,217.44728434504793,nan,nan,nan,nan,29.582622697526688,18.572293614136477,0.0866889455142442,nan,nan,nan,nan
507,16.905971731448762,0,663.2666666666667,220.58333333333334,718.3121650589495,217.52733118971062,nan,nan,nan,nan,29.58381374278882,18.569629776193608,0.08504648130908936,nan,nan,nan,nan
508,16.93931684334511,0,663.2666666666667,220.58333333333334,718.3121650589495,217.52733118971062,nan,nan,nan,nan,29.58381374278882,18.569629776193608,0.08504648130908936,nan,nan,nan,nan
509,16.97266195524146,0,663.2666666666667,220.58333333333334,718.3121650589495,217.52733118971062,nan,nan,nan,nan,29.58381374278882,18.569629776193608,0.08504648130908936,nan,nan,nan,nan
510,17.00600706713781,0,663.2666666666667,220.58333333333334,718.3121650589495,217.52733118971062,nan,nan,nan,nan,29.58381374278882,18.569629776193608,0.08504648130908936,nan,nan,nan,nan
511,17.039352179034157,0,663.2666666666667,220.58333333333334,718.3121650589495,217.52733118971062,nan,nan,nan,nan,29.58381374278882,18.569629776193608,0.08504648130908936,nan,nan,nan,nan
512,17.072697290930506,0,663.2946456205508,220.5657691117301,718.3121650589495,217.52733118971062,nan,nan,nan,nan,29.584700630928303,18.570238350868564,0.08472993693490183,nan,nan,nan,nan
513,17.106042402826855,0,663.2946456205508,220.5657691117301,718.3716069489684,217.36482084690553,nan,nan,nan,nan,29.587059491428896,18.575761590039505,0.087886137541896,nan,nan,nan,nan
514,17.139387514723204,0,663.2946456205508,220.5657691117301,718.3716069489684,217.36482084690553,nan,nan,nan,nan,29.587059491428896,18.575761590039505,0.087886137541896,nan,nan,nan,nan
515,17.172732626619553,0,663.2946456205508,220.5657691117301,718.3716069489684,217.36482084690553,nan,nan,nan,nan,29.587059491428896,18.575761590039505,0.087886137541896,nan,nan,nan,nan
516,17.2060777385159,0,663.2946456205508,220.5657691117301,718.3716069489684,217.36482084690553,nan,nan,nan,nan,29.587059491428896,18.575761590039505,0.087886137541896,nan,nan,nan,nan
517,17.23942285041225,0,663.2946456205508,220.5657691117301,718.3716069489684,217.36482084690553,nan,nan,nan,nan,29.587059491428896,18.575761590039505,0.087886137541896,nan,nan,nan,nan
518,17.2727679623086,0,663.2946456205508,220.5657691117301,718.3716069489684,217.36482084690553,nan,nan,nan,nan,29.587059491428896,18.575761590039505,0.087886137541896,nan,nan,nan,nan
519,17.306113074204948,0,663.2946456205508,220.5657691117301,718.3716069489684,217.36482084690553,nan,nan,nan,nan,29.587059491428896,18.575761590039505,0.087886137541896,nan,nan,nan,nan
520,17.339458186101297,0,663.2666666666667,220.58333333333334,718.3716069489684,217.36482084690553,nan,nan,nan,nan,29.586172603289413,18.57515301536455,0.08820039242742102,nan,nan,nan,nan
521,17.372803297997645,0,663.2946456205508,220.5657691117301,718.3716069489684,217.36482084690553,nan,nan,nan,nan,29.587059491428896,18.575761590039505,0.087886137541896,nan,nan,nan,nan
522,17.406148409893994,0,663.2666666666667,220.58333333333334,718.3716069489684,217.36482084690553,nan,nan,nan,nan,29.586172603289413,18.57515301536455,0.08820039242742102,nan,nan,nan,nan
523,17.439493521790343,0,663.2666666666667,220.58333333333334,718.3716069489684,217.36482084690553,nan,nan,nan,nan,29.586172603289413,18.57515301536455,0.08820039242742102,nan,nan,nan,nan
524,17.472838633686692,0,663.2666666666667,220.58333333333334,718.3121650589495,217.52733118971062,nan,nan,nan,nan,29.58381374278882,18.569629776193608,0.08504648130908936,nan,nan,nan,nan
525,17.50618374558304,0,663.2666666666667,220.58333333333334,718.3121650589495,217.52733118971062,nan,nan,nan,nan,29.58381374278882,18.569629776193608,0.08504648130908936,nan,nan,nan,nan
526,17.539528857479386,0,663.2666666666667,220.58333333333334,718.3121650589495,217.52733118971062,455.50112866817153,161.94808126410834,407.4702380952381,126.72222222222221,29.58381374278882,18.569629776193608,0.08504648130908936,15.417712742952922,22.13804904001699,12.376716957127568,24.58521799621057
527,17.572873969375735,0,663.2666666666667,220.58333333333334,718.3716069489684,217.36482084690553,nan,nan,nan,nan,29.586172603289413,18.57515301536455,0.08820039242742102,nan,nan,nan,nan
528,17.606219081272084,0,663.2666666666667,220.58333333333334,718.3716069489684,217.36482084690553,nan,nan,nan,nan,29.586172603289413,18.57515301536455,0.08820039242742102,nan,nan,nan,nan
529,17.639564193168432,0,663.2666666666667,220.58333333333334,718.3716069489684,217.36482084690553,nan,nan,nan,nan,29.586172603289413,18.57515301536455,0.08820039242742102,nan,nan,nan,nan
530,17.67290930506478,0,663.2946456205508,220.5657691117301,718.2740740740741,217.06364883401918,563.8424878836834,142.28459881529346,497.5613275613275,141.46464646464645,29.58513337237391,18.585848532044825,0.09396980094021412,22.09949825925964,23.728055392402123,17.9829569470165,23.672033638095986
531,17.70625441696113,0,663.2946456205508,220.5657691117301,718.2740740740741,217.06364883401918,nan,nan,nan,nan,29.58513337237391,18.585848532044825,0.09396980094021412,nan,nan,nan,nan
532,17.73959952885748,0,663.421052631579,220.51315789473685,718.6685544768069,217.3106796116505,nan,nan,nan,nan,29.600189267436512,18.5796577374104,0.08772436756005733,nan,nan,nan,nan
533,17.772944640753828,0,663.421052631579,220.51315789473685,718.8009828009828,217.2164892164892,nan,nan,nan,nan,29.604528395075086,18.58293118017669,0.08942862124797292,nan,nan,nan,nan
534,17.806289752650176,0,663.4689741191144,220.5048331774244,718.7386644682605,217.13217917010167,nan,nan,nan,nan,29.604392265919536,18.586042965343708,0.09105754293085636,nan,nan,nan,nan
535,17.839634864546525,0,663.5,220.5,718.7386644682605,217.13217917010167,nan,nan,nan,nan,29.60533895640044,18.586227233935745,0.09099977812387165,nan,nan,nan,nan
536,17.872979976442874,0,663.5,220.5,718.8124488124488,217.12967512967512,nan,nan,nan,nan,29.607585236384132,18.586365556708827,0.09096047204922697,nan,nan,nan,nan
537,17.906325088339223,0,663.5777777777778,220.47222222222223,718.8124488124488,217.12967512967512,nan,nan,nan,nan,29.609997988943086,18.587352261220094,0.09050771904872136,nan,nan,nan,nan
538,17.93967020023557,0,663.5471990095945,220.48251315382234,718.8124488124488,217.12967512967512,nan,nan,nan,nan,29.609050979614054,18.58698543917748,0.09067350770456575,nan,nan,nan,nan
539,17.97301531213192,0,663.5471990095945,220.48251315382234,718.8982912937347,217.1922972606455,nan,nan,nan,nan,29.611439285481502,18.58493574885823,0.0893372470988917,nan,nan,nan,nan
540,18.00636042402827,0,663.5471990095945,220.48251315382234,718.8982912937347,217.1922972606455,nan,nan,nan,nan,29.611439285481502,18.58493574885823,0.0893372470988917,nan,nan,nan,nan
541,18.039705535924618,0,663.6451810926949,220.52762430939225,718.8982912937347,217.1922972606455,nan,nan,nan,nan,29.614276807305608,18.583494814298476,0.09033819924884914,nan,nan,nan,nan
542,18.073050647820967,0,663.6331797235023,220.51858678955452,718.8982912937347,217.1922972606455,nan,nan,nan,nan,29.613938117074856,18.583788975629325,0.09014643469474072,nan,nan,nan,nan
543,18.106395759717316,0,663.6331797235023,220.51858678955452,718.9188382193267,217.2345276872964,nan,nan,nan,nan,29.614416181504716,18.582379547308477,0.08928905592090845,nan,nan,nan,nan
544,18.139740871613665,0,663.5777777777778,220.47222222222223,718.9762489762489,217.17226317226314,nan,nan,nan,nan,29.614819337250818,18.586035234194238,0.08947433011988866,nan,nan,nan,nan
545,18.173085983510013,0,663.5590405904059,220.519987699877,718.8982912937347,217.1922972606455,nan,nan,nan,nan,29.61170148393189,18.583688675436743,0.09008637475607176,nan,nan,nan,nan
546,18.206431095406362,0,663.0591985428051,222.20582877959927,718.1107569721115,219.15723771580343,nan,nan,nan,nan,29.56181489686346,18.46011740453452,0.0847609985709491,nan,nan,nan,nan
547,18.23977620730271,0,662.1061452513967,222.37709497206703,717.6905913978494,220.9967741935484,nan,nan,nan,nan,29.513720517034287,18.391549981664962,0.05124973549782684,nan,nan,nan,nan
548,18.273121319199056,0,660.6551186017477,222.8183520599251,715.9697465249387,222.84409920959388,nan,nan,nan,nan,29.410683324232565,18.31253291856524,0.02326019656604932,nan,nan,nan,nan
549,18.306466431095405,0,656.7350346565847,222.69502205419028,711.4046671970299,221.34897905064966,nan,nan,nan,nan,29.16007308260201,18.360715354167308,0.05100476121474064,nan,nan,nan,nan
550,18.339811542991754,0,649.4105497299015,220.58881474420082,705.4533854166666,219.4265625,627.0816666666666,279.19166666666666,610.2877697841726,263.70203836930455,28.770998315420613,18.48618666312762,0.04686353632013423,25.515648240252773,14.574915449563935,24.58759616415617,15.535242115410828
551,18.373156654888103,0,639.953629032258,220.29973118279568,695.9047244094488,217.16929133858267,nan,nan,nan,nan,28.205413224192426,18.55809917704196,0.08564868221661706,nan,nan,nan,nan
552,18.40650176678445,0,627.74551607445,219.91979695431473,684.0074015331746,216.6785619878403,nan,nan,nan,nan,27.48093022810989,18.569904128635883,0.0875560149882481,nan,nan,nan,nan
553,18.4398468786808,0,613.2379432624112,219.51702127659576,670.3536895674299,215.68193384223918,nan,nan,nan,nan,26.636228018014638,18.596574159516024,0.09811166361808686,nan,nan,nan,nan
554,18.47319199057715,0,597.8346055979642,218.6372228280625,655.0202578268876,213.7858458300447,nan,nan,nan,nan,25.71727929059555,18.667642709741052,0.11762827151396207,nan,nan,nan,nan
555,18.506537102473498,0,582.043270993766,219.91309130913092,639.1522500673673,214.52250067367285,nan,nan,nan,nan,24.762234672880776,18.57726501424412,0.1280517900768146,nan,nan,nan,nan
556,18.539882214369847,0,567.4419435512682,222.2679528403001,624.2064102564102,217.32641025641024,nan,nan,nan,nan,23.86788532472909,18.383307498266383,0.11994726979773469,nan,nan,nan,nan
557,18.573227326266196,0,554.1173147224991,223.89930209371883,610.7655412647373,218.59030010718112,nan,nan,nan,nan,23.063423702898206,18.267626950879027,0.12717812585090243,nan,nan,nan,nan
558,18.606572438162544,0,542.6576750160565,225.27360308285165,599.4088644112247,220.0461578809336,517.1287988422577,280.4819102749638,491.0573065902579,263.89589302769815,22.378872118152206,18.157167172346433,0.12539206209492865,19.14558869154218,14.360374051165723,17.637958265772724,15.371656912290904
559,18.639917550058893,0,533.5814513700692,225.62571514604033,589.6386292834891,220.19652128764278,513.562109025916,288.1438784629133,482.6820512820513,261.8615384615385,21.81638540276276,18.12712300001551,0.13062033935254538,18.93836462880813,13.879771500514597,17.151158678178348,15.490168720737863
560,18.673262661955242,0,526.4169675090253,225.4476534296029,582.6254378873618,220.16329830234437,nan,nan,nan,nan,21.39405721907292,18.12407643008939,0.12760898393440498,nan,nan,nan,nan
561,18.70660777385159,0,520.8004674262343,225.29944493134676,577.1490384615385,220.23424145299143,nan,nan,nan,nan,21.063669131034434,18.118755049824905,0.12316166654178357,nan,nan,nan,nan
562,18.73995288574794,0,516.9347380743342,225.4366403277729,572.9122516556291,220.41252759381896,nan,nan,nan,nan,20.82220981285269,18.102536535734878,0.12303141972305665,nan,nan,nan,nan
563,18.77329799764429,0,514.5827526132405,226.73983739837396,570.6449864498644,221.91978319783198,nan,nan,nan,nan,20.68303179177906,18.006027013179956,0.11877863999841037,nan,nan,nan,nan
564,18.806643109540637,0,513.6708037825059,227.02482269503545,569.541567065073,221.9160690571049,nan,nan,nan,nan,20.623059335908042,17.995324961724695,0.12474888200751814,nan,nan,nan,nan
565,18.839988221436986,0,513.561170212766,227.20449172576832,569.2041631023667,222.5748502994012,nan,nan,nan,nan,20.609061018110992,17.967167043952337,0.11569522099976678,nan,nan,nan,nan
566,18.873333333333335,0,514.1934523809523,228.5842261904762,570.0225583864118,225.51273885350318,nan,nan,nan,nan,20.649035458919684,17.825161232859514,0.08451467991086703,nan,nan,nan,nan
567,18.906678445229684,0,515.0897655803316,229.66295025728988,570.7652388797364,228.12602965403624,nan,nan,nan,nan,20.694849714526683,17.704275608371383,0.05409009663055202,nan,nan,nan,nan
568,18.940023557126032,0,515.3943661971831,230.22241784037558,570.6674829931973,229.18312925170068,nan,nan,nan,nan,20.699788374429875,17.651085976687554,0.04428973673924698,nan,nan,nan,nan
569,18.973368669022378,0,515.1678571428571,230.15982142857143,570.118611111111,228.84666666666666,nan,nan,nan,nan,20.67712257528811,17.663717716368023,0.04994549848725068,nan,nan,nan,nan
570,19.006713780918727,0,513.5913200723327,230.64406268836646,568.5972222222222,230.6139455782313,442.58762886597935,178.65635738831614,359.2718327183272,115.63776137761377,20.583475827126613,17.587323335654624,0.023993216117221588,14.665268005553509,20.949938988758777,9.342941971812536,25.31227321307787
571,19.040058892815075,0,511.4462659380692,232.61961141469337,566.4510130446849,233.02525673050235,nan,nan,nan,nan,20.45387615925226,17.440104707483272,0.015096727942773044,nan,nan,nan,nan
572,19.073404004711424,0,508.95320623916814,233.77065280184863,563.789897307799,232.96364140993614,nan,nan,nan,nan,20.3013736152734,17.400860058883822,0.03955296394739016,nan,nan,nan,nan
573,19.106749116607773,0,506.22690058479526,235.29707602339178,561.2421768707483,233.26312925170066,nan,nan,nan,nan,20.145162693736722,17.3374465429717,0.06409162627381765,nan,nan,nan,nan
574,19.140094228504122,0,503.9788754271512,238.22864243553897,558.9671522422165,234.44787203656094,nan,nan,nan,nan,20.010602755279194,17.1997562555376,0.09887502501397064,nan,nan,nan,nan
575,19.17343934040047,0,502.56504065040644,240.71857410881802,556.9598326359833,236.04574616457458,nan,nan,nan,nan,19.9084238933181,17.06399977218802,0.11742516052795923,nan,nan,nan,nan
576,19.20678445229682,0,501.7095914742451,240.97602131438722,556.5506130595951,236.67208440262328,nan,nan,nan,nan,19.870713835202416,17.034267633595068,0.10929305887221814,nan,nan,nan,nan
577,19.240129564193168,0,501.33634175691935,241.19554753309262,556.3933959578708,236.44491887275834,nan,nan,nan,nan,19.85529798013072,17.034215661508625,0.11780336736680294,nan,nan,nan,nan
578,19.273474676089517,0,501.32620955773217,241.24013060255265,556.2948717948718,236.46780626780625,nan,nan,nan,nan,19.852071354686068,17.031943984003394,0.11838131111652543,nan,nan,nan,nan
579,19.306819787985866,0,501.05453484981035,241.4071157771945,556.0127334465195,236.42388228636105,nan,nan,nan,nan,19.835796772424303,17.027583879465702,0.12257128122738357,nan,nan,nan,nan
580,19.340164899882215,0,500.5972972972973,241.35585585585585,555.5236495941786,236.54967814161765,nan,nan,nan,nan,19.807807244646256,17.02448876464087,0.11912177096617967,nan,nan,nan,nan
581,19.373510011778563,0,500.2956651718983,241.37817638266066,555.0600649350649,237.7435064935065,nan,nan,nan,nan,19.78432960256403,16.984184823337962,0.09600212678220192,nan,nan,nan,nan
582,19.406855123674912,0,499.70021347971937,242.39493748093926,554.6105527638191,238.25237297599105,nan,nan,nan,nan,19.75327456009204,16.933845636105136,0.1058526708070392,nan,nan,nan,nan
583,19.44020023557126,0,499.4646828975052,242.55275022542833,554.3785834738617,238.28611579539066,nan,nan,nan,nan,19.739501018110474,16.927308966475046,0.10830533275079618,nan,nan,nan,nan
584,19.47354534746761,0,498.77798392084105,242.58936301793443,554.1113902847571,238.36292573981015,nan,nan,nan,nan,19.711410211816226,16.922970859657617,0.10686827855966159,nan,nan,nan,nan
585,19.50689045936396,0,498.9037172455819,242.5204143814747,554.1113902847571,238.36292573981015,nan,nan,nan,nan,19.71509095410744,16.92529104874234,0.10569788750429361,nan,nan,nan,nan
586,19.540235571260308,0,498.95829555757024,242.4835297673013,554.1113902847571,238.36292573981015,nan,nan,nan,nan,19.716688059739013,16.926523847651197,0.10505072207627023,nan,nan,nan,nan
587,19.573580683156656,0,498.90953248330294,242.47328476016997,554.1113902847571,238.36292573981015,nan,nan,nan,nan,19.715256576490162,16.926823519204653,0.10477669552514982,nan,nan,nan,nan
588,19.606925795053005,0,498.90953248330294,242.47328476016997,554.1113902847571,238.36292573981015,nan,nan,nan,nan,19.715256576490162,16.926823519204653,0.10477669552514982,nan,nan,nan,nan
589,19.640270906949354,0,498.9842710223835,242.53660012099212,554.0753218296356,238.1459874007121,nan,nan,nan,nan,19.716552744004524,16.931884653785154,0.11049728518997108,nan,nan,nan,nan
590,19.6736160188457,0,498.9842710223835,242.53660012099212,554.0753218296356,238.1459874007121,nan,nan,nan,nan,19.716552744004524,16.931884653785154,0.11049728518997108,nan,nan,nan,nan
591,19.706961130742048,0,498.9842710223835,242.53660012099212,554.0753218296356,238.1459874007121,406.4846014492753,330.29528985507244,374.097288676236,308.53588516746413,19.716552744004524,16.931884653785154,0.11049728518997108,12.943052257932266,11.213181340305427,11.062673595727096,12.475417951458112
592,19.740306242638397,0,498.9794126551619,242.5495004541326,554.0753218296356,238.1459874007121,nan,nan,nan,nan,19.716411575914904,16.9314630195363,0.11074431363572129,nan,nan,nan,nan
593,19.773651354534746,0,498.96845617227774,242.57506824385806,554.0753218296356,238.1459874007121,nan,nan,nan,nan,19.716092856481854,16.930626492061972,0.11123162842431764,nan,nan,nan,nan
594,19.806996466431094,0,498.96845617227774,242.57506824385806,554.0753218296356,238.1459874007121,nan,nan,nan,nan,19.716092856481854,16.930626492061972,0.11123162842431764,nan,nan,nan,nan
595,19.840341578327443,0,498.96845617227774,242.57506824385806,554.0753218296356,238.1459874007121,nan,nan,nan,nan,19.716092856481854,16.930626492061972,0.11123162842431764,nan,nan,nan,nan
596,19.873686690223792,0,498.96845617227774,242.57506824385806,554.1446017207882,238.16625034693308,nan,nan,nan,nan,19.718124568761375,16.93001137453117,0.11072003646483622,nan,nan,nan,nan
597,19.90703180212014,0,499.060606060606,242.52925292529252,554.0708574579542,238.23297491039423,nan,nan,nan,nan,19.718593976841653,16.92932815607377,0.10875084107709189,nan,nan,nan,nan
598,19.94037691401649,0,499.060606060606,242.52925292529252,554.0708574579542,238.23297491039423,nan,nan,nan,nan,19.718593976841653,16.92932815607377,0.10875084107709189,nan,nan,nan,nan
599,19.97372202591284,0,499.09267563527646,242.48161434977578,554.0708574579542,238.23297491039423,nan,nan,nan,nan,19.719529812134475,16.930894694638738,0.10785740890325957,nan,nan,nan,nan
600,20.007067137809187,0,499.09267563527646,242.48161434977578,554.0708574579542,238.23297491039423,nan,nan,nan,nan,19.719529812134475,16.930894694638738,0.10785740890325957,nan,nan,nan,nan
601,20.040412249705536,0,499.1363636363636,242.39423648247177,554.0708574579542,238.23297491039423,nan,nan,nan,nan,19.720802482730754,16.933758102922297,0.10619270315497746,nan,nan,nan,nan
602,20.073757361601885,0,499.13125,242.4172619047619,554.0708574579542,238.23297491039423,nan,nan,nan,nan,19.7206548141715,16.93300780484048,0.10664136298917516,nan,nan,nan,nan
603,20.107102473498234,0,499.0336639615268,242.43823264201984,554.0124792013311,238.31059345535218,nan,nan,nan,nan,19.71601137040529,16.929686227263325,0.10545349842599738,nan,nan,nan,nan
604,20.140447585394583,0,499.0312876052948,242.4488567990373,554.0124792013311,238.31059345535218,nan,nan,nan,nan,19.71594275818353,16.929340036797967,0.10566040345327178,nan,nan,nan,nan
605,20.17379269729093,0,499.03886397608363,242.3829596412556,553.9489514348785,238.26186534216333,nan,nan,nan,nan,19.714317866601696,16.933031688799336,0.10543093668455959,nan,nan,nan,nan
606,20.20713780918728,0,498.99065702230257,242.47528631705845,553.9489514348785,238.26186534216333,nan,nan,nan,nan,19.71291328533536,16.930004726676124,0.10718848873982836,nan,nan,nan,nan
607,20.24048292108363,0,498.94853163790486,242.43596730245233,553.9489514348785,238.26186534216333,nan,nan,nan,nan,19.71167346696589,16.931251862202537,0.10634623502913185,nan,nan,nan,nan
608,20.273828032979978,0,498.9792043399638,242.3746232670283,553.9489514348785,238.26186534216333,nan,nan,nan,nan,19.71256685156115,16.93326218510934,0.10517704575242469,nan,nan,nan,nan
609,20.307173144876327,0,498.9211404306945,242.46041856232938,553.9489514348785,238.26186534216333,nan,nan,nan,nan,19.710872526426066,16.930440456082714,0.1067889032121755,nan,nan,nan,nan
610,20.340518256772675,0,498.9211404306945,242.46041856232938,553.9489514348785,238.26186534216333,nan,nan,nan,nan,19.710872526426066,16.930440456082714,0.1067889032121755,nan,nan,nan,nan
611,20.373863368669024,0,498.9211404306945,242.46041856232938,553.8819444444443,238.3386111111111,nan,nan,nan,nan,19.7088355561903,16.927887125414397,0.10536306199477163,nan,nan,nan,nan
612,20.40720848056537,0,498.9037172455819,242.5204143814747,553.8626957494406,238.42813199105143,nan,nan,nan,nan,19.70769527241788,16.9229915338624,0.1047725915455706,nan,nan,nan,nan
613,20.44055359246172,0,498.9037172455819,242.5204143814747,553.8626957494406,238.42813199105143,nan,nan,nan,nan,19.70769527241788,16.9229915338624,0.1047725915455706,nan,nan,nan,nan
614,20.473898704358067,0,498.8892944038929,242.44860097323598,553.7769444444443,238.3736111111111,nan,nan,nan,nan,19.70477211575789,16.927034158614127,0.1045403793579483,nan,nan,nan,nan
615,20.507243816254416,0,498.87167736021996,242.50870760769936,553.7769444444443,238.3736111111111,nan,nan,nan,nan,19.7042616909348,16.925072868901964,0.10570677562761546,nan,nan,nan,nan
616,20.540588928150765,0,498.87167736021996,242.50870760769936,553.7769444444443,238.3736111111111,nan,nan,nan,nan,19.7042616909348,16.925072868901964,0.10570677562761546,nan,nan,nan,nan
617,20.573934040047114,0,498.87167736021996,242.50870760769936,553.7769444444443,238.3736111111111,nan,nan,nan,nan,19.7042616909348,16.925072868901964,0.10570677562761546,nan,nan,nan,nan
618,20.607279151943462,0,498.87167736021996,242.50870760769936,553.7769444444443,238.3736111111111,nan,nan,nan,nan,19.7042616909348,16.925072868901964,0.10570677562761546,nan,nan,nan,nan
619,20.64062426383981,0,498.81907390371043,242.48022079116836,553.6629566210045,238.41980593607303,nan,nan,nan,nan,19.699313922005892,16.924374835137158,0.1043119773278945,nan,nan,nan,nan
620,20.67396937573616,0,498.81907390371043,242.48022079116836,553.6629566210045,238.41980593607303,nan,nan,nan,nan,19.699313922005892,16.924374835137158,0.1043119773278945,nan,nan,nan,nan
621,20.70731448763251,0,498.81907390371043,242.48022079116836,553.6629566210045,238.41980593607303,nan,nan,nan,nan,19.699313922005892,16.924374835137158,0.1043119773278945,nan,nan,nan,nan
622,20.740659599528858,0,498.81907390371043,242.48022079116836,553.6629566210045,238.41980593607303,nan,nan,nan,nan,19.699313922005892,16.924374835137158,0.1043119773278945,nan,nan,nan,nan
623,20.774004711425206,0,498.81907390371043,242.48022079116836,553.6629566210045,238.41980593607303,nan,nan,nan,nan,19.699313922005892,16.924374835137158,0.1043119773278945,nan,nan,nan,nan
624,20.807349823321555,0,498.81907390371043,242.48022079116836,553.6629566210045,238.41980593607303,nan,nan,nan,nan,19.699313922005892,16.924374835137158,0.1043119773278945,nan,nan,nan,nan
625,20.840694935217904,0,498.8399022303696,242.42896425297891,553.6629566210045,238.41980593607303,nan,nan,nan,nan,19.699919445110176,16.92605126583061,0.10332398672706612,nan,nan,nan,nan
626,20.874040047114253,0,498.8399022303696,242.42896425297891,553.6629566210045,238.41980593607303,nan,nan,nan,nan,19.699919445110176,16.92605126583061,0.10332398672706612,nan,nan,nan,nan
627,20.9073851590106,0,498.81907390371043,242.48022079116836,553.6629566210045,238.41980593607303,377.44018964259664,99.9617067833698,336.7054764984907,134.67572229409228,19.699313922005892,16.924374835137158,0.1043119773278945,10.399836762530576,26.5139487970205,8.055649997369208,23.88269128878588
628,20.94073027090695,0,498.8399022303696,242.42896425297891,553.5768140589569,238.36422902494328,397.8577352472089,116.6127591706539,348.9302504816955,145.84971098265896,19.697416021412835,16.92780857925373,0.1045612310907538,11.74392681004712,25.310887439232754,8.86404370161685,23.102018911082197
629,20.9740753828033,0,498.8399022303696,242.42896425297891,553.6629566210045,238.41980593607303,407.8282051282051,140.04326923076923,352.9896864686468,162.3003300330033,19.699919445110176,16.92605126583061,0.10332398672706612,12.443632816156486,23.619086482193943,9.195302556127949,21.94566767141942
630,21.007420494699648,0,498.8399022303696,242.42896425297891,553.6629566210045,238.41980593607303,406.0583221175415,158.11305518169584,345.6517055655296,175.4458408138839,19.699919445110176,16.92605126583061,0.10332398672706612,12.395583853257714,22.32723179665218,8.821155579072757,21.019445154187284
631,21.040765606595997,0,498.83042546678905,242.45454545454547,553.5768140589569,238.36422902494328,387.31674041297936,156.49815634218288,325.19300518134713,172.49784110535404,19.697140748294064,16.926972505942167,0.10505621491467756,11.249705622308742,22.410313947974352,7.578422437143475,21.190977555476028
632,21.074110718492346,0,498.8399022303696,242.42896425297891,553.5768140589569,238.36422902494328,368.9165663858804,154.5150421179302,304.01206636500757,169.0940170940171,19.697416021412835,16.92780857925373,0.1045612310907538,10.122856651887554,22.520007865745136,6.287787925940584,21.39319653495172
633,21.10745583038869,0,498.8399022303696,242.42896425297891,553.5768140589569,238.36422902494328,359.4417077175698,174.6164672765658,291.94405389572347,184.3541300527241,19.697416021412835,16.92780857925373,0.1045612310907538,9.644461040468213,21.098485196915874,5.670610161299375,20.324865062386074
634,21.14080094228504,0,498.8399022303696,242.42896425297891,553.5768140589569,238.36422902494328,358.7197937682134,207.3768213405066,288.2588116817724,211.23967774420944,19.697416021412835,16.92780857925373,0.1045612310907538,9.755619222370438,18.870612958320972,5.6368556023832355,18.512350676531547
635,21.17414605418139,0,498.8399022303696,242.42896425297891,553.5768140589569,238.36422902494328,353.4794456189805,232.2325581395349,282.4105888708806,230.54159913560235,19.697416021412835,16.92780857925373,0.1045612310907538,9.56412786552634,17.225019810297784,5.427737921174197,17.23851958615756
636,21.207491166077737,0,498.8399022303696,242.42896425297891,553.6629566210045,238.41980593607303,346.11550223476826,250.80757468830862,276.4561815336463,246.07824726134587,19.699919445110176,16.92605126583061,0.10332398672706612,9.225580883077075,16.01898096660036,5.190926570455668,16.230539584468428
637,21.240836277974086,0,498.82197667280536,242.4892572130141,553.6629566210045,238.41980593607303,349.18552265249303,268.21336370539103,279.2454780361757,260.5412001148435,19.69940003308724,16.924083691172193,0.10449574416642447,9.483796846187786,14.922715393384475,5.448817992191283,15.317568526549072
638,21.274181389870435,0,498.82197667280536,242.4892572130141,553.6629566210045,238.41980593607303,353.2611524163569,281.3804213135068,283.7329337329337,271.67832167832165,19.69940003308724,16.924083691172193,0.10449574416642447,9.7756554190528,14.108245947458675,5.77750874249879,14.62642947494605
639,21.307526501766784,0,498.82197667280536,242.4892572130141,553.6629566210045,238.41980593607303,361.0124421296296,279.9840856481481,290.64818295739343,270.22994987468667,19.69940003308724,16.924083691172193,0.10449574416642447,10.209954788682191,14.203875648481025,6.1606437823616345,14.725014413692556
640,21.340871613663133,0,498.7221705426356,242.48186046511628,553.5768140589569,238.36422902494328,371.4524900702719,277.75802016498625,301.4776286353468,268.61185682326624,19.693968169183343,16.92601415098415,0.10543797149632837,10.794986823581795,14.354441907280506,6.7661578228465835,14.839196401940802
641,21.37421672555948,0,498.7221705426356,242.48186046511628,553.5768140589569,238.36422902494328,381.5495332731105,277.56639566395665,311.61894353369763,268.61384335154827,19.693968169183343,16.92601415098415,0.10543797149632837,11.369731703432855,14.378491558028163,7.3433063576508,14.85150013381695
642,21.40756183745583,0,498.7221705426356,242.48186046511628,553.5768140589569,238.36422902494328,390.3430984428609,271.24280812879385,321.1548076923077,263.4785256410256,19.693968169183343,16.92601415098415,0.10543797149632837,11.849839771451277,14.783582275424255,7.8584414604394235,15.185131350793787
643,21.44090694935218,0,498.7221705426356,242.48186046511628,553.5768140589569,238.36422902494328,398.9078590785908,262.4022884673291,329.52220977976856,256.3766330720418,19.693968169183343,16.92601415098415,0.10543797149632837,12.312278036729316,15.350182012272496,8.299413332627449,15.64378329014203
644,21.474252061248528,0,498.81751152073736,242.4672811059908,553.611768018018,238.27393018018017,405.59757694826453,260.44629993451207,337.4656862745098,255.17156862745097,19.697862956860163,16.929525087847914,0.10704087231092489,12.691546432741779,15.482360096596281,8.749312781125962,15.730287980199696
645,21.507597173144877,3,498.9282892737769,242.48678213309026,553.6814876957494,238.19658836689035,411.3533333333333,259.4833333333333,342.17222222222216,254.4047619047619,19.703231801210904,16.9315414802705,0.10903515848767938,13.020696472125294,15.55068208610841,9.016033688916911,15.784975525518364
646,21.540942285041226,3,498.91248860528714,242.45123062898816,553.6814876957494,238.19658836689035,415.25147415886227,258.52549427679503,346.74289099526067,254.06516587677726,19.70276457146609,16.9326840070366,0.10830414352534289,13.24306711491013,15.616418764113181,9.277294860029436,15.81239662870295
647,21.574287396937574,3,498.89935956084173,242.49862763037513,553.6814876957494,238.19658836689035,418.4427591188154,258.6800288912965,349.59348561759725,254.53172588832487,19.702384433801488,16.931137936803665,0.10922542018361016,13.42779824023356,15.610663527764777,9.443512093631307,15.786393194344821
648,21.607632508833923,3,498.8527344943476,242.43171402383135,553.8427983539094,238.08943758573386,420.5504201680672,259.98809523809524,352.42785493827154,255.2932098765432,19.705855469633143,16.936888620306163,0.10970733301040181,13.552898609606547,15.530325999104768,9.610112119442132,15.741645605239588
649,21.640977620730272,3,498.79174368453477,242.5412815773259,553.9223221586263,238.13300626873806,421.9467902506007,259.8094747682801,353.7371638141809,255.1850040749796,19.70639510773163,16.931924269746986,0.11078598086358428,13.633073091927981,15.543426116400711,9.68494624427359,15.750187623122507
650,21.67432273262662,3,498.79174368453477,242.5412815773259,553.9223221586263,238.13300626873806,423.93264957264955,259.89846153846156,355.9021035598705,255.09627831715207,19.70639510773163,16.931924269746986,0.11078598086358428,13.747978633908284,15.540298710878078,9.809126745313923,15.758586681652618
651,21.70766784452297,3,498.79174368453477,242.5412815773259,553.9223221586263,238.13300626873806,426.1175627240143,260.17347670250894,358.1017341040462,255.6154142581888,19.70639510773163,16.931924269746986,0.11078598086358428,13.874835940699532,15.525622504332599,9.938029479798946,15.72842420240845
652,21.74101295641932,3,498.79174368453477,242.5412815773259,553.9223221586263,238.13300626873806,428.27311827956987,260.2810035842294,360.22349789513964,255.58783008036738,19.70639510773163,16.931924269746986,0.11078598086358428,13.999596484461724,15.52153338590173,10.060023269359954,15.732881990575502
653,21.774358068315667,3,498.79174368453477,242.5412815773259,553.9223221586263,238.13300626873806,430.71863799283153,260.62974910394263,363.1266427718041,255.78853046594983,19.70639510773163,16.931924269746986,0.11078598086358428,14.141662046110147,15.502512324472148,10.228005599546508,15.723839811730704
654,21.807703180212016,3,498.77798392084105,242.58936301793443,553.9223221586263,238.13300626873806,434.10261569416497,262.3517773306506,365.96549108835796,257.57565415244596,19.70599665311361,16.930355738859564,0.11171251500193605,14.340872372375514,15.397670857466334,10.398935459246845,15.614064082565857
655,21.84104829210836,3,498.9421084704448,242.63558805606337,553.9168684422922,238.1248318536454,437.47848932676516,265.4955665024631,369.3726879181424,259.659582841401,19.710660567248276,16.92922987464771,0.11306016231103092,14.542220926876471,15.203166286211093,10.603477317755242,15.486400550584914
656,21.87439340400471,3,501.06769416742213,242.6379570867331,556.3034013605442,238.12707482993193,439.489837398374,266.7218834688347,371.6919431279621,261.02172195892575,19.843530828367143,16.932124238275485,0.11262246474182484,14.660624179318969,15.128315715131777,10.742265316894079,15.403198359751862
657,21.90773851590106,3,503.34643510054843,242.6989640463132,558.6685393258427,238.18726591760299,441.77699293642786,267.6004036326942,373.6917057902973,261.55281690140845,19.980243756010577,16.93131077951101,0.11247576820433028,14.794123066722022,15.075795949691916,10.859267334863253,15.37216168919956
658,21.941083627797408,3,506.07270486752924,243.07732593961796,561.1243980738362,238.10700909577312,444.7451569806279,269.22778891115564,377.4970828471412,263.21781408012447,20.132911425493553,16.92515753393121,0.12193504302249827,14.968116448554692,14.97703443935189,11.084291923802908,15.271852220842906
659,21.974428739693757,3,508.85309200603314,243.63740573152336,563.5635822510822,238.10903679653677,447.0293715846994,270.27493169398906,379.229620661824,264.0052461662631,20.286601241807276,16.910450597578304,0.13354650122317854,15.101490401636728,14.914022566818328,11.186750133397858,15.224377039632074
660,22.007773851590105,3,511.2466973886328,243.7480798771121,565.8695533769063,238.1228213507625,449.3660197480422,270.4402451481103,381.6375945838311,264.66029470330545,20.4250176041795,16.90957975524718,0.1356076041132629,15.236285980597646,14.906519394359742,11.327417955419817,15.186112641994098
661,22.041118963486454,3,513.8135435992579,243.8277674706246,568.748322147651,238.4502237136465,451.62370062370064,270.3111573111573,384.5085324232082,264.60485400075845,20.585181104831562,16.899962516265266,0.13004913565878873,15.366065411451972,14.917420492530423,11.492029270715816,15.193185454657131
662,22.074464075382803,3,517.3692541856925,243.93089802130896,572.2280258354394,238.52485256950294,455.2711111111111,270.38871794871795,387.65135026199107,264.59653365578396,20.792414522966233,16.898919646483343,0.13071250174523075,15.576252035928057,14.917051090096342,11.672471754322174,15.197630644416673
663,22.107809187279152,3,521.08719851577,244.0429808286951,576.0282913165266,238.43809523809523,459.2094150224991,270.7746625129803,391.6360015929908,264.85623257666265,21.014119817559045,16.903191569638523,0.1344214098916436,15.80367693351362,14.897655587846511,11.902239251239292,15.186238721531408
664,22.1411542991755,3,524.9228878648232,243.98341013824884,579.7903835764452,239.56969205834685,462.2559402579769,270.11948404616425,395.23092369477905,263.9618473895582,21.23687360141567,16.87324309811145,0.11097827960865841,15.97836097868316,14.942616848704427,12.105834061992088,15.247112083425497
665,22.17449941107185,3,529.1234225915666,243.34410587873188,584.2564102564103,239.74143049932522,466.67996011964107,269.35393818544367,399.5259867135599,263.40914419695196,21.492506699453244,16.89421252378838,0.09454692272778431,16.232538941880023,14.996277619491181,12.351046564584957,15.28736583102848
666,22.207844522968198,3,533.7771410378859,243.0624005093919,588.7225806451613,239.57096774193548,470.672871423647,268.24095139607033,403.55095412099064,262.52334551360127,21.761922247248524,16.91508071575863,0.0925776633268984,16.461763114046253,15.07136960865872,12.579927013299933,15.348366169799249
667,22.241189634864547,3,538.4654510556622,242.57645553422904,593.6476877840149,239.60598770382248,475.42424242424244,266.34646464646465,408.0630202140309,261.418945699564,22.045950627722075,16.936214630240073,0.08197517127729144,16.734459747333112,15.196888233746602,12.836526194836757,15.423890595039072
668,22.274534746760896,3,544.298126614987,242.57881136950903,598.9387533875339,239.16666666666666,480.58666666666664,265.30290598290594,413.24260834345887,260.0190360469826,22.375120877727873,16.958025973709923,0.09136509475640288,17.032249805132363,15.269351711763774,13.131207697277464,15.519107024073236
669,22.307879858657245,3,550.4429657794677,242.10234474017744,604.9748322147651,238.80704697986576,486.23454157782515,264.4054726368159,419.3396749900911,259.70471660721364,22.736038707962372,16.993540368467656,0.0891704053255034,17.358709522071095,15.333278924811916,13.482266190584554,15.546765990089321
670,22.341224970553593,3,556.5599753314831,241.81652790625964,611.6992872807017,238.1269188596491,492.2854683195592,264.323347107438,425.6001583531274,259.38479809976246,23.117311367693656,17.033840141527456,0.0962335949786363,17.70933952896148,15.346106131126556,13.8430555900178,15.57501173074574
671,22.374570082449942,3,562.7090188909201,241.39335770871418,618.1273469387755,237.8985034013605,498.72886297376095,263.19015225137673,431.418945699564,257.7059056678557,23.49046490619626,17.06365766159215,0.09203963708197904,18.08272898762616,15.426123852988063,14.175587557932106,15.689105065026107
672,22.40791519434629,3,569.3038177735001,240.81264035931983,624.5845730027547,237.30661157024792,504.5083909180652,261.71997367555116,438.11348464619493,256.14997774810854,23.878822185136436,17.110896729148813,0.09244477030355669,18.41818496413525,15.52686642316772,14.559861516534571,15.79674135814177
673,22.44126030624264,3,576.0623359580052,240.65912073490813,630.7483333333333,236.28055555555554,510.6998272884283,260.38894645941275,444.5612244897959,255.45663265306123,24.264134843623793,17.158431962045942,0.11049672382686966,18.778270924969096,15.619474287369055,14.932259465722229,15.849235511220066
674,22.47460541813899,3,582.3378378378378,240.29568854568853,637.1191821361313,236.21522733387138,516.8159255429163,260.25508445363664,451.0153256704981,254.81949765857811,24.64005932794224,17.181082433145576,0.10443660315101161,19.134262592861695,15.63581150894613,15.305600030430062,15.898215342698368
675,22.507950530035338,3,588.4149338374291,239.9820415879017,643.111833197942,236.07365285675598,522.5848546315077,259.46450304259633,456.57264957264954,253.81794871794872,24.999231287651753,17.204239589441947,0.10113745312855457,19.470607252158125,15.693607671173265,15.626760444125244,15.9693993460932
676,22.541295641931683,3,593.7357686453577,239.31171993911718,648.9917662682602,235.9208499335989,527.6319444444445,258.18958333333336,462.5112847222222,252.99131944444443,25.333428420688463,17.23885947981482,0.09020513143195154,19.76562137574305,15.78150200194917,15.970821019902106,16.0299856401903
677,22.57464075382803,3,599.1456043956044,239.15201465201466,654.634792004322,235.62965964343599,533.280737704918,258.3784153005464,467.6244362443624,252.83025830258302,25.66308290739493,17.261256265531145,0.09248588258596378,20.095076544429734,15.77669382568533,16.268075717577858,16.046931774734716
678,22.60798586572438,3,604.2684258416742,239.31452835911432,659.511076361741,235.58613500130306,537.9387176762309,258.25469358838114,472.4383916990921,252.99654128837005,25.960468423770838,17.26422962160276,0.09679930787472739,20.367092556918514,15.790593604029887,16.548426479321027,16.04252469756222
679,22.64133097762073,3,608.6511839708561,239.49544626593806,663.8760615711252,235.53503184713375,542.2326064382139,259.09726548978887,476.717299578059,253.47594936708862,26.220721640655498,17.26599463941193,0.10133199524437614,20.61691714014302,15.742251146218363,16.79796929206477,16.017363758485846
680,22.674676089517078,3,612.9719710669078,239.48312236286918,667.9217414529913,235.6153846153846,546.2018537590113,259.30140748369377,480.3457743457743,253.51951951951952,26.469663197727208,17.26948920728624,0.09986886892025187,20.84844850934693,15.734301513173818,17.009275873184666,16.019276526777094
681,22.708021201413427,3,616.3533697632058,239.7607771706132,671.7083333333333,235.72096774193548,549.3769177126917,259.8817991631799,483.6459127488352,253.89538331215584,26.682485716855723,17.26183826729273,0.10262722362498342,21.033124982507374,15.701293230036176,17.201737757779977,15.999478525888623
682,22.741366313309776,3,619.9162062615102,240.0877839165132,674.9211440791232,235.94119219460035,552.5670212765957,260.29468085106384,487.0581597222222,254.7734375,26.883169872469807,17.24851689410028,0.10517191380212987,21.218857870244175,15.679011197835667,17.400995155445912,15.94767964491086
683,22.774711425206124,3,623.064418109997,240.47979337587358,677.9551075268816,235.69677419354838,555.5121951219512,261.14871273712737,490.1318124207858,255.24672581326573,27.067336211308515,17.247989288807684,0.11776343712433116,21.389592648181207,15.628260999420572,17.580225579455007,15.921366318562507
684,22.808056537102473,3,625.6342424242424,240.87060606060604,680.8901608067594,236.11828836195144,558.0127939142461,261.5242047026279,492.7530068728522,256.055412371134,27.22957060886913,17.225072427757375,0.11648852080395677,21.535024526073464,15.607497704334573,17.73320062591175,15.873028171985634
685,22.841401648998822,3,628.4731851851851,240.88918518518517,683.428182065958,236.1657127282638,560.6576856649395,262.05354058721935,495.3640514736405,256.11415525114154,27.38964645140306,17.226584507962436,0.11640516992112718,21.688601516148687,15.57711040597901,17.885255600440995,15.872638075625282
686,22.87474676089517,3,631.1479468599033,240.96890096618353,686.4287262872629,236.11327913279132,563.1895833333333,262.17777777777775,497.9532008830022,256.12891832229576,27.55888568606747,17.22959921206838,0.11839622281779472,21.836237521603156,15.572417410146613,18.036050700860645,15.875031984425968
687,22.90809187279152,3,634.0143652887715,241.33128114922306,689.2317039491853,236.31041148853905,565.8002827854365,262.18628490632733,501.0081931867184,256.95817162570074,27.72665973009429,17.21512367553613,0.12164974750474329,21.98870078664847,15.575205397731706,18.21413511362226,15.825957381800265
688,22.94143698468787,3,636.9501915708812,241.2593575007368,692.2131628030909,236.94377831068476,568.7677862044059,262.5066811123149,503.5700780928894,256.87258528565553,27.90144025315525,17.200640198742725,0.10785919727022225,22.161448667276733,15.558556963900767,18.36334194493383,15.834724444865097
689,22.974782096584217,3,639.7477239353891,241.48340675477235,695.1713445602779,237.43277198609994,571.4118268215417,262.32699753607886,506.5278875713658,256.87307861220904,28.07121946481574,17.18112805212226,0.10243184696144965,22.316282322495958,15.573389855987973,18.535664048161376,15.838501138002178
690,23.008127208480566,3,643.1375848833776,241.61086507233537,698.4457578145522,237.4068820593643,574.2601092896175,262.2706739526412,509.6522455706633,256.97033374536466,28.269819598183677,17.18237277772524,0.10554488706356614,22.482863967828944,15.58061833801849,18.717726668135757,15.83630688947691
691,23.041472320376915,3,646.1953922426362,241.50510352872556,701.6471354166666,237.5984375,577.6114695340501,262.2215053763441,512.7277183600713,256.8333333333333,28.456247634940603,17.183805154246983,0.09955278907614103,22.678897035760013,15.588034896905345,18.897021040998464,15.849028462775337
692,23.074817432273264,3,649.5823921227917,241.65305531421947,704.9825384414908,237.80192859004427,580.4831902718169,262.36123032904146,515.6416871416872,256.7563472563472,28.655919555141125,17.17685559806658,0.09850989529876251,22.846516019134675,15.582784801044657,19.066952762898683,15.857708032769095
693,23.108162544169613,3,652.5232323232323,241.50274170274167,708.0137483787289,237.65421530479892,583.6071428571429,262.00245098039215,518.5284881112606,256.4975325257963,28.835029527095422,17.190738956111993,0.09833280920960288,23.03008538674219,15.609679985784169,19.23542761816933,15.877990361071195
694,23.14150765606596,3,655.5317175344105,241.38779174147217,711.2214209401709,237.7323717948718,586.4897033158812,262.1891797556719,521.6538461538462,256.3424317617866,29.020704975042094,17.196186595982585,0.09432262328901143,23.198306097655873,15.601441530768584,19.417864042413925,15.891951811763008
695,23.17485276796231,3,658.8053866203302,241.46365479293365,714.5096656217345,237.5846394984326,589.3755671902269,262.17137870855146,524.6346666666667,256.5524444444444,29.217033594877883,17.20307376858652,0.09860054042327616,23.367249824856465,15.606267512085633,19.591732461724384,15.882356578723043
696,23.20819787985866,3,661.5008849557522,241.4710914454277,717.2214209401709,237.7323717948718,591.9501061571125,262.12420382165607,527.2038917089678,256.8680203045685,29.37810094640027,17.201663221887216,0.09585248290022841,23.51808904551076,15.612572907686607,19.741511480213056,15.865473374172414
697,23.241542991755008,3,663.6614310645724,241.51687027341475,719.2214209401709,237.7323717948718,593.8335139039364,262.26291079812205,529.2728036990331,256.8129466162253,29.502315619644747,17.203015466799673,0.09693114639171121,23.627998517708992,15.60612170108686,19.862333495419797,15.871667841916386
698,23.274888103651353,3,665.0228070175439,241.43508771929825,720.5696635120925,237.49211356466876,595.1670274170274,262.26118326118325,530.9555267702935,256.7284110535406,29.584324350105494,17.21548376066235,0.10001462833919617,23.70609098562737,15.607937397966676,19.96065440508754,15.879251457527394
699,23.308233215547702,3,665.5827464788732,241.31954225352112,721.3705168776371,237.73259493670886,596.1659634317862,261.97292545710263,531.3774891774891,256.10043290043285,29.62450332076544,17.21226786989959,0.09282594412980168,23.765384898380017,15.62763220399762,19.985785960864604,15.920014890656638
700,23.34157832744405,3,665.9497076023391,241.3657894736842,721.5830679405519,237.63057324840764,596.2956705385428,261.95600140795494,531.6739974126779,255.9452350150927,29.642044103483286,17.21451621898386,0.09588115107067482,23.773029178660888,15.62887971564366,20.00323039835992,15.930342170798696
701,23.3749234393404,3,665.9741354257483,241.23830281894797,721.6929405520169,237.49522292993632,596.2731432594156,261.6839141147483,531.6739974126779,255.9452350150927,29.646848508384522,17.22325544926587,0.09593310551791488,23.772458502274894,15.646240399855131,20.00323039835992,15.930342170798696
702,23.40826855123675,3,665.9741354257483,241.23830281894797,721.6929405520169,237.49522292993632,595.5983187134502,260.4375,531.47642886942,255.49019607843135,29.646848508384522,17.22325544926587,0.09593310551791488,23.7363327442497,15.725096333212559,19.99204360777272,15.959250724366779
703,23.441613663133097,3,665.9741354257483,241.23830281894797,721.6268696581196,237.55128205128204,593.1846104106045,256.96799224054314,528.9110854503464,252.50500384911467,29.644675231200594,17.221359155372205,0.09493489380462336,23.604108506120063,15.944420498258873,19.84425274086308,16.147570399164135
704,23.474958775029446,3,665.9741354257483,241.23830281894797,721.6268696581196,237.55128205128204,587.01768707483,244.61632653061224,523.2930607187112,242.3224907063197,29.644675231200594,17.221359155372205,0.09493489380462336,23.272974465075475,16.734588922783065,19.52106670801199,16.798244900059668
705,23.508303886925795,3,665.9741354257483,241.23830281894797,721.6268696581196,237.55128205128204,578.2586206896551,221.00174912543727,513.3365781710913,223.0165191740413,29.644675231200594,17.221359155372205,0.09493489380462336,22.80942040744077,18.277274974194686,18.94044403023955,18.05127240032502
706,23.541648998822144,3,666.0841954022989,241.32988505747124,721.6268696581196,237.55128205128204,566.8971354166666,196.41276041666666,500.52462662853503,203.06228153797267,29.64772493408083,17.21843222958999,0.09684173170406282,22.17901770436733,19.920617963192,18.17719731596998,19.368655635283574
707,23.574994110718492,3,665.8981240981241,241.23145743145741,721.6471354166666,237.4921875,553.6888509670079,175.69027303754265,486.21604278074864,187.4627450980392,29.643236901477458,17.223496588306027,0.09582143579814437,21.413099656780886,21.332568211612763,17.310633130642362,20.41058732971446
708,23.60833922261484,3,665.8981240981241,241.23145743145741,721.6471354166666,237.4921875,537.1266731962128,159.92099249102185,469.60534979423863,176.43415637860082,29.643236901477458,17.223496588306027,0.09582143579814437,20.418409663963942,22.41654356025107,16.296084529861048,21.146718981413898
709,23.64168433451119,3,665.8981240981241,241.23145743145741,721.6471354166666,237.4921875,518.1269674711438,146.06051066806575,453.06293706293707,166.8937062937063,29.643236901477458,17.223496588306027,0.09582143579814437,19.256044228641755,23.37587144493336,15.277661858304278,21.78621568090843
710,23.67502944640754,3,665.8981240981241,241.23145743145741,721.6471354166666,237.4921875,498.4894308943089,129.94471544715446,436.15170940170935,156.16495726495725,29.643236901477458,17.223496588306027,0.09582143579814437,18.037558721825448,24.512137669174606,14.224886186227673,22.5149832305905
711,23.708374558303888,0,665.8981240981241,241.23145743145741,721.6471354166666,237.4921875,476.9612831858407,117.7990412979351,419.4458750596089,148.61564139246542,29.643236901477458,17.223496588306027,0.09582143579814437,16.684631725281832,25.36826164447342,13.183230707075953,23.024097601830384
712,23.741719670200236,0,665.8881199538639,241.2315455594002,721.5393229166666,237.625,453.25129430505774,115.73197929111906,402.3399449035812,148.50578512396694,29.639251798679574,17.219028156898773,0.09338099164606106,15.197371301788914,25.47793234185225,12.136019933544429,23.0029773895715
713,23.775064782096585,0,665.8881199538639,241.2315455594002,721.5034282700421,237.52689873417722,425.1581670362158,119.65151515151514,382.2220663861617,152.2173913043478,29.638508692152556,17.22224161966093,0.0953250629409896,13.453026845314817,25.13640237714507,10.922332108525623,22.705000031326616
714,23.808409893992934,0,665.8881199538639,241.2315455594002,721.5034282700421,237.52689873417722,397.0044150110375,111.40491958372753,361.8868468468468,147.10666666666665,29.638508692152556,17.22224161966093,0.0953250629409896,11.671012519514354,25.695260185400116,9.660135128075584,23.034324101559136
715,23.841755005889283,0,665.8881199538639,241.2315455594002,721.5034282700421,237.52689873417722,nan,nan,nan,nan,29.638508692152556,17.22224161966093,0.0953250629409896,nan,nan,nan,nan
716,23.87510011778563,0,665.8881199538639,241.2315455594002,721.4357966457022,237.44811320754718,nan,nan,nan,nan,29.636747537564464,17.224795760931826,0.0969383686977571,nan,nan,nan,nan
717,23.90844522968198,0,665.8176538908245,241.27671312427407,721.3940104166666,237.5265625,nan,nan,nan,nan,29.633014439857924,17.220648517896517,0.09625283897402898,nan,nan,nan,nan
718,23.94179034157833,0,665.8176538908245,241.27671312427407,721.3942510548522,237.6487341772152,nan,nan,nan,nan,29.63260617972222,17.21661592890363,0.09388650530139364,nan,nan,nan,nan
719,23.975135453474675,0,665.7807471264367,241.33678160919536,721.3942510548522,237.6487341772152,nan,nan,nan,nan,29.631356344580592,17.21462193351158,0.094997698108475,nan,nan,nan,nan
720,24.008480565371023,0,665.7807471264367,241.33678160919536,721.3942510548522,237.6487341772152,nan,nan,nan,nan,29.631356344580592,17.21462193351158,0.094997698108475,nan,nan,nan,nan
721,24.041825677267372,0,665.7807471264367,241.33678160919536,721.3942510548522,237.6487341772152,nan,nan,nan,nan,29.631356344580592,17.21462193351158,0.094997698108475,nan,nan,nan,nan
722,24.07517078916372,0,665.7445213379469,241.2938292964244,721.3942510548522,237.6487341772152,nan,nan,nan,nan,29.630384494755134,17.2160050892978,0.09412424652592807,nan,nan,nan,nan
723,24.10851590106007,0,665.7610823258491,241.28123200921124,721.3942510548522,237.6487341772152,nan,nan,nan,nan,29.630909406415483,17.216429276630134,0.09390242073521134,nan,nan,nan,nan
724,24.14186101295642,0,665.7610823258491,241.28123200921124,721.3942510548522,237.6487341772152,nan,nan,nan,nan,29.630909406415483,17.216429276630134,0.09390242073521134,nan,nan,nan,nan
725,24.175206124852767,0,665.7445213379469,241.2938292964244,721.3942510548522,237.6487341772152,nan,nan,nan,nan,29.630384494755134,17.2160050892978,0.09412424652592807,nan,nan,nan,nan
726,24.208551236749116,0,665.7445213379469,241.2938292964244,721.3942510548522,237.6487341772152,nan,nan,nan,nan,29.630384494755134,17.2160050892978,0.09412424652592807,nan,nan,nan,nan
727,24.241896348645465,0,665.7445213379469,241.2938292964244,721.3942510548522,237.6487341772152,nan,nan,nan,nan,29.630384494755134,17.2160050892978,0.09412424652592807,nan,nan,nan,nan
728,24.275241460541814,0,665.7445213379469,241.2938292964244,721.3942510548522,237.6487341772152,nan,nan,nan,nan,29.630384494755134,17.2160050892978,0.09412424652592807,nan,nan,nan,nan
729,24.308586572438163,0,665.7445213379469,241.2938292964244,721.3942510548522,237.6487341772152,nan,nan,nan,nan,29.630384494755134,17.2160050892978,0.09412424652592807,nan,nan,nan,nan
730,24.34193168433451,0,665.7445213379469,241.2938292964244,721.3942510548522,237.6487341772152,nan,nan,nan,nan,29.630384494755134,17.2160050892978,0.09412424652592807,nan,nan,nan,nan
731,24.37527679623086,0,665.7445213379469,241.2938292964244,721.3942510548522,237.6487341772152,nan,nan,nan,nan,29.630384494755134,17.2160050892978,0.09412424652592807,nan,nan,nan,nan
732,24.40862190812721,0,665.7445213379469,241.2938292964244,721.3942510548522,237.6487341772152,nan,nan,nan,nan,29.630384494755134,17.2160050892978,0.09412424652592807,nan,nan,nan,nan
733,24.441967020023558,0,665.7275064267352,241.4133104827192,721.3162997903563,237.65251572327045,nan,nan,nan,nan,29.62722735628619,17.21189878673076,0.09643128008477472,nan,nan,nan,nan
734,24.475312131919907,0,665.7275064267352,241.4133104827192,721.236023206751,237.62025316455697,nan,nan,nan,nan,29.62492863232022,17.21290818368046,0.0971616789737546,nan,nan,nan,nan
735,24.508657243816256,0,665.7275064267352,241.4133104827192,721.236023206751,237.62025316455697,nan,nan,nan,nan,29.62492863232022,17.21290818368046,0.0971616789737546,nan,nan,nan,nan
736,24.542002355712604,0,665.7275064267352,241.4133104827192,721.236023206751,237.62025316455697,nan,nan,nan,nan,29.62492863232022,17.21290818368046,0.0971616789737546,nan,nan,nan,nan
737,24.575347467608953,0,665.6423399942079,241.34289024037065,721.236023206751,237.62025316455697,nan,nan,nan,nan,29.62256739787425,17.2151581581396,0.09569300285488817,nan,nan,nan,nan
738,24.608692579505302,0,665.6423399942079,241.34289024037065,721.236023206751,237.62025316455697,nan,nan,nan,nan,29.62256739787425,17.2151581581396,0.09569300285488817,nan,nan,nan,nan
739,24.64203769140165,0,665.6794536471955,241.38506248183666,721.236023206751,237.62025316455697,nan,nan,nan,nan,29.623567685430828,17.21380125049346,0.0965539582100719,nan,nan,nan,nan
740,24.675382803298,0,665.6794536471955,241.38506248183666,721.236023206751,237.62025316455697,nan,nan,nan,nan,29.623567685430828,17.21380125049346,0.0965539582100719,nan,nan,nan,nan
741,24.708727915194345,0,665.6423399942079,241.34289024037065,721.236023206751,237.62025316455697,nan,nan,nan,nan,29.62256739787425,17.2151581581396,0.09569300285488817,nan,nan,nan,nan
742,24.742073027090694,0,665.6423399942079,241.34289024037065,721.236023206751,237.62025316455697,nan,nan,nan,nan,29.62256739787425,17.2151581581396,0.09569300285488817,nan,nan,nan,nan
743,24.775418138987042,0,665.6423399942079,241.34289024037065,721.236023206751,237.62025316455697,nan,nan,nan,nan,29.62256739787425,17.2151581581396,0.09569300285488817,nan,nan,nan,nan
744,24.80876325088339,0,665.6423399942079,241.34289024037065,721.236023206751,237.62025316455697,nan,nan,nan,nan,29.62256739787425,17.2151581581396,0.09569300285488817,nan,nan,nan,nan
745,24.84210836277974,0,665.7276387690537,241.39401783146388,721.236023206751,237.62025316455697,403.87857961053834,147.28751431844213,348.6454545454545,117.41893939393938,29.62498081016255,17.21354055979539,0.09678971344750176,12.225928169128357,23.092571194230867,8.693999600985231,25.161611219365554
746,24.87545347467609,0,665.7647907647907,241.436075036075,721.3689345991561,237.52215189873417,506.63829787234044,195.0283687943262,443.5,147.5,29.630303556544156,17.215517664563706,0.09936991836201188,18.543821739710243,19.9236908495798,14.65574300571357,23.14473290443057
747,24.908798586572438,0,665.7647907647907,241.436075036075,721.3689345991561,237.52215189873417,549.6407960199004,186.9542288557214,483.6966394187102,150.02270663033605,29.630303556544156,17.215517664563706,0.09936991836201188,21.149487971952063,20.543898208880186,17.13119095075521,23.032485853867094
748,24.942143698468787,0,665.8725065047702,241.4012720439433,721.4483752620545,237.55503144654088,584.9196562032885,183.30455904334826,517.7429193899782,178.88888888888889,29.635871246778905,17.21570116142033,0.098101804586671,23.304186326576215,20.851766178415108,19.219052516251683,21.052421160893758
749,24.975488810365135,0,665.9234042553192,241.4873758865248,721.5930293501048,237.49528301886792,nan,nan,nan,nan,29.641715499169383,17.214986396215142,0.10078395664804898,nan,nan,nan,nan
750,25.008833922261484,0,665.9234042553192,241.4873758865248,721.5930293501048,237.49528301886792,nan,nan,nan,nan,29.641715499169383,17.214986396215142,0.10078395664804898,nan,nan,nan,nan
751,25.042179034157833,0,665.9234042553192,241.4873758865248,721.5930293501048,237.49528301886792,nan,nan,nan,nan,29.641715499169383,17.214986396215142,0.10078395664804898,nan,nan,nan,nan
752,25.075524146054182,0,666.1503267973856,241.38221085535662,721.9274789029536,237.33386075949366,nan,nan,nan,nan,29.659324817005484,17.224148271026905,0.1017265152676839,nan,nan,nan,nan
753,25.10886925795053,0,666.3150997150997,241.27578347578344,722.0482902636387,237.31819368311145,nan,nan,nan,nan,29.668179755874043,17.228349758268063,0.10004738125737067,nan,nan,nan,nan
754,25.14221436984688,0,666.4719387755102,241.1734693877551,722.1226977950713,237.32710765239946,nan,nan,nan,nan,29.67531228817385,17.23156769788142,0.09802032701690516,nan,nan,nan,nan
755,25.175559481743228,0,666.406462585034,241.21513605442178,722.0523330755349,237.25083784480535,nan,nan,nan,nan,29.671405401815893,17.232626961992608,0.1003014080242389,nan,nan,nan,nan
756,25.208904593639577,0,666.7314497716894,243.03310502283102,722.2917972831765,237.70846394984326,nan,nan,nan,nan,29.68214137889446,17.158366795923392,0.12640457078407316,nan,nan,nan,nan
757,25.242249705535926,0,666.0918042282074,244.86678250796405,721.8673523206751,239.68512658227849,nan,nan,nan,nan,29.639054466129775,17.03253153808082,0.12310882828896776,nan,nan,nan,nan
758,25.275594817432275,0,665.7966052092478,243.18729880011705,721.4924360980698,239.40479916536253,nan,nan,nan,nan,29.624181179506596,17.09619916535953,0.09655625056109755,nan,nan,nan,nan
759,25.308939929328623,0,664.6379928315412,240.78106332138586,719.672623883022,236.9217438396967,nan,nan,nan,nan,29.549499055885605,17.254874587343565,0.09915111436019271,nan,nan,nan,nan
760,25.342285041224972,0,660.8850877192982,239.4081871345029,715.6824104234528,236.1156351791531,nan,nan,nan,nan,29.323972236763048,17.321227278637306,0.0884688785578175,nan,nan,nan,nan
761,25.37563015312132,0,653.8446203459396,237.67340955731453,709.1640625,234.2046875,nan,nan,nan,nan,28.92876352473604,17.432077199401874,0.09147901963302929,nan,nan,nan,nan
762,25.408975265017666,0,643.2350710900474,235.1563981042654,698.8583016476553,231.48795944233203,nan,nan,nan,nan,28.317004464146343,17.590451003235124,0.09526638722549054,nan,nan,nan,nan
763,25.442320376914015,0,629.7511239563262,231.28516377649325,686.1048122952884,227.35978835978835,nan,nan,nan,nan,27.551482882755835,17.83710064903969,0.09970085876011212,nan,nan,nan,nan
764,25.475665488810364,0,614.1909249563699,227.06841186736472,671.3006585612968,223.34067882472135,nan,nan,nan,nan,26.660156622772536,18.089399259980066,0.09539630423253319,nan,nan,nan,nan
765,25.509010600706713,0,597.3211861379064,224.67845659163987,654.3543266769072,219.95340501792114,nan,nan,nan,nan,25.658315122428135,18.258037573338573,0.11487606996226749,nan,nan,nan,nan
766,25.54235571260306,0,579.8787241500174,223.6652646337189,636.8413547237076,219.83931754519986,nan,nan,nan,nan,24.612283021836102,18.270575155748418,0.09796440916607119,nan,nan,nan,nan
767,25.57570082449941,0,563.112729795352,225.76240027748872,620.6586102719033,221.18882175226585,nan,nan,nan,nan,23.621883978390656,18.132415737889943,0.111362981883599,nan,nan,nan,nan
768,25.60904593639576,0,547.9041372351161,227.51429532458795,605.594395280236,224.67994100294985,nan,nan,nan,nan,22.7113264797189,17.93672973447377,0.07796385764124897,nan,nan,nan,nan
769,25.642391048292108,0,534.7835414665385,229.52129362792186,592.5564885496183,227.73053435114502,nan,nan,nan,nan,21.92728503294146,17.750957689583963,0.057818288877588275,nan,nan,nan,nan
770,25.675736160188457,0,524.1292579075425,230.06873479318733,581.9577001013171,228.4498480243161,nan,nan,nan,nan,21.294912257106095,17.694310777858316,0.05447862748043098,nan,nan,nan,nan
771,25.709081272084806,0,516.0595854922279,229.42544617156014,573.4923076923077,228.77102564102563,nan,nan,nan,nan,20.804018552312165,17.6933519611155,0.03611020476286308,nan,nan,nan,nan
772,25.742426383981154,0,510.63451935081144,230.66635455680398,567.3012173012173,229.62289562289558,nan,nan,nan,nan,20.458559402903816,17.616336163893283,0.04383668507270572,nan,nan,nan,nan
773,25.775771495877503,0,507.0519794499848,232.78210939860983,563.207171314741,231.8329349269588,nan,nan,nan,nan,20.229058935716985,17.468741614178356,0.04203682354897465,nan,nan,nan,nan
774,25.809116607773852,0,505.0853918877706,234.70966758157974,560.7335508428494,235.0413268080478,nan,nan,nan,nan,20.09492381662283,17.29714377998679,0.016569807387766367,nan,nan,nan,nan
775,25.8424617196702,0,504.5,236.5,558.9776674937965,237.46512269092912,nan,nan,nan,nan,20.023708359005568,17.157637667145607,0.0034516877564710747,nan,nan,nan,nan
776,25.87580683156655,0,502.9338280766852,238.67439703153988,558.0675034867503,239.30934449093442,nan,nan,nan,nan,19.949286920888106,17.024777602212136,0.010232448757900635,nan,nan,nan,nan
777,25.9091519434629,0,501.9480205500151,240.21789060139014,557.2908549783549,239.30519480519482,nan,nan,nan,nan,19.897456364736946,16.973490105092168,0.04114680261598515,nan,nan,nan,nan
778,25.942497055359247,0,501.12610148890906,242.62291096931023,556.4969696969696,239.38099173553718,430.3492063492063,173.97680097680097,343.6104575163398,115.79869281045751,19.849976077336812,16.89182303585953,0.0873132107905725,13.915108986468292,21.255150918026686,8.373320143284637,25.27178615690454
779,25.975842167255596,0,499.6491862567812,244.22182037371908,554.6576652601968,240.2444444444444,428.9020467836257,176.82456140350877,344.6396917148362,116.48843930635839,19.75182974322104,16.809607498950918,0.10225473441242475,13.834791858012043,21.055222575356268,8.4409144922721,25.222835470933283
780,26.009187279151945,0,497.8327239488117,246.12705667276052,552.9654605263158,241.3684210526316,nan,nan,nan,nan,19.64806400664419,16.709008082581647,0.11737978705399765,nan,nan,nan,nan
781,26.042532391048294,0,497.3630363036303,248.6621662166216,552.5613893376413,243.50673128702206,nan,nan,nan,nan,19.621175490335162,16.557065646281437,0.12483963841845283,nan,nan,nan,nan
782,26.075877502944643,0,497.33890845070425,249.39495305164317,552.6285556476112,243.89947528307096,nan,nan,nan,nan,19.62225868999799,16.520731974388767,0.13127025769901318,nan,nan,nan,nan
783,26.10922261484099,0,497.35678686602165,249.41307534447373,552.7034293552812,243.90507544581615,432.06237816764127,182.36452241715398,347.10215763980625,119.98326728313518,19.624984661031444,16.52002844787393,0.13140246925384894,14.038945086034888,20.677422892356866,8.612593767613346,24.97033944334848
784,26.142567726737337,0,497.31611208406304,249.37478108581436,552.7034293552812,243.90507544581615,432.06237816764127,182.36452241715398,347.04524114383264,120.15279556124626,19.623791070929652,16.521234727092413,0.13057818906863977,14.038945086034888,20.677422892356866,8.610008000280851,24.957796124288084
785,26.175912838633685,0,496.8991422656018,249.402247855664,552.1225771225771,243.9325689325689,432.06237816764127,182.36452241715398,347.1102596849723,120.1451681566624,19.59448256858814,16.518794742539328,0.13089681190991526,14.038945086034888,20.677422892356866,8.613983588547773,24.95847325636826
786,26.209257950530034,0,495.64766993173043,249.091124962897,550.997576736672,243.70059235325792,431.74418604651163,181.88178294573643,346.87247474747477,120.35016835016835,19.524896931732542,16.534773305900977,0.12914560533299985,14.018623977638057,20.710191271287275,8.600418277359987,24.94300336120003
787,26.242603062426383,0,495.41556921275964,248.7731928592332,550.460277070964,242.4351145038168,431.5646258503401,181.70294784580497,346.86162687886826,120.06145004420866,19.503113739525105,16.58563810440537,0.1483981203661171,14.007378508627681,20.722238510643454,8.598160255700321,24.964167236515188
788,26.275948174322732,0,495.4851949574904,248.58252711814714,550.4717138103161,242.20077648363838,431.5646258503401,181.70294784580497,347.0167525773196,120.14991408934708,19.505617885603023,16.599458093053094,0.14940763153533385,14.007378508627681,20.722238510643454,8.608231876674957,24.957956088442867
789,26.30929328621908,0,495.43600930773704,248.3243164630599,550.4735537190082,242.1134986225895,431.3853427895981,181.58392434988178,346.73647469458984,120.1915357766143,19.504253998644472,16.61058786946171,0.14596707413105106,13.996292825533562,20.730164473826203,8.591142990198142,24.95439584608115
790,26.34263839811543,0,495.52884902840054,247.8382660687593,550.4622331691297,242.02736726874656,nan,nan,nan,nan,19.50661813564029,16.629113704558307,0.13837502777886518,nan,nan,nan,nan
791,26.37598351001178,0,495.45885509838996,247.62343470483006,550.2851239669421,241.91845730027546,nan,nan,nan,nan,19.499392084530704,16.639421126104466,0.1365297153827487,nan,nan,nan,nan
792,26.409328621908127,0,495.45885509838996,247.62343470483006,550.3859504132231,242.02258953168044,420.57030015797784,182.49289099526067,345.5564971751412,117.77895480225988,19.502292318995714,16.636100082347618,0.13426743679190048,13.347784112492482,20.650704631419856,8.50484691660231,25.12950374492794
793,26.442673733804476,0,495.44891271969016,247.62853738456954,550.3859504132231,242.02258953168044,nan,nan,nan,nan,19.502002348240232,16.635928944913367,0.13434771218918753,nan,nan,nan,nan
794,26.476018845700825,0,495.44891271969016,247.62853738456954,550.3859504132231,242.02258953168044,nan,nan,nan,nan,19.502002348240232,16.635928944913367,0.13434771218918753,nan,nan,nan,nan
795,26.509363957597174,0,495.43761140819964,247.59536541889483,550.3209978070175,241.97560307017542,nan,nan,nan,nan,19.499784451228624,16.638476810984173,0.13473244845368446,nan,nan,nan,nan
796,26.542709069493522,0,495.427807486631,247.5715983363042,550.320606552938,241.91768210127265,nan,nan,nan,nan,19.49952234785526,16.64112172224054,0.13539062414212863,nan,nan,nan,nan
797,26.57605418138987,0,495.427807486631,247.5715983363042,550.2572908149359,241.990733169801,nan,nan,nan,nan,19.497605717477654,16.63870170175859,0.13407494991301944,nan,nan,nan,nan
798,26.60939929328622,0,495.43787878787873,247.6118181818182,550.3445816186556,242.0548696844993,nan,nan,nan,nan,19.5004353879393,16.63538264184343,0.13344291793071583,nan,nan,nan,nan
799,26.64274440518257,0,495.4168190127971,247.65204143814745,550.3445816186556,242.0548696844993,nan,nan,nan,nan,19.499825827114933,16.63407141307199,0.1341909958987659,nan,nan,nan,nan
800,26.676089517078918,0,495.45255474452557,247.61131386861314,550.4622331691297,242.02736726874656,nan,nan,nan,nan,19.504351350429488,16.636382716233673,0.13376963636090894,nan,nan,nan,nan
801,26.709434628975266,0,495.4608378870674,247.63479052823314,550.4622331691297,242.02736726874656,nan,nan,nan,nan,19.504597293795968,16.635630966665474,0.1342465325681749,nan,nan,nan,nan
802,26.742779740871615,0,495.4608378870674,247.63479052823314,550.4622331691297,242.02736726874656,nan,nan,nan,nan,19.504597293795968,16.635630966665474,0.1342465325681749,nan,nan,nan,nan
803,26.776124852767964,0,495.4608378870674,247.63479052823314,550.4622331691297,242.02736726874656,nan,nan,nan,nan,19.504597293795968,16.635630966665474,0.1342465325681749,nan,nan,nan,nan
804,26.809469964664313,0,495.4608378870674,247.63479052823314,550.4622331691297,242.02736726874656,nan,nan,nan,nan,19.504597293795968,16.635630966665474,0.1342465325681749,nan,nan,nan,nan
805,26.842815076560658,0,495.5370705244123,247.6139240506329,550.4622331691297,242.02736726874656,nan,nan,nan,nan,19.506823527915447,16.63635426688389,0.13398938500171664,nan,nan,nan,nan
806,26.876160188457007,0,495.52152965974096,247.55495332731104,550.4622331691297,242.02736726874656,nan,nan,nan,nan,19.506359792230267,16.638246132911412,0.13280035596125833,nan,nan,nan,nan
807,26.909505300353356,0,495.48996705600473,247.50344414495356,550.399173553719,242.10192837465564,nan,nan,nan,nan,19.5035184010943,16.637418131072494,0.1303771378812079,nan,nan,nan,nan
808,26.942850412249705,0,495.34892086330933,247.55395683453239,550.399173553719,242.10192837465564,nan,nan,nan,nan,19.499401157297438,16.635695702073466,0.13109571837479606,nan,nan,nan,nan
809,26.976195524146053,0,495.3390236597783,247.55914944594187,550.399173553719,242.10192837465564,nan,nan,nan,nan,19.499112522993826,16.635521681501096,0.13117831210505532,nan,nan,nan,nan
810,27.009540636042402,0,495.3390236597783,247.55914944594187,550.399173553719,242.10192837465564,nan,nan,nan,nan,19.499112522993826,16.635521681501096,0.13117831210505532,nan,nan,nan,nan
811,27.04288574793875,0,495.3390236597783,247.55914944594187,550.399173553719,242.10192837465564,nan,nan,nan,nan,19.499112522993826,16.635521681501096,0.13117831210505532,nan,nan,nan,nan
812,27.0762308598351,0,495.3473841554558,247.58236173393124,550.3243021346469,242.1423097974822,nan,nan,nan,nan,19.497126113384965,16.6334141461476,0.1309997149210344,nan,nan,nan,nan
813,27.10957597173145,0,495.3899427883167,247.67991568804572,550.0896147403685,242.0898939140145,nan,nan,nan,nan,19.491505123866695,16.631843465763758,0.1345073488846127,nan,nan,nan,nan
814,27.142921083627797,0,495.3899427883167,247.67991568804572,550.0896147403685,242.0898939140145,nan,nan,nan,nan,19.491505123866695,16.631843465763758,0.1345073488846127,nan,nan,nan,nan
815,27.176266195524146,0,495.3899427883167,247.67991568804572,549.9390176600441,241.9903421633554,nan,nan,nan,nan,19.487134458735632,16.634981679318244,0.13679143466076182,nan,nan,nan,nan
816,27.209611307420495,0,495.3899427883167,247.67991568804572,549.9390176600441,241.9903421633554,nan,nan,nan,nan,19.487134458735632,16.634981679318244,0.13679143466076182,nan,nan,nan,nan
817,27.242956419316844,0,495.34480676328496,247.67572463768116,549.9390176600441,241.9903421633554,nan,nan,nan,nan,19.485813794644173,16.63508708566875,0.1366157478717481,nan,nan,nan,nan
818,27.276301531213193,0,495.3127085228996,247.68668486502878,549.9390176600441,241.9903421633554,nan,nan,nan,nan,19.484876835746395,16.63471243496009,0.13676605110337584,nan,nan,nan,nan
819,27.30964664310954,0,495.34962292609345,247.68748114630463,549.9390176600441,241.9903421633554,nan,nan,nan,nan,19.48595651214854,16.63471109440385,0.1368577737926833,nan,nan,nan,nan
820,27.34299175500589,0,495.34265944645,247.65162454873646,549.8639231824417,241.92647462277088,nan,nan,nan,nan,19.483577304610506,16.637890909711203,0.13755969764449474,nan,nan,nan,nan
821,27.37633686690224,0,495.2958597763674,247.65578724690238,549.9390176600441,241.9903421633554,nan,nan,nan,nan,19.484379162393466,16.635697832903418,0.13612188606883277,nan,nan,nan,nan
822,27.409681978798588,0,495.2958597763674,247.65578724690238,549.9390176600441,241.9903421633554,nan,nan,nan,nan,19.484379162393466,16.635697832903418,0.13612188606883277,nan,nan,nan,nan
823,27.443027090694937,0,495.22172217221714,247.7050705070507,549.9390176600441,241.9903421633554,nan,nan,nan,nan,19.482218943775386,16.634059485860483,0.13694131282339642,nan,nan,nan,nan
824,27.476372202591286,0,495.2958597763674,247.65578724690238,549.8639231824417,241.92647462277088,nan,nan,nan,nan,19.482209305106196,16.637725790470324,0.13754485477011538,nan,nan,nan,nan
825,27.509717314487634,0,495.2180066245106,247.66335441132188,549.7797765058599,241.88934314527117,nan,nan,nan,nan,19.477478695457034,16.63858222125814,0.13844554772398326,nan,nan,nan,nan
826,27.54306242638398,0,495.2180066245106,247.66335441132188,549.7797765058599,241.88934314527117,nan,nan,nan,nan,19.477478695457034,16.63858222125814,0.13844554772398326,nan,nan,nan,nan
827,27.57640753828033,0,495.2180066245106,247.66335441132188,549.7797765058599,241.88934314527117,nan,nan,nan,nan,19.477478695457034,16.63858222125814,0.13844554772398326,nan,nan,nan,nan
828,27.609752650176677,0,495.2180066245106,247.66335441132188,549.7797765058599,241.88934314527117,333.9279950341402,83.99627560521415,298.46769033909146,119.84836852207293,19.477478695457034,16.63858222125814,0.13844554772398326,7.580817174054941,27.63936246410129,5.61312269077369,24.89251416765278
829,27.643097762073026,0,495.2180066245106,247.66335441132188,549.7797765058599,241.88934314527117,320.93229974160204,85.04909560723515,282.8780609695152,119.03298350824588,19.477478695457034,16.63858222125814,0.13844554772398326,6.770012316169445,27.533481759960736,4.648538715197882,24.92412248511317
830,27.676442873969375,0,495.2180066245106,247.66335441132188,549.7797765058599,241.88934314527117,309.7872603586889,85.6691403834261,267.4736451373422,118.74239049740163,19.477478695457034,16.63858222125814,0.13844554772398326,6.074259524048182,27.464404637378458,3.700173825465266,24.917654280238573
831,27.709787985865724,0,495.2180066245106,247.66335441132188,549.7797765058599,241.88934314527117,319.1038461538462,92.60128205128206,269.52871521610416,123.66725873297807,19.477478695457034,16.63858222125814,0.13844554772398326,6.7055042258184345,26.956920722953132,3.8662465614929897,24.56210301183206
832,27.743133097762072,0,495.2266305981364,247.68650435828073,549.7797765058599,241.88934314527117,326.5186578864848,109.79397930385701,268.8508242862887,137.62967430639324,19.47773462595216,16.637841283418133,0.13892070145295946,7.278395102383568,25.684280537304144,3.937093684197679,23.552991639330116
833,27.77647820965842,0,495.2180066245106,247.66335441132188,549.7797765058599,241.88934314527117,331.822718319107,141.82271831910703,268.4704641350211,163.12104430379748,19.477478695457034,16.63858222125814,0.13844554772398326,7.798819777280973,23.360639198537996,4.115036256448868,21.75151503399759
834,27.80982332155477,0,495.2180066245106,247.66335441132188,549.7797765058599,241.88934314527117,336.8693089430894,178.8900406504065,267.93371212121207,194.16287878787878,19.477478695457034,16.63858222125814,0.13844554772398326,8.3137407102658,20.768354889877504,4.32086042940679,19.623755720955913
835,27.84316843345112,0,495.1636690647482,247.61390887290165,549.7797765058599,241.88934314527117,337.02932416953035,205.19656357388317,264.1070310276117,217.10703102761173,19.475881608485516,16.640141146797255,0.1373566020072345,8.465241641899214,18.984808580793256,4.268953435951695,18.090944493238823
836,27.876513545347468,0,495.1636690647482,247.61390887290165,549.7797765058599,241.88934314527117,331.8308270676692,230.57178660938058,258.61936662606576,237.7884693463256,19.475881608485516,16.640141146797255,0.1373566020072345,8.296020096057509,17.30365216312731,4.10588093828815,16.73837391447411
837,27.909858657243817,0,495.1636690647482,247.61390887290165,549.7797765058599,241.88934314527117,330.9987383295483,256.09386828160484,259.0488133764833,258.69309600862994,19.475881608485516,16.640141146797255,0.1373566020072345,8.382667413749152,15.66357405002089,4.284979683443208,15.408587803185494
838,27.943203769140165,0,495.1406202950918,247.55947003914483,549.7797765058599,241.88934314527117,335.71365524402904,269.39667705088266,264.0628301362246,270.80261328885183,19.475198708881912,16.641881843481922,0.13623500659639173,8.720496351033649,14.832105926334814,4.6568115130499175,14.657033768127715
839,27.976548881036514,0,495.2191413237925,247.58169350029814,549.8639231824417,241.92647462277088,340.23976083707026,275.00089686098653,269.98670654702556,275.0016616816218,19.479953747284327,16.64006498684273,0.1359244618577079,9.005959047979559,14.488178386425696,5.021325479832246,14.403542732896748
840,28.009893992932863,4,495.2514200298953,247.61046337817635,549.8639231824417,241.92647462277088,351.16526374859706,274.219696969697,280.498175787728,274.19701492537314,19.480902389548604,16.63915832209921,0.1365583173464918,9.624277216076102,14.550003168968036,5.610684126842675,14.466061169604252
841,28.043239104829212,4,495.27343516022756,247.63072776280325,549.8639231824417,241.92647462277088,364.0415634461877,280.93366363886594,293.9448924731183,280.1454973118279,19.48154948260658,16.63851924216265,0.1370036669140557,10.386116347209809,14.148699625461289,6.409205337544657,14.114108936446906
842,28.07658421672556,4,495.2953662182361,247.65680119581464,549.8435541019351,241.8419187789588,374.3991118512351,280.316125451013,304.237675481554,278.6186745021221,19.48165227576544,16.64043102268471,0.1392854268765778,10.97270919536642,14.19928513512605,6.9822181555498375,14.220655234953124
843,28.10992932862191,4,495.2953662182361,247.65680119581464,549.8435541019351,241.8419187789588,383.50933333333336,277.5401481481481,313.6561679790026,275.5856767904012,19.48165227576544,16.64043102268471,0.1392854268765778,11.481398496911426,14.38248205849015,7.4986077845268495,14.419809993173269
844,28.143274440518258,4,495.2953662182361,247.65680119581464,549.8262039278989,241.7341942426688,391.91156462585036,280.57227891156464,322.60784313725486,278.32635427052173,19.481214253342987,16.643925714176618,0.1414608768526937,11.970899193285904,14.204322478667212,8.021423189648917,14.260665700055142
845,28.176619552414607,4,495.283273381295,247.62380095923257,549.9095586244246,241.7698348226374,398.3011668243456,281.5748975086723,329.40295119182747,279.4419220582671,19.48328818683589,16.643878086765962,0.13989888745975498,12.33827386621141,14.149808351926097,8.412620476044724,14.199735290223717
846,28.209964664310956,4,495.283273381295,247.62380095923257,549.9095586244246,241.7698348226374,402.41475826972004,277.52003816793894,333.8194444444444,276.5609756097561,19.48328818683589,16.643878086765962,0.13989888745975498,12.560445728533603,14.406511144351647,8.648654645579521,14.383530151783887
847,28.243309776207305,4,495.283273381295,247.62380095923257,549.9095586244246,241.7698348226374,406.064796259185,275.92217768871075,337.43763440860215,274.88494623655913,19.48328818683589,16.643878086765962,0.13989888745975498,12.764304183829955,14.510444353064452,8.845988795230593,14.492003846499614
848,28.27665488810365,4,495.2953662182361,247.65680119581464,549.9095586244246,241.7698348226374,409.0256660168941,277.8567251461988,341.0817064352856,276.7852494577007,19.483647123111858,16.642821706328053,0.14057505089190261,12.93917299231016,14.39353060797174,9.062470341332595,14.378338981422264
849,28.31,4,495.272972972973,247.60270270270271,549.9095586244246,241.7698348226374,412.4214262665376,279.4282026460148,343.9981460882462,277.6077122728958,19.482983566519863,16.644551793526094,0.1394612639852253,13.137581361943594,14.299896485987542,9.232168144432508,14.33080778099385
850,28.343345111896348,4,495.2953662182361,247.65680119581464,549.8262039278989,241.7341942426688,414.86646785950956,277.88303512259773,346.9134396355353,275.51404707668945,19.481214253342987,16.643925714176618,0.1414608768526937,13.273129695470345,14.39893553807057,9.388136562196681,14.464329613350946
851,28.376690223792696,4,495.35980746089047,247.61432009626952,549.8262039278989,241.7341942426688,418.21368352788585,277.4212062256809,349.6047835990888,275.50987091875476,19.483092096945626,16.64533836216747,0.140759610651506,13.463355061859776,14.431731434290537,9.541299111834036,14.467837375883006
852,28.410035335689045,4,495.2953662182361,247.65680119581464,549.8262039278989,241.7341942426688,421.27266922094503,277.2739463601533,353.3428354237932,275.3386545039909,19.481214253342987,16.643925714176618,0.1414608768526937,13.638011557292623,14.444601202304437,9.753349769885467,14.482999234236845
853,28.443380447585394,4,495.272972972973,247.60270270270271,549.8262039278989,241.7341942426688,424.79321281319375,275.5134792261338,356.96509397775213,273.52742616033754,19.48055069675099,16.64565580137466,0.1403453123684657,13.835311396466082,14.55866377725668,9.951738496849822,14.600165556727523
854,28.476725559481743,4,495.272972972973,247.60270270270271,550.2674109516214,241.71371610845296,428.03852432255957,272.80868429644136,359.7023809523809,270.84263392857144,19.493571298954098,16.646619474892915,0.13981403182738236,14.015067612421653,14.731731882169663,10.096277162374992,14.77108964708072
855,28.51007067137809,4,495.41387631975863,247.5233785822021,550.2674109516214,241.71371610845296,431.2701587301587,271.5803174603174,363.48647619047614,269.4895238095238,19.497679620233146,16.64927106678283,0.13855272555576612,14.197854037500118,14.812664975558265,10.306733105085955,14.860381880364299
856,28.54341578327444,4,496.33541480820696,247.40261671126967,551.3547041959864,241.81443836330465,434.39415562351337,270.1933401291199,367.3022494887525,268.11124744376275,19.556600151407466,16.651228229136535,0.13384640499319675,14.374398318315595,14.90355134633924,10.519261121732749,14.95144518705021
857,28.57676089517079,4,499.6213621362136,246.89948994899487,554.7728796081464,241.62722351121423,437.56844305120165,268.6471612678509,370.30851470026727,266.6571210385643,19.75361681815528,16.678033987742864,0.12738426649933765,14.553814945128238,15.00467037877647,10.685485107077891,15.046429809994157
858,28.610106007067138,4,502.8567091681845,246.94323011536122,557.9633333333333,241.39717948717947,440.55875299760186,267.98629667694416,373.4642714570858,265.6199600798403,19.942620918998397,16.68840385783206,0.13282191497430942,14.72468681324476,15.0499770369171,10.862212412800384,15.115537152990466
859,28.643451118963487,4,506.38537794299873,246.98389095415115,561.428495481127,240.76794258373207,444.130038555906,268.2148615492464,377.188267934998,265.8311533888228,20.14874028587895,16.712270912396633,0.14606705386643357,14.93083823179401,15.040019774309494,11.076551647658887,15.106881782836277
860,28.676796230859836,4,509.85818181818183,246.53454545454545,564.9751976015262,240.3278822567457,447.63576388888885,267.9888888888889,381.07626790553616,265.58343012001546,20.355617257397334,16.74583695199545,0.14572828002424182,15.132440504320599,15.058606302534665,11.29862072317483,15.127298731790672
861,28.710141342756184,4,513.4867228990939,246.09528272414866,568.6281947807371,240.3268765133172,450.77395013123356,265.58497375328085,384.16202155332587,262.95837978446673,20.56993346545164,16.76494723782661,0.13709327456816972,15.309384485233087,15.214150411091762,11.466172477721802,15.296564096580866
862,28.743486454652533,4,517.4050279329609,245.3147113594041,572.2373655913977,239.97123655913978,454.10775862068965,262.19683908045977,387.79197684036393,259.77047146401986,20.791999448550165,16.80685815337825,0.12938314960389377,15.496601555687999,15.432732194246263,11.663561169451953,15.502653825379362
863,28.776831566548882,4,521.650506970849,244.9115969581749,576.6854838709677,239.84354838709677,458.42452830188677,262.1397624039133,392.6007194244604,259.478417266187,21.04835451347675,16.829922862141053,0.12356824821455831,15.746245792973044,15.441805940200362,11.93949349386052,15.527236604242631
864,28.81017667844523,4,527.3498255629559,244.68759911195687,582.0015910898966,239.74993370458762,463.82484182484177,261.5521145521145,397.7812989045383,259.2327856025039,21.373173481119785,16.847643722811497,0.12165118803648042,16.05805664025718,15.485919796475427,12.23720930228678,15.54936547666708
865,28.84352179034158,4,533.1038715769594,244.11205539817436,587.8649150743099,239.7595541401274,469.5411132194813,259.4408602150537,403.3439514599924,257.08722032612815,21.7160356710622,16.873812194294445,0.10985863862375946,16.386855298617565,15.627350318167348,12.55133409330122,15.692624977619063
866,28.87686690223793,4,539.1137591356847,243.16047028916427,594.3811066126856,239.83049932523613,475.560248853962,257.6208251473477,409.34409888357254,255.1255980861244,22.086154797338807,16.91082997360634,0.08894614078589967,16.734401378989475,15.750977187907557,12.892144992733565,15.82511589828275
867,28.910212014134277,4,546.1652367333968,242.99269145217667,601.2198469253101,239.91660068619686,482.1848484848485,257.1198653198653,416.5426356589147,253.71929824561403,22.496379507093216,16.922840620193064,0.08414233810776832,17.118952893981064,15.791435326057849,13.304730468890227,15.924040875981886
868,28.943557126030626,4,553.8494404883011,242.7717870464564,608.4967320261438,240.0492919389978,489.07959248646927,255.63737663164596,423.2122331691297,251.88669950738915,22.938485171123347,16.93578673906871,0.07750966646725267,17.519152460227467,15.895020885645057,13.686449733386205,16.049752022626443
869,28.97690223792697,4,560.5,242.5,615.9912136188907,240.32866556836902,495.9794238683127,253.05698005698005,430.6830668306683,249.59204592045919,23.356670299666554,16.945053510650727,0.06580725213243267,17.920184815272275,16.06922086618223,14.114607048144503,16.206453117311344
870,29.01024734982332,4,567.8742017879948,241.78288633461045,622.9540966106218,240.7504670402989,503.09270414993307,250.38955823293173,437.8114686468646,247.40552805280527,23.78085678038324,16.96430249724464,0.04346757546940077,18.335010718709306,16.249876014699552,14.524364758866598,16.356227633710844
871,29.04359246171967,4,574.6509376890501,241.69358741681788,630.1858454889249,241.46272285251214,509.7364505844846,250.22139567835634,445.0012578616352,247.22096436058698,24.194482020764575,16.95339544814134,0.02741707495659806,18.723453334572046,16.269408389864893,14.942604505308369,16.377547794976973
872,29.076937573616018,4,581.5645048814505,242.56276150627616,637.3008966244726,241.67853375527423,515.8864275668072,249.89381153305203,451.51399825021866,246.05686789151355,24.60869550446979,16.927501232652368,0.04024307203648864,19.083344781119113,16.29857772495941,15.320110013240102,16.46110031053518
873,29.110282685512367,4,588.5,242.5,643.9341496598639,243.26312925170066,522.4426719840478,249.13825191093386,457.98473282442745,245.33290924512298,25.007509614454445,16.886912735792038,0.0076308451510108365,19.4675704410037,16.35590614612842,15.696483172530971,16.516338992730812
874,29.143627797408715,4,594.5,242.5,649.785810993772,243.5096127809369,527.7829953753112,248.08182141586622,463.1949685534591,244.19811320754718,25.35828034232594,16.886862940436053,0.0026774475154371096,19.781225364741946,16.431138788401736,15.999184488596358,16.596524066928787
875,29.176972909305064,4,598.6296653796653,242.5,654.895783611774,244.6197295147176,532.8017924853499,248.33678042054464,468.59379217273954,244.3144399460189,25.6297808327898,16.856846511617306,-0.018745070688025188,20.07541235700413,16.421300324374197,16.31484038089286,16.596172906121485
876,29.210318021201413,4,604.5177171527124,242.7290686735654,660.0708574579542,245.10614833195476,537.9801097393689,249.16460905349794,474.02781289506953,245.0488832701222,25.95636392047141,16.840961053206104,-0.02439597210683775,20.378447138404724,16.374678152875582,16.63326786914595,16.55592191686543
877,29.243663133097762,4,608.6242152466368,243.44125560538117,664.74140160331,245.05456426170156,542.0903136849362,249.23440193036882,478.36538461538464,245.07649572649572,26.2157879040574,16.825338773168628,-0.008912109799489762,20.61954259778034,16.375592143333574,16.88691122485299,16.559888804052264
878,29.27700824499411,4,612.6906453522794,243.69478981645943,668.9414519906323,244.99713765287535,546.1305982905982,249.47658119658118,482.3426514188902,245.32105040237187,26.460826749184854,16.824520536625183,-0.00274575313712211,20.856390501265718,16.365283432379208,17.119722055214744,16.549359561307707
879,29.31035335689046,4,616.9069016152716,244.0619676945668,672.8857142857142,245.28056628056626,549.7455497382199,249.93472949389178,486.014586014586,245.61733161733162,26.701675476007814,16.808796076771003,-0.0012307890001238728,21.06800017913843,16.340471841167123,17.334722918231385,16.53508253973862
880,29.34369846878681,4,620.5,244.5,676.9201581027668,246.70434782608694,553.4297015462064,250.40704782452354,489.65956502441185,246.16866400355082,26.9235876362375,16.75319380886954,-0.02031860039839438,21.283618344781857,16.314840895816012,17.54827565298427,16.504294855972677
881,29.377043580683157,4,624.5,244.5,680.6523325514725,247.12144904873597,556.5619834710744,251.36157024793388,493.1522842639594,247.30160744500844,27.151966648419528,16.74479066236095,-0.028718017247385607,21.466048662890188,16.2573919317302,17.753090155051922,16.43577604288012
882,29.410388692579506,4,627.946621237933,245.5204429301533,684.054675118859,247.65821447437926,559.7086393844,251.42392444910809,496.3166458072591,247.36462244472256,27.351895758198218,16.69864937709398,-0.019269257253570003,21.65066538620657,16.257502949135358,17.938217230400614,16.435886823340418
883,29.443733804475855,4,631.2546689303905,245.7405206564799,687.0076277650649,247.76684464785149,562.6263440860214,251.57594086021504,499.3641666666666,247.495,27.53701617392598,16.692142807804352,-0.01733566734550201,21.821720558654352,16.251531681828624,18.116559949312716,16.431496306709615
884,29.477078916372204,4,634.4188186405461,245.62511130899378,690.9319081551861,248.5560833993138,565.7113475177305,251.736524822695,502.5688775510204,247.76700680272106,27.7455027320702,16.67493855621412,-0.034447854110204706,22.002602815158202,16.245226979736678,18.30414049021861,16.418173608619483
885,29.510424028268552,4,638.3066789215686,246.03247549019605,694.5574162679426,248.8745348219032,569.3106306306305,252.19963963963963,505.8883071553228,247.88568935427574,27.966851971547243,16.65633494017534,-0.03297454216107973,22.213125866854796,16.22009192645878,18.498436572889787,16.4148949579637
886,29.5437691401649,4,641.4223370657478,246.37467700258398,697.5211155378486,248.9341301460823,571.9117647058823,252.10239651416123,508.83738796414855,248.06743491250532,28.146513799208506,16.647323848164433,-0.02757245945899924,22.366121008638387,16.229773032782113,18.671075652145298,16.407057878331255
887,29.57711425206125,4,644.0995710784313,246.70955882352942,700.4266347687401,249.07230196703878,574.7588192944564,252.31605471562273,511.4616402116402,247.93430335097,28.3112325806569,16.635659604032313,-0.023523322964013882,22.53296209583009,16.219732226520872,18.824761286581886,16.419111840224495
888,29.6104593639576,4,646.5,246.5,702.8027263374485,248.98894032921808,577.0198456449834,252.2782065417126,513.7331594958713,247.88222511951324,28.45385263926064,16.64839661940039,-0.026006774593428927,22.665918066437953,16.22513861908954,18.95782037961851,16.425471862127335
889,29.643804475853948,4,648.1817901234567,246.69444444444446,704.4975085234722,249.2292158405455,578.3749080206034,252.38999264164826,515.3745614035087,247.92017543859646,28.553023242291466,16.636499393244435,-0.02689566712583066,22.745316213238965,16.219708098283395,19.053967942014584,16.425188978758772
890,29.677149587750296,4,649.5474137931035,246.61178160919536,705.8772357723577,249.3794037940379,579.5365398956003,252.2628635346756,516.4666666666667,247.97908496732026,28.634327079972284,16.636137333015512,-0.031438803690750625,22.813885188771696,16.229430402091406,19.117934238492968,16.422827717490787
891,29.71049469964664,4,650.6052793124616,246.9330877839165,706.8839487565938,249.58879678472744,580.5425208807897,252.44457099468488,517.6294394522893,247.81215233204964,28.694307494547356,16.620238058219275,-0.0293006991369203,22.872610186693965,16.219032188414282,19.186125719518838,16.435141419277706
892,29.74383981154299,4,650.6682056017236,246.9067405355494,707.0675364543362,249.41852136096188,581.2091648189208,252.2930524759793,517.9717223650385,247.74807197943446,28.70223227761918,16.62680646524141,-0.02637501865168985,22.912152061723802,16.229678492353177,19.206208305743438,16.43973168528713
893,29.77718492343934,4,650.7193784277879,247.0152346130408,707.0877592311583,249.42842690945875,581.2982456140351,252.2982456140351,517.9717223650385,247.74807197943446,28.70407736232449,16.622999645385104,-0.024476550327516194,22.917377582526093,16.22946046132726,19.206208305743438,16.43973168528713
894,29.810530035335688,4,650.7193784277879,247.0152346130408,707.1028396009209,249.46610386288052,581.2533039647577,252.30616740088107,518.0582901554404,247.7979274611399,28.70440837997635,16.621782541195607,-0.02520047294342729,22.914716872654846,16.22889054853355,19.21126284440543,16.436626494842372
895,29.843875147232037,4,650.7193784277879,247.0152346130408,707.1615776081425,249.39898218829512,581.2284768211921,252.2980132450331,518.1634819532909,247.70276008492567,28.706367537275252,16.62400810691691,-0.02383986049751395,22.91327603443896,16.22938388232712,19.21746375178557,16.44291135176915
896,29.877220259128386,4,651.076401179941,247.08908554572267,707.1615776081425,249.39898218829512,579.7513966480446,250.01303538175046,517.9132420091324,245.1714085001756,28.71679151679196,16.621843233052445,-0.0226864737680517,22.831627763252712,16.374984214284282,19.203742805671872,16.606277645148516
897,29.910565371024735,4,651.2468060394889,247.05632984901274,707.1615776081425,249.39898218829512,579.128855721393,233.26492537313433,516.2811851851851,231.24474074074072,28.721920161825345,16.62302360530216,-0.02346937661450832,22.833095216980052,17.46641292590336,19.112513345996287,17.512452623611026
898,29.943910482921083,4,651.2468060394889,247.05632984901274,707.1615776081425,249.39898218829512,578.4422827496757,213.36498054474708,514.546642899584,214.02079619726678,28.721920161825345,16.62302360530216,-0.02346937661450832,22.838060684431323,18.788622437687994,19.01476443959533,18.651986657466782
899,29.977255594817432,4,651.2468060394889,247.05632984901274,707.1615776081425,249.39898218829512,572.9246268656716,194.0007462686567,507.69540740740734,198.27792592592593,28.721920161825345,16.62302360530216,-0.02346937661450832,22.549017518910013,20.09500107180521,18.607264566768478,19.703886427825918
900,30.01060070671378,4,651.3742489270386,246.97453505007152,707.0877592311583,249.42842690945875,561.7483758120939,175.97326336831583,495.24310077519374,183.83317829457363,28.723595246397974,16.624763242327116,-0.025834795985401192,21.905222775174376,21.325697683619182,17.854294401346465,20.674602093835702
901,30.04394581861013,4,651.4521367521368,246.9159544159544,707.1615776081425,249.39898218829512,546.7403539309544,162.8337684943429,480.7366440933032,174.25244544770504,28.72832843860759,16.62773106139749,-0.02641343323459162,21.006266028029174,22.225872423133406,16.969261183969394,21.31625721981437
902,30.07729093050648,4,651.5944350758854,247.0553681843732,707.1615776081425,249.39898218829512,534.1074561403508,155.96647869674183,466.92615012106535,170.34907183212266,28.73223444191361,16.62328773656492,-0.02377692847569872,20.23642581800097,22.692967232322218,16.125927588615436,21.566622541592853
903,30.110636042402827,0,651.5944350758854,247.0553681843732,707.1615776081425,249.39898218829512,517.9368805425142,147.21100678142932,450.8928210313448,164.92618806875632,28.73223444191361,16.62328773656492,-0.02377692847569872,19.243798801351346,23.29271551441083,15.142083923398866,21.92082798925525
904,30.143981154299176,0,651.520090548953,247.07951329937745,707.1615776081425,249.39898218829512,495.12731182795693,129.44129032258064,431.13021253699213,153.060263653484,28.729974441122064,16.622451960994688,-0.0232372689017243,17.827807843997416,24.543005516828472,13.910420828749565,22.727045440690077
905,30.177326266195525,0,651.520090548953,247.07951329937745,707.2009728622631,249.32155657962107,464.3617449664429,108.72393736017897,406.2556818181818,137.89366883116884,28.73139007616465,16.6250004137312,-0.02167246873744654,15.882657350132275,26.020984483880166,12.339690329230978,23.771397209218964
906,30.210671378091874,0,651.3525530694205,247.17842799770509,707.2009728622631,249.32155657962107,422.629980563654,98.18901846452866,374.5041345879669,131.90305104077558,28.726196840884178,16.62166853606773,-0.019590860878128228,13.232643060601811,26.733987026496223,10.362055204837707,24.14945034276428
907,30.244016489988223,0,651.3600574712643,247.15747126436779,707.1615776081425,249.39898218829512,379.66337226714586,92.53159628631326,341.4925467808436,129.29115128449095,28.725051141571424,16.619807222152513,-0.021568228723756647,10.505760034559522,27.079301622796017,8.318669313072267,24.280847494670247
908,30.27736160188457,0,651.3525530694205,247.17842799770509,707.1615776081425,249.39898218829512,nan,nan,nan,nan,28.724781205841595,16.619120083331218,-0.021149099806638472,nan,nan,nan,nan
909,30.31070671378092,0,651.2038976148923,247.03781268179173,707.1615776081425,249.39898218829512,nan,nan,nan,nan,28.720689133165074,16.623597648855625,-0.02379825344891351,nan,nan,nan,nan
910,30.34405182567727,0,651.2038976148923,247.03781268179173,707.2009728622631,249.32155657962107,nan,nan,nan,nan,28.72210476820766,16.62614610159214,-0.022241777189379214,nan,nan,nan,nan
911,30.377396937573618,0,651.007971656333,247.0112193681724,707.2009728622631,249.32155657962107,nan,nan,nan,nan,28.716352841378537,16.626880567911513,-0.022606118682239853,nan,nan,nan,nan
912,30.410742049469963,0,651.2088459285295,246.9469830111306,707.2009728622631,249.32155657962107,nan,nan,nan,nan,28.72245655516354,16.629106325079622,-0.024031237707773507,nan,nan,nan,nan
913,30.444087161366312,0,650.8415251712838,247.15579386356865,707.0877592311583,249.42842690945875,nan,nan,nan,nan,28.70738421015848,16.618506172148564,-0.021828448893341092,nan,nan,nan,nan
914,30.47743227326266,0,650.8415251712838,247.15579386356865,707.0877592311583,249.42842690945875,nan,nan,nan,nan,28.70738421015848,16.618506172148564,-0.021828448893341092,nan,nan,nan,nan
915,30.51077738515901,0,650.8415251712838,247.15579386356865,707.0877592311583,249.42842690945875,nan,nan,nan,nan,28.70738421015848,16.618506172148564,-0.021828448893341092,nan,nan,nan,nan
916,30.54412249705536,0,650.8415251712838,247.15579386356865,707.0289855072464,249.49529621154335,nan,nan,nan,nan,28.705424903417303,16.61628888243544,-0.0231864290244275,nan,nan,nan,nan
917,30.577467608951707,0,650.8415251712838,247.15579386356865,707.0289855072464,249.49529621154335,nan,nan,nan,nan,28.705424903417303,16.61628888243544,-0.0231864290244275,nan,nan,nan,nan
918,30.610812720848056,0,650.8415251712838,247.15579386356865,706.9560272934041,249.53626484710637,nan,nan,nan,nan,28.703124487213287,16.614905800268616,-0.024050671818800568,nan,nan,nan,nan
919,30.644157832744405,0,650.7460174331229,247.10129245566574,706.9560272934041,249.53626484710637,nan,nan,nan,nan,28.70041423854479,16.616615817256807,-0.025038639050871888,nan,nan,nan,nan
920,30.677502944640754,0,650.7460174331229,247.10129245566574,706.9560272934041,249.53626484710637,nan,nan,nan,nan,28.70041423854479,16.616615817256807,-0.025038639050871888,nan,nan,nan,nan
921,30.710848056537102,0,650.7247816922613,247.11683227943388,706.9560272934041,249.53626484710637,nan,nan,nan,nan,28.699749402324702,16.61609578256235,-0.02471641160886297,nan,nan,nan,nan
922,30.74419316843345,0,650.7247816922613,247.11683227943388,706.9560272934041,249.53626484710637,nan,nan,nan,nan,28.699749402324702,16.61609578256235,-0.02471641160886297,nan,nan,nan,nan
923,30.7775382803298,0,650.6860078573587,247.14808099123601,706.9909570459683,249.62346144184878,nan,nan,nan,nan,28.699296125224144,16.61223637079317,-0.025750341019445504,nan,nan,nan,nan
924,30.81088339222615,0,650.706834532374,247.17326139088726,706.9909570459683,249.62346144184878,nan,nan,nan,nan,28.699857236815575,16.611430749416577,-0.025275742015090818,nan,nan,nan,nan
925,30.844228504122498,0,650.706834532374,247.17326139088726,706.9909570459683,249.62346144184878,nan,nan,nan,nan,28.699857236815575,16.611430749416577,-0.025275742015090818,nan,nan,nan,nan
926,30.877573616018847,0,650.706834532374,247.17326139088726,706.9909570459683,249.62346144184878,nan,nan,nan,nan,28.699857236815575,16.611430749416577,-0.025275742015090818,nan,nan,nan,nan
927,30.910918727915195,0,650.6962630792226,247.20926756352765,706.9909570459683,249.62346144184878,nan,nan,nan,nan,28.69946272542584,16.61025178973407,-0.024562683709062873,nan,nan,nan,nan
928,30.944263839811544,0,650.6962630792226,247.20926756352765,706.9909570459683,249.62346144184878,nan,nan,nan,nan,28.69946272542584,16.61025178973407,-0.024562683709062873,nan,nan,nan,nan
929,30.977608951707893,0,650.6576657665767,247.24062406240623,706.9909570459683,249.62346144184878,nan,nan,nan,nan,28.698247457436544,16.609205439207244,-0.023917681604200953,nan,nan,nan,nan
930,31.010954063604242,0,650.6576657665767,247.24062406240623,706.9191011235955,249.67515605493134,nan,nan,nan,nan,28.6959465019546,16.607474019683153,-0.024989829492558343,nan,nan,nan,nan
931,31.04429917550059,0,650.6642620979861,247.21641118124435,706.9191011235955,249.67515605493134,nan,nan,nan,nan,28.69619657110786,16.608266452177674,-0.025469213433181575,nan,nan,nan,nan
932,31.07764428739694,0,650.6576657665767,247.24062406240623,706.9191011235955,249.67515605493134,nan,nan,nan,nan,28.6959465019546,16.607474019683153,-0.024989829492558343,nan,nan,nan,nan
933,31.110989399293288,0,650.6576657665767,247.24062406240623,706.9191011235955,249.67515605493134,nan,nan,nan,nan,28.6959465019546,16.607474019683153,-0.024989829492558343,nan,nan,nan,nan
934,31.144334511189633,0,650.6576657665767,247.24062406240623,706.9191011235955,249.67515605493134,nan,nan,nan,nan,28.6959465019546,16.607474019683153,-0.024989829492558343,nan,nan,nan,nan
935,31.177679623085982,0,650.6576657665767,247.24062406240623,706.9191011235955,249.67515605493134,nan,nan,nan,nan,28.6959465019546,16.607474019683153,-0.024989829492558343,nan,nan,nan,nan
936,31.21102473498233,0,650.6576657665767,247.24062406240623,706.9191011235955,249.67515605493134,nan,nan,nan,nan,28.6959465019546,16.607474019683153,-0.024989829492558343,nan,nan,nan,nan
937,31.24436984687868,0,650.6576657665767,247.24062406240623,706.9191011235955,249.67515605493134,nan,nan,nan,nan,28.6959465019546,16.607474019683153,-0.024989829492558343,nan,nan,nan,nan
938,31.27771495877503,0,650.6576657665767,247.24062406240623,706.9191011235955,249.67515605493134,nan,nan,nan,nan,28.6959465019546,16.607474019683153,-0.024989829492558343,nan,nan,nan,nan
939,31.311060070671378,0,650.6576657665767,247.24062406240623,706.9191011235955,249.67515605493134,nan,nan,nan,nan,28.6959465019546,16.607474019683153,-0.024989829492558343,nan,nan,nan,nan
940,31.344405182567726,0,650.6576657665767,247.24062406240623,706.9191011235955,249.67515605493134,nan,nan,nan,nan,28.6959465019546,16.607474019683153,-0.024989829492558343,nan,nan,nan,nan
941,31.377750294464075,0,650.6576657665767,247.24062406240623,706.9191011235955,249.67515605493134,nan,nan,nan,nan,28.6959465019546,16.607474019683153,-0.024989829492558343,nan,nan,nan,nan
942,31.411095406360424,0,650.6576657665767,247.24062406240623,706.9191011235955,249.67515605493134,nan,nan,nan,nan,28.6959465019546,16.607474019683153,-0.024989829492558343,nan,nan,nan,nan
943,31.444440518256773,0,650.6311230585424,247.29629629629625,706.8210894552723,249.52223888055968,nan,nan,nan,nan,28.6925944743273,16.610558802649624,-0.02096140788082814,nan,nan,nan,nan
944,31.47778563015312,0,650.6311230585424,247.29629629629625,706.8210894552723,249.52223888055968,nan,nan,nan,nan,28.6925944743273,16.610558802649624,-0.02096140788082814,nan,nan,nan,nan
945,31.51113074204947,0,650.6311230585424,247.29629629629625,706.8210894552723,249.52223888055968,nan,nan,nan,nan,28.6925944743273,16.610558802649624,-0.02096140788082814,nan,nan,nan,nan
946,31.54447585394582,0,650.6311230585424,247.29629629629625,706.8210894552723,249.52223888055968,nan,nan,nan,nan,28.6925944743273,16.610558802649624,-0.02096140788082814,nan,nan,nan,nan
947,31.577820965842168,0,650.6311230585424,247.29629629629625,706.8210894552723,249.52223888055968,nan,nan,nan,nan,28.6925944743273,16.610558802649624,-0.02096140788082814,nan,nan,nan,nan
948,31.611166077738517,0,650.6311230585424,247.29629629629625,706.8210894552723,249.52223888055968,nan,nan,nan,nan,28.6925944743273,16.610558802649624,-0.02096140788082814,nan,nan,nan,nan
949,31.644511189634866,0,650.6311230585424,247.29629629629625,706.8210894552723,249.52223888055968,nan,nan,nan,nan,28.6925944743273,16.610558802649624,-0.02096140788082814,nan,nan,nan,nan
950,31.677856301531214,0,650.6311230585424,247.29629629629625,706.8210894552723,249.52223888055968,nan,nan,nan,nan,28.6925944743273,16.610558802649624,-0.02096140788082814,nan,nan,nan,nan
951,31.711201413427563,0,650.6311230585424,247.29629629629625,706.8210894552723,249.52223888055968,nan,nan,nan,nan,28.6925944743273,16.610558802649624,-0.02096140788082814,nan,nan,nan,nan
952,31.744546525323912,0,650.6311230585424,247.29629629629625,706.8210894552723,249.52223888055968,505.30509413067546,153.4706533776301,418.7051282051282,152.93688362919133,28.6925944743273,16.610558802649624,-0.02096140788082814,18.462950062742483,22.822572853218087,13.150536843131782,22.7149868907612
953,31.77789163722026,0,650.6311230585424,247.29629629629625,706.8924082453493,249.46958270487679,nan,nan,nan,nan,28.694882546657666,16.61232146294406,-0.019875056799129355,nan,nan,nan,nan
954,31.81123674911661,0,650.6311230585424,247.29629629629625,706.8924082453493,249.46958270487679,nan,nan,nan,nan,28.694882546657666,16.61232146294406,-0.019875056799129355,nan,nan,nan,nan
955,31.844581861012955,0,650.6311230585424,247.29629629629625,706.8924082453493,249.46958270487679,609.4852941176471,138.5843137254902,573.4963522012579,147.73459119496854,28.694882546657666,16.61232146294406,-0.019875056799129355,24.96239154523796,24.07759261414735,22.68848496155195,23.35051596193376
956,31.877926972909304,0,650.6311230585424,247.29629629629625,706.9645928174,249.42842690945875,nan,nan,nan,nan,28.697160546290633,16.613710221441075,-0.019015795022409042,nan,nan,nan,nan
957,31.911272084805653,0,650.7707964601769,247.1749262536873,706.9645928174,249.42842690945875,nan,nan,nan,nan,28.701576063899076,16.617753728044462,-0.0214954211958874,nan,nan,nan,nan
958,31.944617196702,0,650.8497363796133,247.126244874048,707.1615776081425,249.39898218829512,nan,nan,nan,nan,28.709984452268547,16.620481912580164,-0.02177784733350244,nan,nan,nan,nan
959,31.97796230859835,0,651.2480022831049,247.21718036529677,707.2363031233999,249.38146441372245,nan,nan,nan,nan,28.7238724574266,16.618409389194493,-0.01990264412731618,nan,nan,nan,nan
960,32.0113074204947,0,651.37973967176,246.99858517260893,707.4660928534167,249.40271257172662,nan,nan,nan,nan,28.735049439651057,16.625074598551763,-0.024534585618554716,nan,nan,nan,nan
961,32.04465253239105,0,651.6246196403872,247.11203319502076,707.7046783625731,249.53960659223813,nan,nan,nan,nan,28.74873129955304,16.617246278205364,-0.02500319927234496,nan,nan,nan,nan
962,32.0779976442874,0,651.6246196403872,247.11203319502076,707.7750133761369,249.62011771000533,nan,nan,nan,nan,28.750572537889912,16.614671217946775,-0.026523918191112366,nan,nan,nan,nan
963,32.111342756183745,0,651.6525423728814,246.8420903954802,707.7750133761369,249.62011771000533,nan,nan,nan,nan,28.752011981315885,16.62347811259246,-0.031846144973438094,nan,nan,nan,nan
964,32.1446878680801,0,651.5138657792568,247.28702163061564,707.6463512429832,249.61053194333064,nan,nan,nan,nan,28.743090873073548,16.609127711738928,-0.022920027025030505,nan,nan,nan,nan
965,32.17803297997644,0,651.5,250.5,707.4103575184016,251.28049421661407,nan,nan,nan,nan,28.723168926878635,16.450234551528382,0.007125509478667059,nan,nan,nan,nan
966,32.21137809187279,0,650.3423342334232,251.75937593759372,707.0271624472573,252.76872362869196,nan,nan,nan,nan,28.670034056858658,16.36005106944404,0.0028589811838535565,nan,nan,nan,nan
967,32.24472320376914,0,648.789672178706,251.74905715114588,705.1982389937107,251.6372327044025,nan,nan,nan,nan,28.573265510165932,16.39489013557974,0.024510376312645514,nan,nan,nan,nan
968,32.278068315665486,0,647.9522957662492,250.09868813357184,704.0970797158642,250.1789002893975,nan,nan,nan,nan,28.523869012850717,16.4945190314042,0.020862849863474725,nan,nan,nan,nan
969,32.31141342756184,0,644.4729895641498,248.0,700.0797217763509,251.0133761369716,nan,nan,nan,nan,28.303345242569222,16.53054067799973,-0.0370492819783126,nan,nan,nan,nan
970,32.344758539458184,0,637.6379084967319,245.88366013071894,691.8845836768343,250.4479252541907,nan,nan,nan,nan,27.86327566481077,16.60775188606725,-0.07008918131801138,nan,nan,nan,nan
971,32.378103651354536,0,626.1333333333332,243.34066985645933,680.3780487804878,248.6219512195122,nan,nan,nan,nan,27.190308299894806,16.73463439401586,-0.08469849173554411,nan,nan,nan,nan
972,32.41144876325088,0,612.349344978166,239.6291848617176,666.2805890227577,245.74725568942435,nan,nan,nan,nan,26.37645148827271,16.93082571035513,-0.10248880800465843,nan,nan,nan,nan
973,32.444793875147234,0,594.4750093949642,237.93649004133783,648.9447028423772,243.46408268733848,nan,nan,nan,nan,25.338944943706377,17.03692017417508,-0.089270137157009,nan,nan,nan,nan
974,32.47813898704358,0,575.3684012066365,235.829185520362,630.2905073649755,241.34888161483906,nan,nan,nan,nan,24.22535584738636,17.149438729628592,-0.08818886153097064,nan,nan,nan,nan
975,32.51148409893993,0,558.4486607142857,233.61160714285714,613.3333333333333,238.80928826600712,nan,nan,nan,nan,23.227130085407772,17.282204609823342,-0.08178045014292727,nan,nan,nan,nan
976,32.544829210836276,0,543.4311740890688,233.57085020242914,597.8300653594771,237.7546296296296,nan,nan,nan,nan,22.324011115814482,17.29718300596626,-0.06208050397028222,nan,nan,nan,nan
977,32.57817432273263,0,530.8050430504304,233.46678966789668,585.805,237.67305555555552,nan,nan,nan,nan,21.594202043192176,17.286375521097284,-0.061606537130751385,nan,nan,nan,nan
978,32.611519434628974,0,522.2834549878345,232.17974452554745,576.3654714475431,235.9508632138114,499.2065095398428,281.8136924803591,475.7554644808743,264.3210382513661,21.065005667590476,17.372738262770035,-0.05412453200704764,18.114083049694724,14.255745928156612,16.751791572797465,15.325435715429757
979,32.644864546525326,0,516.4021739130435,231.68115942028984,570.6861947382695,235.4949823704909,nan,nan,nan,nan,20.723489248134364,17.396114062842152,-0.054708297365929456,nan,nan,nan,nan
980,32.67820965842167,0,513.366869037294,231.38450419196298,567.8777686628384,233.7984686901832,nan,nan,nan,nan,20.5522903347874,17.457529768555375,-0.025873768002132744,nan,nan,nan,nan
981,32.711554770318024,0,512.3690149435803,229.81030802073803,566.4564362001123,231.3546936481169,nan,nan,nan,nan,20.483153047517284,17.587994912179212,-0.008338144952617425,nan,nan,nan,nan
982,32.74489988221437,0,512.628503279666,229.48211091234347,567.3997245179063,229.48347107438016,nan,nan,nan,nan,20.52067100536969,17.661328694834015,0.02341504392360478,nan,nan,nan,nan
983,32.77824499411072,0,515.2069774259747,229.81119906185867,570.1696820175438,229.23355263157896,nan,nan,nan,nan,20.679458023950716,17.662469799822915,0.03510612839893883,nan,nan,nan,nan
984,32.81159010600707,0,518.3396946564885,230.5114503816794,572.4413633737723,228.5759676487579,nan,nan,nan,nan,20.84020639592157,17.664916406475175,0.06307656758783067,nan,nan,nan,nan
985,32.84493521790342,0,520.016434108527,232.2272868217054,574.7067690557451,229.76450511945393,nan,nan,nan,nan,20.955514394692322,17.572028486707598,0.07317873930301523,nan,nan,nan,nan
986,32.878280329799765,0,521.7592076756422,234.3837821108016,576.7250772254985,231.83206964335858,nan,nan,nan,nan,21.06419002059365,17.435738671898584,0.07454464140035826,nan,nan,nan,nan
987,32.91162544169611,0,522.9555555555555,236.69444444444446,578.2987924740241,234.00898623982025,nan,nan,nan,nan,21.143169099724393,17.290418574801464,0.07667590765870966,nan,nan,nan,nan
988,32.94497055359246,0,522.8964488212473,239.05401372724558,578.3118625872248,235.66908212560386,nan,nan,nan,nan,21.139306583812704,17.158864646985034,0.09028141627918394,nan,nan,nan,nan
989,32.97831566548881,0,523.4309240622141,240.58371454711803,578.5245717495085,236.3563605728728,nan,nan,nan,nan,21.16015553460058,17.087008208403986,0.10726058915616914,nan,nan,nan,nan
990,33.01166077738516,0,524.5151237396883,240.9468377635197,579.2874436936936,236.19960585585585,nan,nan,nan,nan,21.214747809344573,17.08158602950737,0.11805248970685933,nan,nan,nan,nan
991,33.045005889281505,0,525.4856887298748,241.0885509838998,580.5337268128162,236.2625070264193,496.4697986577181,205.2342601470118,427.41723356009066,152.05668934240362,21.280136609960643,17.07642022198913,0.11911555417296546,17.934948105430447,19.215927061741848,13.680715656288763,22.79221356292663
992,33.07835100117786,0,526.3016163464471,241.27020433058857,581.2244252873562,236.31580459770115,nan,nan,nan,nan,21.324502316431076,17.069785850853037,0.12184842110070737,nan,nan,nan,nan
993,33.1116961130742,0,526.3541852844801,241.434018468871,581.3119292237442,236.3872716894977,nan,nan,nan,nan,21.32850699411371,17.062209930736003,0.12359467985662323,nan,nan,nan,nan
994,33.145041224970555,0,526.4051051051051,241.4303303303303,581.3119292237442,236.3872716894977,nan,nan,nan,nan,21.33000632391056,17.0623641055405,0.12361411931619025,nan,nan,nan,nan
995,33.1783863368669,0,526.4180841539838,241.50104446433897,581.3846371882086,236.3489229024943,nan,nan,nan,nan,21.33256633641704,17.06138072176327,0.1256527719755545,nan,nan,nan,nan
996,33.21173144876325,0,526.4136690647482,241.5245803357314,581.3846371882086,236.3489229024943,nan,nan,nan,nan,21.332428934444486,17.060612448043965,0.1261069382398192,nan,nan,nan,nan
997,33.2450765606596,0,526.5004508566276,241.46197775773967,581.3846371882086,236.3489229024943,nan,nan,nan,nan,21.335002158952744,17.062706459253707,0.12503598208339692,nan,nan,nan,nan
998,33.27842167255595,0,526.5004508566276,241.46197775773967,581.3846371882086,236.3489229024943,nan,nan,nan,nan,21.335002158952744,17.062706459253707,0.12503598208339692,nan,nan,nan,nan
999,33.311766784452296,0,526.5213984327908,241.47287522603978,581.3846371882086,236.3489229024943,nan,nan,nan,nan,21.335614979209687,17.062366176638374,0.12528891785854754,nan,nan,nan,nan
1000,33.34511189634865,0,526.5150966183575,241.44927536231884,581.3846371882086,236.3489229024943,nan,nan,nan,nan,21.33543713381841,17.063129371905916,0.12481279873120617,nan,nan,nan,nan
1001,33.37845700824499,0,526.5033152501506,241.4276672694394,581.3846371882086,236.3489229024943,nan,nan,nan,nan,21.33509742509166,17.063824129303356,0.12436594300927649,nan,nan,nan,nan
1002,33.411802120141346,0,526.5971479500892,241.37225193107543,581.295238095238,236.22941176470587,nan,nan,nan,nan,21.335366489957543,17.069547610117993,0.12597934055409882,nan,nan,nan,nan
1003,33.44514723203769,0,526.5971479500892,241.37225193107543,581.295238095238,236.22941176470587,318.36336866902235,362.20553592461715,296.1179775280899,340.44943820224717,21.335366489957543,17.069547610117993,0.12597934055409882,8.2204696723154,9.27684154095682,6.888475212257323,10.50626213460624
1004,33.47849234393404,0,526.5971479500892,241.37225193107543,581.295238095238,236.22941176470587,nan,nan,nan,nan,21.335366489957543,17.069547610117993,0.12597934055409882,nan,nan,nan,nan
1005,33.51183745583039,0,526.5971479500892,241.37225193107543,581.295238095238,236.22941176470587,nan,nan,nan,nan,21.335366489957543,17.069547610117993,0.12597934055409882,nan,nan,nan,nan
1006,33.54518256772674,0,526.5971479500892,241.37225193107543,581.295238095238,236.22941176470587,nan,nan,nan,nan,21.335366489957543,17.069547610117993,0.12597934055409882,nan,nan,nan,nan
1007,33.578527679623086,0,526.6007717423568,241.38409023449094,581.2718556119571,236.31895093062604,nan,nan,nan,nan,21.33467060679461,17.06621246690493,0.1244856362770288,nan,nan,nan,nan
1008,33.61187279151944,0,526.6007717423568,241.38409023449094,581.2718556119571,236.31895093062604,nan,nan,nan,nan,21.33467060679461,17.06621246690493,0.1244856362770288,nan,nan,nan,nan
1009,33.645217903415784,0,526.5971479500892,241.37225193107543,581.1893557422968,236.3050420168067,nan,nan,nan,nan,21.33213833259672,17.066994654981208,0.12467339385972159,nan,nan,nan,nan
1010,33.67856301531213,0,526.6007717423568,241.38409023449094,581.1517202481668,236.39509306260575,nan,nan,nan,nan,21.331019508594707,17.063633219569965,0.12319138448967895,nan,nan,nan,nan
1011,33.71190812720848,0,526.573037037037,241.47407407407405,581.1517202481668,236.39509306260575,nan,nan,nan,nan,21.330174544230147,17.060688319853824,0.12492242186436239,nan,nan,nan,nan
1012,33.74525323910483,0,526.573037037037,241.47407407407405,581.1517202481668,236.39509306260575,nan,nan,nan,nan,21.330174544230147,17.060688319853824,0.12492242186436239,nan,nan,nan,nan
1013,33.77859835100118,0,526.5168439716313,241.47665484633566,581.0777967064167,236.4335604770017,nan,nan,nan,nan,21.32628378923409,17.059254596052572,0.1242413959506347,nan,nan,nan,nan
1014,33.811943462897524,0,526.5168439716313,241.47665484633566,581.1486563750714,236.51200686106347,nan,nan,nan,nan,21.328292153560042,17.056730922907306,0.1225516687903364,nan,nan,nan,nan
1015,33.84528857479388,0,526.5168439716313,241.47665484633566,581.287084038353,236.5642978003384,nan,nan,nan,nan,21.332334028249193,17.055111225650034,0.12126478647822701,nan,nan,nan,nan
1016,33.87863368669022,0,526.5608088016652,241.46684507879868,581.1486563750714,236.51200686106347,nan,nan,nan,nan,21.32958881941267,17.057079478677007,0.1224365386621219,nan,nan,nan,nan
1017,33.911978798586574,0,526.5608088016652,241.46684507879868,581.1486563750714,236.51200686106347,nan,nan,nan,nan,21.32958881941267,17.057079478677007,0.1224365386621219,nan,nan,nan,nan
1018,33.94532391048292,0,526.5608088016652,241.46684507879868,581.1760523321956,236.57992036405003,nan,nan,nan,nan,21.330321062488693,17.05487157081938,0.12103593438346415,nan,nan,nan,nan
1019,33.97866902237927,0,526.5608088016652,241.46684507879868,581.2138418079095,236.4878531073446,nan,nan,nan,nan,21.33154954407938,17.05791607401426,0.12279902599986925,nan,nan,nan,nan
1020,34.01201413427562,0,526.5267379679144,241.5891265597148,581.1433782267115,236.41049382716045,nan,nan,nan,nan,21.32851005210678,17.056405400065557,0.12682118855216323,nan,nan,nan,nan
1021,34.04535924617197,0,526.45,241.61369047619047,581.116187253243,236.34263959390864,nan,nan,nan,nan,21.325518269365872,17.05776165045684,0.12856006103799325,nan,nan,nan,nan
1022,34.078704358068315,0,526.45,241.61369047619047,581.116187253243,236.34263959390864,403.00103199174407,120.28482972136223,362.58454810495624,156.57337220602525,21.325518269365872,17.05776165045684,0.12856006103799325,12.07711998869097,25.049430943623957,9.748043558395866,22.36409882946363
1023,34.11204946996467,0,526.45,241.61369047619047,581.116187253243,236.34263959390864,397.2244997559785,113.41971693509028,353.9435897435897,144.79347319347318,21.325518269365872,17.05776165045684,0.12856006103799325,11.692413469001716,25.54608987137243,9.164207385187023,23.185926612757736
1024,34.14539458186101,0,526.45,241.61369047619047,581.116187253243,236.34263959390864,380.79842137219185,104.48391013964785,336.59273927392735,132.38877887788777,21.325518269365872,17.05776165045684,0.12856006103799325,10.630342501502952,26.181098668329486,8.035565030269664,24.04772835704042
1025,34.178739693757365,0,526.45,241.61369047619047,581.116187253243,236.34263959390864,370.93189964157705,93.53917050691244,323.67262872628726,120.00975609756098,21.325518269365872,17.05776165045684,0.12856006103799325,9.961266858293422,26.986047554036137,7.166519426215355,24.926100201281297
1026,34.21208480565371,0,526.45,241.61369047619047,581.116187253243,236.34263959390864,358.82460732984293,76.24083769633508,309.1168177240684,103.96827794561933,21.325518269365872,17.05776165045684,0.12856006103799325,9.109076173615414,28.28422151862639,6.159859443937041,26.084952876538456
1027,34.24542991755006,0,526.5150971599402,241.63557548579968,581.116187253243,236.34263959390864,347.8561278863233,62.86086441681468,294.3381245722108,91.07802874743327,21.327426370074374,17.057093856347027,0.12911644813544654,8.336654007399515,29.301646584648463,5.146162770829792,27.02422539984523
1028,34.27877502944641,0,526.5748663101605,241.55614973262033,581.1987507098239,236.35689948892676,348.1315228966986,64.20074547390841,289.50248756218906,91.03056147832267,21.331641138034684,17.059305396262992,0.1272199683249878,8.362021917305897,29.197401044272027,4.843735001382425,27.018477643208485
1029,34.31212014134276,0,526.5,241.5,581.1987507098239,236.35689948892676,350.0355599867065,85.4313725490196,287.20055710306406,107.06406685236769,21.329456527240506,17.06108084637703,0.12597117695630136,8.603913481147956,27.561547232339983,4.823477352744468,25.813890271191777
1030,34.345465253239105,0,526.4401899673493,241.57850994360342,581.1987507098239,236.35689948892676,344.26176046176045,109.13881673881673,279.2002830856334,125.12349610757254,21.327671783665913,17.05848783028288,0.12740802362871306,8.376109971177774,25.765769369345215,4.469919126244564,24.47339171995525
1031,34.37881036513545,0,526.3876941457586,241.4820788530466,581.0191210045662,236.3650114155251,346.3392041748206,143.866927592955,278.65109034267914,152.52414330218068,21.320823361224953,17.061199036839824,0.1255826298060682,8.695528237132795,23.239194275636844,4.645959283295944,22.510908753367254
1032,34.4121554770318,0,526.3876941457586,241.4820788530466,581.0191210045662,236.3650114155251,356.48054043153854,185.840088727566,285.655095683133,187.35202492211837,21.320823361224953,17.061199036839824,0.1255826298060682,9.52100418506503,20.32222293992833,5.3184403495197365,20.111230933660117
1033,34.44550058892815,0,526.3876941457586,241.4820788530466,581.0191210045662,236.3650114155251,361.77868629054234,212.04715181248295,288.5948154409692,209.62130177514794,21.320823361224953,17.061199036839824,0.1255826298060682,9.957309117925082,18.563838651057452,5.645547404823818,18.62014521089
1034,34.4788457008245,0,526.3876941457586,241.4820788530466,581.0191210045662,236.3650114155251,363.936563876652,217.10279001468427,290.09901960784316,214.7937908496732,21.320823361224953,17.061199036839824,0.1255826298060682,10.106826330897615,18.23173486165393,5.768425666231789,18.27992220002437
1035,34.512190812720846,0,526.3876941457586,241.4820788530466,581.0830518018017,236.18440315315314,367.5483719840712,227.72593113141252,294.3709677419355,224.6390168970814,21.322930777364217,17.067166054728528,0.12904641789431034,10.36460284804526,17.538171763596043,6.082431153141008,17.639260388958547
1036,34.5455359246172,0,526.3876941457586,241.4820788530466,581.0830518018017,236.18440315315314,371.422090729783,246.2576429980276,298.92392473118275,241.54596774193547,21.322930777364217,17.067166054728528,0.12904641789431034,10.667140899529553,16.342916077378113,6.453933885371603,16.550136874174775
1037,34.57888103651354,0,526.4703440094898,241.53380782918148,581.0830518018017,236.18440315315314,375.06766696087084,256.0367755222124,304.0980585718986,250.32576505429418,21.32534589329135,17.065539560605153,0.13022611369136705,10.916761131599198,15.723303655647177,6.80569845555509,15.995516563626284
1038,34.612226148409896,0,526.4703440094898,241.53380782918148,581.0830518018017,236.18440315315314,381.6577619471653,260.8777085188483,310.95522388059703,254.71073205401564,21.32534589329135,17.065539560605153,0.13022611369136705,11.314584991444313,15.424848561706302,7.22520217370513,15.725745854778832
1039,34.64557126030624,0,526.4333930704898,241.5379330943847,581.0581065759636,236.27409297052154,389.1268591426072,267.9827938174395,319.65564202334633,262.02821011673154,21.323412548426823,17.062421885673565,0.12850428218393017,11.76895403087862,14.986460902352286,7.764796830531626,15.274487802561445
1040,34.67891637220259,0,526.4855783526613,241.56883734760626,581.0830518018017,236.18440315315314,394.80988835725674,275.0775119617225,326.30827067669173,268.328320802005,21.32578288561755,17.06441080394224,0.13094735568233687,12.118173045311991,14.549463264881059,8.178661730751521,14.88738077799953
1041,34.71226148409894,0,526.3661971830986,241.43603286384976,581.0581065759636,236.27409297052154,399.9254473161034,277.7697150430749,331.45895953757224,271.12601156069366,21.321468051848335,17.065690240510186,0.1263656006215444,12.419031432189696,14.38797706473114,8.486765253455923,14.718886626734466
1042,34.74560659599529,0,526.3661971830986,241.43603286384976,581.0581065759636,236.27409297052154,407.35850160959905,282.01902253438686,339.3510384746339,275.54885938032004,21.321468051848335,17.065690240510186,0.1263656006215444,12.855921478490533,14.133086043098034,8.958073298506234,14.453043495187881
1043,34.778951707891636,0,526.3661971830986,241.43603286384976,581.0581065759636,236.27409297052154,413.2391643280324,287.2179607109448,345.29723756906077,280.55432780847144,21.321468051848335,17.065690240510186,0.1263656006215444,13.205381519388817,13.818735968200665,9.31982011709864,14.14985666987801
1044,34.81229681978799,5,526.3999410551133,241.4895372826407,581.0581065759636,236.27409297052154,417.3342857142857,287.42603174603175,349.3545861297539,280.7192393736018,21.32244380394745,17.06397306070285,0.12748518458109698,13.438967289684529,13.810719955543371,9.550893766589091,14.144484980344203
1045,34.845641931684334,5,526.4745961820852,241.44640234948602,581.1909141583054,236.5013935340022,419.54957698815565,285.8758037225042,351.57547535894446,279.244082266201,21.328323977746642,17.05806320589302,0.12201265754988352,13.56115918186406,13.908979054411091,9.670346780086339,14.238443308229671
1046,34.878987043580686,5,526.4745961820852,241.44640234948602,581.116187253243,236.34263959390864,423.2169312169312,285.7483465608465,355.4973800886739,278.52075775896816,21.326295379708682,17.063217735090216,0.12530220925753513,13.769810422463722,13.921180392952888,9.890068311273392,14.287965433629884
1047,34.91233215547703,5,526.4745961820852,241.44640234948602,581.116187253243,236.34263959390864,427.3852140077821,284.49383916990917,359.4752436647173,276.9157894736842,21.326295379708682,17.063217735090216,0.12530220925753513,14.00453195448207,14.003665816792578,10.109432353800445,14.392353786726543
1048,34.945677267373384,5,526.4745961820852,241.44640234948602,581.116187253243,236.34263959390864,431.35714285714283,278.94719169719167,363.62792397660814,271.95431286549706,21.326295379708682,17.063217735090216,0.12530220925753513,14.219047096682486,14.352576280927705,10.325158916971448,14.706426260810417
1049,34.97902237926973,5,526.4745961820852,241.44640234948602,581.116187253243,236.34263959390864,435.4815546772068,273.6327404479578,367.5799522673031,266.75894988066824,21.326295379708682,17.063217735090216,0.12530220925753513,14.444098273625809,14.68925099954191,10.529617662042309,15.036654483565483
1050,35.01236749116608,5,526.4745961820852,241.44640234948602,581.116187253243,236.34263959390864,439.86974358974356,271.33606837606834,372.1004455245038,264.79870392871607,21.326295379708682,17.063217735090216,0.12530220925753513,14.691566736014634,14.838561145646402,10.780767926012166,15.165513068758282
1051,35.04571260306243,5,526.4745961820852,241.44640234948602,581.3725815367605,236.5099502487562,443.35769881556683,269.2751269035533,375.68275030156815,262.7362283876156,21.33369917453257,17.057907032747565,0.12151833459689844,14.888315908851071,14.97233911540328,10.978253407268186,15.299957462768752
1052,35.07905771495877,5,526.4745961820852,241.44640234948602,581.3725815367605,236.5099502487562,446.47087211306444,266.2278524646673,379.4426699426699,260.1330876330876,21.33369917453257,17.057907032747565,0.12151833459689844,15.062191560491216,15.168185419253192,11.184395496700631,15.469153876283876
1053,35.112402826855124,5,526.4397288535218,241.49160035366933,581.3725815367605,236.5099502487562,450.357715081853,265.67572274468824,383.49652351738234,259.5002044989775,21.33265888014298,17.056413834949602,0.12234609377311689,15.285509658128747,15.207898243114252,11.415309252365047,15.514337054932845
1054,35.14574793875147,5,526.4397288535218,241.49160035366933,581.3725815367605,236.5099502487562,453.69135802469134,265.6460905349794,387.1167298777918,259.5646860514117,21.33265888014298,17.056413834949602,0.12234609377311689,15.477897247289642,15.213940880803573,11.62395469873881,15.514832313166004
1055,35.17909305064782,5,526.4397288535218,241.49160035366933,581.3725815367605,236.5099502487562,456.31851048445407,264.6059291395517,389.68902953586496,258.49915611814345,21.33265888014298,17.056413834949602,0.12234609377311689,15.628052173862347,15.282976749996566,11.7683754192015,15.58561915111569
1056,35.21243816254417,5,526.4564511366991,241.46826099793324,581.3725815367605,236.5099502487562,459.3146028442594,264.14984391259105,393.03299492385787,258.20600676818947,21.333158327490516,17.057184021033766,0.12191653425136224,15.800549888943653,15.31559399266924,11.960099964972784,15.608458941943628
1057,35.24578327444052,5,526.5027998821101,241.44414972001178,581.3725815367605,236.5099502487562,462.86513729579417,264.25790754257906,396.1416881998277,258.13608957795003,21.334529703046826,17.057999250142387,0.12152391999959825,16.005967345681526,15.313218813998606,12.139104050010411,15.616845151833383
1058,35.279128386336865,5,528.4757164404223,241.72911010558065,583.3489583333333,236.26672149122805,465.5376114081996,264.3921568627451,399.41698513800424,258.31422505307853,21.45136878091271,17.059390011851825,0.13191210934291817,16.160675216674303,15.308081995429008,12.328571497570344,15.609702638782245
1059,35.31247349823322,5,531.5668809305172,241.49433731251912,586.2259289395172,236.10089503661513,468.4340659340659,264.57948717948716,402.35723598435465,258.296827466319,21.627955063881657,17.07651524142437,0.13096097078410615,16.328412735538645,15.299866800999022,12.49812421500096,15.614543248375362
1060,35.34581861012956,5,534.9558558558558,241.23873873873873,589.5732466829136,236.05740590305982,471.7922966162707,264.1688264938805,405.67053763440856,258.1384946236559,21.827201881742862,17.09083445663116,0.12682740984427382,16.522265708543518,15.330087304935862,12.688828856702047,15.62880726338447
1061,35.379163722025915,5,538.7969135802468,241.30493827160493,593.7695803261159,235.89147286821702,475.79633620689657,264.19001436781605,409.44683544303797,258.2620253164557,22.0650645199548,17.099593284606975,0.13069126999856243,16.754039703878277,15.333785283267687,12.907167135557712,15.625766701527724
1062,35.41250883392226,5,543.089219330855,241.48451053283765,597.9776881720429,235.827688172043,479.82102168320466,264.3976479235575,413.9900432900433,258.63246753246756,22.316460502025414,17.101623621979684,0.1355820790423189,16.987230942377124,15.325700337712806,13.170516868065246,15.608022721430768
1063,35.44585394581861,5,547.8783826806749,241.48455905762495,602.6602564102565,235.82532051282053,484.6751143963393,265.1939457937346,418.47606263982095,259.0102908277405,22.596701993186166,17.10814263561434,0.1357933719884909,17.268866572629445,15.28138300995761,13.430587324911716,15.589737254580879
1064,35.47919905771496,5,553.3263823064771,241.28467614533963,608.1088871096878,235.64905257539363,489.42130134496546,264.42820792439113,423.6649506649506,258.6675246675247,22.9196890342256,17.12786193803637,0.13528863692502086,17.543376462184856,15.335851813695902,13.72948441647319,15.618099167008609
1065,35.51254416961131,5,559.4044278141564,240.99002182725286,614.2206255283178,234.53141730064803,495.2733551435841,264.46092330061794,430.00394218134034,258.49014454664916,23.28289578514753,17.18253750546959,0.15131658835542255,17.882613061091057,15.341150986473915,14.095510394710901,15.63743740263441
1066,35.545889281507655,5,565.753930060956,240.8309271735643,620.4749118524545,234.27176566314077,501.68854850474105,264.4598832968636,436.34312416555406,258.7000445037828,23.657168988577034,17.204883890110768,0.15343493502747949,18.254677272466683,15.349302986056975,14.462627617926325,15.63216893946415
1067,35.57923439340401,5,572.616083009079,240.86835278858624,627.3319716775599,234.114651416122,508.38291711907345,264.73000361925443,442.8768406961178,259.10932619366355,24.064453949572616,17.218221040715235,0.157143470043606,18.64313595156217,15.340614024361146,14.841506592627754,15.61447283388785
1068,35.61257950530035,5,579.7020592020591,240.26833976833976,634.2929867316544,234.00054156512317,514.7967306325515,264.4914712153518,449.95770804911325,258.3342428376535,24.482379470659446,17.25118235037653,0.14790956235589672,19.015562864708215,15.36383515525262,15.250131747592238,15.672788969074348
1069,35.645924617196705,5,586.5817120622568,239.69974059662775,641.2977423638778,233.9144754316069,521.464037970062,263.65169769989046,456.5957542908762,258.24661246612465,24.89582384730035,17.282119120282054,0.13816218968149,19.40331039051384,15.425580490248523,15.63467975867124,15.6868413942037
1070,35.67926972909305,5,593.4266923323707,239.50208533846646,648.1730462519936,233.83652312599682,527.9942713927676,263.4421768707483,463.3640886476707,258.1542288557214,25.304249741087567,17.30057364766298,0.1356989299791034,19.783223485351026,15.447165914893336,16.027039366551502,15.701372612382219
1071,35.7126148409894,5,600.1235741444867,239.36311787072242,654.8080151638234,233.6802057947468,534.5064377682403,263.33941344778253,469.83378378378376,258.0896396396396,25.70151098971625,17.319441893981654,0.13610534426603765,20.1622935755864,15.461955847826289,16.402366750653417,15.713760777681081
1072,35.74595995288575,5,606.5048513302035,239.42597809076682,661.119512885868,232.6627017841971,540.5032397408207,263.22354211663065,476.0121951219512,258.04336043360433,26.081827338609678,17.35974342250076,0.157252171147923,20.5116152985887,15.476935632306237,16.761033175595585,15.724616789928428
1073,35.77930506478209,5,612.4295405488745,239.29478877582486,667.0752333882482,232.274574409665,546.1940515052593,263.64272760246644,481.89722222222224,258.2861111111111,26.437067022095384,17.38506759620286,0.16208727819099225,20.84267578688045,15.457488608548541,17.103072791044283,15.716675736516347
1074,35.812650176678446,5,618.046468401487,239.35687732342006,672.6553581044695,231.97199784598814,551.6334089191232,264.4142101284958,487.7672693555864,258.862772369031,26.771636517780806,17.400776018607985,0.16913235006447558,21.158614648975878,15.415316892531782,17.44451452884118,15.68742968489826
1075,35.84599528857479,5,623.2864779874213,239.51698113207547,678.0574059030598,231.99891686975354,556.6100558659218,264.4837988826816,492.7894971072541,259.57721406319536,27.08880353292176,17.401987518863482,0.17116331837495624,21.44856601749109,15.41719558449385,17.736705887843254,15.64832592224599
1076,35.87934040047114,5,628.5420875420874,239.468931741659,683.2475884244373,231.96007502679527,561.4593448940269,264.67244701348744,498.0136239782016,260.0731153496821,27.40078511144704,17.412062176884213,0.17107594174490018,21.730996085815363,15.411340803980314,18.040493232845243,15.623407436209577
1077,35.91268551236749,5,633.7004023522129,239.77127824203032,688.2854065697361,232.04469574582657,566.6953405017921,265.69247311827957,502.9773776546629,260.5073868882733,27.704406463671027,17.406391866546667,0.17545040120585703,22.03451874724886,15.353116023054623,18.329121320614036,15.602082542048864
1078,35.94603062426384,5,638.9690847872665,239.82889501071318,693.3935677296265,232.02180430635048,571.59670781893,266.3381967826412,508.11590296495956,261.2888589398023,28.01432678849301,17.412430394473727,0.17733305429478813,22.31909374068378,15.31827751638426,18.627884158858183,15.558880760342047
1079,35.979375736160186,5,643.8197781885398,239.8524337646334,698.4011992368493,232.1430907604252,576.3227455275647,266.4092734574662,512.6937669376694,261.5496838301716,28.30856272869751,17.414452462744876,0.17494056994161675,22.59460030677934,15.319727277764178,18.8940502944007,15.548106471656762
1080,36.01272084805654,5,648.8539188777065,239.99939005794448,703.5861788617887,232.28590785907855,581.1159255036107,266.3918662105663,517.3873626373627,261.82875457875457,28.613351604036495,17.41196353386418,0.17450590861807957,22.874321372898084,15.32688570614127,19.166977950053806,15.536316818047963
1081,36.046065959952884,5,653.109796784956,240.0203215043979,707.8150242326333,232.2662897145934,585.2001522070015,266.42922374429224,521.8158131176999,261.83737646001794,28.8671370536576,17.417794012986533,0.17527461671559855,23.11264127131166,15.329670160048686,19.424642361161137,15.541400597265309
1082,36.079411071849236,5,657.1987179487179,239.58485958485957,711.9831978319783,232.0840108401084,589.0473022912047,266.07871396895786,525.9780760626397,261.5646532438479,29.11583453300195,17.443843241814182,0.17021829265076618,23.33816929687686,15.356820786122237,19.667080328477635,15.564062019582641
1083,36.11275618374558,5,661.2922794117648,239.55238970588235,716.0681942171303,232.09601745771957,592.8378475984109,265.5315998555435,529.7774699907663,261.0041551246537,29.360712709038424,17.450174283120162,0.16932771816298808,23.561066366749635,15.396432039207227,19.88874660328667,15.604613834020958
1084,36.146101295641934,5,664.7535428219346,239.15526802218113,719.8656918494448,232.19902518277823,596.0752078609221,264.4856386999244,533.1369798971482,260.43431510051425,29.578778063470775,17.46482875861298,0.15894707932224345,23.7531782341689,15.467161913250699,20.084980108190294,15.645236465374548
1085,36.17944640753828,5,668.1037763901278,239.03984537615221,723.3322493224932,232.03848238482382,599.502426278462,264.3829787234043,536.2233192289609,260.192289609779,29.783867032018218,17.47867883029297,0.1594891840985133,23.953986198239093,15.47806395038657,20.265151330352236,15.664623942666964
1086,36.21279151943463,5,671.7289410348977,238.78700361010831,726.6553581044695,231.97199784598814,602.7133479212254,264.1039387308534,539.537037037037,260.27777777777777,29.9929637328501,17.494015963935933,0.1566369090460149,24.14273365730486,15.49994402557192,20.458347813898264,15.663408597497586
1087,36.24613663133098,5,675.1125074805504,238.83692399760622,730.2231976589518,232.04602287842508,605.886563876652,264.2720264317181,543.0600938967135,260.3145539906103,30.201013087265878,17.494742712743903,0.155688026958587,24.328021831990384,15.493263270541417,20.663853593455777,15.665569886973548
1088,36.27948174322733,5,678.0324324324324,238.99129129129128,733.2966031483015,232.2394366197183,608.5771812080537,264.2654735272185,545.5694050991501,260.3201133144476,30.379659662385116,17.48740353062795,0.15452811674018152,24.48561115993928,15.497107158819848,20.810285038332392,15.668426819623525
1089,36.312826855123674,5,680.3072824156305,239.0313795145056,735.496705107084,232.30450302031846,610.5860889395667,264.2516153553782,548.0110497237569,260.2048802946593,30.513527923054763,17.487029391798956,0.15419027479046296,24.603326492341782,15.500549749050657,20.952952767232794,15.678909893945901
1090,36.34617196702003,5,681.7216435185185,239.14699074074073,736.6807588075881,232.10840108401084,611.9782110091743,264.4036697247706,549.0265315967197,260.2074288470815,30.59184742642737,17.491545525321264,0.1606324090014191,24.684391994199594,15.492622024503794,21.012236239082476,15.680047803189371
1091,36.37951707891637,5,681.7216435185185,239.14699074074073,736.7539041464728,232.09962304792674,612.0068649885584,266.28032036613274,549.0055020632738,261.83493810178817,30.594083663351746,17.49188861503974,0.1606212048849367,24.68002135539693,15.373055246859147,21.008875023442894,15.576186250514558
1092,36.412862190812724,5,681.8311384255194,239.1208662569505,736.7539041464728,232.09962304792674,610.6233002572583,270.20102903344355,547.7478632478633,265.5294871794872,30.597426478764994,17.49282275202371,0.16039219617577982,24.586617808073463,15.122197739317798,20.930825011390013,15.339538652675925
1093,36.44620730270907,5,681.8036130536129,239.13752913752913,736.8439716312056,232.22367703218765,606.1078886310905,272.86968290796597,543.073438245112,268.11397234144016,30.598816851766543,17.48819706877412,0.15806319972943159,24.31490744093682,14.947606538574536,20.65584433390558,15.169793653001072
1094,36.47955241460542,5,681.8796948356807,239.12969483568074,736.8439716312056,232.22367703218765,598.3245428973277,274.16701828410686,534.105316973415,268.56595092024537,30.601111111517987,17.48850687172129,0.1580958123463242,23.857729030283153,14.856009741757,20.134480075500985,15.129967997594326
1095,36.51289752650177,5,681.9079140923801,239.1612238893792,736.8439716312056,232.22367703218765,587.5669546436285,274.87652987760976,522.4965553789083,270.5490196078431,30.60186691101807,17.487489508642483,0.15876004696055263,23.230029579515268,14.79796613422781,19.459872520897193,14.990238224889898
1096,36.54624263839811,5,681.9079140923801,239.1612238893792,736.8439716312056,232.22367703218765,573.6799410029498,272.780604719764,507.91696535244915,269.6911589008363,30.60186691101807,17.487489508642483,0.15876004696055263,22.427415792978667,14.912963720670716,18.615769962131882,15.026234966283115
1097,36.579587750294465,5,681.8653789874159,239.1515949663447,736.8439716312056,232.22367703218765,555.2900432900433,265.28138528138527,489.5265214963707,265.1032942490229,30.600622975168214,17.487776938259536,0.15847622246829404,21.370427668254145,15.364824137858792,17.54980306091245,15.293219842299251
1098,36.61293286219081,5,681.8653789874159,239.1515949663447,736.8439716312056,232.22367703218765,534.7002032520326,255.2388211382114,470.5178658835046,258.5663240332844,30.600622975168214,17.487776938259536,0.15847622246829404,20.180684664041554,15.979547139718461,16.442580573491362,15.684268694598135
1099,36.64627797408716,5,681.8653789874159,239.1515949663447,736.8439716312056,232.22367703218765,510.322074074074,238.47644444444444,446.831566548881,246.12092658029053,30.600622975168214,17.487776938259536,0.15847622246829404,18.759356172222894,17.0310473753968,15.047240160859678,16.450795653153616
1100,36.67962308598351,5,681.8653789874159,239.1515949663447,736.8439716312056,232.22367703218765,480.1254364759602,215.80123556271823,418.7338820301783,229.83813443072702,30.600622975168214,17.487776938259536,0.15847622246829404,16.96651997039211,18.483554023860098,13.368106269713294,17.470341584925993
1101,36.71296819787986,0,681.8653789874159,239.1515949663447,736.8439716312056,232.22367703218765,455.31702253855275,195.19958481613284,397.372033588901,215.94706097115736,30.600622975168214,17.487776938259536,0.15847622246829404,15.461481745617675,19.834364301509922,12.069869704130989,18.35568967612116
1102,36.746313309776205,0,681.903671071953,239.14860499265782,736.7539295392953,232.18482384823847,435.1437389770723,181.8342151675485,380.5115001716443,207.15207689667008,30.599204582049396,17.48912926249023,0.159468790595691,14.22326375241981,20.71877024800085,11.042010806387113,18.91726341357717
1103,36.77965842167256,0,681.8374197314652,239.15615878575596,736.7539295392953,232.18482384823847,416.16485355648535,167.078940027894,365.4443410852713,197.02418604651163,30.597204751074013,17.488835434182278,0.1594525549708567,13.037595651514382,21.713479311970254,10.106517116674485,19.57588966668619
1104,36.8130035335689,0,681.8374197314652,239.15615878575596,736.7539295392953,232.18482384823847,400.7209515096066,152.99969502897224,354.83637592968216,187.21805273833672,30.597204751074013,17.488835434182278,0.1594525549708567,12.052898315016527,22.68041558751877,9.429588634207606,20.22562169879466
1105,36.846348645465255,0,681.8431029454651,239.14319043452898,736.7539295392953,232.18482384823847,390.1154371584699,145.22780054644807,348.6283566058002,183.5796634443251,30.5974103370657,17.489265748769157,0.15922062757990288,11.376106112349959,23.216441686761748,9.041099877002715,20.464774329470384
1106,36.8796937573616,0,681.8431029454651,239.14319043452898,736.7539295392953,232.18482384823847,nan,nan,nan,nan,30.5974103370657,17.489265748769157,0.15922062757990288,nan,nan,nan,nan
1107,36.91303886925795,0,681.8431029454651,239.14319043452898,736.7539295392953,232.18482384823847,nan,nan,nan,nan,30.5974103370657,17.489265748769157,0.15922062757990288,nan,nan,nan,nan
1108,36.9463839811543,0,681.768826619965,239.26328079392874,736.6803055100927,232.19421713038733,nan,nan,nan,nan,30.592607255058656,17.484902478735556,0.16131430976759906,nan,nan,nan,nan
1109,36.97972909305065,0,681.7464337700145,239.2937409024745,736.6803055100927,232.19421713038733,nan,nan,nan,nan,30.591854325283144,17.48388569645288,0.161835697555316,nan,nan,nan,nan
1110,37.013074204946996,0,681.7464337700145,239.2937409024745,736.6803055100927,232.19421713038733,nan,nan,nan,nan,30.591854325283144,17.48388569645288,0.161835697555316,nan,nan,nan,nan
1111,37.04641931684335,0,681.6602169451774,239.2553503371445,736.6803055100927,232.19421713038733,nan,nan,nan,nan,30.589385152081526,17.485088723033712,0.16090056742269873,nan,nan,nan,nan
1112,37.07976442873969,0,681.5717612809316,239.19243085880638,736.592531576057,232.15101592531573,nan,nan,nan,nan,30.58443040209589,17.488470573091973,0.16053293999630866,nan,nan,nan,nan
1113,37.113109540636046,0,681.5717612809316,239.19243085880638,736.592531576057,232.15101592531573,nan,nan,nan,nan,30.58443040209589,17.488470573091973,0.16053293999630866,nan,nan,nan,nan
1114,37.14645465253239,0,681.5717612809316,239.19243085880638,736.592531576057,232.15101592531573,nan,nan,nan,nan,30.58443040209589,17.488470573091973,0.16053293999630866,nan,nan,nan,nan
1115,37.17979976442874,0,681.5936952714536,239.16170461179215,736.592531576057,232.15101592531573,nan,nan,nan,nan,30.58517030997619,17.48949589288609,0.1600053096799038,nan,nan,nan,nan
1116,37.21314487632509,0,681.5717612809316,239.19243085880638,736.5301271420674,232.21337755666113,nan,nan,nan,nan,30.58232150677877,17.4863546123824,0.15949804105909798,nan,nan,nan,nan
1117,37.246489988221434,0,681.5948628137769,239.22591943957968,736.5301271420674,232.21337755666113,nan,nan,nan,nan,30.582919150713074,17.485269396395434,0.16018730934515615,nan,nan,nan,nan
1118,37.279835100117786,0,681.5948628137769,239.22591943957968,736.5301271420674,232.21337755666113,nan,nan,nan,nan,30.582919150713074,17.485269396395434,0.16018730934515615,nan,nan,nan,nan
1119,37.31318021201413,0,681.6338317209029,239.27821753151568,736.4409665019219,232.18725974739152,nan,nan,nan,nan,30.581348109700507,17.48438189065297,0.16198822607736885,nan,nan,nan,nan
1120,37.346525323910484,0,681.5182268883055,239.12977544473605,736.6547425474254,231.99132791327912,nan,nan,nan,nan,30.585464366431268,17.495844384469507,0.16209997884722177,nan,nan,nan,nan
1121,37.37987043580683,0,681.5182268883055,239.12977544473605,736.6547425474254,231.99132791327912,nan,nan,nan,nan,30.585464366431268,17.495844384469507,0.16209997884722177,nan,nan,nan,nan
1122,37.41321554770318,0,681.5253054101222,239.16492146596858,736.6547425474254,231.99132791327912,nan,nan,nan,nan,30.58557888436531,17.49469361279467,0.1627791198624901,nan,nan,nan,nan
1123,37.44656065959953,0,681.4482556435063,239.21166813251241,736.6547425474254,231.99132791327912,nan,nan,nan,nan,30.583148622188556,17.493103765325564,0.163469428088001,nan,nan,nan,nan
1124,37.47990577149588,0,681.4482556435063,239.21166813251241,736.6547425474254,231.99132791327912,nan,nan,nan,nan,30.583148622188556,17.493103765325564,0.163469428088001,nan,nan,nan,nan
1125,37.513250883392224,0,681.4482556435063,239.21166813251241,736.6547425474254,231.99132791327912,nan,nan,nan,nan,30.583148622188556,17.493103765325564,0.163469428088001,nan,nan,nan,nan
1126,37.54659599528858,0,681.4482556435063,239.21166813251241,736.6547425474254,231.99132791327912,nan,nan,nan,nan,30.583148622188556,17.493103765325564,0.163469428088001,nan,nan,nan,nan
1127,37.57994110718492,0,681.4482556435063,239.21166813251241,736.6547425474254,231.99132791327912,nan,nan,nan,nan,30.583148622188556,17.493103765325564,0.163469428088001,nan,nan,nan,nan
1128,37.613286219081274,0,681.4713450292397,239.1780701754386,736.4922418405564,231.99464954521133,nan,nan,nan,nan,30.579021963310673,17.49399967672167,0.16323304538609118,nan,nan,nan,nan
1129,37.64663133097762,0,681.5169590643275,239.21988304093563,736.4922418405564,231.99464954521133,nan,nan,nan,nan,30.5802691226697,17.4926562030653,0.1641345514472283,nan,nan,nan,nan
1130,37.67997644287397,0,681.5331000291629,239.20064158646835,736.4142394822006,232.07146709816612,nan,nan,nan,nan,30.578172346898306,17.490692241988828,0.1625442497595041,nan,nan,nan,nan
1131,37.71332155477032,0,681.5331000291629,239.20064158646835,736.4142394822006,232.07146709816612,nan,nan,nan,nan,30.578172346898306,17.490692241988828,0.1625442497595041,nan,nan,nan,nan
1132,37.74666666666667,0,681.5331000291629,239.20064158646835,736.4142394822006,232.07146709816612,nan,nan,nan,nan,30.578172346898306,17.490692241988828,0.1625442497595041,nan,nan,nan,nan
1133,37.780011778563015,0,681.5331000291629,239.20064158646835,736.4142394822006,232.07146709816612,nan,nan,nan,nan,30.578172346898306,17.490692241988828,0.1625442497595041,nan,nan,nan,nan
1134,37.81335689045937,0,681.4695652173913,239.22,736.4142394822006,232.07146709816612,nan,nan,nan,nan,30.576221282209385,17.490012187401344,0.16275406406592116,nan,nan,nan,nan
1135,37.84670200235571,0,681.4695652173913,239.22,736.4142394822006,232.07146709816612,nan,nan,nan,nan,30.576221282209385,17.490012187401344,0.16275406406592116,nan,nan,nan,nan
1136,37.880047114252065,0,681.4695652173913,239.22,736.4142394822006,232.07146709816612,nan,nan,nan,nan,30.576221282209385,17.490012187401344,0.16275406406592116,nan,nan,nan,nan
1137,37.91339222614841,0,681.4250363901018,239.23085880640465,736.4142394822006,232.07146709816612,nan,nan,nan,nan,30.574861359349466,17.48962463173214,0.16284968186617016,nan,nan,nan,nan
1138,37.946737338044755,0,681.4019264448336,239.2644483362522,736.2783171521036,232.13295577130526,nan,nan,nan,nan,30.569757832601343,17.48636569495281,0.16259456491209873,nan,nan,nan,nan
1139,37.98008244994111,0,681.4250363901018,239.23085880640465,736.2783171521036,232.13295577130526,nan,nan,nan,nan,30.57054062945427,17.48748586942852,0.1620156140104609,nan,nan,nan,nan
1140,38.01342756183745,0,681.4250363901018,239.23085880640465,736.2783171521036,232.13295577130526,nan,nan,nan,nan,30.57054062945427,17.48748586942852,0.1620156140104609,nan,nan,nan,nan
1141,38.046772673733805,0,681.3704347826086,239.19884057971012,736.3534201954398,232.20548317046686,nan,nan,nan,nan,30.570995258549445,17.48614396323669,0.15971298471226386,nan,nan,nan,nan
1142,38.08011778563015,0,681.3704347826086,239.19884057971012,736.3534201954398,232.20548317046686,nan,nan,nan,nan,30.570995258549445,17.48614396323669,0.15971298471226386,nan,nan,nan,nan
1143,38.1134628975265,0,681.4250363901018,239.23085880640465,736.3534201954398,232.20548317046686,nan,nan,nan,nan,30.572537890857955,17.485128712797867,0.16045035915988426,nan,nan,nan,nan
1144,38.14680800942285,0,681.5129757785467,239.16897347174162,736.5032573289902,232.18268186753528,nan,nan,nan,nan,30.579933236709632,17.488086609474927,0.1595622774239722,nan,nan,nan,nan
1145,38.1801531213192,0,681.6063492063491,239.20115440115438,736.7426229508196,232.18551912568304,nan,nan,nan,nan,30.589835307614337,17.487166424458845,0.15976195194995152,nan,nan,nan,nan
1146,38.213498233215546,0,681.916886157448,239.21627158326015,736.8912224017231,232.09800753904145,nan,nan,nan,nan,30.603867860187908,17.48989474772727,0.16209906406178923,nan,nan,nan,nan
1147,38.2468433451119,0,681.9947183098592,239.29782863849763,737.131165311653,232.11327913279132,nan,nan,nan,nan,30.613141300139283,17.486927805352874,0.16294629949869305,nan,nan,nan,nan
1148,38.280188457008244,0,682.1254355400697,239.33797909407664,737.4446254071661,232.17942453854505,nan,nan,nan,nan,30.626136816711554,17.483719652085476,0.16199904308042895,nan,nan,nan,nan
1149,38.313533568904596,0,682.2419928825623,239.66725978647688,737.4825193488124,232.40005337603412,nan,nan,nan,nan,30.629036604944872,17.465672326346077,0.16420404623354484,nan,nan,nan,nan
1150,38.34687868080094,0,680.9864666078258,238.8072962636069,736.2865035516969,232.01157590107863,nan,nan,nan,nan,30.559297333120107,17.505152930149638,0.15525671239848254,nan,nan,nan,nan
1151,38.380223792697294,0,678.5108862312173,236.69549218031278,734.1642434033387,230.41464728056002,nan,nan,nan,nan,30.43293676042706,17.62460060827572,0.14497347031438276,nan,nan,nan,nan
1152,38.41356890459364,0,675.6975088967971,237.211743772242,731.2497952497953,233.15424515424513,nan,nan,nan,nan,30.249768305290637,17.512552281881625,0.10253050243397026,nan,nan,nan,nan
1153,38.44691401648999,0,671.8497961743493,234.7848855440577,726.6892388451442,229.36141732283465,nan,nan,nan,nan,30.01720442350039,17.7128085741923,0.1304561133897367,nan,nan,nan,nan
1154,38.480259128386336,0,664.1603053435115,230.18702290076337,719.0793275545049,223.19569214604675,nan,nan,nan,nan,29.59039113905054,18.060166238430284,0.16115343416688083,nan,nan,nan,nan
1155,38.51360424028269,0,653.0102310231023,227.2181518151815,708.7553659167313,221.59012154124642,nan,nan,nan,nan,28.95663512641964,18.197308795880957,0.1336486874645466,nan,nan,nan,nan
1156,38.546949352179034,0,637.8895966029723,227.22045293701345,694.9169230769231,222.00333333333333,nan,nan,nan,nan,28.084291217244118,18.16274107940832,0.12362421543912187,nan,nan,nan,nan
1157,38.580294464075386,0,619.7874074074074,227.28,677.1632077888803,223.6984370996669,nan,nan,nan,nan,27.002553045065312,18.078554562995542,0.09223794106820768,nan,nan,nan,nan
1158,38.61363957597173,0,599.5796275180539,227.75560623337134,657.0426296866974,224.0272213662044,nan,nan,nan,nan,25.792345541919495,18.023240223656803,0.09499358640425276,nan,nan,nan,nan
1159,38.64698468786808,0,579.5263364779873,230.54756289308173,637.08,227.18179487179486,nan,nan,nan,nan,24.585626552987147,17.797747811686257,0.08785822800967712,nan,nan,nan,nan
1160,38.68032979976443,0,560.8220745662605,235.4754521963824,617.8922829581993,232.2202572347267,nan,nan,nan,nan,23.442822270867108,17.442495576199786,0.08596127502650622,nan,nan,nan,nan
1161,38.713674911660775,0,545.0654761904761,237.96568627450978,601.5507802507035,234.85392683550776,nan,nan,nan,nan,22.484430676875945,17.252167106089523,0.08369576360876343,nan,nan,nan,nan
1162,38.74702002355713,0,532.3051865907653,239.22169512966477,588.4018987341772,235.6977848101266,nan,nan,nan,nan,21.715692917449672,17.16574763258394,0.09211940371154115,nan,nan,nan,nan
1163,38.78036513545347,0,523.4285714285714,241.20024420024416,578.9604430379746,237.48417721518987,nan,nan,nan,nan,21.17155039596387,17.030289630829834,0.09648404280939724,nan,nan,nan,nan
1164,38.813710247349825,0,518.8035874439462,243.3608370702541,573.6493055555555,239.35576923076923,nan,nan,nan,nan,20.875821958487286,16.89216834554848,0.10299295089660887,nan,nan,nan,nan
1165,38.84705535924617,0,516.7155990510082,244.9338671411625,571.5329520697167,241.281045751634,nan,nan,nan,nan,20.749675452024007,16.77551543939719,0.0958905669111821,nan,nan,nan,nan
1166,38.88040047114252,0,515.5,244.8576512455516,570.5467429817388,241.04224584355407,nan,nan,nan,nan,20.685125501802133,16.784295262981807,0.09882731883175003,nan,nan,nan,nan
1167,38.91374558303887,0,515.6518453937808,243.5882011043301,570.530489472245,239.75936560021873,nan,nan,nan,nan,20.690583003785477,16.86738789855031,0.09943788293200805,nan,nan,nan,nan
1168,38.94709069493522,0,516.1088555457487,243.08855545748747,571.1254510130447,238.1698584512906,nan,nan,nan,nan,20.723285459232436,16.936255968524264,0.12088579955171756,nan,nan,nan,nan
1169,38.980435806831565,0,516.4131665177241,242.9815311289842,571.1202659728244,236.8285631685458,nan,nan,nan,nan,20.73345150941599,16.983836470428585,0.14589398757996305,nan,nan,nan,nan
1170,39.01378091872792,0,516.3351254480286,243.9372759856631,571.0257243433523,238.01028973734088,nan,nan,nan,nan,20.727003699687494,16.91403541893683,0.14136166478639375,nan,nan,nan,nan
1171,39.04712603062426,0,515.2390510948906,245.80991484184912,569.5621682034088,238.52472757753563,nan,nan,nan,nan,20.650736672550565,16.834841694439,0.16884518049201597,nan,nan,nan,nan
1172,39.080471142520615,0,514.9910233393177,246.89467384799516,569.7564313081554,239.86124794745484,nan,nan,nan,nan,20.647727405566734,16.756066993832604,0.16263221979735143,nan,nan,nan,nan
1173,39.11381625441696,0,515.6129326047359,246.20036429872496,570.0269444444443,238.14361111111108,nan,nan,nan,nan,20.675771503242565,16.83524153748142,0.1836861772890237,nan,nan,nan,nan
1174,39.14716136631331,0,515.8893000308356,245.46839346284304,570.3088558855885,237.79235423542352,nan,nan,nan,nan,20.692682669098712,16.87078893368448,0.17630085998122644,nan,nan,nan,nan
1175,39.18050647820966,0,516.0316879951249,245.56002437538083,570.3839977851605,237.77602436323366,nan,nan,nan,nan,20.699084974864682,16.868503823007515,0.17859266573096538,nan,nan,nan,nan
1176,39.21385159010601,0,515.9412655161973,245.46170148349984,570.4413145539905,237.89616128141395,496.09589614740366,187.40159128978223,463.41010101010096,178.44040404040402,20.698023575529916,16.867733529746484,0.17391261677298028,17.90702188795154,20.43005580315514,15.923509418703457,20.997693957167748
1177,39.247196702002356,0,516.0177177177177,245.57657657657657,570.4738723872387,237.83525852585257,nan,nan,nan,nan,20.70127279506368,16.866081820871496,0.17746320895650666,nan,nan,nan,nan
1178,39.28054181389871,0,515.979825353809,245.66546221017762,570.5363387978141,237.7756830601093,nan,nan,nan,nan,20.702056096889265,16.865172593272035,0.18007610253197795,nan,nan,nan,nan
1179,39.31388692579505,0,515.9390681003584,245.53405017921148,570.4179806362379,237.52199170124481,nan,nan,nan,nan,20.697633687830457,16.877620228411246,0.1827049899283408,nan,nan,nan,nan
1180,39.3472320376914,0,515.9245676803816,245.56887298747765,570.379806362379,237.62323651452283,nan,nan,nan,nan,20.6959712145379,16.87314377286136,0.18146944951008423,nan,nan,nan,nan
1181,39.38057714958775,0,516.032667876588,245.6448880822746,570.379806362379,237.62323651452283,nan,nan,nan,nan,20.69912988510876,16.870755845524425,0.18325656503210322,nan,nan,nan,nan
1182,39.413922261484096,0,515.9597806215722,245.68068251066418,570.379806362379,237.62323651452283,nan,nan,nan,nan,20.69698650927765,16.869549244310363,0.1837431281558211,nan,nan,nan,nan
1183,39.44726737338045,0,515.9541172895777,245.5995138255849,570.379806362379,237.62323651452283,nan,nan,nan,nan,20.696833126187904,16.872171889243518,0.18214915472060558,nan,nan,nan,nan
1184,39.480612485276794,0,515.979825353809,245.66546221017762,570.379806362379,237.62323651452283,nan,nan,nan,nan,20.697576794382414,16.870055030222076,0.18350493454116182,nan,nan,nan,nan
1185,39.513957597173146,0,516.0,245.74545454545455,570.4696345149766,237.68342951360265,nan,nan,nan,nan,20.700753978269557,16.865571466547372,0.1836798825886884,nan,nan,nan,nan
1186,39.54730270906949,0,516.0,245.74545454545455,570.4063623789765,237.72946058091287,nan,nan,nan,nan,20.698835055356838,16.864021863574887,0.1829623467161692,nan,nan,nan,nan
1187,39.580647820965844,0,516.0,245.74545454545455,570.4063623789765,237.72946058091287,nan,nan,nan,nan,20.698835055356838,16.864021863574887,0.1829623467161692,nan,nan,nan,nan
1188,39.61399293286219,0,516.0,245.74545454545455,570.4063623789765,237.72946058091287,nan,nan,nan,nan,20.698835055356838,16.864021863574887,0.1829623467161692,nan,nan,nan,nan
1189,39.64733804475854,0,516.0,245.74545454545455,570.3038150932888,237.7577276524645,nan,nan,nan,nan,20.695771741153433,16.86302689250327,0.1827043141772075,nan,nan,nan,nan
1190,39.68068315665489,0,516.0722021660649,245.70938628158845,570.2420470262794,237.82738589211618,nan,nan,nan,nan,20.695997136232624,16.8619202274529,0.1810159446917655,nan,nan,nan,nan
1191,39.71402826855124,0,516.0722021660649,245.70938628158845,570.2420470262794,237.82738589211618,nan,nan,nan,nan,20.695997136232624,16.8619202274529,0.1810159446917655,nan,nan,nan,nan
1192,39.747373380447584,0,516.0722021660649,245.70938628158845,570.2107311648596,237.90047261606892,nan,nan,nan,nan,20.694997113786382,16.85950739620756,0.17966669180361342,nan,nan,nan,nan
1193,39.78071849234394,0,515.9889683959451,245.77340488968392,570.290527478597,237.98066832366746,nan,nan,nan,nan,20.69482677335506,16.85481133874923,0.17888060054579477,nan,nan,nan,nan
1194,39.81406360424028,0,515.9803395889187,245.78373547810546,570.3807956104253,238.03840877914948,nan,nan,nan,nan,20.6971852168492,16.852643823566467,0.177671518718387,nan,nan,nan,nan
1195,39.847408716136634,0,515.9803395889187,245.78373547810546,570.3807956104253,238.03840877914948,nan,nan,nan,nan,20.6971852168492,16.852643823566467,0.177671518718387,nan,nan,nan,nan
1196,39.88075382803298,0,515.9081908190819,245.8199819981998,570.3807956104253,238.03840877914948,nan,nan,nan,nan,20.69506362298443,16.851423276985557,0.1781769218751464,nan,nan,nan,nan
1197,39.91409893992933,0,515.9081908190819,245.8199819981998,570.3807956104253,238.03840877914948,nan,nan,nan,nan,20.69506362298443,16.851423276985557,0.1781769218751464,nan,nan,nan,nan
1198,39.94744405182568,0,515.9096096096096,245.8321321321321,570.4437176342327,237.990733169801,nan,nan,nan,nan,20.697013210174433,16.85263379076164,0.1791735450026689,nan,nan,nan,nan
1199,39.98078916372203,0,515.9182446648632,245.82176134655845,570.4437176342327,237.990733169801,nan,nan,nan,nan,20.69726806629021,16.852975028711878,0.1789961685868512,nan,nan,nan,nan
1200,40.014134275618375,0,515.9682971014493,245.8215579710145,570.4437176342327,237.990733169801,nan,nan,nan,nan,20.69873598050574,16.853014838791033,0.17913201505299667,nan,nan,nan,nan
1201,40.04747938751473,0,515.9682971014493,245.8215579710145,570.4437176342327,237.990733169801,nan,nan,nan,nan,20.69873598050574,16.853014838791033,0.17913201505299667,nan,nan,nan,nan
1202,40.08082449941107,0,515.9966937180643,245.87496242861434,570.4437176342327,237.990733169801,nan,nan,nan,nan,20.699560367576407,16.8513060358879,0.1802502769933078,nan,nan,nan,nan
1203,40.11416961130742,0,515.9682971014493,245.8215579710145,570.4437176342327,237.990733169801,nan,nan,nan,nan,20.69873598050574,16.853014838791033,0.17913201505299667,nan,nan,nan,nan
1204,40.14751472320377,0,515.9682971014493,245.8215579710145,570.4758414766558,237.9302388707926,nan,nan,nan,nan,20.699747471540604,16.855016000038752,0.18022491927671008,nan,nan,nan,nan
1205,40.180859835100115,0,515.9682971014493,245.8215579710145,570.4758414766558,237.9302388707926,nan,nan,nan,nan,20.699747471540604,16.855016000038752,0.18022491927671008,nan,nan,nan,nan
1206,40.21420494699647,0,515.9394489857705,245.82985165001512,570.4758414766558,237.9302388707926,nan,nan,nan,nan,20.698900147820034,16.85472853789551,0.18030486073655455,nan,nan,nan,nan
1207,40.24755005889281,0,515.9966937180643,245.87496242861434,570.4758414766558,237.9302388707926,321.86728395061726,105.98971193415638,282.38232161874333,140.33972310969114,20.70057185861127,16.85330719713562,0.18134259310598286,6.965473654025368,25.958227546481965,4.780104044207495,23.382242058403104
1208,40.280895170789165,0,515.9668174962292,245.80935143288082,570.4758414766558,237.9302388707926,nan,nan,nan,nan,20.69970599374225,16.855409917097003,0.17998361453161504,nan,nan,nan,nan
1209,40.31424028268551,0,515.9231909845788,245.70284697508896,570.1496824081745,237.98232532449597,nan,nan,nan,nan,20.688739271589757,16.856900319835646,0.17768210401083862,nan,nan,nan,nan
1210,40.34758539458186,0,515.9231909845788,245.70284697508896,570.0733113673806,237.9184514003295,nan,nan,nan,nan,20.68654328582567,16.858938112559528,0.17915455153223828,nan,nan,nan,nan
1211,40.38093050647821,0,515.8509557945041,245.73835125448028,570.0733113673806,237.9184514003295,nan,nan,nan,nan,20.684419224978647,16.857741417118937,0.17964534232835386,nan,nan,nan,nan
1212,40.41427561837456,0,515.8738819320215,245.7567084078712,570.0733113673806,237.9184514003295,321.9206877426511,156.044925124792,260.09803921568624,183.40862745098036,20.685088748640954,16.857162721451203,0.18006869696666253,7.282814111562704,22.33426224492049,3.7749988282569302,20.34062382292448
1213,40.447620730270906,0,515.8738819320215,245.7567084078712,570.0733113673806,237.9184514003295,332.44244469441315,175.77090363704534,265.95119570522206,200.6866764275256,20.685088748640954,16.857162721451203,0.18006869696666253,8.03154147485737,20.976263978411698,4.253438236540818,19.18276869473763
1214,40.48096584216726,0,515.800900900901,245.7783783783784,570.0733113673806,237.9184514003295,341.70155038759685,201.86655592469543,272.6997611736608,222.43329921528488,20.682945045439446,16.85641317608411,0.1802855980142177,8.723541331383345,19.214710525963493,4.807717330758092,17.753569134118287
1215,40.5143109540636,6,515.800900900901,245.7783783783784,570.0733113673806,237.9184514003295,353.46329426280073,238.04297758585233,282.88606965174125,252.0251243781094,20.682945045439446,16.85641317608411,0.1802855980142177,9.5902617478561,16.848219347300976,5.59993375205631,15.860276693321042
1216,40.547656065959956,6,515.800900900901,245.7783783783784,570.2170731707317,237.95040650406503,362.1954887218045,279.1154810102178,291.819954366314,284.2642605268616,20.687167192398373,16.855465608237946,0.17925159721385175,10.273567907986436,14.25911040665529,6.314667503690518,13.85801072081327
1217,40.5810011778563,6,515.800900900901,245.7783783783784,570.0716639209226,237.79159802306424,372.3335644937587,308.29172445677295,301.5249935249935,306.84796684796686,20.68302320040313,16.860562856382828,0.1827806717409394,10.96280885456613,12.488173247357427,6.994175419297713,12.496950430741762
1218,40.61434628975265,6,515.9458259325045,245.72113676731794,569.9860883797054,237.75531914893617,380.49986076301866,312.0565302144249,310.5654533844189,310.42592592592587,20.684786193108422,16.86363991393026,0.183040683381359,11.434481280873792,12.270822364723907,7.518578151144907,12.29222785005298
1219,40.647691401649,6,515.9299495399227,245.68952211338674,569.9860883797054,237.75531914893617,387.9148819330038,308.22213069741895,318.29539295392954,307.32550436615475,20.684325504790664,16.864652266746745,0.1823761152872709,11.837256719160639,12.509573227955798,7.93318286496968,12.48672474923052
1220,40.68103651354535,6,515.9364230540701,245.6764705882353,569.9860883797054,237.75531914893617,397.1920289855072,304.4144370122631,327.6970003370408,304.50657229524774,20.68451740705096,16.865078859973604,0.18213919199774853,12.346816056014735,12.74986695150188,8.44438774713632,12.666839308170447
1221,40.714381625441696,6,515.9782931906036,245.65804341361877,570.0179153094463,237.6843105320304,406.6952725082806,303.5103884372177,337.27338389310216,303.03755868544596,20.686761193711433,16.868048421352313,0.1832060650217268,12.879771719243552,12.815271005959989,8.973752788032229,12.766183620354107
1222,40.74772673733805,6,515.9021543985638,245.59245960502693,570.0179153094463,237.6843105320304,413.62087149597556,300.4099361643075,345.0383333333333,300.285,20.684538312101132,16.870119996725954,0.18170401609260262,13.26228960324114,13.011341490464323,9.39671106114057,12.941479074781837
1223,40.781071849234394,6,515.9021543985638,245.59245960502693,570.063697705803,237.60053981106608,419.1659014386287,295.5497398224671,350.93002412961044,296.47225094794896,20.685977068962412,16.87289291090019,0.18321989732443203,13.56364180106338,13.31407487674774,9.710947208309129,13.179752663770934
1224,40.81441696113074,6,515.9378330373002,245.71225577264653,570.063697705803,237.60053981106608,424.23117283950614,294.7308641975308,355.967912419781,295.50056625141565,20.687004796874497,16.869040375706742,0.18566276156634343,13.84891302422044,13.369999614194757,9.990606274141774,13.244683171643356
1225,40.84776207302709,6,515.9105185185184,245.701037037037,570.1488725889703,237.63542515620753,428.55741066198004,292.4589923842999,360.55152735817387,293.48069822087945,20.688691403528065,16.868301526257095,0.18442957163756918,14.089328705139826,13.514245966325253,10.240641084191736,13.37318092779071
1226,40.88110718492344,6,515.9284235433303,245.67731440402247,570.063697705803,237.60053981106608,431.0499561787905,286.0520011685656,364.0766823161189,287.80438184663535,20.686734290513353,16.870164671693956,0.18495308406964506,14.217035431840214,13.911670354395248,10.416446273780746,13.725045351988259
1227,40.91445229681979,6,515.9211851851851,245.6545185185185,570.063697705803,237.60053981106608,433.36303630363034,283.3079207920792,366.65894891583974,285.35575156192573,20.686525556233338,16.870897458113472,0.18448690774642162,14.343127305988753,14.084190448914642,10.552829728926497,13.87874188578845
1228,40.947797408716134,6,515.9263876521222,245.677945978035,570.063697705803,237.60053981106608,436.43655489809333,283.72123602892833,368.85023627771716,285.9763722282806,20.686674481041024,16.87014288426073,0.18495948485552194,14.519525400716043,14.06223979006956,10.679609587037262,13.843089100175153
1229,40.98114252061249,6,515.9326241134752,245.68882978723406,570.063697705803,237.60053981106608,439.2406519654842,284.54682007031,372.1696035242291,286.4746696035242,20.68685568903848,16.86979487113262,0.18519017249678305,14.68131063262051,14.014446730122819,10.869834073356937,13.81630498060531
1230,41.01448763250883,6,515.9326241134752,245.68882978723406,570.063697705803,237.60053981106608,442.06339869281044,283.3578431372549,374.9395280235988,285.30973451327435,20.68685568903848,16.86979487113262,0.18519017249678305,14.840303574266509,14.091452522289329,11.022525322013326,13.891322825252425
1231,41.047832744405184,6,515.9378330373002,245.71225577264653,570.063697705803,237.60053981106608,444.7670565302144,283.2056530214425,377.7530454042082,285.2687338501292,20.687004796874497,16.869040375706742,0.18566276156634343,14.994573583375054,14.104107950024943,11.18210238852533,13.89716355320014
1232,41.08117785630153,6,515.9378330373002,245.71225577264653,570.063697705803,237.60053981106608,448.52104770813844,284.6900530090427,381.1808813077469,286.20682302771854,20.687004796874497,16.869040375706742,0.18566276156634343,15.21172240719804,14.016591652973041,11.380166963176547,13.843380690752356
1233,41.11452296819788,6,516.057202755316,245.6537885594489,570.177527487262,237.49691606328773,452.17134559535333,285.27750887383024,385.29477477477474,286.4785585585585,20.69398788004157,16.87448087151295,0.18657182173419307,15.421281607585575,13.984551291023248,11.614707942170169,13.831473398534817
1234,41.14786808009423,6,516.6633242175631,245.51017927681553,570.9171991480298,237.3101703940362,455.83926852743025,283.4979146615335,389.26972010178116,285.00363504180297,20.73387316945638,16.886149146115166,0.18702958981571305,15.628323409038881,14.099176351452748,11.83545009325271,13.927091137162945
1235,41.18121319199058,6,521.0378294573643,245.02511627906978,575.2748776508972,236.0663404023926,460.3342930262316,281.5451055662188,394.13963963963965,283.35135135135135,20.99270674912532,16.948499283302745,0.20187583117275143,15.882962768682317,14.225804596298488,12.106954932379729,14.0349116452594
1236,41.214558303886925,6,526.105130626377,244.14982688070506,580.0514950166113,234.3986710963455,465.2188813449725,281.42709343679275,399.0911808669656,283.101644245142,21.285269406944835,17.03826558512064,0.21826293297007995,16.162757456921998,14.238998675577864,12.38806142515985,14.056229423072478
1237,41.24790341578328,6,531.46770529049,243.39175592340146,585.2138211382114,233.49051490514904,470.41294498381876,280.447572815534,404.7765021048603,281.52774588595486,21.597503316564506,17.099863635487843,0.2218571794030333,16.459557327164045,14.306190847962531,12.707258168286447,14.160451618597346
1238,41.28124852767962,6,537.5277510426691,242.1331408405518,591.3098360655738,231.91666666666666,476.2642699463891,277.1469567959634,410.4719796215429,278.7740174672489,21.95958368481235,17.20086851410328,0.2278610727031936,16.79251728122819,14.51916443780116,13.024405017484435,14.338215777711495
1239,41.314593639575975,6,543.9097425871619,240.65070055392636,597.723880597015,230.28137092316194,481.87997390737115,273.53816046966733,416.5850734725444,275.42962103634954,22.341586518979156,17.31184097073588,0.23073684371726405,17.112981945321696,14.752017503002676,13.364956506369472,14.55392814379708
1240,41.34793875147232,6,550.3513513513514,238.72393822393823,603.9873382879163,228.83292045141752,487.9123333333333,271.2606666666666,422.71585989767806,273.176702085793,22.721724817362947,17.431316805854458,0.22222841827318612,17.45958152409254,14.90255064195237,13.7105605963844,14.70218414439742
1241,41.38128386336867,6,557.313293253173,237.41950567802272,610.7675367047308,227.50190320826533,494.4230769230769,269.4802761341223,429.61131167268354,271.4239871640593,23.132887280539215,17.527537562928238,0.2234022872771502,17.835018720323394,15.022760223216585,14.102215120414924,14.820429227833266
1242,41.41462897526502,6,564.5686673448627,235.74940657850118,618.2311256473154,226.16080675933495,501.41892343697754,267.4667335339351,436.7178881008668,269.2458628841608,23.57435454598866,17.636955948231552,0.21631166838163676,18.23942631378472,15.15860212932142,14.506085798019685,14.965961660342776
1243,41.44797408716137,6,571.414,233.844,625.3926672264204,224.6403582423733,507.9244532803181,263.7869449966865,443.45266990291265,265.6432038834951,23.996193039134113,17.759827583152827,0.20786063972629784,18.616589069375408,15.399866922127648,14.887036158631098,15.201315754277989
1244,41.481319199057715,6,578.958,231.976,632.4777685722175,223.7205191935929,514.2362362362362,261.4104104104104,450.09688013136287,263.3095238095238,24.436274287919186,17.862173957326824,0.19085660010358224,18.983798721615265,15.558933313749733,15.266513824981505,15.357185073945383
1245,41.51466431095406,6,585.921761998685,231.29092702169626,639.7147651006711,222.3123601789709,521.3790294013461,260.1994332270634,457.35649935649934,261.86958386958383,24.86414873923298,17.941727696138123,0.20410860946535994,19.399997760225816,15.645188139617362,15.684057005082533,15.457590002304052
1246,41.54800942285041,6,592.9415737926375,230.26342451874368,646.5547159249929,221.87797369157568,527.9560439560439,259.45487845487844,463.7840722495894,261.3493431855501,25.2807932848508,17.999928326001374,0.19306663384805664,19.783676599984105,15.701101240722855,16.055439956171647,15.498739239452108
1247,41.58135453474676,6,599.4002650762094,229.49801192842943,653.2725976618192,220.6261762189906,534.0508417508416,257.5383838383838,470.37073571722146,259.3616933826551,25.679163823390482,18.076425446702114,0.20171515636925733,20.140743052945602,15.83140476808634,16.434891022469948,15.63344544149504
1248,41.61469964664311,6,605.5654941373534,228.19530988274704,659.531635168447,220.02273349767185,540.0181943014074,257.10195674562306,476.6275510204082,258.08588435374145,26.05487589694866,18.148572941693175,0.187853725606253,20.489719874611215,15.867033374565258,16.79680865226358,15.722693919024989
1249,41.648044758539456,6,611.9586162301971,227.92434529582928,665.8846907360761,219.6479149174363,546.083932853717,257.15930113052417,483.05534105534105,258.000858000858,26.43850655062218,18.179186569838315,0.18990499946092423,20.844187385673983,15.871191714590571,17.17016542043919,15.736346166608955
1250,41.68138987043581,6,617.7758397932816,227.5284237726098,671.9757473209249,218.4292160180485,551.8562916228531,256.9912372940764,489.07583333333326,257.735,26.799846498419264,18.24171664919988,0.20490550520168602,21.181980040399825,15.889415115590559,17.51999257533437,15.761022773126786
1251,41.71473498233215,6,623.7607003891051,226.77626459143968,677.6008956059334,217.87125664707528,557.7903499830104,255.56472986748216,494.77791563275434,256.6116625310174,27.15147811332433,18.293727770666013,0.2022814072700627,21.531465739472537,15.988592219427375,17.851289342021023,15.840081864420277
1252,41.748080094228506,6,629.6771860618014,225.66173570019723,683.4896373056995,217.0181347150259,563.0365811965812,253.41504273504273,500.3634881825591,255.21515892420538,27.511015852234124,18.367932046033484,0.19732278196377326,21.842585016528524,16.13359685051569,18.176306063678393,15.936607293880522
1253,41.78142520612485,6,635.4882583170254,224.90215264187867,689.5015393226979,216.4945424013434,568.4134176325956,253.16578854935017,505.67098445595855,254.02374784110532,27.86998615746971,18.419343042148974,0.19210984469585077,22.158575342277786,16.156670657532974,18.485729518029856,16.0198092127064
1254,41.8147703180212,6,641.1529259618493,224.49434206272227,694.9437482595378,215.89278752436647,573.951540325372,253.17791623399097,511.7082294264339,253.65128844555275,28.207232683978166,18.461210307831983,0.19648295342675878,22.48372666511307,16.16313428783071,18.838162953343645,16.05153751630801
1255,41.84811542991755,6,646.6214031684449,223.765923052053,700.4253884491351,214.9425388449135,579.4773618538323,252.16648841354723,517.0583941605839,253.40510948905109,28.54194872926784,18.525472427858837,0.2007136874816557,22.810624169495547,16.235568593294563,19.150730138102006,16.074293679268088
1256,41.8814605418139,6,652.164891900613,223.2029686995805,706.1953540442205,214.50461796809404,584.6384641522255,251.48861705742436,522.1767279090113,252.10279965004372,28.886091806119474,18.567242725515758,0.19754557556574473,23.11575716852571,16.28609549764652,19.45050165555191,16.164637296430133
1257,41.914805653710246,6,657.8504733920992,222.74991838067254,711.5930843706777,213.82047026279392,589.9597938144329,251.50481099656358,527.9050659855257,251.56492124308213,29.22412080896383,18.61354332877948,0.20284077560848884,23.42888630752124,16.29205257000327,19.78602268003019,16.206728506445632
1258,41.9481507656066,6,663.2728442728443,222.17374517374517,716.9498622589531,213.20110192837464,595.201476793249,251.28270042194092,533.4088050314465,251.3802935010482,29.553448770212228,18.661600964918936,0.20383890937190116,23.738123004401835,16.313303709740183,20.10844596176556,16.22582051490436
1259,41.981495877502944,6,668.9597924773021,221.63618677042803,722.7531276063386,212.43452877397831,600.7352092352091,250.0595238095238,538.7880299251871,250.54738154613466,29.905113512528615,18.7139317358046,0.20780454970740186,24.067714494657167,16.399708079162867,20.424446874028735,16.286539344328563
1260,42.014840989399296,6,674.2774112472509,221.33710336160854,728.107311648596,212.48957464553794,605.528591352859,249.52510460251045,543.9065656565657,249.4419191919192,30.22880086668205,18.729859094783436,0.20080590794287942,24.352068389522827,16.440655051250886,20.725895666289187,16.364589310236713
1261,42.04818610129564,6,678.6168253968253,221.2015873015873,732.8993399339934,212.39301430143013,610.1082910321488,249.65109983079523,548.2319762510602,249.29855810008482,30.5061829554116,18.744340947792132,0.19856643234664328,24.62195973307789,16.438562711253976,20.979982585983727,16.379550110169404
1262,42.081531213191994,6,682.9068441064638,220.28231939163499,737.0511551155115,212.35671067106708,613.61424439624,248.0943600867679,552.1931385006353,247.5370605675561,30.76472055476908,18.782559621392007,0.18207703913609932,24.83412734717168,16.544156457033324,21.215117338774775,16.498668136401154
1263,42.11487632508834,6,686.066979655712,220.0075117370892,740.3045881702598,212.2465450525152,616.6598569969357,247.4763363976847,555.2384519350811,247.58468580940487,30.960414957488446,18.800212047298785,0.17861847158413388,25.016253315086903,16.588339793037694,21.394104227655852,16.499624172186426
1264,42.14822143698469,6,688.2993939393939,219.51727272727274,742.6075880758807,212.0840108401084,618.8727336122732,247.39818688981867,557.4983416252072,247.26285240464344,31.10005262319614,18.825512125910787,0.17212580792466306,25.147389461549952,16.596368442042362,21.527522341890098,16.5234577280522
1265,42.18156654888104,6,689.7917053543794,219.50232126276694,743.9762684124386,211.9026186579378,620.0949389179756,247.20942408376965,558.6610021786491,246.04139433551197,31.187591574552712,18.834270084482085,0.1756482589787571,25.220348728540326,16.610264339428365,21.59791111066344,16.60415052340095
1266,42.21491166077738,6,690.4666666666667,219.38703703703703,744.8506030701753,211.80756578947367,620.8728965270318,247.22950232724668,559.2664895971668,246.0088534749889,31.235346519641183,18.842509309453316,0.17472296405574803,25.266300884323503,16.60999835366475,21.633611068376776,16.607067188225066
1267,42.248256772673734,6,690.4881386861314,219.2706812652068,744.8506030701753,211.80756578947367,621.1155885471899,247.02403676210673,559.3585322723253,246.15915119363396,31.236339928457724,18.846434266880454,0.17255182691699578,25.28139246259944,16.623675827561705,21.638781835885037,16.597444504236353
1268,42.28160188457008,6,690.6278081360048,219.40619307832424,745.1608448415922,211.87381532629297,621.0489985693848,247.12732474964233,559.7845076225792,247.2023073753605,31.24935925976562,18.839961633908715,0.17341379781449026,25.277083887151914,16.61687373435101,21.66212411184977,16.53041423625698
1269,42.31494699646643,6,690.6278081360048,219.40619307832424,745.1608448415922,211.87381532629297,620.1813224267211,247.54192229038856,558.7132661628883,247.53400503778337,31.24935925976562,18.839961633908715,0.17341379781449026,25.224281991614014,16.588777050573384,21.59855428454843,16.507514030299358
1270,42.34829210836278,6,690.6992753623189,219.455615942029,745.1608448415922,211.87381532629297,617.836850921273,249.6180904522613,555.9682130584192,249.8522336769759,31.251371912910173,18.83835296328307,0.17454699909190396,25.078438420835457,16.450947832567145,21.433521518020473,16.353996969091057
1271,42.38163722025913,6,690.8638665475127,219.53142686922848,745.1608448415922,211.87381532629297,612.0857866413421,246.33966445077556,550.3858420847919,248.6289381563594,31.256119568003236,18.835925294048472,0.17643778607456204,24.749576915724298,16.65609344616043,21.107377051960114,16.425657717522927
1272,42.414982332155475,0,690.8638665475127,219.53142686922848,745.2317434653731,211.92535704661813,601.1025163094129,239.3538365952159,538.7779161477791,244.2586135325861,31.258080579359323,18.8342268001861,0.17525319200843734,24.120987110113898,17.09697199218075,20.43023274463075,16.693264882525447
1273,42.44832744405183,0,690.8638665475127,219.53142686922848,745.2317434653731,211.92535704661813,581.336680613668,227.92747559274756,520.379269729093,236.93364742834706,31.258080579359323,18.8342268001861,0.17525319200843734,22.97686258405418,17.821669986863593,19.352195119862557,17.145368197438454
1274,42.48167255594817,0,690.8529411764706,219.4964349376114,745.2317434653731,211.92535704661813,555.9029180695848,213.34848484848484,496.8645716423494,226.9551066217733,31.25785435713789,18.83539437599043,0.17455458301213228,21.48694531344848,18.756953223487162,17.96466667580052,17.767841185454916
1275,42.515017667844525,0,690.802447030737,219.4920919128618,745.2317434653731,211.92535704661813,529.0813917365641,201.38863000931966,471.3805522208884,218.7955182072829,31.25634173174226,18.83550374049102,0.17433716359204712,19.891617380855195,19.524608165803937,16.450534305262053,18.271867993107744
1276,42.54836277974087,0,690.802447030737,219.4920919128618,745.2317434653731,211.92535704661813,506.2104409857328,193.4328793774319,450.2492997198879,214.15926370548218,31.25634173174226,18.83550374049102,0.17433716359204712,18.518086620399686,20.032024389785818,15.191437992053071,18.5501309194045
1277,42.58170789163722,0,690.7698056801195,219.42989536621823,745.1608448415922,211.87381532629297,489.83099532398126,186.86773547094188,435.6724537037037,209.87037037037038,31.253579080440048,18.839268087397805,0.17424277313511313,17.528482279886088,20.457085291253424,14.318248799761683,18.81550171883776
1278,42.61505300353357,0,690.8170985999403,219.4667858206732,745.1608448415922,211.87381532629297,478.055498104102,182.9844881075491,424.0684991273996,207.26657940663176,31.254898457706428,18.838062969068204,0.17507483264879342,16.81437353789787,20.70636744242809,13.623215333605378,18.973011091367454
1279,42.64839811542992,0,690.8170985999403,219.4667858206732,745.1608448415922,211.87381532629297,464.5782850453614,178.8753292361721,412.001386001386,205.7033957033957,31.254898457706428,18.838062969068204,0.17507483264879342,15.994783556173246,20.969397368993405,12.902576072488811,19.060238426524883
1280,42.681743227326265,0,690.8132854578097,219.5272292040694,745.0823244552058,211.8891579230562,442.7387944358578,166.45826893353942,393.8987012987013,197.58037518037517,31.252150384521144,18.83545019892792,0.1761384588819788,14.649053386693597,21.80000100186696,11.800135797863692,19.580718076006583
1281,42.71508833922262,0,690.8132854578097,219.5272292040694,744.9264104660671,211.86481330062688,415.9902615470228,149.96327212020034,373.1705863907181,186.51458137347132,31.247491660665638,18.836161632132864,0.17703331421822424,12.97570448525153,22.92209440689789,10.520701237740644,20.301699558653034
1282,42.74843345111896,0,690.4316200781484,219.47850916741808,744.8359057676686,211.82832385594367,nan,nan,nan,nan,31.23348810850066,18.838694749966486,0.17601827024442454,nan,nan,nan,nan
1283,42.781778563015315,0,690.4316200781484,219.47850916741808,744.8495502861815,211.9122376669392,nan,nan,nan,nan,31.233578164410858,18.835853935669533,0.17436683688423066,nan,nan,nan,nan
1284,42.81512367491166,0,690.2733637747335,219.41308980213088,744.7855402112104,211.9664229623612,nan,nan,nan,nan,31.226828895324115,18.836048886792636,0.17182586083866278,nan,nan,nan,nan
1285,42.84846878680801,0,690.312140478353,219.43627005752344,744.7855402112104,211.9664229623612,nan,nan,nan,nan,31.22793180439654,18.83529820494598,0.1723706045560894,nan,nan,nan,nan
1286,42.88181389870436,0,690.312140478353,219.43627005752344,744.7855402112104,211.9664229623612,nan,nan,nan,nan,31.22793180439654,18.83529820494598,0.1723706045560894,nan,nan,nan,nan
1287,42.91515901060071,0,690.321797207043,219.47176684881603,744.6631860776439,211.97242302543503,nan,nan,nan,nan,31.224365291213836,18.83381814058633,0.17328431074785797,nan,nan,nan,nan
1288,42.948504122497056,0,690.3660366036603,219.49084908490846,744.6631860776439,211.97242302543503,nan,nan,nan,nan,31.225645313905055,18.833209116947003,0.17376728915631126,nan,nan,nan,nan
1289,42.9818492343934,0,690.3441538923955,219.4845205891193,744.6631860776439,211.97242302543503,nan,nan,nan,nan,31.22500295689961,18.83340587729916,0.1735879239792614,nan,nan,nan,nan
1290,43.01519434628975,0,690.3441538923955,219.4845205891193,744.6631860776439,211.97242302543503,nan,nan,nan,nan,31.22500295689961,18.83340587729916,0.1735879239792614,nan,nan,nan,nan
1291,43.0485394581861,0,690.3441538923955,219.4845205891193,744.7281968967361,211.9513108614232,nan,nan,nan,nan,31.22706673062427,18.834171294431755,0.17382147792766522,nan,nan,nan,nan
1292,43.08188457008245,0,690.3309330933093,219.5082508250825,744.6509710029263,211.8895982974195,nan,nan,nan,nan,31.22448236170367,18.835403814994148,0.1756369832182623,nan,nan,nan,nan
1293,43.115229681978796,0,690.2796865581676,219.49367088607596,744.6509710029263,211.8895982974195,nan,nan,nan,nan,31.222977336611862,18.83585651361212,0.1752206030569373,nan,nan,nan,nan
1294,43.14857479387515,0,690.2796865581676,219.49367088607596,744.6509710029263,211.8895982974195,nan,nan,nan,nan,31.222977336611862,18.83585651361212,0.1752206030569373,nan,nan,nan,nan
1295,43.181919905771494,0,690.2796865581676,219.49367088607596,744.6509710029263,211.8895982974195,nan,nan,nan,nan,31.222977336611862,18.83585651361212,0.1752206030569373,nan,nan,nan,nan
1296,43.215265017667846,0,690.2796865581676,219.49367088607596,744.6509710029263,211.8895982974195,nan,nan,nan,nan,31.222977336611862,18.83585651361212,0.1752206030569373,nan,nan,nan,nan
1297,43.24861012956419,0,690.4449485783423,219.55928614640047,744.7281968967361,211.9513108614232,nan,nan,nan,nan,31.229890419804605,18.83173270908994,0.17552213754153412,nan,nan,nan,nan
1298,43.281955241460544,0,690.4449485783423,219.55928614640047,744.7281968967361,211.9513108614232,nan,nan,nan,nan,31.229890419804605,18.83173270908994,0.17552213754153412,nan,nan,nan,nan
1299,43.31530035335689,0,690.4449485783423,219.55928614640047,744.7281968967361,211.9513108614232,nan,nan,nan,nan,31.229890419804605,18.83173270908994,0.17552213754153412,nan,nan,nan,nan
1300,43.34864546525324,0,690.3624624624624,219.54984984984983,744.7409800753903,212.03500269251478,nan,nan,nan,nan,31.227491309142522,18.82915649103757,0.17347388224573082,nan,nan,nan,nan
1301,43.38199057714959,0,690.3624624624624,219.54984984984983,744.6547425474254,211.99132791327912,nan,nan,nan,nan,31.225031959047016,18.83057613094733,0.17454662104205235,nan,nan,nan,nan
1302,43.41533568904594,0,690.3624624624624,219.54984984984983,744.6547425474254,211.99132791327912,nan,nan,nan,nan,31.225031959047016,18.83057613094733,0.17454662104205235,nan,nan,nan,nan
1303,43.448680800942284,0,690.3624624624624,219.54984984984983,744.6547425474254,211.99132791327912,nan,nan,nan,nan,31.225031959047016,18.83057613094733,0.17454662104205235,nan,nan,nan,nan
1304,43.48202591283864,0,690.3405535499397,219.5436221419976,744.6547425474254,211.99132791327912,nan,nan,nan,nan,31.224388531965303,18.830769475804335,0.17436887048085728,nan,nan,nan,nan
1305,43.51537102473498,0,690.3624624624624,219.54984984984983,744.6547425474254,211.99132791327912,nan,nan,nan,nan,31.225031959047016,18.83057613094733,0.17454662104205235,nan,nan,nan,nan
1306,43.548716136631334,0,690.3092006033182,219.5336349924585,744.6547425474254,211.99132791327912,nan,nan,nan,nan,31.22347092510098,18.83108227343741,0.1740941290895064,nan,nan,nan,nan
1307,43.58206124852768,0,690.2813067150635,219.5465819721718,744.6547425474254,211.99132791327912,nan,nan,nan,nan,31.222589961576524,18.830627195033998,0.1742678467163266,nan,nan,nan,nan
1308,43.61540636042403,0,690.3254545454546,219.5890909090909,744.7409800753903,212.03500269251478,nan,nan,nan,nan,31.226257209013536,18.82781161839963,0.17412671309354308,nan,nan,nan,nan
1309,43.64875147232038,0,690.3092006033182,219.5336349924585,744.7409800753903,212.03500269251478,nan,nan,nan,nan,31.225930275196486,18.829662633527654,0.17302288218372014,nan,nan,nan,nan
1310,43.68209658421672,0,690.3624624624624,219.54984984984983,744.7409800753903,212.03500269251478,nan,nan,nan,nan,31.227491309142522,18.82915649103757,0.17347388224573082,nan,nan,nan,nan
1311,43.715441696113075,0,690.3092006033182,219.5336349924585,744.6547425474254,211.99132791327912,nan,nan,nan,nan,31.22347092510098,18.83108227343741,0.1740941290895064,nan,nan,nan,nan
1312,43.74878680800942,0,690.294790725685,219.55615778380005,744.6424340333871,211.90737749057618,nan,nan,nan,nan,31.22291951575242,18.83315806965066,0.17613720684273665,nan,nan,nan,nan
1313,43.78213191990577,0,690.2852852852852,219.52072072072073,744.6424340333871,211.90737749057618,nan,nan,nan,nan,31.22273720028973,18.83434155701657,0.17543373103051785,nan,nan,nan,nan
1314,43.81547703180212,0,690.2759242560866,219.5253982566877,744.6424340333871,211.90737749057618,nan,nan,nan,nan,31.222440568594834,18.834177659830242,0.17549812927988961,nan,nan,nan,nan
1315,43.84882214369847,0,690.2759242560866,219.5253982566877,744.6424340333871,211.90737749057618,nan,nan,nan,nan,31.222440568594834,18.834177659830242,0.17549812927988961,nan,nan,nan,nan
1316,43.882167255594815,0,690.2759242560866,219.5253982566877,744.6424340333871,211.90737749057618,nan,nan,nan,nan,31.222440568594834,18.834177659830242,0.17549812927988961,nan,nan,nan,nan
1317,43.91551236749117,0,690.2759242560866,219.5253982566877,744.6424340333871,211.90737749057618,nan,nan,nan,nan,31.222440568594834,18.834177659830242,0.17549812927988961,nan,nan,nan,nan
1318,43.94885747938751,0,690.2759242560866,219.5253982566877,744.7281968967361,211.9513108614232,nan,nan,nan,nan,31.224884555570792,18.832748764086915,0.17442216433569774,nan,nan,nan,nan
1319,43.982202591283865,0,690.2759242560866,219.5253982566877,744.7281968967361,211.9513108614232,637.2501405283867,166.21922428330524,618.9893842887473,150.52016985138002,31.224884555570792,18.832748764086915,0.17442216433569774,26.5806900580809,22.135513777085826,25.51181072796843,23.22783958448747
1320,44.01554770318021,0,690.2759242560866,219.5253982566877,744.780526735834,211.87842511306195,nan,nan,nan,nan,31.226762829511337,18.835263712263952,0.17568254819324572,nan,nan,nan,nan
1321,44.04889281507656,0,690.4790167865707,219.58723021582733,744.780526735834,211.87842511306195,nan,nan,nan,nan,31.23271512679521,18.83333365882359,0.17741137800120518,nan,nan,nan,nan
1322,44.08223792697291,0,690.5871281117182,219.46417729204614,744.9199676637026,211.80894637563998,nan,nan,nan,nan,31.24086676329302,18.840009477809197,0.1763079906129418,nan,nan,nan,nan
1323,44.11558303886926,0,690.7415151515152,219.4451515151515,745.1201177100053,211.76484751203853,nan,nan,nan,nan,31.251861190000657,18.842407262630346,0.17666599352548312,nan,nan,nan,nan
1324,44.148928150765606,0,690.8953836930456,219.51258992805757,745.1201177100053,211.76484751203853,nan,nan,nan,nan,31.256309743931638,18.840253061715117,0.17837412098449185,nan,nan,nan,nan
1325,44.18227326266196,0,690.9380610412926,219.5197486535009,745.1976806903991,211.7734627831715,nan,nan,nan,nan,31.259909161728253,18.839808276058438,0.178248367790265,nan,nan,nan,nan
1326,44.215618374558304,0,690.9587781731909,219.37722419928826,745.2671489817792,211.7540192926045,nan,nan,nan,nan,31.26315200961716,18.84532366262605,0.17576167789167765,nan,nan,nan,nan
1327,44.248963486454656,0,691.0335112692763,219.5127520759193,745.5084699453552,211.75737704918032,nan,nan,nan,nan,31.27235217443563,18.84088959087813,0.17783204302866112,nan,nan,nan,nan
1328,44.282308598351,0,690.489107729036,219.49806028051327,745.4010666666666,213.56586666666666,nan,nan,nan,nan,31.2456389663435,18.7795172423494,0.141608728757675,nan,nan,nan,nan
1329,44.315653710247354,0,688.3691148775895,217.25298179535466,743.3036548502336,211.8213794998626,nan,nan,nan,nan,31.131022452174676,18.911145040487895,0.1320948602496851,nan,nan,nan,nan
1330,44.3489988221437,0,685.921160517187,217.33617155471458,740.9269444444444,213.21,nan,nan,nan,nan,30.979018988538847,18.857666147937294,0.10640651289987076,nan,nan,nan,nan
1331,44.382343934040044,0,681.8600938967136,216.57433489827855,737.4784675615211,213.3003355704698,nan,nan,nan,nan,30.753076138682605,18.87475110079009,0.0889451482229477,nan,nan,nan,nan
1332,44.415689045936396,0,674.7067840834964,214.68590998043052,731.0631273111463,211.42076069730587,nan,nan,nan,nan,30.353624020163686,18.99222158785193,0.08812535457403774,nan,nan,nan,nan
1333,44.44903415783274,0,663.507348029392,212.74014696058782,720.8541341653666,210.17576703068121,nan,nan,nan,nan,29.713569857583337,19.08441906632045,0.07382540056591498,nan,nan,nan,nan
1334,44.482379269729094,0,648.436170212766,213.59148936170212,706.2611879576892,211.9704366693789,nan,nan,nan,nan,28.806218064707657,18.972895808291437,0.055386692350915444,nan,nan,nan,nan
1335,44.51572438162544,0,630.3473193473194,214.03729603729604,688.4112418300653,213.87189542483657,nan,nan,nan,nan,27.712244997616292,18.867148226767398,0.02739523343816732,nan,nan,nan,nan
1336,44.54906949352179,0,611.0630841121496,213.88006230529592,669.5758032128514,214.7547690763052,nan,nan,nan,nan,26.559404526633873,18.81476844163179,0.007521050748259938,nan,nan,nan,nan
1337,44.58241460541814,0,593.2719298245614,215.9055023923445,650.8441435020194,216.56070325492988,nan,nan,nan,nan,25.451782702790563,18.65934686604192,0.011414413864043816,nan,nan,nan,nan
1338,44.61575971731449,0,576.5,219.69505899705013,634.665684107099,221.0051584377303,nan,nan,nan,nan,24.44812910325535,18.359818083264823,-0.001202406997281249,nan,nan,nan,nan
1339,44.649104829210835,0,562.5932835820895,221.84359452736317,620.2288028347253,224.20146798278915,nan,nan,nan,nan,23.59157114585185,18.161380447917928,-0.021824267735185657,nan,nan,nan,nan
1340,44.68244994110719,0,552.4396525905959,223.42078466606768,609.1149425287356,225.43403298350825,nan,nan,nan,nan,22.953081440167338,18.052905517759463,-0.015863981297082483,nan,nan,nan,nan
1341,44.71579505300353,0,544.5595977521443,223.578231292517,602.031282051282,226.18153846153845,nan,nan,nan,nan,22.505633018222326,18.012288309511494,-0.026784250729003662,nan,nan,nan,nan
1342,44.749140164899885,0,538.5595977521443,223.42176870748298,595.9186928104574,225.88261437908494,nan,nan,nan,nan,22.14520630661208,18.018850125825658,-0.024114559604075755,nan,nan,nan,nan
1343,44.78248527679623,0,534.3845695561513,221.66815609174859,590.7287724405628,224.1957787481805,nan,nan,nan,nan,21.869251762607682,18.126457104867686,-0.02626231147160391,nan,nan,nan,nan
1344,44.81583038869258,0,530.4283927454659,220.34177611006876,586.8760351966873,222.93141821946168,nan,nan,nan,nan,21.638670310259865,18.207049051710356,-0.027371140354095134,nan,nan,nan,nan
1345,44.84917550058893,0,528.5698540363419,221.32975871313673,584.8142322097378,223.82496878901372,nan,nan,nan,nan,21.52030015727035,18.141709578744187,-0.025705630783565834,nan,nan,nan,nan
1346,44.88252061248528,0,527.2735476593344,223.46503102086857,583.1379219409282,227.11682489451474,nan,nan,nan,nan,21.42696491117116,17.959538093025685,-0.04918469140221507,nan,nan,nan,nan
1347,44.915865724381625,0,526.104020979021,225.50174825174824,581.6538461538462,229.16555183946488,nan,nan,nan,nan,21.344911185450215,17.82247204553753,-0.049861808298830954,nan,nan,nan,nan
1348,44.94921083627798,0,524.3713686732553,227.32734351602275,579.6345514950166,231.25083056478405,nan,nan,nan,nan,21.23046817554785,17.690715812291288,-0.05548804902311264,nan,nan,nan,nan
1349,44.98255594817432,0,522.599573040561,229.18969197926197,577.7515544741822,233.58421194917543,nan,nan,nan,nan,21.118880623663784,17.54995232815639,-0.06514149032351356,nan,nan,nan,nan
1350,45.015901060070675,0,520.4356024288909,230.57782038990092,575.2167330677291,235.0565737051793,nan,nan,nan,nan,20.977687237792175,17.452651500221602,-0.06744797847178055,nan,nan,nan,nan
1351,45.04924617196702,0,517.0968325791855,232.0549019607843,572.0885167464115,235.5794790005316,nan,nan,nan,nan,20.78541669168419,17.38251262305936,-0.04787583500878815,nan,nan,nan,nan
1352,45.082591283863366,0,513.9316621903909,234.3542226201134,569.2300053676865,237.01019860440147,nan,nan,nan,nan,20.605516579801936,17.2561123204148,-0.030099235700273595,nan,nan,nan,nan
1353,45.11593639575972,0,510.5,236.5,565.7096081588835,237.81561996779388,nan,nan,nan,nan,20.399192519489738,17.154840118093873,-0.0033228556489582773,nan,nan,nan,nan
1354,45.14928150765606,0,506.53831775700934,238.7498442367601,561.7993630573249,239.96656050955414,nan,nan,nan,nan,20.164965162464174,17.005833337285807,-0.0013994517600073222,nan,nan,nan,nan
1355,45.182626619552416,0,506.0929059067972,239.89640842980108,561.7141252457175,240.92024712159505,nan,nan,nan,nan,20.148514239493316,16.93704203684546,0.002554541659877721,nan,nan,nan,nan
1356,45.21597173144876,0,505.5,239.5,560.6350552557183,239.40298123875607,nan,nan,nan,nan,20.10052165195072,16.99831343505234,0.02489274425747214,nan,nan,nan,nan
1357,45.24931684334511,0,505.2310996563574,238.99856815578462,560.664560294892,239.239336492891,nan,nan,nan,nan,20.093624019660673,17.019820079327786,0.018162188697776336,nan,nan,nan,nan
1358,45.28266195524146,0,505.4067251461988,238.46052631578948,560.6023062483239,238.07294180745504,nan,nan,nan,nan,20.097939354151556,17.075536128966018,0.030770200280769457,nan,nan,nan,nan
1359,45.31600706713781,0,505.14615154237794,238.6412099430967,560.4112347641759,237.4872813990461,nan,nan,nan,nan,20.085125626908653,17.088497990908557,0.04608812267482011,nan,nan,nan,nan
1360,45.349352179034156,0,505.2175595238095,238.625,560.2178434592226,237.29802955665025,nan,nan,nan,nan,20.081666734534465,17.095134698633576,0.04967723474291379,nan,nan,nan,nan
1361,45.38269729093051,0,504.5,238.5,559.8621450234352,237.12930796801763,nan,nan,nan,nan,20.050184032587836,17.1040005260228,0.05038469719945875,nan,nan,nan,nan
1362,45.416042402826854,0,504.5,238.5,559.721059972106,237.007810320781,nan,nan,nan,nan,20.046113165079383,17.107880830125485,0.05288558710503308,nan,nan,nan,nan
1363,45.449387514723206,0,504.5,238.5,559.483870967742,236.7670250896057,nan,nan,nan,nan,20.039298787130743,17.115601143030105,0.057850970277107006,nan,nan,nan,nan
1364,45.48273262661955,0,504.43592171717165,238.4431818181818,559.483870967742,236.7670250896057,nan,nan,nan,nan,20.037413114150656,17.11740898480154,0.05667465590175,nan,nan,nan,nan
1365,45.516077738515904,0,504.0995710784313,238.29044117647058,559.1878787878787,236.85537190082644,nan,nan,nan,nan,20.018687882744956,17.119063948877407,0.05182613491413946,nan,nan,nan,nan
1366,45.54942285041225,0,503.4617816091954,238.86206896551724,558.7490979739106,236.71051901193448,nan,nan,nan,nan,19.987090744619067,17.10445386124951,0.06599231459302596,nan,nan,nan,nan
1367,45.5827679623086,0,503.3981083404987,238.87474921180853,558.5710314150681,236.60439254934664,nan,nan,nan,nan,19.98003905951857,17.107351043027414,0.06845518445276175,nan,nan,nan,nan
1368,45.61611307420495,0,503.41161400512385,238.92314261315116,558.6491083676268,236.42524005486965,nan,nan,nan,nan,19.982895007692292,17.11170425141571,0.07293903113263099,nan,nan,nan,nan
1369,45.6494581861013,0,503.34320360970105,239.02256063169764,558.5710314150681,236.60439254934664,nan,nan,nan,nan,19.97843029569161,17.102500831841816,0.07134959581944923,nan,nan,nan,nan
1370,45.682803297997644,0,503.2891328828828,239.07319819819816,558.5738746202707,236.43634355150508,nan,nan,nan,nan,19.977064842833883,17.10632053395967,0.07565424032661225,nan,nan,nan,nan
1371,45.716148409894,0,503.30831928049463,239.05958403597523,558.4976680384087,236.47462277091904,nan,nan,nan,nan,19.975342428673386,17.105471079621623,0.07471036718831946,nan,nan,nan,nan
1372,45.74949352179034,0,503.30831928049463,239.05958403597523,558.4976680384087,236.47462277091904,451.1276595744681,172.13333333333333,387.4012578616352,175.6377358490566,19.975342428673386,17.105471079621623,0.07471036718831946,15.169428180512863,21.41665182765417,11.329677522371037,21.07192356139678
1373,45.782838633686694,0,503.41261722080134,238.9462915601023,558.4976680384087,236.47462277091904,nan,nan,nan,nan,19.97840450538706,17.109230407913955,0.07255042082924408,nan,nan,nan,nan
1374,45.81618374558304,0,503.5566119273984,238.85566119273983,558.5729081493595,236.46334150994818,nan,nan,nan,nan,19.98487006422817,17.112699873972165,0.07102905514213262,nan,nan,nan,nan
1375,45.849528857479385,0,503.5655690352397,238.8281340265742,558.5870565935553,236.37584619550498,nan,nan,nan,nan,19.985622997004995,17.116477518566853,0.07222773802566969,nan,nan,nan,nan
1376,45.88287396937574,0,503.59252823631624,238.8175499565595,558.6607479149852,236.3524347592144,318.2561807331628,170.62702472293262,289.4991708126036,171.44112769485903,19.988614777388683,17.117657570993707,0.07244345528469795,7.151353311928221,21.309545466443744,5.435191208956255,21.207647738856615
1377,45.91621908127208,0,503.41770647653,238.97653000594173,558.6607479149852,236.3524347592144,nan,nan,nan,nan,19.983480349627218,17.112362337356426,0.07544645068005003,nan,nan,nan,nan
1378,45.949564193168435,0,503.55496921723835,238.87892113749632,558.6607479149852,236.3524347592144,nan,nan,nan,nan,19.987512530612506,17.115633554253655,0.07363248769709986,nan,nan,nan,nan
1379,45.98290930506478,0,503.4926253687315,238.9324483775811,558.7894453419493,236.2382875605816,nan,nan,nan,nan,19.98958328666073,17.117675167266157,0.07679415005419805,nan,nan,nan,nan
1380,46.01625441696113,0,503.70164609053495,238.73780129335682,558.7246612466124,236.14878048780488,nan,nan,nan,nan,19.993879459315995,17.127043221864362,0.07497075336949852,nan,nan,nan,nan
1381,46.04959952885748,0,503.71167990585457,238.7372756693145,558.7246612466124,236.14878048780488,nan,nan,nan,nan,19.994174477011068,17.127067123699124,0.07496968616922467,nan,nan,nan,nan
1382,46.08294464075383,0,503.8183169788878,238.7612250966399,558.6772789115646,236.09278911564624,nan,nan,nan,nan,19.99595488517111,17.12816105161537,0.07671800007937936,nan,nan,nan,nan
1383,46.116289752650175,0,503.82156687518614,238.73666964551683,558.6772789115646,236.09278911564624,nan,nan,nan,nan,19.996049714069414,17.128963024942095,0.07623005479608574,nan,nan,nan,nan
1384,46.14963486454653,0,503.86038863976074,238.7778774289985,558.7246612466124,236.14878048780488,nan,nan,nan,nan,19.998548323725654,17.125845239800288,0.07592167703877245,nan,nan,nan,nan
1385,46.18297997644287,0,503.722074074074,238.64296296296294,558.754039989044,236.06546151739246,nan,nan,nan,nan,19.995415197831324,17.13289581087176,0.07473888756886232,nan,nan,nan,nan
1386,46.216325088339225,0,503.7346335697399,238.73374704491724,558.6765513454145,236.43574958813838,nan,nan,nan,nan,19.99318938467828,17.1177651612034,0.06920992399106282,nan,nan,nan,nan
1387,46.24967020023557,0,503.4174015285126,239.00323339212224,558.4694835680751,236.56393261529962,nan,nan,nan,nan,19.977640158072013,17.104435695925243,0.07192785918222495,nan,nan,nan,nan
1388,46.28301531213192,0,503.2628036289142,239.16183786947613,558.27537437604,236.47032723239045,nan,nan,nan,nan,19.967435612273977,17.1021000425863,0.07700143461954524,nan,nan,nan,nan
1389,46.31636042402827,0,503.19547148179987,239.25652049297793,558.27537437604,236.47032723239045,nan,nan,nan,nan,19.965460035086764,17.098972347524715,0.07882092580506235,nan,nan,nan,nan
1390,46.34970553592462,0,503.2185886402754,239.31239242685027,558.200826446281,236.5349862258953,nan,nan,nan,nan,19.96388361986984,17.09500098962185,0.07873945024879002,nan,nan,nan,nan
1391,46.383050647820966,0,502.9081065261925,239.44454199590282,558.203947368421,236.50986842105263,nan,nan,nan,nan,19.95487609929034,17.0913150139963,0.08154477187181511,nan,nan,nan,nan
1392,46.41639575971732,0,503.0291005291005,239.47354497354496,558.203947368421,236.50986842105263,nan,nan,nan,nan,19.958433469017006,17.090452748162043,0.08224823836289974,nan,nan,nan,nan
1393,46.44974087161366,0,503.0138262699128,239.29876765855124,558.2471264367816,236.2030651340996,nan,nan,nan,nan,19.959505144661026,17.106208659360277,0.08482885794267105,nan,nan,nan,nan
1394,46.483085983510016,0,503.11268492288315,239.52754170601196,558.3030548796971,236.2819680994863,nan,nan,nan,nan,19.964010502580052,17.096283386108375,0.08784268243689392,nan,nan,nan,nan
1395,46.51643109540636,0,503.06493921944974,239.7920665387076,558.3808380037362,236.1870829997331,nan,nan,nan,nan,19.964997232453165,17.090805370858504,0.09480930789433724,nan,nan,nan,nan
1396,46.549776207302706,0,502.8870003147623,239.2052250550834,558.2959701094209,236.11182279156657,nan,nan,nan,nan,19.957292948218086,17.11219035788357,0.08459598035283757,nan,nan,nan,nan
1397,46.58312131919906,0,502.80324290614277,239.177736202058,558.1141950832673,236.0771874173936,nan,nan,nan,nan,19.949479467033292,17.114038998447487,0.08484949556779449,nan,nan,nan,nan
1398,46.616466431095404,0,502.7148520890515,238.90698383653552,558.1229050279329,236.1606810321894,nan,nan,nan,nan,19.947058216244436,17.120065297005326,0.07772765821335487,nan,nan,nan,nan
1399,46.649811542991756,0,502.7148520890515,238.90698383653552,558.0825982357659,236.09516172146482,nan,nan,nan,nan,19.945919008959073,17.12218407737613,0.07907030419148445,nan,nan,nan,nan
1400,46.6831566548881,0,502.74325980392155,238.84620098039215,558.0825982357659,236.09516172146482,nan,nan,nan,nan,19.946751341357086,17.12418259619619,0.07789429715141333,nan,nan,nan,nan
1401,46.716501766784454,0,502.5930052615289,238.7539461467038,557.9147410358565,235.9575033200531,nan,nan,nan,nan,19.937474606826168,17.131480643705487,0.07882321657956194,nan,nan,nan,nan
1402,46.7498468786808,0,502.60436137071645,238.69221183800622,557.8230971128609,235.81496062992127,nan,nan,nan,nan,19.935209300989257,17.13810690673545,0.08054298676154933,nan,nan,nan,nan
1403,46.78319199057715,0,502.5626740947075,238.77808727948005,557.7459059693607,235.783676703645,nan,nan,nan,nan,19.931728930237,17.136254227493097,0.08290984111621437,nan,nan,nan,nan
1404,46.8165371024735,0,502.382657869934,238.38862708136975,557.2625229478101,235.64489902963544,nan,nan,nan,nan,19.91222332286125,17.153035667494745,0.07824302579483342,nan,nan,nan,nan
1405,46.84988221436985,0,502.359987456883,238.36719974913765,557.1945104249141,235.71390868302979,nan,nan,nan,nan,19.90948756718624,17.151410221206966,0.07647354147045257,nan,nan,nan,nan
1406,46.883227326266194,0,502.359987456883,238.36719974913765,557.1945104249141,235.71390868302979,nan,nan,nan,nan,19.90948756718624,17.151410221206966,0.07647354147045257,nan,nan,nan,nan
1407,46.91657243816255,0,502.45454545454544,238.57544191919192,557.3401953021905,235.64106624439162,nan,nan,nan,nan,19.916648425823688,17.147177257475203,0.0820466041753694,nan,nan,nan,nan
1408,46.94991755005889,0,502.31587153102583,238.44246959775492,557.2594953519256,235.57025232403714,nan,nan,nan,nan,19.91023255038381,17.15368086515572,0.08075034862132287,nan,nan,nan,nan
1409,46.983262661955244,0,502.02800608828005,238.21765601217655,556.9457609268035,235.5300157977883,nan,nan,nan,nan,19.892502482741566,17.161914831713528,0.07709465158664416,nan,nan,nan,nan
1410,47.01660777385159,0,501.7902718168812,238.0168812589413,556.7373103087389,235.37912087912088,nan,nan,nan,nan,19.879450011985217,17.173100349248287,0.07608203623208203,nan,nan,nan,nan
1411,47.04995288574794,0,501.7262103505843,237.67696160267113,556.7102125453603,235.25583203732504,nan,nan,nan,nan,19.876840705782918,17.188160838072665,0.07172876370878058,nan,nan,nan,nan
1412,47.08329799764429,0,500.99391304347824,237.47391304347826,556.175341745531,234.65457413249212,nan,nan,nan,nan,19.839927540598723,17.213637272376843,0.07952876347309064,nan,nan,nan,nan
1413,47.11664310954064,0,500.70178519168854,237.37079309335672,555.8442292171105,234.01022329835885,nan,nan,nan,nan,19.82202676840934,17.237720286517586,0.09038419244232924,nan,nan,nan,nan
1414,47.149988221436985,0,500.8776675683799,236.94800120228433,555.9478351591027,233.78794992175273,nan,nan,nan,nan,19.830411291119162,17.25899974720214,0.0864996416254679,nan,nan,nan,nan
