frame,time_s,episode,roof_a_px_x,roof_a_px_y,roof_b_px_x,roof_b_px_y,tool_front_px_x,tool_front_px_y,tool_rear_px_x,tool_rear_px_y,object_proxy_x_cm,object_proxy_y_cm,proxy_heading_rad,tool_front_proxy_x_cm,tool_front_proxy_y_cm,tool_rear_proxy_x_cm,tool_rear_proxy_y_cm
0,0.0,0,476.5,268.5,531.2438893365565,269.7193123824872,nan,nan,nan,nan,19.885522597157703,15.491054933035208,0.0007631468413724672,nan,nan,nan,nan
1,0.03335362760020294,0,476.78551532033424,268.3670690188796,531.7719298245613,269.69864176570456,nan,nan,nan,nan,19.909891558675998,15.496876417172897,-0.0014210125035530353,nan,nan,nan,nan
2,0.06670725520040588,0,476.81820987654316,268.3611111111111,531.571029082774,269.741610738255,nan,nan,nan,nan,19.90480937463147,15.495493749452901,-0.002542982111247987,nan,nan,nan,nan
3,0.10006088280060883,0,476.81820987654316,268.3611111111111,531.6234203875316,269.78826172423476,nan,nan,nan,nan,19.90637123030068,15.493956606246485,-0.0034739387725732365,nan,nan,nan,nan
4,0.13341451040081176,0,476.8608776844071,268.4403983815748,531.7679542203147,269.8331902718169,nan,nan,nan,nan,19.91204036621975,15.489903593296113,-0.0027170076548497972,nan,nan,nan,nan
5,0.16676813800101473,0,476.8828828828829,268.4358496427462,531.7856119231872,269.85640584694755,nan,nan,nan,nan,19.91322131666127,15.489302919888445,-0.003288318480360659,nan,nan,nan,nan
6,0.20012176560121767,0,476.8828828828829,268.4358496427462,531.7856119231872,269.85640584694755,nan,nan,nan,nan,19.91322131666127,15.489302919888445,-0.003288318480360659,nan,nan,nan,nan
7,0.2334753932014206,0,476.9434661723818,268.3815261044176,531.8258027848821,269.745666382495,nan,nan,nan,nan,19.91624603345583,15.494961727188233,-0.002140890816397694,nan,nan,nan,nan
8,0.2668290208016235,0,476.9434661723818,268.3815261044176,531.8258027848821,269.745666382495,nan,nan,nan,nan,19.91624603345583,15.494961727188233,-0.002140890816397694,nan,nan,nan,nan
9,0.30018264840182646,0,476.8988206083178,268.4351334574798,531.8258027848821,269.745666382495,nan,nan,nan,nan,19.91494339666462,15.493115931937048,-0.0010208768907963952,nan,nan,nan,nan
10,0.33353627600202945,0,476.92069392812886,268.4175960346964,531.7856119231872,269.85640584694755,nan,nan,nan,nan,19.91434308579174,15.489948941228342,-0.003682409844205511,nan,nan,nan,nan
11,0.3668899036022324,0,476.9651557200123,268.3641689793401,531.7856119231872,269.85640584694755,nan,nan,nan,nan,19.91564036954825,15.49178854395506,-0.004802020397261359,nan,nan,nan,nan
12,0.40024353120243533,0,476.92069392812886,268.4175960346964,531.7778718600056,269.82867626305386,nan,nan,nan,nan,19.914118974430185,15.490880713304882,-0.003117653050282408,nan,nan,nan,nan
13,0.43359715880263827,0,476.87301587301585,268.5104263927793,531.7778718600056,269.82867626305386,nan,nan,nan,nan,19.912752278774256,15.487707601878657,-0.001191691293068095,nan,nan,nan,nan
14,0.4669507864028412,0,476.87301587301585,268.5104263927793,531.7778718600056,269.82867626305386,nan,nan,nan,nan,19.912752278774256,15.487707601878657,-0.001191691293068095,nan,nan,nan,nan
15,0.5003044140030442,0,476.9056486654252,268.50962135319674,531.7778718600056,269.82867626305386,nan,nan,nan,nan,19.913730598458017,15.487760098419193,-0.0012242381268841986,nan,nan,nan,nan
16,0.533658041603247,0,476.913488372093,268.4750387596899,531.7778718600056,269.82867626305386,nan,nan,nan,nan,19.91394211019682,15.488934461373887,-0.0019367498673543008,nan,nan,nan,nan
17,0.56701166920345,0,476.9381570810142,268.44372294372295,531.7778718600056,269.82867626305386,nan,nan,nan,nan,19.91466069835218,15.49001155756504,-0.0025912314410814212,nan,nan,nan,nan
18,0.6003652968036529,0,476.9381570810142,268.44372294372295,531.7778718600056,269.82867626305386,nan,nan,nan,nan,19.91466069835218,15.49001155756504,-0.0025912314410814212,nan,nan,nan,nan
19,0.6337189244038559,0,476.9381570810142,268.44372294372295,531.7778718600056,269.82867626305386,nan,nan,nan,nan,19.91466069835218,15.49001155756504,-0.0025912314410814212,nan,nan,nan,nan
20,0.6670725520040589,0,476.9381570810142,268.44372294372295,531.7778718600056,269.82867626305386,nan,nan,nan,nan,19.91466069835218,15.49001155756504,-0.0025912314410814212,nan,nan,nan,nan
21,0.7004261796042618,0,477.0024600246002,268.4163591635916,531.7778718600056,269.82867626305386,nan,nan,nan,nan,19.916570979744648,15.49098590990749,-0.0031862099616118953,nan,nan,nan,nan
22,0.7337798072044648,0,476.97810669133514,268.4474252235584,531.7848820687695,269.9161693662972,nan,nan,nan,nan,19.916044850836947,15.486964098703908,-0.004329035766171657,nan,nan,nan,nan
23,0.7671334348046677,0,477.0273173726212,268.45580110497235,531.7434154630416,269.8909657320872,nan,nan,nan,nan,19.916287097973548,15.48753939714065,-0.003688487705127734,nan,nan,nan,nan
24,0.8004870624048707,0,477.0273173726212,268.45580110497235,531.7434154630416,269.8909657320872,nan,nan,nan,nan,19.916287097973548,15.48753939714065,-0.003688487705127734,nan,nan,nan,nan
25,0.8338406900050735,0,477.0947592931139,268.37202925045705,531.7367088607594,269.8039381153305,nan,nan,nan,nan,19.918078887549,15.493359940794381,-0.003659601327157296,nan,nan,nan,nan
26,0.8671943176052765,0,477.0947592931139,268.37202925045705,531.7144060657118,269.79163156416735,nan,nan,nan,nan,19.917411680363582,15.493758842943535,-0.003418050970255386,nan,nan,nan,nan
27,0.9005479452054794,0,477.0947592931139,268.37202925045705,531.7367088607594,269.8039381153305,nan,nan,nan,nan,19.918078887549,15.493359940794381,-0.003659601327157296,nan,nan,nan,nan
28,0.9339015728056824,0,477.0947592931139,268.37202925045705,531.7778718600056,269.82867626305386,nan,nan,nan,nan,19.919309649364138,15.492555251599736,-0.004146563450984873,nan,nan,nan,nan
29,0.9672552004058853,0,477.1261014889091,268.3770890306897,531.7782546494992,270.00486409155934,nan,nan,nan,nan,19.9202090758074,15.486450988420916,-0.007687442352239551,nan,nan,nan,nan
30,1.0006088280060883,0,477.1261014889091,268.3770890306897,531.7782546494992,270.00486409155934,nan,nan,nan,nan,19.9202090758074,15.486450988420916,-0.007687442352239551,nan,nan,nan,nan
31,1.0339624556062912,0,477.0947592931139,268.37202925045705,531.7782546494992,270.00486409155934,nan,nan,nan,nan,19.91926538366645,15.486597638483104,-0.007772271551199009,nan,nan,nan,nan
32,1.067316083206494,0,477.0947592931139,268.37202925045705,531.7778718600056,269.82867626305386,nan,nan,nan,nan,19.919309649364138,15.492555251599736,-0.004146563450984873,nan,nan,nan,nan
33,1.1006697108066972,0,477.0947592931139,268.37202925045705,531.7782546494992,270.00486409155934,nan,nan,nan,nan,19.91926538366645,15.486597638483104,-0.007772271551199009,nan,nan,nan,nan
34,1.1340233384069,0,477.11446886446885,268.38186813186815,531.7782546494992,270.00486409155934,nan,nan,nan,nan,19.919863355217593,15.486280493203594,-0.007582031388847842,nan,nan,nan,nan
35,1.167376966007103,0,477.1458143074581,268.38691019786904,531.7782546494992,270.00486409155934,nan,nan,nan,nan,19.9208071265854,15.486134445567084,-0.00749742899625917,nan,nan,nan,nan
36,1.2007305936073058,0,477.1458143074581,268.38691019786904,531.7782546494992,270.00486409155934,nan,nan,nan,nan,19.9208071265854,15.486134445567084,-0.00749742899625917,nan,nan,nan,nan
37,1.234084221207509,0,477.11446886446885,268.38186813186815,531.7782546494992,270.00486409155934,nan,nan,nan,nan,19.919863355217593,15.486280493203594,-0.007582031388847842,nan,nan,nan,nan
38,1.2674378488077118,0,477.11446886446885,268.38186813186815,531.7782546494992,270.00486409155934,nan,nan,nan,nan,19.919863355217593,15.486280493203594,-0.007582031388847842,nan,nan,nan,nan
39,1.3007914764079147,0,477.1458143074581,268.38691019786904,531.7782546494992,270.00486409155934,nan,nan,nan,nan,19.9208071265854,15.486134445567084,-0.00749742899625917,nan,nan,nan,nan
40,1.3341451040081178,0,477.1458143074581,268.38691019786904,531.7782546494992,270.00486409155934,nan,nan,nan,nan,19.9208071265854,15.486134445567084,-0.00749742899625917,nan,nan,nan,nan
41,1.3674987316083207,0,477.19363636363636,268.4045454545454,531.7782546494992,270.00486409155934,nan,nan,nan,nan,19.92225373122765,15.485575693448638,-0.0071633905833968555,nan,nan,nan,nan
42,1.4008523592085236,0,477.21311475409834,268.41256830601094,531.7782546494992,270.00486409155934,nan,nan,nan,nan,19.92284350984635,15.485319736133498,-0.007009862734421231,nan,nan,nan,nan
43,1.4342059868087265,0,477.21311475409834,268.41256830601094,531.7782546494992,270.00486409155934,nan,nan,nan,nan,19.92284350984635,15.485319736133498,-0.007009862734421231,nan,nan,nan,nan
44,1.4675596144089296,0,477.21311475409834,268.41256830601094,531.7782546494992,270.00486409155934,nan,nan,nan,nan,19.92284350984635,15.485319736133498,-0.007009862734421231,nan,nan,nan,nan
45,1.5009132420091325,0,477.21311475409834,268.41256830601094,531.7782546494992,270.00486409155934,nan,nan,nan,nan,19.92284350984635,15.485319736133498,-0.007009862734421231,nan,nan,nan,nan
46,1.5342668696093353,0,477.19363636363636,268.4045454545454,531.7782546494992,270.00486409155934,nan,nan,nan,nan,19.92225373122765,15.485575693448638,-0.0071633905833968555,nan,nan,nan,nan
47,1.5676204972095382,0,477.19363636363636,268.4045454545454,531.7782546494992,270.00486409155934,nan,nan,nan,nan,19.92225373122765,15.485575693448638,-0.0071633905833968555,nan,nan,nan,nan
48,1.6009741248097413,0,477.19363636363636,268.4045454545454,531.7782546494992,270.00486409155934,nan,nan,nan,nan,19.92225373122765,15.485575693448638,-0.0071633905833968555,nan,nan,nan,nan
49,1.6343277524099442,0,477.19363636363636,268.4045454545454,531.7782546494992,270.00486409155934,nan,nan,nan,nan,19.92225373122765,15.485575693448638,-0.0071633905833968555,nan,nan,nan,nan
50,1.667681380010147,0,477.19363636363636,268.4045454545454,531.7782546494992,270.00486409155934,nan,nan,nan,nan,19.92225373122765,15.485575693448638,-0.0071633905833968555,nan,nan,nan,nan
51,1.70103500761035,0,477.19363636363636,268.4045454545454,531.7782546494992,270.00486409155934,nan,nan,nan,nan,19.92225373122765,15.485575693448638,-0.0071633905833968555,nan,nan,nan,nan
52,1.734388635210553,0,477.19363636363636,268.4045454545454,531.7782546494992,270.00486409155934,nan,nan,nan,nan,19.92225373122765,15.485575693448638,-0.0071633905833968555,nan,nan,nan,nan
53,1.767742262810756,0,477.19363636363636,268.4045454545454,531.7782546494992,270.00486409155934,nan,nan,nan,nan,19.92225373122765,15.485575693448638,-0.0071633905833968555,nan,nan,nan,nan
54,1.8010958904109589,0,477.19363636363636,268.4045454545454,531.7782546494992,270.00486409155934,nan,nan,nan,nan,19.92225373122765,15.485575693448638,-0.0071633905833968555,nan,nan,nan,nan
55,1.8344495180111617,0,477.20482654600295,268.40512820512816,531.7782546494992,270.00486409155934,nan,nan,nan,nan,19.922589822266183,15.48556468249964,-0.007158144342049691,nan,nan,nan,nan
56,1.8678031456113648,0,477.13266545233756,268.3870673952641,531.7782546494992,270.00486409155934,nan,nan,nan,nan,19.92041277700089,15.486118936826605,-0.007486183959906105,nan,nan,nan,nan
57,1.9011567732115677,0,477.13266545233756,268.3870673952641,531.5453034081463,269.9506788584095,nan,nan,nan,nan,19.913421099061814,15.487770356787589,-0.006508208491726122,nan,nan,nan,nan
58,1.9345104008117706,0,477.1261014889091,268.3770890306897,531.7367088607594,269.8039381153305,nan,nan,nan,nan,19.91902257968995,15.493213290732193,-0.0035723417306436577,nan,nan,nan,nan
59,1.9678640284119737,0,477.1261014889091,268.3770890306897,531.7367088607594,269.8039381153305,nan,nan,nan,nan,19.91902257968995,15.493213290732193,-0.0035723417306436577,nan,nan,nan,nan
60,2.0012176560121766,0,477.1261014889091,268.3770890306897,531.7367088607594,269.8039381153305,nan,nan,nan,nan,19.91902257968995,15.493213290732193,-0.0035723417306436577,nan,nan,nan,nan
61,2.0345712836123795,0,477.1261014889091,268.3770890306897,531.7367088607594,269.8039381153305,nan,nan,nan,nan,19.91902257968995,15.493213290732193,-0.0035723417306436577,nan,nan,nan,nan
62,2.0679249112125824,0,477.1261014889091,268.3770890306897,531.7367088607594,269.8039381153305,nan,nan,nan,nan,19.91902257968995,15.493213290732193,-0.0035723417306436577,nan,nan,nan,nan
63,2.1012785388127853,0,477.1261014889091,268.3770890306897,531.7367088607594,269.8039381153305,nan,nan,nan,nan,19.91902257968995,15.493213290732193,-0.0035723417306436577,nan,nan,nan,nan
64,2.134632166412988,0,477.1261014889091,268.3770890306897,531.7778718600056,269.82867626305386,nan,nan,nan,nan,19.920253341505088,15.492408601537548,-0.004059649402337228,nan,nan,nan,nan
65,2.1679857940131915,0,477.1261014889091,268.3770890306897,531.7367088607594,269.8039381153305,nan,nan,nan,nan,19.91902257968995,15.493213290732193,-0.0035723417306436577,nan,nan,nan,nan
66,2.2013394216133944,0,477.1261014889091,268.3770890306897,531.7367088607594,269.8039381153305,nan,nan,nan,nan,19.91902257968995,15.493213290732193,-0.0035723417306436577,nan,nan,nan,nan
67,2.2346930492135972,0,477.1261014889091,268.3770890306897,531.7367088607594,269.8039381153305,nan,nan,nan,nan,19.91902257968995,15.493213290732193,-0.0035723417306436577,nan,nan,nan,nan
68,2.2680466768138,0,477.1261014889091,268.3770890306897,531.7778718600056,269.82867626305386,nan,nan,nan,nan,19.920253341505088,15.492408601537548,-0.004059649402337228,nan,nan,nan,nan
69,2.301400304414003,0,477.1905198776758,268.4397553516819,531.7144060657118,269.79163156416735,nan,nan,nan,nan,19.9203304426255,15.49154488694808,-0.0020728397085217768,nan,nan,nan,nan
70,2.334753932014206,0,477.20048974594425,268.44781144781143,531.7144060657118,269.79163156416735,nan,nan,nan,nan,19.920634991582762,15.49128044361736,-0.0019117900067865674,nan,nan,nan,nan
71,2.3681075596144088,0,477.20048974594425,268.44781144781143,531.7144060657118,269.79163156416735,nan,nan,nan,nan,19.920634991582762,15.49128044361736,-0.0019117900067865674,nan,nan,nan,nan
72,2.4014611872146117,0,477.24832419256546,268.4652650822669,531.7616624257846,269.70879276222786,nan,nan,nan,nan,19.923529940213335,15.493566369781773,0.0001583631532022252,nan,nan,nan,nan
73,2.434814814814815,0,477.2792464296566,268.47553934974167,531.7616624257846,269.70879276222786,nan,nan,nan,nan,19.92446450886408,15.49324324203948,0.00035582700145976695,nan,nan,nan,nan
74,2.468168442415018,0,477.2792464296566,268.47553934974167,531.7841971112999,269.72104219767766,nan,nan,nan,nan,19.925138737111496,15.49284641206475,0.00011338793140314137,nan,nan,nan,nan
75,2.5015220700152208,0,477.2792464296566,268.47553934974167,531.8331902718169,269.8331902718169,nan,nan,nan,nan,19.926577395022097,15.48909143017498,-0.0021773764957656845,nan,nan,nan,nan
76,2.5348756976154236,0,477.2792464296566,268.47553934974167,531.8331902718169,269.8331902718169,nan,nan,nan,nan,19.926577395022097,15.48909143017498,-0.0021773764957656845,nan,nan,nan,nan
77,2.5682293252156265,0,477.35475971839605,268.53229262320167,531.761822871883,269.9661794210375,nan,nan,nan,nan,19.92669152748323,15.482680105888509,-0.0038312173081495532,nan,nan,nan,nan
78,2.6015829528158294,0,477.35475971839605,268.53229262320167,531.7270921985815,269.8524822695035,nan,nan,nan,nan,19.925682477326685,15.486497928818824,-0.0014967540373734363,nan,nan,nan,nan
79,2.6349365804160323,0,477.35475971839605,268.53229262320167,531.7912745936698,269.8080980895352,nan,nan,nan,nan,19.92762773425649,15.488048780537856,-0.0005468448086872512,nan,nan,nan,nan
80,2.6682902080162356,0,477.35475971839605,268.53229262320167,531.8268510515701,269.9219245174301,nan,nan,nan,nan,19.928662088903828,15.48422702556281,-0.002881486706507646,nan,nan,nan,nan
81,2.7016438356164385,0,477.35475971839605,268.53229262320167,531.8268510515701,269.9219245174301,nan,nan,nan,nan,19.928662088903828,15.48422702556281,-0.002881486706507646,nan,nan,nan,nan
82,2.7349974632166414,0,477.35475971839605,268.53229262320167,531.8268510515701,269.9219245174301,nan,nan,nan,nan,19.928662088903828,15.48422702556281,-0.002881486706507646,nan,nan,nan,nan
83,2.7683510908168443,0,477.35475971839605,268.53229262320167,531.8268510515701,269.9219245174301,nan,nan,nan,nan,19.928662088903828,15.48422702556281,-0.002881486706507646,nan,nan,nan,nan
84,2.801704718417047,0,477.35475971839605,268.53229262320167,531.8268510515701,269.9219245174301,nan,nan,nan,nan,19.928662088903828,15.48422702556281,-0.002881486706507646,nan,nan,nan,nan
85,2.83505834601725,0,477.3269230769231,268.503663003663,531.8268510515701,269.9219245174301,nan,nan,nan,nan,19.927807705273324,15.485172611788052,-0.003457405321316602,nan,nan,nan,nan
86,2.868411973617453,0,477.3269230769231,268.503663003663,531.8258027848821,269.745666382495,nan,nan,nan,nan,19.927832129861766,15.491132700860035,0.00018214163645880748,nan,nan,nan,nan
87,2.901765601217656,0,477.3269230769231,268.503663003663,531.8258027848821,269.745666382495,nan,nan,nan,nan,19.927832129861766,15.491132700860035,0.00018214163645880748,nan,nan,nan,nan
88,2.935119228817859,0,477.21311475409834,268.41621129326046,531.7574992991309,269.7423605270535,nan,nan,nan,nan,19.92230454618681,15.494057742000155,-0.0015308973839449186,nan,nan,nan,nan
89,2.968472856418062,0,477.21311475409834,268.41621129326046,531.7574992991309,269.7423605270535,nan,nan,nan,nan,19.92230454618681,15.494057742000155,-0.0015308973839449186,nan,nan,nan,nan
90,3.001826484018265,0,477.21311475409834,268.41621129326046,531.7574992991309,269.7423605270535,nan,nan,nan,nan,19.92230454618681,15.494057742000155,-0.0015308973839449186,nan,nan,nan,nan
91,3.035180111618468,0,477.1652942970417,268.3985971332723,531.7778718600056,269.82867626305386,nan,nan,nan,nan,19.92144371978562,15.491712300352495,-0.0036383005577357384,nan,nan,nan,nan
92,3.0685337392186707,0,477.22702205882354,268.44117647058823,531.7778718600056,269.82867626305386,nan,nan,nan,nan,19.923324385884168,15.490321588863495,-0.0027940638692220245,nan,nan,nan,nan
93,3.1018873668188736,0,477.2578673999389,268.45157347998776,531.7778718600056,269.82867626305386,nan,nan,nan,nan,19.92425674728416,15.48999424612048,-0.0025958425576766806,nan,nan,nan,nan
94,3.1352409944190764,0,477.29923896499236,268.45905631659053,531.7778718600056,269.82867626305386,nan,nan,nan,nan,19.925502894663126,15.489773522657828,-0.0024629853422919712,nan,nan,nan,nan
95,3.1685946220192798,0,477.34636363636366,268.48545454545456,531.7778718600056,269.82867626305386,nan,nan,nan,nan,19.926934406297462,15.48891822705395,-0.0019422088290360548,nan,nan,nan,nan
96,3.2019482496194827,0,477.2026739592829,268.41902157398965,531.7574992991309,269.7423605270535,nan,nan,nan,nan,19.921993241141685,15.493954697070084,-0.0014677491752633537,nan,nan,nan,nan
97,3.2353018772196855,0,477.2776247321702,268.4771962044689,531.7574992991309,269.7423605270535,nan,nan,nan,nan,19.924281089893043,15.492047398742859,-0.0003047192357063671,nan,nan,nan,nan
98,3.2686555048198884,0,477.31899969502894,268.48459896309845,531.7574992991309,269.7423605270535,nan,nan,nan,nan,19.92552726464627,15.49182938911299,-0.0001716777136633409,nan,nan,nan,nan
99,3.3020091324200913,0,477.2776247321702,268.4771962044689,531.7574992991309,269.7423605270535,nan,nan,nan,nan,19.924281089893043,15.492047398742859,-0.0003047192357063671,nan,nan,nan,nan
100,3.335362760020294,0,477.2776247321702,268.4771962044689,531.7574992991309,269.7423605270535,nan,nan,nan,nan,19.924281089893043,15.492047398742859,-0.0003047192357063671,nan,nan,nan,nan
101,3.368716387620497,0,477.2776247321702,268.4771962044689,531.7574992991309,269.7423605270535,nan,nan,nan,nan,19.924281089893043,15.492047398742859,-0.0003047192357063671,nan,nan,nan,nan
102,3.4020700152207,0,477.2478632478632,268.46153846153845,531.7574992991309,269.7423605270535,nan,nan,nan,nan,19.923377692925158,15.49255330209396,-0.000613414120326157,nan,nan,nan,nan
103,3.4354236428209033,0,477.2678899082569,268.47155963302754,531.7574992991309,269.7423605270535,nan,nan,nan,nan,19.92398524627924,15.492230275032256,-0.0004163548271514214,nan,nan,nan,nan
104,3.468777270421106,0,477.2678899082569,268.47155963302754,531.7574992991309,269.7423605270535,nan,nan,nan,nan,19.92398524627924,15.492230275032256,-0.0004163548271514214,nan,nan,nan,nan
105,3.502130898021309,0,477.3336411203447,268.5121575869498,531.7848820687695,269.9161693662972,nan,nan,nan,nan,19.926754037175243,15.485052898720134,-0.0031892550343937008,nan,nan,nan,nan
106,3.535484525621512,0,477.3336411203447,268.5121575869498,531.7848820687695,269.9161693662972,nan,nan,nan,nan,19.926754037175243,15.485052898720134,-0.0031892550343937008,nan,nan,nan,nan
107,3.568838153221715,0,477.38112745098033,268.53860294117646,531.7848820687695,269.9161693662972,nan,nan,nan,nan,19.928196369662484,15.484196343415483,-0.002668081677179444,nan,nan,nan,nan
108,3.6021917808219177,0,477.34636363636366,268.48545454545456,531.7848820687695,269.9161693662972,nan,nan,nan,nan,19.92711762702801,15.485964869342599,-0.003747481075361135,nan,nan,nan,nan
109,3.6355454084221206,0,477.34636363636366,268.48545454545456,531.7848820687695,269.9161693662972,nan,nan,nan,nan,19.92711762702801,15.485964869342599,-0.003747481075361135,nan,nan,nan,nan
110,3.6688990360223235,0,477.35638459205336,268.4892326357294,531.7848820687695,269.9161693662972,nan,nan,nan,nan,19.92742078890396,15.48584500278373,-0.0036748839733177466,nan,nan,nan,nan
111,3.702252663622527,0,477.35638459205336,268.4892326357294,531.7848820687695,269.9161693662972,nan,nan,nan,nan,19.92742078890396,15.48584500278373,-0.0036748839733177466,nan,nan,nan,nan
112,3.7356062912227297,0,477.37617745366146,268.4955940443634,531.7848820687695,269.9161693662972,nan,nan,nan,nan,19.928018831076002,15.485645441005488,-0.0035541625656071744,nan,nan,nan,nan
113,3.7689599188229326,0,477.2896174863388,268.4526411657559,531.7848820687695,269.9161693662972,nan,nan,nan,nan,19.92539314322085,15.487029437277549,-0.004393650999389265,nan,nan,nan,nan
114,3.8023135464231355,0,477.2896174863388,268.4526411657559,531.7848820687695,269.9161693662972,nan,nan,nan,nan,19.92539314322085,15.487029437277549,-0.004393650999389265,nan,nan,nan,nan
115,3.8356671740233383,0,477.33546813052754,268.48093931076545,531.7848820687695,269.9161693662972,nan,nan,nan,nan,19.9267877307027,15.486108961638731,-0.003834795764666046,nan,nan,nan,nan
116,3.8690208016235412,0,477.30565693430657,268.47080291970804,531.7848820687695,269.9161693662972,nan,nan,nan,nan,19.9258865944031,15.486428291752622,-0.004027754146593425,nan,nan,nan,nan
117,3.902374429223744,0,477.1830125267339,268.40666055606476,531.632250902026,269.79988898140437,nan,nan,nan,nan,19.91760811272554,15.492314159239296,-0.0029651511484275377,nan,nan,nan,nan
118,3.9357280568239474,0,477.1830125267339,268.40666055606476,531.632250902026,269.79988898140437,nan,nan,nan,nan,19.91760811272554,15.492314159239296,-0.0029651511484275377,nan,nan,nan,nan
119,3.9690816844241503,0,477.1830125267339,268.40666055606476,531.632250902026,269.79988898140437,nan,nan,nan,nan,19.91760811272554,15.492314159239296,-0.0029651511484275377,nan,nan,nan,nan
120,4.002435312024353,0,477.1830125267339,268.40666055606476,531.7778718600056,269.82867626305386,nan,nan,nan,nan,19.921980727927895,15.491453605838636,-0.0034818031574281685,nan,nan,nan,nan
121,4.035788939624556,0,477.1830125267339,268.40666055606476,531.7574992991309,269.7423605270535,nan,nan,nan,nan,19.921395026565193,15.49435708107572,-0.0017125787573795649,nan,nan,nan,nan
122,4.069142567224759,0,477.1830125267339,268.40666055606476,531.7574992991309,269.7423605270535,nan,nan,nan,nan,19.921395026565193,15.49435708107572,-0.0017125787573795649,nan,nan,nan,nan
123,4.102496194824962,0,477.1830125267339,268.40666055606476,531.8049675416313,269.659328252893,nan,nan,nan,nan,19.92284973906913,15.497202462764328,2.245570369908112e-05,nan,nan,nan,nan
124,4.135849822425165,0,477.19296636085625,268.41284403669727,531.8049675416313,269.659328252893,nan,nan,nan,nan,19.923152542797908,15.497001265153964,0.00014505995335565612,nan,nan,nan,nan
125,4.169203450025368,0,477.1458143074581,268.38691019786904,531.8049675416313,269.659328252893,nan,nan,nan,nan,19.921720403424324,15.497840915609405,-0.000366262838375981,nan,nan,nan,nan
126,4.2025570776255705,0,477.0144260282381,268.3637200736648,531.8049675416313,269.659328252893,nan,nan,nan,nan,19.917763042661804,15.49852255319437,-0.0007793797892313309,nan,nan,nan,nan
127,4.235910705225773,0,476.9651557200123,268.3641689793401,531.8049675416313,269.659328252893,nan,nan,nan,nan,19.91628526932793,15.49846917295729,-0.0007462891217606094,nan,nan,nan,nan
128,4.269264332825976,0,476.56407828282823,268.4431818181818,531.4888521882741,269.8040187173135,nan,nan,nan,nan,19.89475019701109,15.490349351491343,-0.0020532137695889363,nan,nan,nan,nan
129,4.302617960426179,0,476.56407828282823,268.4431818181818,531.3259983700082,269.8033143167617,nan,nan,nan,nan,19.889850263270056,15.490246772759608,-0.0021216674650169705,nan,nan,nan,nan
130,4.335971588026383,0,476.56407828282823,268.4431818181818,531.3429040196883,269.88733934919327,nan,nan,nan,nan,19.890333002427944,15.487418345730795,-0.003839437237660987,nan,nan,nan,nan
131,4.369325215626586,0,476.5414294750158,268.46204933586336,531.3468208092486,269.9724745389485,nan,nan,nan,nan,19.88975820184817,15.483887616618638,-0.005186256765074574,nan,nan,nan,nan
132,4.402678843226789,0,476.5582061068702,268.52703562340963,531.2778242677824,270.1461645746164,nan,nan,nan,nan,19.888177089311522,15.475779457377826,-0.0074716084180937595,nan,nan,nan,nan
133,4.436032470826992,0,476.60585800700414,268.5393186883158,531.3468208092486,269.9724745389485,nan,nan,nan,nan,19.891744126971,15.481327291898124,-0.0036358655851172162,nan,nan,nan,nan
134,4.4693860984271945,0,476.60585800700414,268.5393186883158,531.2444260941371,270.13762730525735,nan,nan,nan,nan,19.888612816421723,15.475664179597983,-0.0070924523048397446,nan,nan,nan,nan
135,4.502739726027397,0,476.58500797448164,268.56714513556614,531.3258520365753,270.1468550845109,nan,nan,nan,nan,19.890453292322494,15.47445925743759,-0.00664923012578082,nan,nan,nan,nan
136,4.5360933536276,0,476.58500797448164,268.56714513556614,531.2444260941371,270.13762730525735,nan,nan,nan,nan,19.88800660842211,15.4747080546889,-0.006507640988158065,nan,nan,nan,nan
137,4.569446981227803,0,476.60585800700414,268.5393186883158,531.0847595762021,270.08041293126865,nan,nan,nan,nan,19.883827011087497,15.477474567959856,-0.006007191880470593,nan,nan,nan,nan
138,4.602800608828006,0,476.6374603174603,268.5190476190476,531.0847595762021,270.08041293126865,nan,nan,nan,nan,19.884760970577005,15.478183834305216,-0.006444173572333548,nan,nan,nan,nan
139,4.636154236428209,0,476.6374603174603,268.5190476190476,531.0738310090238,270.1662564943943,nan,nan,nan,nan,19.884406133891602,15.475273328617401,-0.008225030725811367,nan,nan,nan,nan
140,4.669507864028412,0,476.6489058039962,268.50967332699014,531.0738310090238,270.1662564943943,nan,nan,nan,nan,19.88474299449907,15.475598876157044,-0.008425800102972593,nan,nan,nan,nan
141,4.702861491628615,0,476.6489058039962,268.50967332699014,531.1535920726673,270.2020368841178,nan,nan,nan,nan,19.88713145122911,15.474451226463781,-0.009114279885224657,nan,nan,nan,nan
142,4.7362151192288175,0,476.721802142407,268.45841209829865,531.2344139650872,270.22499307287336,nan,nan,nan,nan,19.891707027030094,15.475526172559935,-0.010639951541721112,nan,nan,nan,nan
143,4.76956874682902,0,477.1261014889091,268.3770890306897,531.8268510515701,269.9219245174301,nan,nan,nan,nan,19.92169750029555,15.489293197437814,-0.005951402370018383,nan,nan,nan,nan
144,4.802922374429223,0,477.6066727884909,268.6654423018059,531.8268510515701,269.9219245174301,nan,nan,nan,nan,19.936308200975965,15.479924643784695,-0.00025403522491956827,nan,nan,nan,nan
145,4.836276002029427,0,477.81756963575145,268.7857361493725,531.8258027848821,269.745666382495,nan,nan,nan,nan,19.94273884857526,15.481985348851234,0.005820863299983842,nan,nan,nan,nan
146,4.86962962962963,0,477.80759803921563,268.7766544117647,531.9002824858757,269.5,nan,nan,nan,nan,19.9447532528821,15.490652540343493,0.0107757943585783,nan,nan,nan,nan
147,4.902983257229833,0,477.9146081122293,268.7096675815797,531.9002824858757,269.5,nan,nan,nan,nan,19.947918303991123,15.492997868111665,0.009351160016037537,nan,nan,nan,nan
148,4.936336884830036,0,477.8489871086556,268.7857581338244,531.7577519379844,269.25083056478405,nan,nan,nan,nan,19.941790022419994,15.498697826339171,0.01611775949082933,nan,nan,nan,nan
149,4.969690512430239,0,477.97887542715125,268.77135756446097,531.7577519379844,269.25083056478405,nan,nan,nan,nan,19.94567628703313,15.499284822416412,0.015793362640865078,nan,nan,nan,nan
150,5.0030441400304415,0,478.0444444444444,268.69444444444446,531.7577519379844,269.25083056478405,nan,nan,nan,nan,19.94759196698348,15.501933335234229,0.014171578036768504,nan,nan,nan,nan
151,5.036397767630644,0,478.0444444444444,268.69444444444446,531.7577519379844,269.25083056478405,nan,nan,nan,nan,19.94759196698348,15.501933335234229,0.014171578036768504,nan,nan,nan,nan
152,5.069751395230847,0,478.0444444444444,268.69444444444446,531.8867231638418,269.3305084745763,nan,nan,nan,nan,19.95144863089825,15.499337133282362,0.012533435572632994,nan,nan,nan,nan
153,5.10310502283105,0,478.0444444444444,268.69444444444446,531.7778706800445,269.1655518394649,nan,nan,nan,nan,19.948224567338695,15.504835211093518,0.01596278121023367,nan,nan,nan,nan
154,5.136458650431253,0,478.0444444444444,268.69444444444446,531.7778706800445,269.1655518394649,nan,nan,nan,nan,19.948224567338695,15.504835211093518,0.01596278121023367,nan,nan,nan,nan
155,5.169812278031456,0,478.0444444444444,268.69444444444446,531.7577519379844,269.25083056478405,nan,nan,nan,nan,19.94759196698348,15.501933335234229,0.014171578036768504,nan,nan,nan,nan
156,5.203165905631659,0,477.97939393939384,268.7821212121212,531.9217861205915,269.5853242320819,nan,nan,nan,nan,19.95052962080804,15.487731116627257,0.009067201035163258,nan,nan,nan,nan
157,5.236519533231862,0,477.88321167883214,268.70985401459853,531.8258027848821,269.745666382495,nan,nan,nan,nan,19.9446571415031,15.484599028388978,0.004215190404475615,nan,nan,nan,nan
158,5.269873160832065,0,477.41478129713414,268.54358974358973,531.8331902718169,269.8331902718169,nan,nan,nan,nan,19.93068911003126,15.486897606969869,-0.00084118190716177,nan,nan,nan,nan
159,5.3032267884322675,0,477.3468957203134,268.5093429776974,531.7512097922004,269.93936806148594,nan,nan,nan,nan,19.926129274315578,15.484347662351679,-0.003752333657378046,nan,nan,nan,nan
160,5.336580416032471,0,477.26927747419546,268.46751669702485,531.7305818286042,270.02837489251937,nan,nan,nan,nan,19.923123844437225,15.482674926956236,-0.006423979381503006,nan,nan,nan,nan
161,5.369934043632674,0,477.20482654600295,268.40512820512816,531.7229474905715,270.1859588047577,nan,nan,nan,nan,19.920868691580147,15.479399278250296,-0.010929097975217112,nan,nan,nan,nan
162,5.403287671232877,0,477.20482654600295,268.40512820512816,531.7229474905715,270.1859588047577,nan,nan,nan,nan,19.920868691580147,15.479399278250296,-0.010929097975217112,nan,nan,nan,nan
163,5.43664129883308,0,477.11346212818154,268.48298068077276,531.6736780601811,270.27841075080335,nan,nan,nan,nan,19.916669565243744,15.47353487510339,-0.011203197073896881,nan,nan,nan,nan
164,5.469994926433283,0,477.1261014889091,268.3770890306897,531.6736780601811,270.27841075080335,nan,nan,nan,nan,19.916976694110403,15.477122262515572,-0.013393766450559988,nan,nan,nan,nan
165,5.503348554033486,0,477.1261014889091,268.3770890306897,531.6115462721207,270.36002320858717,nan,nan,nan,nan,19.915082123788153,15.474315677728178,-0.015123302087109268,nan,nan,nan,nan
166,5.5367021816336885,0,477.1261014889091,268.3770890306897,531.6609046384327,270.2676462114664,nan,nan,nan,nan,19.916595838636894,15.477476208756677,-0.013180910993384939,nan,nan,nan,nan
167,5.570055809233891,0,477.0947592931139,268.37202925045705,531.6115462721207,270.36002320858717,nan,nan,nan,nan,19.914138431647203,15.474462327790366,-0.015204098800738955,nan,nan,nan,nan
168,5.603409436834094,0,477.02577937649875,268.5893285371703,531.564887722368,270.42898804316127,nan,nan,nan,nan,19.910792236335542,15.464700896597076,-0.012131653541713541,nan,nan,nan,nan
169,5.636763064434297,0,477.0132610006027,268.5174804098855,531.564887722368,270.42898804316127,nan,nan,nan,nan,19.9103677366209,15.467118230034885,-0.013603201953728527,nan,nan,nan,nan
170,5.6701166920345,0,476.85604665438916,268.6718845917741,531.5617879053461,270.37978381536664,nan,nan,nan,nan,19.90567974795769,15.463441319625977,-0.00930829795358399,nan,nan,nan,nan
171,5.703470319634703,0,476.8882750153468,268.66820135052177,531.6526438796377,270.27841075080335,nan,nan,nan,nan,19.90940858971963,15.46708739369532,-0.007263751810721775,nan,nan,nan,nan
172,5.736823947234906,0,476.8031298904538,268.8031298904538,531.6526438796377,270.27841075080335,nan,nan,nan,nan,19.906947311200227,15.4624645556366,-0.004447431727419869,nan,nan,nan,nan
173,5.770177574835109,0,476.8031298904538,268.8031298904538,531.6526438796377,270.27841075080335,nan,nan,nan,nan,19.906947311200227,15.4624645556366,-0.004447431727419869,nan,nan,nan,nan
174,5.803531202435312,0,476.78342575477507,268.8385705483672,531.5906585436611,270.36002320858717,nan,nan,nan,nan,19.904490547109077,15.45844603268629,-0.005419399566345327,nan,nan,nan,nan
175,5.836884830035515,0,476.711007751938,268.84279069767445,531.5264069264069,270.39191919191916,nan,nan,nan,nan,19.90037901543312,15.457119640395803,-0.005982917365779625,nan,nan,nan,nan
176,5.870238457635718,0,476.4909264565425,268.76663482967206,531.1013787510138,270.30927277642604,nan,nan,nan,nan,19.88096715436844,15.461984541961224,-0.005967081958806991,nan,nan,nan,nan
177,5.903592085235921,0,476.45805843543826,268.90480678605087,531.0325268817204,270.36451612903227,nan,nan,nan,nan,19.87798927144789,15.45537288583336,-0.004281316292928773,nan,nan,nan,nan
178,5.936945712836124,0,476.4430856067733,268.93038570084667,531.0325268817204,270.36451612903227,nan,nan,nan,nan,19.87755796407673,15.454497634764852,-0.0037464333663549776,nan,nan,nan,nan
179,5.970299340436327,0,476.4141697877653,268.9903245942571,531.0325268817204,270.36451612903227,nan,nan,nan,nan,19.876732354404695,15.452451553603165,-0.002497400706567108,nan,nan,nan,nan
180,6.00365296803653,0,476.46379468377637,269.0323861900397,530.879246284501,270.2547770700637,nan,nan,nan,nan,19.873672086010387,15.454660111901298,0.0005350256858853503,nan,nan,nan,nan
181,6.037006595636733,0,476.5266429840142,269.63499111900535,531.0233682514101,270.2605425731936,nan,nan,nan,nan,19.88030608022969,15.434289344000133,0.012879589167344021,nan,nan,nan,nan
182,6.070360223236936,0,476.7019711679905,269.26596057664017,530.9862124898622,270.3465801567991,nan,nan,nan,nan,19.88416448174131,15.443940342943106,0.0034068611969024056,nan,nan,nan,nan
183,6.1037138508371385,0,476.8114537444934,269.0035242290749,531.0982905982905,270.51121794871796,nan,nan,nan,nan,19.890588305521582,15.447407076806858,-0.005437085234449663,nan,nan,nan,nan
184,6.137067478437341,0,476.9398907103825,270.24681238615665,531.6084879145587,270.84373243395163,nan,nan,nan,nan,19.91052904897807,15.394724520251938,0.013489812900137843,nan,nan,nan,nan
185,6.170421106037544,0,476.8972727272727,270.2845454545455,531.4625,270.75138888888887,nan,nan,nan,nan,19.904916500825514,15.396425839268545,0.01614672077553083,nan,nan,nan,nan
186,6.203774733637747,0,476.42266414141415,268.7105429292929,530.8851315083199,270.11379495437467,nan,nan,nan,nan,19.872435197164812,15.470265857627922,-0.003172530580584059,nan,nan,nan,nan
187,6.23712836123795,0,476.2105263157895,268.7709899749373,530.5891345891346,270.1965601965602,nan,nan,nan,nan,19.857186305848803,15.465032731871144,-0.003680542290109053,nan,nan,nan,nan
188,6.270481988838153,0,476.27513227513225,268.693432928727,530.5891345891346,270.1965601965602,nan,nan,nan,nan,19.8590699362789,15.4677020136224,-0.005320665863762096,nan,nan,nan,nan
189,6.303835616438356,0,476.359987456883,268.6328002508623,530.8430124635375,269.96791302041896,nan,nan,nan,nan,19.869278110147512,15.477742436413276,-0.0017524101483592006,nan,nan,nan,nan
190,6.3371892440385595,0,476.27513227513225,268.693432928727,530.746300780199,270.15738498789347,nan,nan,nan,nan,19.86380923487122,15.469148140635149,-0.004421564476467696,nan,nan,nan,nan
191,6.370542871638762,0,476.27513227513225,268.693432928727,530.7524259113558,269.64017833726723,nan,nan,nan,nan,19.864147544585258,15.486642077612235,0.006267392899664352,nan,nan,nan,nan
192,6.403896499238965,0,476.27513227513225,268.693432928727,530.6811823700184,269.7091580892056,nan,nan,nan,nan,19.861983308536722,15.484253607787064,0.004814536398392104,nan,nan,nan,nan
193,6.437250126839168,0,476.27513227513225,268.693432928727,530.8550724637681,269.8859025032938,nan,nan,nan,nan,19.867162612820806,15.478411272095265,0.0012364761148374512,nan,nan,nan,nan
194,6.470603754439371,0,476.39150943396226,268.6059748427673,530.9068550497121,269.7844060701203,nan,nan,nan,nan,19.872180848563808,15.48492791646743,0.0014994436051308422,nan,nan,nan,nan
195,6.503957382039574,0,476.359987456883,268.6328002508623,530.9068550497121,269.7844060701203,nan,nan,nan,nan,19.871254002135267,15.48399741925138,0.0020663647943431427,nan,nan,nan,nan
196,6.537311009639777,0,476.359987456883,268.6328002508623,530.9068550497121,269.7844060701203,nan,nan,nan,nan,19.871254002135267,15.48399741925138,0.0020663647943431427,nan,nan,nan,nan
197,6.57066463723998,0,476.359987456883,268.6328002508623,530.8544121497774,269.8049227546478,nan,nan,nan,nan,19.86966992409578,15.483262858040712,0.0016197171651372178,nan,nan,nan,nan
198,6.604018264840183,0,476.6285351128058,268.52017794725134,531.0492454328833,269.78448504103784,nan,nan,nan,nan,19.883515390293496,15.488117633245537,-0.0003168048323561945,nan,nan,nan,nan
199,6.6373718924403855,0,476.85015576323985,268.39158878504674,530.926222935044,270.2218658112804,nan,nan,nan,nan,19.88624178688307,15.477750053214654,-0.01225814821755158,nan,nan,nan,nan
200,6.670725520040588,0,478.285398927783,268.5424156417534,532.6674418604651,269.18992248062017,nan,nan,nan,nan,19.98212240214975,15.510023996298727,0.012433479866601463,nan,nan,nan,nan
201,6.704079147640791,0,480.2006259780907,268.5890453834116,534.6083202511774,269.04003139717423,nan,nan,nan,nan,20.098096082496884,15.516516671451683,0.016505721201065835,nan,nan,nan,nan
202,6.737432775240994,0,480.2006259780907,268.5890453834116,534.2832663989291,268.91834002677376,nan,nan,nan,nan,20.08835294974657,15.520384183600564,0.018983011440613075,nan,nan,nan,nan
203,6.770786402841197,0,479.1510128913444,268.21424186617554,533.7141252457175,268.920247121595,nan,nan,nan,nan,20.039484260031625,15.53172769952284,0.011281400201326293,nan,nan,nan,nan
204,6.8041400304414,0,478.4968253968254,268.231746031746,532.8562450903378,268.89185650693895,nan,nan,nan,nan,19.994045421587362,15.530922591659293,0.012176764670458834,nan,nan,nan,nan
205,6.837493658041604,0,478.4968253968254,268.231746031746,532.8562450903378,268.89185650693895,nan,nan,nan,nan,19.994045421587362,15.530922591659293,0.012176764670458834,nan,nan,nan,nan
206,6.870847285641807,0,480.0560250391236,268.53458528951484,534.7413479052823,268.8360655737705,nan,nan,nan,nan,20.097804848810608,15.52525438629241,0.019633165749730876,nan,nan,nan,nan
207,6.9042009132420095,0,483.7571385632702,268.6777877968139,537.6702786377709,269.1981424148607,nan,nan,nan,nan,20.297000921828953,15.513304130190734,0.014969644400495943,nan,nan,nan,nan
208,6.937554540842212,0,484.8845401174168,268.71363339856487,539.6023102310231,269.33498349834986,nan,nan,nan,nan,20.388974526913888,15.509836725534885,0.01305086747980673,nan,nan,nan,nan
209,6.970908168442415,0,484.34993734335836,268.61842105263156,538.7683615819209,269.27966101694915,nan,nan,nan,nan,20.347789918108596,15.513863707019311,0.012158226953483777,nan,nan,nan,nan
210,7.004261796042618,0,483.94352363413134,268.69244935543276,537.6023102310231,269.33498349834986,nan,nan,nan,nan,20.300497443624323,15.508268085601085,0.012354510448704493,nan,nan,nan,nan
211,7.037615423642821,0,484.060263653484,268.4331450094162,537.7847923681256,268.942480359147,nan,nan,nan,nan,20.30951931669734,15.530551993320472,0.015170682611657826,nan,nan,nan,nan
212,7.070969051243024,0,484.5,268.5,538.8413436692506,269.34496124031006,nan,nan,nan,nan,20.354397437548442,15.515827991298773,0.008336470554231467,nan,nan,nan,nan
213,7.104322678843227,0,485.4222222222222,268.47222222222223,539.7372241579558,270.50145180023225,nan,nan,nan,nan,20.408506677523036,15.479056059318676,-0.016207288374294082,nan,nan,nan,nan
214,7.13767630644343,0,485.5,268.5,539.7577067127629,270.0947853644482,nan,nan,nan,nan,20.41166032659541,15.491944237607473,-0.007244455372624541,nan,nan,nan,nan
215,7.1710299340436325,0,484.5414294750158,268.46204933586336,539.0023419203748,269.25162633359355,nan,nan,nan,nan,20.36051034542063,15.520427534607373,0.0095209205469658,nan,nan,nan,nan
216,7.204383561643835,0,484.4659126610116,268.5274897895067,538.9413919413919,269.31946624803766,nan,nan,nan,nan,20.35641364619883,15.515813373806198,0.009473698876204233,nan,nan,nan,nan
217,7.237737189244038,0,484.8828828828829,268.3799316557937,539.6616791354946,269.4851759490163,nan,nan,nan,nan,20.390463596497348,15.516074581439279,0.003130766986002334,nan,nan,nan,nan
218,7.271090816844241,0,485.4694316436251,268.48970814132105,539.6644536652835,269.4071922544951,nan,nan,nan,nan,20.40824728347808,15.515461161022724,0.0067835104893091925,nan,nan,nan,nan
219,7.304444444444444,0,485.48788715118053,268.4998466727997,539.724697469747,269.33498349834986,nan,nan,nan,nan,20.410654162872014,15.517624025901629,0.008507105457912199,nan,nan,nan,nan
220,7.337798072044647,0,484.734763681592,268.3358208955224,539.6345514950166,269.25083056478405,nan,nan,nan,nan,20.385284853356566,15.525362467879177,0.007082947804107783,nan,nan,nan,nan
221,7.371151699644851,0,484.744475568005,268.34702769996886,539.5730027548209,269.27685950413223,nan,nan,nan,nan,20.383716817837026,15.524062114112558,0.006753889993631033,nan,nan,nan,nan
222,7.404505327245054,0,485.4222222222222,268.47222222222223,539.6345514950166,269.25083056478405,nan,nan,nan,nan,20.40599258815259,15.521285577239434,0.009673935088066283,nan,nan,nan,nan
223,7.4378589548452565,0,485.54650808173216,268.52637999390055,539.6972988025619,269.32302979671397,nan,nan,nan,nan,20.411608049818817,15.51715615437103,0.009278917459302758,nan,nan,nan,nan
224,7.471212582445459,0,485.31007751937983,268.34973166368513,539.7577519379844,269.25083056478405,nan,nan,nan,nan,20.4062718982538,15.525434520951878,0.007214650904262517,nan,nan,nan,nan
225,7.504566210045662,0,485.1372901678657,268.2425059952038,539.6950178915497,269.1794660060556,nan,nan,nan,nan,20.39917157922122,15.531292577459663,0.006515168922943369,nan,nan,nan,nan
226,7.537919837645865,0,485.1308130813081,268.2325232523252,539.6950178915497,269.1794660060556,nan,nan,nan,nan,20.39897180633944,15.531625032639642,0.006311755410792559,nan,nan,nan,nan
227,7.571273465246068,0,485.72661870503595,268.66726618705036,539.7577519379844,269.25083056478405,nan,nan,nan,nan,20.41894183808755,15.515026228099106,0.013677447153640053,nan,nan,nan,nan
228,7.604627092846271,0,485.7981900452489,268.67843137254897,539.7146023829315,269.0942089221391,nan,nan,nan,nan,20.41986856200156,15.51997405517916,0.017154311853489125,nan,nan,nan,nan
229,7.637980720446474,0,485.6973249173429,268.64141869552145,539.6950178915497,269.1794660060556,nan,nan,nan,nan,20.416192700233555,15.518244375093245,0.014619652271380965,nan,nan,nan,nan
230,7.671334348046677,0,485.63101604278074,268.48930481283423,539.6950178915497,269.1794660060556,nan,nan,nan,nan,20.414122669384078,15.523333484843654,0.011470893962948642,nan,nan,nan,nan
231,7.70468797564688,0,nan,nan,nan,nan,nan,nan,nan,nan,nan,nan,nan,nan,nan,nan,nan
232,7.7380416032470825,0,nan,nan,nan,nan,nan,nan,nan,nan,nan,nan,nan,nan,nan,nan,nan
233,7.771395230847285,0,485.9537802265075,268.6366697275788,540.0338203463203,269.2564935064935,nan,nan,nan,nan,20.434055538267664,15.516259219354437,0.012934767867172296,nan,nan,nan,nan
234,7.804748858447488,0,485.9537802265075,268.6366697275788,540.0338203463203,269.21753246753246,nan,nan,nan,nan,20.434073774164432,15.5175783407462,0.01374575455649668,nan,nan,nan,nan
235,7.838102486047691,0,485.9537802265075,268.6366697275788,539.9763458401305,269.20146818923325,nan,nan,nan,nan,20.432350236617125,15.518077559497437,0.014067630702996891,nan,nan,nan,nan
236,7.871456113647895,0,486.06709956709955,268.62987012987014,540.3367616033755,269.1867088607595,nan,nan,nan,nan,20.446610204064335,15.519175249522899,0.014286584700174432,nan,nan,nan,nan
237,7.904809741248098,0,486.11711711711706,268.62006834420623,540.4101153039832,269.12106918238993,nan,nan,nan,nan,20.450346939896193,15.521824974956408,0.015449625719818689,nan,nan,nan,nan
238,7.938163368848301,0,486.11711711711706,268.62006834420623,540.4101153039832,269.12106918238993,nan,nan,nan,nan,20.450346939896193,15.521824974956408,0.015449625719818689,nan,nan,nan,nan
239,7.9715169964485035,0,486.11711711711706,268.62006834420623,540.4101153039832,269.12106918238993,nan,nan,nan,nan,20.450346939896193,15.521824974956408,0.015449625719818689,nan,nan,nan,nan
240,8.004870624048706,0,486.11711711711706,268.62006834420623,540.4101153039832,269.12106918238993,nan,nan,nan,nan,20.450346939896193,15.521824974956408,0.015449625719818689,nan,nan,nan,nan
241,8.03822425164891,0,486.11711711711706,268.62006834420623,540.4101153039832,269.12106918238993,nan,nan,nan,nan,20.450346939896193,15.521824974956408,0.015449625719818689,nan,nan,nan,nan
242,8.071577879249112,0,486.2338355304457,268.5715630885122,540.4101153039832,269.12106918238993,nan,nan,nan,nan,20.45382521322025,15.523554682954398,0.014421018318086508,nan,nan,nan,nan
243,8.104931506849315,0,486.2338355304457,268.5715630885122,540.4101153039832,269.12106918238993,nan,nan,nan,nan,20.45382521322025,15.523554682954398,0.014421018318086508,nan,nan,nan,nan
244,8.138285134449518,0,486.2338355304457,268.5715630885122,540.4101153039832,269.12106918238993,nan,nan,nan,nan,20.45382521322025,15.523554682954398,0.014421018318086508,nan,nan,nan,nan
245,8.17163876204972,0,486.2006259780907,268.5890453834116,540.4905213270142,269.17614533965246,nan,nan,nan,nan,20.455233098886715,15.521135678032607,0.013664801441199123,nan,nan,nan,nan
246,8.204992389649924,0,486.285398927783,268.5424156417534,540.6432973805855,269.268875192604,nan,nan,nan,nan,20.462310848865243,15.51975636392989,0.010795466089139057,nan,nan,nan,nan
247,8.238346017250127,0,486.285398927783,268.5424156417534,540.6432973805855,269.268875192604,nan,nan,nan,nan,20.462310848865243,15.51975636392989,0.010795466089139057,nan,nan,nan,nan
248,8.27169964485033,0,486.285398927783,268.5424156417534,540.8376789366052,269.3358895705521,nan,nan,nan,nan,20.468133081548842,15.517638664367981,0.009466184417491594,nan,nan,nan,nan
249,8.305053272450532,0,486.61639962299716,268.4046497015394,540.8376789366052,269.3358895705521,nan,nan,nan,nan,20.477998588069845,15.5225518624067,0.006510105108543631,nan,nan,nan,nan
250,8.338406900050735,0,486.7655813953488,268.3048062015504,541.2111817700053,269.3903020667727,nan,nan,nan,nan,20.493649193432624,15.524491094734572,0.003403055604302097,nan,nan,nan,nan
251,8.371760527650938,0,486.9555555555556,268.30555555555554,541.4486763911399,269.402755267423,nan,nan,nan,nan,20.506499608360283,15.52437627016496,0.0031809238596107554,nan,nan,nan,nan
252,8.405114155251141,0,486.9555555555556,268.30555555555554,541.3895161290322,269.35967741935485,nan,nan,nan,nan,20.504739047136702,15.52578862793398,0.004047187723503676,nan,nan,nan,nan
253,8.438467782851344,0,486.9555555555556,268.30555555555554,541.4486763911399,269.402755267423,nan,nan,nan,nan,20.506499608360283,15.52437627016496,0.0031809238596107554,nan,nan,nan,nan
254,8.471821410451547,0,486.99380421313504,268.2608426270136,541.6955922865013,269.27685950413223,nan,nan,nan,nan,20.515124963685974,15.530371887306751,0.004939377468204953,nan,nan,nan,nan
255,8.50517503805175,0,487.00977696303084,268.17323556370303,541.7577519379844,269.25083056478405,nan,nan,nan,nan,20.517445977593987,15.534275991205202,0.0036930961367213364,nan,nan,nan,nan
256,8.538528665651953,0,487.00977696303084,268.17323556370303,541.7577519379844,269.25083056478405,nan,nan,nan,nan,20.517445977593987,15.534275991205202,0.0036930961367213364,nan,nan,nan,nan
257,8.571882293252155,0,486.9401709401709,268.2231379731379,541.7577519379844,269.25083056478405,nan,nan,nan,nan,20.515381154704414,15.532534682675015,0.004744754623083573,nan,nan,nan,nan
258,8.605235920852358,0,486.9401709401709,268.2231379731379,541.7577519379844,269.25083056478405,nan,nan,nan,nan,20.515381154704414,15.532534682675015,0.004744754623083573,nan,nan,nan,nan
259,8.638589548452563,0,486.8908310334253,268.2321373811714,541.7577519379844,269.25083056478405,nan,nan,nan,nan,20.513904340497746,15.53219210768162,0.004948127974856256,nan,nan,nan,nan
260,8.671943176052766,0,486.8908310334253,268.2321373811714,541.7577519379844,269.25083056478405,nan,nan,nan,nan,20.513904340497746,15.53219210768162,0.004948127974856256,nan,nan,nan,nan
261,8.705296803652969,0,486.8908310334253,268.2321373811714,541.7577519379844,269.25083056478405,nan,nan,nan,nan,20.513904340497746,15.53219210768162,0.004948127974856256,nan,nan,nan,nan
262,8.738650431253172,0,486.8908310334253,268.2321373811714,541.6950178915497,269.1794660060556,nan,nan,nan,nan,20.512050274677822,15.53455980680113,0.006390257404339301,nan,nan,nan,nan
263,8.772004058853375,0,486.8908310334253,268.2321373811714,541.1541501976285,269.3212121212121,nan,nan,nan,nan,20.49568893269548,15.529339789457307,0.0032553868372461573,nan,nan,nan,nan
264,8.805357686453577,0,486.8908310334253,268.2321373811714,541.1694510739857,269.2405197560329,nan,nan,nan,nan,20.496189224892717,15.532083731674309,0.004935435026862674,nan,nan,nan,nan
265,8.83871131405378,0,486.63540699473845,268.1553698545342,540.9414519906323,269.1189175123601,nan,nan,nan,nan,20.481673340199926,15.538421332375998,0.005877502860018547,nan,nan,nan,nan
266,8.872064941653983,0,486.63540699473845,268.1553698545342,540.9414519906323,269.1189175123601,758.4938271604938,390.70899470899474,855.1913157894737,450.40526315789475,20.481673340199926,15.538421332375998,0.005877502860018547,34.297072608316334,8.141586528657694,39.18086240567456,4.821053790287824
267,8.905418569254186,0,486.63540699473845,268.1553698545342,540.9414519906323,269.1189175123601,nan,nan,nan,nan,20.481673340199926,15.538421332375998,0.005877502860018547,nan,nan,nan,nan
268,8.938772196854389,0,486.56043613707163,268.22336448598134,540.9414519906323,269.1189175123601,nan,nan,nan,nan,20.479457026921224,15.536064155336577,0.007310846890573273,nan,nan,nan,nan
269,8.972125824454592,0,486.5663281009541,268.076946752847,541.0164964650432,269.171510866719,775.7746310331073,253.56628107964366,863.4172616810722,301.445697106351,20.481794395782607,15.539296905735082,0.0032233268162812708,36.53401226000344,16.992404213562626,41.35338772750732,13.873972733742713
270,9.005479452054795,0,486.7220137585991,267.8968105065666,540.9414519906323,269.1189175123601,765.3982169390788,261.69291728578503,853.0587113991612,301.4634642267124,20.48414282065648,15.54723252969286,0.0004830977752738705,35.81548299717553,16.410930033976566,40.727393114018895,13.857431173868795
271,9.038833079654998,0,486.7440699126092,267.87827715355803,541.0164964650432,269.171510866719,754.2672007540057,279.20059692114353,840.4078185328185,311.0580759330759,20.48703071345119,15.546153941718583,-0.0009672505728594937,34.97547058430077,15.196565533511054,39.852013123798976,13.208189264800783
272,9.0721867072552,0,486.71065675340765,267.7825278810409,541.0164964650432,269.171510866719,745.192,277.3137777777778,830.5583458898375,306.1069814163737,20.485978885662917,15.549366795625735,-0.0029336911190002007,34.439949092199484,15.310206819186938,39.317127677828644,13.51819210565166
273,9.105540334855403,0,486.68870266914956,267.8007448789572,540.9414519906323,269.1189175123601,734.0747061054228,272.564467197573,818.0796511627907,299.096511627907,20.483093873271017,15.550456088957198,-0.00149275450001165,33.80246723815181,15.615435799372753,38.64346634696003,13.962117318242408
274,9.138893962455606,0,486.55806654111734,267.89171374764595,540.9414519906323,269.1189175123601,721.0849223163841,274.3534604519774,803.619253650622,299.124391563007,20.479217143047165,15.547277549785752,0.0004541179677539002,32.99746768899558,15.47350162785844,37.771265218845556,13.93878333729405
275,9.17224759005581,0,486.53776529338325,267.8436329588015,540.9414519906323,269.1189175123601,708.4739583333333,281.7579022988506,788.3817985998922,303.3819781008795,20.478583042970442,15.548888070421397,-0.0005303368197136503,32.17810028992312,14.953663661424669,36.811706093758396,13.635408715517984
276,9.205601217656012,0,486.6679012345678,267.7537037037037,540.9414519906323,269.1189175123601,696.0585535976504,293.8388399412628,773.5468359299864,311.66666666666663,20.48244535149303,15.552031238649544,-0.0024570970545261203,31.347979454982777,14.128610274549274,35.84518719127888,13.07178482036008
277,9.238954845256215,0,486.6265318627451,267.79503676470586,540.9414519906323,269.1189175123601,683.4969458987783,303.35013089005236,759.072192513369,318.2123440285205,20.481223969969736,15.55060086874,-0.0015796716476906625,30.537244507449966,13.483879567550188,34.92543949936489,12.626897215550539
278,9.272308472856418,0,486.56917363045494,267.66511915815533,540.9414519906323,269.1189175123601,672.2113702623907,301.8420796890185,746.4388888888889,315.53671497584537,20.479435387176906,15.554951393830354,-0.004238153947393045,29.873263681225886,13.566143287886208,34.197255432946235,12.781780439243176
279,9.30566210045662,0,486.56265432098763,267.6283950617284,541.0164964650432,269.171510866719,664.600335852225,300.13462076686255,736.4142076502732,312.1964480874317,20.481455849203606,15.554466233624439,-0.006039036117129732,29.428775929189154,13.66696685146895,33.627744425245076,12.983895090377214
280,9.339015728056824,0,486.56265432098763,267.6283950617284,541.0164964650432,269.171510866719,659.7812855517633,304.9675767918089,729.6921584926572,315.04821280133,20.481455849203606,15.554466233624439,-0.006039036117129732,29.11651405547709,13.343672835509151,33.20624321579262,12.78947558637509
281,9.372369355657026,0,486.5161588180979,267.68451831332715,541.0164964650432,269.171510866719,657.0465983224603,306.5386766076421,725.267793594306,315.13730723606164,20.480088055212605,15.552531284372005,-0.004853615879028832,28.94604733060091,13.237311515966429,32.942908611606356,12.777400554027256
282,9.40572298325723,0,486.5264452644526,267.67404674046736,541.0164964650432,269.171510866719,651.5757026291931,302.44998488969475,719.5498343872327,311.0087323095453,20.480391642228902,15.552893552374847,-0.005075552128242915,28.641050142121525,13.496197461377989,32.633327077341576,13.036776323598316
283,9.439076610857432,0,486.5903540903541,267.8397435897436,541.0164964650432,269.171510866719,646.255566008153,299.1545939165882,714.0973643410853,307.3327131782945,20.482395214063402,15.547337899864523,-0.0016878021801972926,28.339945545817276,13.704366793199089,32.33496926305483,13.268186680898573
284,9.472430238457635,0,486.58310376492193,267.8729721456994,541.0164964650432,269.171510866719,641.7853486884196,295.6733845169545,709.6528301886792,303.812893081761,20.48219438676133,15.54620832046852,-0.0009976095470609276,28.089345577671924,13.926785547535495,32.09450461726075,13.491769761314643
285,9.505783866057838,0,486.5932721712538,267.86238532110093,541.0164964650432,269.171510866719,638.4752052545156,292.8495894909688,705.9502583979328,300.43087855297154,20.482494350720486,15.546574311987776,-0.0012213935683308389,27.904246168285756,14.108303986710432,31.896534010420982,13.708258537414512
286,9.53913749365804,0,486.61507936507934,267.84249084249086,541.0164964650432,269.171510866719,635.3329911019848,292.2700205338809,702.7733469665984,299.8776414451261,20.483139095241835,15.547264183990167,-0.0016435154150172776,27.71888655118606,14.141961491902277,31.71027475784097,13.739964461902023
287,9.572491121258244,0,486.61507936507934,267.84249084249086,541.0924901185771,269.2121212121212,632.2611225188226,292.39082819986305,699.7388282025819,299.340284673949,20.485408340189373,15.54594817818547,-0.002444448544555799,27.534690522990296,14.129394447215736,31.532346074983963,13.77084913230836
288,9.605844748858447,1,486.62289562289556,267.877257422712,541.0924901185771,269.2121212121212,629.2522889114954,291.7368599525263,696.7164031620554,298.18807641633725,20.485660710162414,15.544778284654587,-0.0017306838217919615,27.357513574197352,14.168181735940196,31.35906518932321,13.842263444349738
289,9.639198376458651,1,486.62289562289556,267.877257422712,541.0924901185771,269.2121212121212,626.3053589484327,291.7873272665992,693.5049212598425,298.0534776902887,20.485660710162414,15.544778284654587,-0.0017306838217919615,27.181113731478774,14.160449229846483,31.167749823174937,13.846388510489193
290,9.672552004058854,1,486.62289562289556,267.877257422712,541.0924901185771,269.2121212121212,622.8491083676269,292.9753086419753,690.1640866873065,298.80908152734776,20.485660710162414,15.544778284654587,-0.0017306838217919615,26.969908708000304,14.076755751977899,30.96312448319168,13.79169659938203
291,9.705905631659057,1,486.62289562289556,267.877257422712,541.0924901185771,269.2121212121212,619.7883211678832,293.4111922141119,687.2784978398138,298.3675639747424,20.485660710162414,15.544778284654587,-0.0017306838217919615,26.78548232725606,14.043421525905954,30.793314513999334,13.816507296487543
292,9.73925925925926,1,486.62289562289556,267.877257422712,541.0924901185771,269.2121212121212,616.9837482710926,293.22890733056704,684.6804407713498,297.8526170798898,20.485660710162414,15.544778284654587,-0.0017306838217919615,26.61874389283552,14.051293478501414,30.64109110217242,13.846587979250959
293,9.772612886859463,1,486.62289562289556,267.877257422712,541.0924901185771,269.2121212121212,614.6624605678234,294.25867507886437,682.3285762827046,298.03499830105335,20.485660710162414,15.544778284654587,-0.0017306838217919615,26.47651059523096,13.979902857843378,30.499348236182755,13.83110224993275
294,9.805966514459666,1,486.6817482302246,267.9809172052939,540.8673390224981,269.05456426170156,613.4729099390024,295.0380337280229,680.7305555555555,298.6555555555555,20.48077498229706,15.546478312051857,0.0035500439796451503,26.402811469353463,13.926777422313538,30.40012387870528,13.787893615633292
295,9.839320142059869,1,486.7407751937984,268.07751937984494,540.8673390224981,269.05456426170156,612.8133476088508,295.01927194860815,680.187478500172,297.969384244926,20.482596221362822,15.54325728152982,0.005532702864102611,26.363560730721936,13.927038140500727,30.371725125435805,13.83226290144841
296,9.872673769660071,1,486.7407751937984,268.07751937984494,540.8673390224981,269.05456426170156,612.0855072463768,295.1467391304348,679.1455142231947,297.7571115973742,20.482596221362822,15.54325728152982,0.005532702864102611,26.319732244595684,13.917566256967813,30.310680667777813,13.844705378837821
297,9.906027397260274,1,486.6768424298489,268.13536848596976,540.9414519906323,269.1189175123601,611.1039855072463,295.3460144927536,678.3478723404255,297.4382978723404,20.4829072568762,15.539129811180441,0.005447822561940663,26.260547659572865,13.902993262905248,30.26485718521196,13.864530786936006
298,9.939381024860477,1,486.6768424298489,268.13536848596976,540.9414519906323,269.1189175123601,609.4083601286173,295.79421221864953,676.5653223026542,297.1892450879007,20.4829072568762,15.539129811180441,0.005447822561940663,26.15799499447142,13.87098846319031,30.159714352763245,13.878308651762213
299,9.97273465246068,1,486.6768424298489,268.13536848596976,540.9414519906323,269.1189175123601,606.7966954022987,295.07794540229884,673.8795546558705,296.3920377867746,20.4829072568762,15.539129811180441,0.005447822561940663,26.004794957379783,13.914280399853515,30.00366463922436,13.926897866320225
300,10.006088280060883,1,486.6768424298489,268.13536848596976,540.8673390224981,269.05456426170156,602.8360957642725,294.9974217311233,669.7939789626405,295.5480594849474,20.480705926008184,15.541251488383097,0.006756999445330824,25.769100657728018,13.913730215073906,29.764003409755272,13.9765364449438
301,10.039441907661086,1,486.6768424298489,268.13536848596976,540.9414519906323,269.1189175123601,598.7542687453599,295.08834446919076,665.1059941520467,295.66008771929825,20.4829072568762,15.539129811180441,0.005447822561940663,25.5257147689433,13.901714732291333,29.48296745231926,13.96219310496446
302,10.072795535261289,1,486.6768424298489,268.13536848596976,540.8673390224981,269.05456426170156,593.6592904812082,294.50649806814187,660.612676056338,294.9111334674715,20.480705926008184,15.541251488383097,0.006756999445330824,25.224013925784714,13.932494330862921,29.21819823417297,14.004970578822157
303,10.106149162861492,1,486.6768424298489,268.13536848596976,540.8673390224981,269.05456426170156,588.0790899241604,293.3091368725171,654.7553879310345,293.68462643678157,20.480705926008184,15.541251488383097,0.006756999445330824,24.894932541047236,14.003132167361048,28.8740813144404,14.077310386532975
304,10.139502790461695,1,482.2105263157895,266.7709899749373,536.7047254150702,269.3376756066411,582.792883517959,294.5602551191675,650.427367711493,294.4978092349174,20.220338790640948,15.571124203410733,-0.027145126782551827,24.57706122734304,13.91289974454864,28.611204619439363,14.017149667902702
305,10.172856418061897,1,478.11751732829237,266.5406427221172,532.5594367722719,270.2699702139182,578.1715438950555,294.8987554658594,645.1016597510373,295.13865836791143,19.972150583691544,15.54098456980707,-0.05118705807329711,24.301367389662058,13.883807138284885,28.28987069061173,13.966955655655877
306,10.2062100456621,1,472.88671875,266.646484375,526.7932816537467,269.20077519379845,572.9830397912589,294.48043052837573,639.7755390597383,293.4174620007069,19.64196535795737,15.565013220824845,-0.027466433415801038,23.993739386479007,13.903667937994005,27.97945602358361,14.072697436170909
307,10.239563673262303,1,466.0555004955401,266.3161546085233,520.3148148148148,268.7493290391841,566.114402451481,292.745999319033,633.0249158249158,292.7912457912458,19.241790638578664,15.581121633028587,-0.024608894571532487,23.588602192716845,14.007718144112404,27.57865583876154,14.104051796406038
308,10.272917300862506,1,458.71051730044536,265.0089071599863,512.6331972789116,268.29632653061225,558.8899676375404,292.46699029126216,625.2856102003642,291.4925318761384,18.789017973616016,15.629040568884502,-0.042729894622795174,23.15933088911244,14.015406107419519,27.12132343296802,14.178439565424787
309,10.306270928462709,1,450.8963642541624,264.81515460414545,504.83346656008524,267.2456701305622,551.2643790849672,290.8607843137255,618.6466598847067,290.8684299762631,18.319556247026597,15.65902146690283,-0.024847311500668132,22.708024690548264,14.110030988974598,26.726812283612293,14.209855622493224
310,10.339624556062912,1,442.71247863247856,264.68888888888887,496.7611379495437,266.5882984433709,543.0422442244223,289.34983498349834,609.6508771929824,289.200350877193,17.830925419890427,15.672902664061505,-0.013676335534758699,22.220482688196537,14.197602295271786,26.19487906707344,14.306959196363751
311,10.372978183663115,1,433.2331947331947,264.57900207900207,487.0255331088664,266.42424242424244,534.1711366538952,288.3630268199234,600.6282461757381,287.62504446816075,17.25377538728302,15.667205311005272,-0.012733595608399866,21.69332842747202,14.249630663649265,25.660320451938652,14.397993533687174
312,10.406331811263318,1,423.420850767085,264.7325662482566,477.73208469055373,265.13680781758956,524.8694525429219,286.6083576287658,590.7183098591549,286.7971160295104,16.679910887499823,15.69075840972498,0.01757818365446778,21.140537823160923,14.351898708534407,25.069939420884175,14.438116815185474
313,10.43968543886352,1,413.2820796460177,265.4089233038348,468.00565428109854,264.7485191168551,514.679769894535,286.14956855225313,580.9095086603039,285.55531990102503,16.0849941638767,15.66556859185278,0.03961518607474099,20.534037651651087,14.36704836861799,24.486418895559577,14.505929540656897
314,10.473039066463723,1,403.2949790794979,266.56276150627616,458.17375886524815,265.3117839607201,505.14833672776643,285.46028513238286,571.0876634853305,285.4245316366207,15.4939155049049,15.592086881269346,0.051701606332705756,19.966721219322988,14.39845752487731,23.899384110201527,14.499842800276843
315,10.506392694063926,1,393.2521551724138,267.3760775862069,447.55899104963385,265.27203688635745,495.21588254921585,285.03503503503504,560.9770233196159,285.2551440329218,14.877247942962363,15.549971532808641,0.0697199145630179,19.375641736521423,14.411765464261293,23.295474443440614,14.495890983170248
316,10.53974632166413,1,383.1185798000689,268.5380903136849,437.0830039525692,265.30698287220025,485.69808201058197,284.2794312169312,550.8846433770015,283.7809315866084,14.263699548677097,15.49370330272503,0.09358548369144572,18.8089840934662,14.44759616801391,22.694670982910342,14.578760861351114
317,10.573099949264332,1,372.8368644067797,270.3305084745763,427.0181818181818,265.90961791831353,475.965154503616,284.2301117685733,540.8508108108108,283.725045045045,13.661454767765228,15.39740198166644,0.11804942691637106,18.23037412371739,14.436273177922837,22.095378572831535,14.567350749934251
318,10.606453576864535,1,363.31714185146075,271.368180218233,417.3483870967742,266.81908602150537,466.4352419904567,284.9628493524199,531.5811334037311,284.8264695529743,13.093440714930413,15.317123120684572,0.12096287460745603,17.665522801225602,14.373464343868466,21.541358249598478,14.48017445028915
319,10.63980720446474,1,353.49034070951876,272.48717948717945,408.59325236167336,268.3584345479082,458.2892776158082,286.284094590217,523.4092261904761,285.58407738095235,12.546130714013902,15.213529619186671,0.11045103040892512,17.184784235092557,14.273921774182808,21.05392523408202,14.417617781082447
320,10.673160832064942,1,345.23628691983123,274.4662447257384,400.371961102107,270.39978390059423,450.1682630906769,288.4680715197956,515.2242888402626,287.4215900802334,12.06620424132996,15.06624258765666,0.10899863605911718,16.708528668654758,14.117772463134193,20.566410581912105,14.283639001032652
321,10.706514459665145,1,336.605123087159,276.3715901530273,392.1598937583001,272.2586985391766,442.4173913043478,290.6354267310789,507.8713574982232,288.95771144278604,11.576208812507023,14.927678809726377,0.10920059564470376,16.255604099479587,13.963757214490021,20.12958063510171,14.17116222093419
322,10.739868087265348,1,329.19774590163934,277.51878415300547,384.59379968203496,274.2538420773715,435.7462638076673,292.5688758934373,501.0451426507764,290.8923799205489,11.140726768500897,14.811512253226667,0.09206117422311316,15.867098885353585,13.827127574730243,19.725206065263865,14.033483294797177
323,10.773221714865551,1,321.9630700064226,278.5481695568401,376.74140160331,275.95629687095936,428.5547989623865,294.5022697795071,494.2696670325649,291.54994511525797,10.701777536235817,14.709204909401802,0.07885900042524924,15.449040504285533,13.69011983379633,19.32405050736323,13.980192833113435
324,10.806575342465754,1,314.23473282442745,280.46946564885496,369.18150087260034,277.5761655447519,421.48371174728527,295.6808160579138,487.40271816881256,293.14091559370524,10.260864012620793,14.580246561750931,0.0847886287018587,15.03676378362757,13.602876716115057,18.918880982262927,13.865548801077153
325,10.839928970065957,1,306.43550446998717,281.5239463601533,362.56529900777684,278.56529900777684,414.5607805502239,296.616122840691,480.3981884057971,293.2840579710145,9.842033379494616,14.501786142159453,0.08480171084710317,14.633116487128142,13.531851813629949,18.504806434040958,13.845854448491592
326,10.87328259766616,1,299.06475800954325,282.7034764826176,354.8158779415567,279.35402120506853,407.9111757105943,296.7218992248062,473.1709689487467,293.9191919191919,9.402942416730623,14.42545363717744,0.09308079346921427,14.243052473103242,13.5153054326861,18.078565496422502,13.793603323224849
327,10.906636225266363,1,290.76391683433934,284.510060362173,346.80638409209837,280.0983778126635,400.55035737491875,297.3196881091618,466.0379746835443,294.65014064697607,8.93197991689954,14.329240735908229,0.11408253872152072,13.813454417119052,13.46573542063566,17.65858748808357,13.735286147813628
328,10.939989852866566,1,284.12803738317757,285.48504672897195,338.99198966408267,281.63178294573646,393.02023031434794,298.6215375038904,458.98063781321184,295.457099468489,8.5155910095735,14.235803665119,0.10442698320791693,13.37744886631682,13.370269356786162,17.243794046653683,13.672191914062113
329,10.973343480466768,1,276.34374014506466,286.7675812046673,332.6774691358025,282.0218621399177,386.84193753983425,299.0863607393244,452.3197570560914,296.4841014648088,8.108190476928295,14.170471373680758,0.1202366048966361,13.017703317108651,13.331196163311521,16.853435703768074,13.595407876769219
330,11.006697108066971,1,270.30790960451975,287.91650973006904,326.76664014850166,282.40254574383454,380.7278975320212,299.88316151202747,446.58655221745346,296.9853361945636,7.763785144055184,14.111510089040605,0.13538703698005386,12.663616892219824,13.270749664647916,16.51705842618244,13.554367295704148
331,11.040050735667174,1,266.03061224489795,288.5355596784168,322.6071975497703,283.6531393568147,376.8173345759553,300.255669462566,442.9730941704036,297.28736920777277,7.523342716496405,14.043862963667493,0.12247921148756039,12.43673868381922,13.241005865371921,16.305187821562463,13.529426071087332
332,11.073404363267377,1,263.44902132632194,288.7338591878469,319.8345578231292,283.8854421768707,374.69824561403505,300.3974481658692,440.22701838529173,297.5843325339728,7.36811166541485,14.025799222270278,0.12212933726279773,12.313571189216079,13.228784187473083,16.1444374146803,13.506090286303213
333,11.10675799086758,1,262.1877112135176,289.0651305683563,318.66564417177915,283.9419734151329,373.5504906616017,300.6489395378284,439.62232594321273,297.90315052508754,7.298591304330747,14.011343261476489,0.12746446082908525,12.247733653637859,13.210865036495042,16.109717028707944,13.484452967620046
334,11.140111618467783,1,262.12820512820514,288.9871794871795,318.59567901234567,284.0110596707819,373.5504906616017,300.6489395378284,439.59344894026975,297.9965317919075,7.294693080451063,14.01151722338107,0.12453884047825242,12.247733653637859,13.210865036495042,16.108264592096074,13.478332305953927
335,11.173465246067986,1,262.12820512820514,288.9871794871795,318.59567901234567,284.0110596707819,373.8902288188002,300.80828695114405,439.8263239875389,298.09151090342675,7.294693080451063,14.01151722338107,0.12453884047825242,12.268363141486722,13.201046933465896,16.122203386832954,13.472488167328352
336,11.206818873668189,1,262.04727272727274,289.0436363636364,318.59567901234567,284.0110596707819,374.87100103199174,301.04299965600273,440.0098970704671,297.98693586698334,7.292580413821951,14.009616672391264,0.12552313371418022,12.326803938733416,13.18727768327321,16.1327216379097,13.479561375311315
337,11.240172501268392,1,261.8888888888889,289.1111111111111,318.59567901234567,284.0110596707819,376.5522088353414,299.9635207496653,440.7717587576742,296.76273022751894,7.288256174520953,14.007300352721767,0.12658531416273683,12.41983773940982,13.259536250554639,16.174344956662026,13.560417148126753
338,11.273526128868594,1,261.8888888888889,289.1111111111111,318.59567901234567,284.0110596707819,345.5656565656565,280.32070707070704,380.82867012089804,289.33126079447317,7.288256174520953,14.007300352721767,0.12658531416273683,10.493531944178311,14.49982701994815,12.620044493746503,13.958579680329935
339,11.306879756468797,1,261.8888888888889,289.1111111111111,318.59567901234567,284.0110596707819,345.5656565656565,280.32070707070704,446.05052005943537,269.4794452699356,7.288256174520953,14.007300352721767,0.12658531416273683,10.493531944178311,14.49982701994815,16.418297534987694,15.37659899907212
340,11.340233384069,1,261.8706022659511,289.11270125223615,318.59567901234567,284.0110596707819,345.5656565656565,280.32070707070704,448.1036065573771,241.13573770491803,7.287729509560354,14.007235134551292,0.12658422991477858,10.493531944178311,14.49982701994815,16.47163008632229,17.323166532656632
341,11.373587011669203,1,261.8113879003559,289.12277580071174,318.59567901234567,284.0110596707819,391.3876637903483,190.53387663790346,453.7577651515151,206.67878787878786,7.286045904339195,14.00686332340432,0.12667859840017628,12.785164336658102,20.863397782914348,16.735530768832458,19.789145137917707
342,11.406940639269406,1,261.8113879003559,289.12277580071174,318.59567901234567,284.0110596707819,410.4103869653768,145.42617107942974,469.0608511457731,171.3271711919892,7.286045904339195,14.00686332340432,0.12667859840017628,13.783187884643505,24.34284823470326,17.623733798477137,22.452182877380416
343,11.440294266869609,1,261.7551622418879,289.0566371681416,318.59567901234567,284.0110596707819,442.4443235400798,110.99401523394995,494.4999022482893,145.46275659824047,7.284112301114721,14.00897921101532,0.12526513406816403,15.74418502623846,27.18172669113898,19.22437108868497,24.509541470630666
344,11.473647894469812,1,261.7551622418879,289.0566371681416,318.59567901234567,284.0110596707819,474.78303256585764,94.41174030284172,520.7702862550271,133.81381594511473,7.284112301114721,14.00897921101532,0.12526513406816403,17.856286532385965,28.63687590475885,20.9345784550934,25.491234156478974
345,11.507001522070015,0,261.74506336575297,289.05776598880044,318.59567901234567,284.0110596707819,nan,nan,nan,nan,7.283822552453033,14.008935016525067,0.12526974641545502,nan,nan,nan,nan
346,11.540355149670217,0,261.74506336575297,289.05776598880044,318.59567901234567,284.0110596707819,nan,nan,nan,nan,7.283822552453033,14.008935016525067,0.12526974641545502,nan,nan,nan,nan
347,11.57370877727042,0,261.74506336575297,289.05776598880044,318.59567901234567,284.0110596707819,nan,nan,nan,nan,7.283822552453033,14.008935016525067,0.12526974641545502,nan,nan,nan,nan
348,11.607062404870623,0,261.74506336575297,289.05776598880044,318.59567901234567,284.0110596707819,nan,nan,nan,nan,7.283822552453033,14.008935016525067,0.12526974641545502,nan,nan,nan,nan
349,11.640416032470826,0,261.7208333333333,288.99285714285713,318.59567901234567,284.0110596707819,nan,nan,nan,nan,7.282828091215848,14.011034329076564,0.12393920434076626,nan,nan,nan,nan
350,11.67376966007103,0,261.7756068679692,289.05150976909414,318.59567901234567,284.0110596707819,nan,nan,nan,nan,7.284686306939095,14.009161375636694,0.12519934690174828,nan,nan,nan,nan
351,11.707123287671234,0,261.78527062999115,289.0618160307601,318.59567901234567,284.0110596707819,nan,nan,nan,nan,7.285013956136369,14.008832307283466,0.12542108886964684,nan,nan,nan,nan
352,11.740476915271437,0,261.74800354924577,288.90742383910083,318.59567901234567,284.0110596707819,nan,nan,nan,nan,7.283242981324178,14.01384086441141,0.12229045005286963,nan,nan,nan,nan
353,11.77383054287164,0,261.63652326602283,288.859233245537,318.66564417177915,283.9419734151329,nan,nan,nan,nan,7.281592644055705,14.017656385384706,0.12240084562797031,nan,nan,nan,nan
354,11.807184170471842,0,261.63652326602283,288.859233245537,318.66564417177915,283.9419734151329,nan,nan,nan,nan,7.281592644055705,14.017656385384706,0.12240084562797031,nan,nan,nan,nan
355,11.840537798072045,0,261.5975503062117,288.8649752114319,318.66564417177915,283.9419734151329,nan,nan,nan,nan,7.280480494825371,14.017440585819163,0.12244794407283886,nan,nan,nan,nan
356,11.873891425672248,0,261.5975503062117,288.8649752114319,318.66564417177915,283.9419734151329,nan,nan,nan,nan,7.280480494825371,14.017440585819163,0.12244794407283886,nan,nan,nan,nan
357,11.907245053272451,0,261.5603822762815,288.95626991022294,318.59567901234567,284.0110596707819,nan,nan,nan,nan,7.277983004630173,14.012110438602326,0.12293720131182935,nan,nan,nan,nan
358,11.940598680872654,0,261.5603822762815,288.95626991022294,318.59567901234567,284.0110596707819,nan,nan,nan,nan,7.277983004630173,14.012110438602326,0.12293720131182935,nan,nan,nan,nan
359,11.973952308472857,0,261.6342957130359,288.9524642752989,318.59567901234567,284.0110596707819,nan,nan,nan,nan,7.280123484238962,14.01228858873131,0.12298877220903547,nan,nan,nan,nan
360,12.00730593607306,0,261.6342957130359,288.9524642752989,318.59567901234567,284.0110596707819,nan,nan,nan,nan,7.280123484238962,14.01228858873131,0.12298877220903547,nan,nan,nan,nan
361,12.040659563673263,0,261.6342957130359,288.9524642752989,318.59567901234567,284.0110596707819,nan,nan,nan,nan,7.280123484238962,14.01228858873131,0.12298877220903547,nan,nan,nan,nan
362,12.074013191273465,0,261.6342957130359,288.9524642752989,318.59567901234567,284.0110596707819,nan,nan,nan,nan,7.280123484238962,14.01228858873131,0.12298877220903547,nan,nan,nan,nan
363,12.107366818873668,0,261.6342957130359,288.9524642752989,318.59567901234567,284.0110596707819,nan,nan,nan,nan,7.280123484238962,14.01228858873131,0.12298877220903547,nan,nan,nan,nan
364,12.140720446473871,0,261.6342957130359,288.9524642752989,318.59567901234567,284.0110596707819,nan,nan,nan,nan,7.280123484238962,14.01228858873131,0.12298877220903547,nan,nan,nan,nan
365,12.174074074074074,0,261.6342957130359,288.9524642752989,318.5248447204969,284.0685817805383,nan,nan,nan,nan,7.27824104798834,14.010343592916776,0.12196458155379762,nan,nan,nan,nan
366,12.207427701674277,0,261.6342957130359,288.9524642752989,318.5248447204969,284.0685817805383,nan,nan,nan,nan,7.27824104798834,14.010343592916776,0.12196458155379762,nan,nan,nan,nan
367,12.24078132927448,0,261.5603822762815,288.95626991022294,318.5248447204969,284.0685817805383,nan,nan,nan,nan,7.27610056837955,14.010165442787791,0.12191426836398774,nan,nan,nan,nan
368,12.274134956874683,0,261.5314846909301,288.9558058925477,318.5248447204969,284.0685817805383,nan,nan,nan,nan,7.27525507467378,14.01015945865684,0.12185598304114559,nan,nan,nan,nan
369,12.307488584474886,0,261.36860068259386,288.90273037542664,318.5248447204969,284.0685817805383,nan,nan,nan,nan,7.2702657220032405,14.011771657167529,0.12053219421698465,nan,nan,nan,nan
370,12.340842212075088,0,261.3041487839771,288.8354792560801,318.5248447204969,284.0685817805383,nan,nan,nan,nan,7.268086329405403,14.013918323358688,0.11909821433184412,nan,nan,nan,nan
371,12.374195839675291,0,261.3041487839771,288.8354792560801,318.453125,284.11432291666665,nan,nan,nan,nan,7.266137175599871,14.012360367664561,0.11830906337497801,nan,nan,nan,nan
372,12.407549467275494,0,261.3041487839771,288.8354792560801,318.3805031446541,284.14806079664567,nan,nan,nan,nan,7.264120007533122,14.011196684338689,0.1177579138076509,nan,nan,nan,nan
373,12.440903094875697,0,261.2751004016064,288.86660929432014,318.2215139442231,284.0116865869854,nan,nan,nan,nan,7.25826476894658,14.014528485882703,0.1213036430003795,nan,nan,nan,nan
374,12.4742567224759,0,261.0286615075953,289.1166523359128,317.7146023829315,283.9057910778609,nan,nan,nan,nan,7.236915798091088,14.009301327120351,0.1288471625693589,nan,nan,nan,nan
375,12.507610350076103,0,260.5324947589098,289.13806528900864,317.6335250616269,283.77458230621744,nan,nan,nan,nan,7.21969180070818,14.01249804528084,0.13112343529967235,nan,nan,nan,nan
376,12.540963977676306,0,260.18131868131866,289.010989010989,316.76549796747963,283.7286585365854,nan,nan,nan,nan,7.183205659662103,14.017252885406378,0.1304862009768945,nan,nan,nan,nan
377,12.574317605276509,0,260.18454017720745,288.9984723495264,316.76549796747963,283.7286585365854,nan,nan,nan,nan,7.183243942679802,14.017663452903626,0.13024252116040128,nan,nan,nan,nan
378,12.607671232876712,0,260.1031240521686,289.0694570821959,316.7047254150702,283.66232439335886,nan,nan,nan,nan,7.1791658732909935,14.017426980562782,0.13294970932287392,nan,nan,nan,nan
379,12.641024860476914,0,260.12820512820514,288.9871794871795,316.7047254150702,283.66232439335886,nan,nan,nan,nan,7.179531380512081,14.020128591893414,0.13135619593543724,nan,nan,nan,nan
380,12.674378488077119,0,260.0093599033816,289.05797101449275,316.7047254150702,283.66232439335886,nan,nan,nan,nan,7.176378457318361,14.017733051259672,0.1325427644675676,nan,nan,nan,nan
381,12.707732115677322,0,259.94449527294904,288.9197926197011,316.6674418604651,283.81007751937983,nan,nan,nan,nan,7.17329090360823,14.017302149110723,0.12678619890434864,nan,nan,nan,nan
382,12.741085743277525,0,259.80434782608694,290.69565217391306,316.71425067451554,287.1160166789306,nan,nan,nan,nan,7.190028702468568,13.850803022260617,0.09582248603434425,nan,nan,nan,nan
383,12.774439370877728,0,259.6199517781796,294.6621458710066,316.54915339903965,293.8061662875916,nan,nan,nan,nan,7.220668670068726,13.503347507696297,0.04163549451703395,nan,nan,nan,nan
384,12.80779299847793,0,262.93261455525607,295.8903863432165,320.1954534222881,294.2648875710403,nan,nan,nan,nan,7.430499488998283,13.453706877501274,0.05654190524129392,nan,nan,nan,nan
385,12.841146626078134,0,268.24877899877896,294.15384615384613,324.84779874213837,292.8842767295597,nan,nan,nan,nan,7.708996969515353,13.562087031897237,0.04994674256718522,nan,nan,nan,nan
386,12.874500253678336,0,272.91274509803924,292.82189542483655,329.63250296559903,289.1727164887307,nan,nan,nan,nan,7.96711095213029,13.73333928970986,0.09720380154590266,nan,nan,nan,nan
387,12.90785388127854,0,283.78854478854475,285.0666000666,341.5002311604253,282.59708737864077,nan,nan,nan,nan,8.580842221472402,14.219282096076817,0.07340489056730212,nan,nan,nan,nan
388,12.941207508878742,0,298.6436150750091,276.66813025978774,356.1621438263229,275.0836725463591,nan,nan,nan,nan,9.395140525089749,14.767465857682375,0.05665419376089533,nan,nan,nan,nan
389,12.974561136478945,0,315.33606877686594,268.0300898788589,372.7126662306518,266.9049487682581,nan,nan,nan,nan,10.326298133262117,15.35479703333953,0.048111004970636,nan,nan,nan,nan
390,13.007914764079148,0,333.74989800081596,257.7915136678906,391.1306392986957,257.91041265768655,nan,nan,nan,nan,11.36834084197355,16.03376718307591,0.023912343402338204,nan,nan,nan,nan
391,13.04126839167935,0,354.6314262023217,248.81467661691542,412.25386313465776,249.6388520971302,nan,nan,nan,nan,12.585168835835459,16.657468668980524,0.010283446324425684,nan,nan,nan,nan
392,13.074622019279554,0,375.33292929292924,240.7292929292929,433.11422366992394,242.80825190010856,nan,nan,nan,nan,13.807822030665282,17.207202573217124,-0.014283635304066018,nan,nan,nan,nan
393,13.107975646879757,0,394.4209737827715,235.28726591760298,451.99707404906593,238.0319603871258,nan,nan,nan,nan,14.942411294620129,17.595072583295973,-0.02758164982756332,nan,nan,nan,nan
394,13.14132927447996,0,411.27143365350406,233.5467805051583,467.8672316384181,236.67961393596985,nan,nan,nan,nan,15.93531958623516,17.73069463337564,-0.03636202118061145,nan,nan,nan,nan
395,13.174682902080162,0,425.2116086235489,233.91409618573798,481.6331403762663,236.83092136999517,nan,nan,nan,nan,16.78241584041705,17.735494409773985,-0.03217327149432783,nan,nan,nan,nan
396,13.208036529680365,0,435.9293893129771,235.14503816793894,491.8997837058399,237.606344628695,nan,nan,nan,nan,17.426073153918246,17.68244172966078,-0.023330428516798746,nan,nan,nan,nan
397,13.241390157280568,0,442.4905372405372,238.37515262515262,498.63310274148085,240.3041250320266,nan,nan,nan,nan,17.83770263409128,17.485631173514815,-0.012350782091568356,nan,nan,nan,nan
398,13.274743784880771,0,445.5831826401447,242.54098854731765,500.9278510473235,243.19886216705456,nan,nan,nan,nan,18.008255926734577,17.243496541833686,0.013284103147880009,nan,nan,nan,nan
399,13.308097412480974,0,447.28537596210776,244.42895204262877,502.7047254150702,245.20255427841633,nan,nan,nan,nan,18.117065704080492,17.11086343462786,0.010853531592204861,nan,nan,nan,nan
400,13.341451040081177,0,448.2006259780907,246.58904538341156,503.7146023829315,247.09420892213907,nan,nan,nan,nan,18.178710473466495,16.97172857523001,0.01633520288966976,nan,nan,nan,nan
401,13.37480466768138,0,448.2006259780907,248.58904538341156,503.4834176503653,248.8555368184373,nan,nan,nan,nan,18.174504216160454,16.841235441798283,0.021147427612620777,nan,nan,nan,nan
402,13.408158295281583,0,448.9651557200123,252.3641689793401,503.7433951658235,251.84738617200674,nan,nan,nan,nan,18.210771406397352,16.608405061425938,0.03723227201144788,nan,nan,nan,nan
403,13.441511922881785,0,450.14436736042285,255.99735711926,504.4295081967213,254.653825136612,nan,nan,nan,nan,18.272101526008186,16.388451731534985,0.05445277665846451,nan,nan,nan,nan
404,13.474865550481988,0,451.43035993740216,256.5762128325508,505.5367775831874,256.4276123759486,nan,nan,nan,nan,18.345428537637474,16.309574465778148,0.029439695929657936,nan,nan,nan,nan
405,13.508219178082191,0,451.88321167883214,256.8579683698297,505.63403880070547,258.0291005291005,nan,nan,nan,nan,18.36261833126253,16.2454397330144,0.0015892147911370912,nan,nan,nan,nan
406,13.541572805682394,0,451.95592020592017,255.9501287001287,505.63298791018997,256.75532527345996,nan,nan,nan,nan,18.363524124623517,16.32026113313015,0.009314875328114642,nan,nan,nan,nan
407,13.574926433282597,0,452.0638836179633,255.24351676154328,505.65920183749637,256.72552397358595,nan,nan,nan,nan,18.366755879039847,16.3456095822388,-0.005023677883598316,nan,nan,nan,nan
408,13.6082800608828,0,451.9058451816745,255.32069510268562,505.69585121602285,256.68412017167384,nan,nan,nan,nan,18.363177423998117,16.344287651405487,-0.002410633350871175,nan,nan,nan,nan
409,13.641633688483003,0,452.1915353722582,254.73833796725359,505.69585121602285,256.68412017167384,nan,nan,nan,nan,18.371130424605845,16.364489264218,-0.014899177930054368,nan,nan,nan,nan
410,13.674987316083207,0,452.33677944862154,254.77098997493732,506.12786152987155,256.58849804578443,nan,nan,nan,nan,18.388618416318504,16.367111163282388,-0.011975430729580062,nan,nan,nan,nan
411,13.70834094368341,0,452.327386541471,254.7605633802817,506.12786152987155,256.58849804578443,nan,nan,nan,nan,18.388322814141265,16.367461412558825,-0.012188373618958871,nan,nan,nan,nan
412,13.741694571283613,0,452.2556067588325,254.6817204301075,506.0168918918919,256.76154279279274,nan,nan,nan,nan,18.382731774772726,16.364081733075103,-0.017528015816420602,nan,nan,nan,nan
413,13.775048198883816,0,452.2556067588325,254.6817204301075,506.0168918918919,256.76154279279274,nan,nan,nan,nan,18.382731774772726,16.364081733075103,-0.017528015816420602,nan,nan,nan,nan
414,13.808401826484019,0,452.2556067588325,254.6817204301075,505.9758291174817,256.80157391793136,nan,nan,nan,nan,18.381494896117083,16.36267524606197,-0.018406265150398875,nan,nan,nan,nan
415,13.841755454084222,0,452.2556067588325,254.6817204301075,505.9758291174817,256.80157391793136,nan,nan,nan,nan,18.381494896117083,16.36267524606197,-0.018406265150398875,nan,nan,nan,nan
416,13.875109081684425,0,452.2556067588325,254.6817204301075,506.2917350848385,256.655719759168,nan,nan,nan,nan,18.391036644798838,16.367932699777967,-0.015084550326834653,nan,nan,nan,nan
417,13.908462709284628,0,452.2556067588325,254.6817204301075,506.2917350848385,256.655719759168,nan,nan,nan,nan,18.391036644798838,16.367932699777967,-0.015084550326834653,nan,nan,nan,nan
418,13.94181633688483,0,452.2556067588325,254.6817204301075,506.2947253942359,256.7427949972811,nan,nan,nan,nan,18.391140327513554,16.364946533048805,-0.016909220722584634,nan,nan,nan,nan
419,13.975169964485033,0,452.2556067588325,254.6817204301075,506.2947253942359,256.7427949972811,nan,nan,nan,nan,18.391140327513554,16.364946533048805,-0.016909220722584634,nan,nan,nan,nan
420,14.008523592085236,0,452.2556067588325,254.6817204301075,506.4258064516129,256.7577956989247,nan,nan,nan,nan,18.395111125451756,16.36453617249955,-0.01711853142303545,nan,nan,nan,nan
421,14.04187721968544,0,452.2556067588325,254.6817204301075,506.4258064516129,256.7577956989247,nan,nan,nan,nan,18.395111125451756,16.36453617249955,-0.01711853142303545,nan,nan,nan,nan
422,14.075230847285642,0,452.2556067588325,254.6817204301075,506.4258064516129,256.7577956989247,nan,nan,nan,nan,18.395111125451756,16.36453617249955,-0.01711853142303545,nan,nan,nan,nan
423,14.108584474885845,0,452.2556067588325,254.6817204301075,506.4258064516129,256.7577956989247,nan,nan,nan,nan,18.395111125451756,16.36453617249955,-0.01711853142303545,nan,nan,nan,nan
424,14.141938102486048,0,452.2556067588325,254.6817204301075,506.4237012987013,256.6718073593073,nan,nan,nan,nan,18.395034615813213,16.367485704026933,-0.015320397957255762,nan,nan,nan,nan
425,14.17529173008625,0,452.2556067588325,254.6817204301075,506.4237012987013,256.6718073593073,nan,nan,nan,nan,18.395034615813213,16.367485704026933,-0.015320397957255762,nan,nan,nan,nan
426,14.208645357686454,0,452.2556067588325,254.6817204301075,506.357006802721,256.7390476190476,nan,nan,nan,nan,18.393025374412076,16.365124773544437,-0.01678091403844253,nan,nan,nan,nan
427,14.241998985286656,0,452.2556067588325,254.6817204301075,506.357006802721,256.7390476190476,nan,nan,nan,nan,18.393025374412076,16.365124773544437,-0.01678091403844253,nan,nan,nan,nan
428,14.27535261288686,0,452.2556067588325,254.6817204301075,506.357006802721,256.7390476190476,nan,nan,nan,nan,18.393025374412076,16.365124773544437,-0.01678091403844253,nan,nan,nan,nan
429,14.308706240487062,0,452.28737745098033,254.65716911764707,506.357006802721,256.7390476190476,nan,nan,nan,nan,18.393956513368487,16.365992560268502,-0.01732066532875914,nan,nan,nan,nan
430,14.342059868087265,0,452.28737745098033,254.65716911764707,506.357006802721,256.7390476190476,nan,nan,nan,nan,18.393956513368487,16.365992560268502,-0.01732066532875914,nan,nan,nan,nan
431,14.375413495687468,0,452.28737745098033,254.65716911764707,506.357006802721,256.7390476190476,nan,nan,nan,nan,18.393956513368487,16.365992560268502,-0.01732066532875914,nan,nan,nan,nan
432,14.40876712328767,0,452.28737745098033,254.65716911764707,506.357006802721,256.7390476190476,nan,nan,nan,nan,18.393956513368487,16.365992560268502,-0.01732066532875914,nan,nan,nan,nan
433,14.442120750887874,0,452.28737745098033,254.65716911764707,506.357006802721,256.7390476190476,nan,nan,nan,nan,18.393956513368487,16.365992560268502,-0.01732066532875914,nan,nan,nan,nan
434,14.475474378488077,0,452.28737745098033,254.65716911764707,506.357006802721,256.7390476190476,nan,nan,nan,nan,18.393956513368487,16.365992560268502,-0.01732066532875914,nan,nan,nan,nan
435,14.50882800608828,0,452.28737745098033,254.65716911764707,506.357006802721,256.7390476190476,nan,nan,nan,nan,18.393956513368487,16.365992560268502,-0.01732066532875914,nan,nan,nan,nan
436,14.542181633688482,0,452.28737745098033,254.65716911764707,506.357006802721,256.7390476190476,nan,nan,nan,nan,18.393956513368487,16.365992560268502,-0.01732066532875914,nan,nan,nan,nan
437,14.575535261288685,0,452.28737745098033,254.65716911764707,506.357006802721,256.7390476190476,nan,nan,nan,nan,18.393956513368487,16.365992560268502,-0.01732066532875914,nan,nan,nan,nan
438,14.608888888888888,0,452.28737745098033,254.65716911764707,506.357006802721,256.7390476190476,nan,nan,nan,nan,18.393956513368487,16.365992560268502,-0.01732066532875914,nan,nan,nan,nan
439,14.642242516489091,0,452.28737745098033,254.65716911764707,506.357006802721,256.7390476190476,nan,nan,nan,nan,18.393956513368487,16.365992560268502,-0.01732066532875914,nan,nan,nan,nan
440,14.675596144089294,0,452.31897341888174,254.6358081271005,506.357006802721,256.7390476190476,602.0806293018682,87.93018682399213,642.2116040955632,122.50625711035266,18.3948860731452,16.36675075795573,-0.01779401056989306,26.462045835230608,29.479323951101364,28.995980342455677,26.66622334063753
441,14.708949771689499,0,452.4779299847793,254.63835616438357,505.9758291174817,256.80157391793136,nan,nan,nan,nan,18.388158667189515,16.364340548380454,-0.019510259109039533,nan,nan,nan,nan
442,14.742303399289701,0,452.4779299847793,254.63835616438357,505.9758291174817,256.80157391793136,nan,nan,nan,nan,18.388158667189515,16.364340548380454,-0.019510259109039533,nan,nan,nan,nan
443,14.775657026889904,0,452.4779299847793,254.63835616438357,505.9758291174817,256.80157391793136,660.8569321533923,126.44395280235987,709.2811594202898,149.37681159420288,18.388158667189515,16.364340548380454,-0.019510259109039533,30.214398483952298,26.383577276604502,33.249583727001855,24.635629990070935
444,14.809010654490107,0,452.5624041704998,254.5933762649494,505.9758291174817,256.80157391793136,nan,nan,nan,nan,18.390658126136103,16.365951474758468,-0.020536591681053276,nan,nan,nan,nan
445,14.84236428209031,0,452.5624041704998,254.5933762649494,505.9758291174817,256.80157391793136,685.0534069981584,155.90883977900552,739.684007707129,172.9932562620424,18.390658126136103,16.365951474758468,-0.020536591681053276,31.60851416433315,24.06978778474169,35.02688785915407,22.845552414313563
446,14.875717909690513,0,452.5624041704998,254.5933762649494,505.9758291174817,256.80157391793136,692.6438356164383,169.33333333333331,751.2891737891738,184.5534188034188,18.390658126136103,16.365951474758468,-0.020536591681053276,32.003990641679195,23.036921382348574,35.66711864588183,21.981514254842832
447,14.909071537290716,0,452.5624041704998,254.5933762649494,505.9758291174817,256.80157391793136,696.3724035608309,192.37388724035608,760.2142857142857,206.4739010989011,18.390658126136103,16.365951474758468,-0.020536591681053276,32.07266500546815,21.28703588948682,36.023625380489555,20.352348577494453
448,14.942425164890919,0,452.5718232044199,254.60343769183547,505.9758291174817,256.80157391793136,702.0376811594202,215.0616977225673,767.4412442396314,226.77073732718895,18.39095409026549,16.36561370337028,-0.020331443794219386,32.26402651712646,19.61681156402616,36.279960198530276,18.881172015815945
449,14.975778792491122,0,452.5718232044199,254.60343769183547,505.9758291174817,256.80157391793136,709.1765844218673,234.79632317368166,774.9831387808041,244.40034587116298,18.39095409026549,16.36561370337028,-0.020331443794219386,32.563844364435084,18.205676154989042,36.57613451529914,17.634969907808852
450,15.009132420091325,0,452.5718232044199,254.60343769183547,505.9758291174817,256.80157391793136,709.0061881188119,245.9009900990099,774.6873638344226,253.89687726942626,18.39095409026549,16.36561370337028,-0.020331443794219386,32.47033655327674,17.41956918511707,36.46349622594026,16.96753942781225
451,15.042486047691527,0,452.6026936026936,254.5901438628711,505.9758291174817,256.80157391793136,702.8654434250764,259.8941131498471,769.5402542372881,266.0603813559322,18.391871130315383,16.366094534906033,-0.020640540339901748,31.99103021168861,16.43477402107244,36.028555115792024,16.116470825670504
452,15.07583967529173,0,452.5718232044199,254.60343769183547,505.9758291174817,256.80157391793136,694.4101668606907,269.59022118742723,761.9914720059325,275.3407489803485,18.39095409026549,16.36561370337028,-0.020331443794219386,31.408051842268627,15.755922528460587,35.480323074992384,15.470195073994715
453,15.109193302891933,0,452.62267033302777,254.58356248090433,505.9758291174817,256.80157391793136,683.3417524165886,279.304334268787,751.8788979715409,283.98910081743867,18.392466882811945,16.366336327030858,-0.02079783774369691,30.674117547059762,15.080242353565165,34.78870608785949,14.870091300111874
454,15.142546930492136,0,452.5718232044199,254.60343769183547,505.9758291174817,256.80157391793136,671.3935552033809,297.38325409403063,740.459323824617,298.6159535129424,18.39095409026549,16.36561370337028,-0.020331443794219386,29.849420065185207,13.85788343392586,33.97751532928829,13.878729606015657
455,15.175900558092339,0,452.5718232044199,254.60343769183547,505.9758291174817,256.80157391793136,662.7600700525394,307.8657326328079,732.9475065616798,306.6968503937008,18.39095409026549,16.36561370337028,-0.020331443794219386,29.2784530023594,13.159217177054717,33.463920642927654,13.337064485426904
456,15.209254185692542,0,452.5718232044199,254.60343769183547,505.9758291174817,256.80157391793136,654.5126945126946,304.6298116298116,723.6927829261443,303.7320977253581,18.39095409026549,16.36561370337028,-0.020331443794219386,28.805030311833224,13.35806052488756,32.933679813563266,13.51758060658317
457,15.242607813292745,0,452.62267033302777,254.58356248090433,505.9758291174817,256.80157391793136,647.5275816993463,295.2154248366013,716.6416998671978,296.0172642762284,18.392466882811945,16.366336327030858,-0.02079783774369691,28.434443448030724,13.96548554312937,32.568089885726565,14.01507929344026
458,15.275961440892948,0,452.5718232044199,254.60343769183547,505.9758291174817,256.80157391793136,641.7653880463871,287.18822479928633,710.3834498834499,287.63927738927737,18.39095409026549,16.36561370337028,-0.020331443794219386,28.126903875479087,14.488914141872707,32.251754089796286,14.562434486712938
459,15.30931506849315,2,452.5718232044199,254.60343769183547,505.9758291174817,256.80157391793136,636.8241590214067,282.92660550458714,704.6060897435897,282.59358974358975,18.39095409026549,16.36561370337028,-0.020331443794219386,27.849256390081838,14.765918450901456,31.938345110145857,14.89157827447435
460,15.342668696093353,2,452.5718232044199,254.60343769183547,505.9758291174817,256.80157391793136,633.3502656042497,279.9575033200531,700.5933922145895,280.2558063460909,18.39095409026549,16.36561370337028,-0.020331443794219386,27.65314161374463,14.959649698386176,31.71167542960407,15.042664036024034
461,15.376022323693556,2,452.5718232044199,254.60343769183547,505.9758291174817,256.80157391793136,630.686126126126,278.4926126126126,698.1599053414469,278.59972954699117,18.39095409026549,16.36561370337028,-0.020331443794219386,27.49885627653598,15.054014004895906,31.575531377760232,15.150556838522622
462,15.40937595129376,2,452.5718232044199,254.60343769183547,505.9758291174817,256.80157391793136,629.0807560137456,278.1883161512027,696.36240913811,277.00623052959503,18.39095409026549,16.36561370337028,-0.020331443794219386,27.40335253205267,15.07201983656364,31.477274863392328,15.255401587086656
463,15.442729578893962,2,452.5718232044199,254.60343769183547,505.9758291174817,256.80157391793136,627.0360975609756,275.6991869918699,693.9492679605038,274.6996935648621,18.39095409026549,16.36561370337028,-0.020331443794219386,27.290310237778016,15.236581789120018,31.346188160711165,15.40779079183265
464,15.476083206494165,2,452.5718232044199,254.60343769183547,505.9758291174817,256.80157391793136,623.6494133885437,274.4630779848171,690.6357498223169,273.61229566453443,18.39095409026549,16.36561370337028,-0.020331443794219386,27.09080695737343,15.314811384933693,31.15213304723232,15.476384514862053
465,15.509436834094368,2,452.5718232044199,254.60343769183547,505.9758291174817,256.80157391793136,619.4831804281346,276.1743119266055,686.7173333333333,274.8463333333333,18.39095409026549,16.36561370337028,-0.020331443794219386,26.8326286289765,15.192891751877173,30.90641733934204,15.386621210908846
466,15.54279046169457,2,452.5624041704998,254.5933762649494,505.9758291174817,256.80157391793136,615.4044865054328,277.0469681037504,682.5074982958417,275.79004771642803,18.390658126136103,16.365951474758468,-0.020536591681053276,26.58341840182805,15.127824854515335,30.645268429875596,15.316204360108161
467,15.576144089294774,2,452.5624041704998,254.5933762649494,505.9758291174817,256.80157391793136,611.0778661365142,278.20477137176937,677.6616212579885,276.4635048772284,18.390658126136103,16.365951474758468,-0.020536591681053276,26.31861090186025,15.043295173158006,30.34759838854875,15.263167873404237
468,15.609497716894976,2,452.5624041704998,254.5933762649494,505.9758291174817,256.80157391793136,605.7140387275241,278.5663900414938,672.7824491157824,276.991991991992,18.390658126136103,16.365951474758468,-0.020536591681053276,25.994508719899198,15.010778271886094,30.049099321030365,15.219929436168513
469,15.64285134449518,2,452.5624041704998,254.5933762649494,505.84313725490193,256.9252628587667,600.7581030365063,278.48379392698735,667.3212809917355,276.857782369146,18.386660763847644,16.361601513260364,-0.023283890949504945,25.696594819367867,15.00873745665887,29.719400674942605,15.220560140792196
470,15.676204972095382,2,452.5624041704998,254.5933762649494,506.065829846583,256.8069735006973,595.6276150627615,277.26917712691767,662.6701173222912,275.3319530710835,18.393383634451645,16.365837888671653,-0.020572153388940802,25.391598381125043,15.082497423277234,29.446318577259685,15.316468605128696
471,15.709558599695587,2,452.56146903205723,254.5985060690943,506.2804711038071,256.801424267324,591.3515346181298,276.8054960742327,657.3133406034168,275.3947655398037,18.399858499858993,16.366022552517556,-0.020158732720562674,25.135600671612217,15.107117916419478,29.12176069748021,15.303929951351423
472,15.74291222729579,2,452.56146903205723,254.5985060690943,506.357006802721,256.8370068027211,587.0645724258289,277.9619546247818,653.122259383129,275.76439985135636,18.402180910941,16.364862465472306,-0.020842254079887886,24.87460488002964,15.022816625551226,28.866307521161648,15.272468340753338
473,15.776265854895993,2,452.56146903205723,254.5985060690943,506.357006802721,256.8370068027211,583.5456453305352,278.18153200419727,649.4139110604333,275.65868491068034,18.402180910941,16.364862465472306,-0.020842254079887886,24.662529686401303,15.002687069170788,28.642572906709155,15.273877636545661
474,15.809619482496196,2,452.5519278606965,254.5883084577114,506.357006802721,256.8370068027211,580.2230941704036,277.40171898355754,646.096336996337,275.3161172161172,18.401881099781143,16.365204814849143,-0.02104857068793247,24.464746883306276,15.04996707058813,28.44363467084325,15.291892617352891
475,15.842973110096398,2,452.5519278606965,254.5883084577114,506.357006802721,256.8370068027211,577.0234234234234,277.82594594594593,642.8529515729939,275.5344644750795,18.401881099781143,16.365204814849143,-0.02104857068793247,24.27147495866469,15.016576512556837,28.246511713574638,15.27212780475035
476,15.876326737696601,2,452.5519278606965,254.5883084577114,506.357006802721,256.8370068027211,573.7772988505747,278.60596264367814,639.3549242424242,275.6799242424242,18.401881099781143,16.365204814849143,-0.02104857068793247,24.074790981323932,14.959274772700493,28.034432988514737,15.25690051473284
477,15.909680365296804,2,452.5519278606965,254.5883084577114,506.357006802721,256.8370068027211,569.9055001845699,278.05094130675525,635.4602293747687,275.39807621161674,18.401881099781143,16.365204814849143,-0.02104857068793247,23.843483983005736,14.990586457930798,27.800373878885075,15.269915039080486
478,15.943033992897007,2,452.5519278606965,254.5883084577114,506.357006802721,256.8370068027211,565.9139912802219,277.2504954419342,631.2369565217391,275.41123188405794,18.401881099781143,16.365204814849143,-0.02104857068793247,23.605355337710936,15.038204075107204,27.54519007982967,15.262502531636404
479,15.97638762049721,2,452.56333644568934,254.57983193277312,506.357006802721,256.8370068027211,561.531843575419,278.6256983240223,626.110644257703,276.45413165266103,18.402215923178765,16.365504811560225,-0.021237089279960222,23.33988367819658,14.939252614994473,27.231363822420462,15.18423950134699
480,16.009741248097413,2,452.5728971962617,254.59003115264795,506.357006802721,256.78802721088437,556.7882447665056,279.3099838969404,621.2564671101255,277.3551367331855,18.40250899083571,16.366843242776884,-0.019998634111866916,23.05433678269352,14.886182816832227,26.93500522528023,15.116073658403156
481,16.043094875697616,2,451.6372549019608,254.60626185958253,505.0071599045346,257.0082206311323,530.5221445221445,259.2097902097902,551.4793267471642,279.51957555799487,18.333447284286883,16.35690955483789,-0.024689019875720076,21.49321516005592,16.206656641320507,22.735897856293683,14.86406948535037
482,16.07644850329782,2,446.33136288998355,255.2049261083744,500.3896,256.9016,546.7706288622319,279.96619411123226,612.0472470238094,277.36569940476187,18.034242432239648,16.332129269678177,-0.009262197923749268,22.45332419995779,14.827032583003513,26.37996079999817,15.101212849692836
483,16.10980213089802,2,441.4409551848217,256.420346745175,494.82535753575354,258.4125412541254,541.6281779661017,281.0123587570621,606.7753319357092,278.7330538085255,17.720550128476116,16.230414308173692,-0.01600809072425535,22.144454363606958,14.749328536489056,26.057815675445706,15.001209233272071
484,16.143155758498224,2,435.7389753566796,256.55869001297015,489.69385443217215,258.68224299065423,536.2035273368607,281.3118165784832,601.5967261904761,279.35267857142856,17.393998204396592,16.207858162813686,-0.01832290279761424,21.81980894633416,14.721121221910806,25.744295899568787,14.95169514751213
485,16.176509386098427,2,430.23114119922633,256.80399742101866,484.361498496035,258.64342357123326,530.95468914647,281.4453811029153,596.2287368802026,279.18892508143324,17.06743047590269,16.192204628670673,-0.012241714402833405,21.506008039482722,14.704263480086276,25.422070864937442,14.95447783130723
486,16.20986301369863,2,423.93933054393307,257.44769874476987,478.0992965367965,258.9220779220779,524.366323024055,282.0611683848797,589.7755737067289,279.6740567872423,16.690251198039977,16.15074195729279,-0.004601081789511561,21.112199619246795,14.653253161002306,25.032920517146373,14.912091554235912
487,16.243216641298833,2,416.8298782494241,258.7183283974992,470.7082321187584,260.51174089068826,518.0981616371835,282.90045091918137,583.2910848549947,281.2517006802721,16.257014623415337,16.04166594835798,-0.011495467737404971,20.73793857969146,14.587915641971977,24.63957416447224,14.796588097433284
488,16.276570268899036,2,409.5405494869248,258.6444885799404,463.47167325428194,260.9733860342556,510.41402116402116,284.1541005291005,576.2487731219328,281.5738014345036,15.820366001164835,16.016999368013522,-0.02268550397114893,20.279905519344997,14.493019162750755,24.21654711940211,14.764356265365352
489,16.30992389649924,2,402.0886379192334,259.8802190280629,456.28052016985134,261.1687898089172,503.6226166995398,284.32445759368835,569.0982952484585,282.4388828436706,15.382944508227467,15.956752846181216,-0.0007676933734997895,19.87550385799688,14.47150744517496,23.786345122377643,14.69574072629967
490,16.34327752409944,2,393.66901408450707,260.65325285043593,447.8434592227695,262.3472906403941,496.1801801801801,284.6473616473616,561.1461988304094,283.0372807017544,14.879866262639542,15.877155169489303,-0.009263916338687133,19.43274182813613,14.438915589423468,23.309308314279843,14.643794934934894
491,16.376631151699645,2,385.52966101694915,261.65183615819205,439.3984375,263.115625,487.9404881310598,285.3841524573721,552.7203826342899,284.07321559970563,14.38580394621492,15.804184294083345,-0.004658238469174405,18.943379835114186,14.37773803998528,22.803967687292474,14.562074607830356
492,16.409984779299847,2,376.8167680865449,262.7129817444219,430.75522955718554,264.1064928008693,479.53472222222223,286.1382275132275,544.8485484435117,284.8968170689052,13.869972577371673,15.721074199089678,-0.0031744840494151976,18.4448955316601,14.315258680426158,22.332850345586614,14.49544733207191
493,16.44333840690005,2,368.1794871794872,264.1011396011396,422.54926108374383,264.08620689655174,471.85372430064035,285.2167172227839,536.4286746117732,284.26327193932826,13.369624742352013,15.661698017344992,0.026329281812317095,17.987596524860205,14.364761379587343,21.830934080650607,14.524891233912182
494,16.476692034500253,2,359.1851468048359,264.766493955095,413.7223573938902,264.35793457691267,463.506625891947,285.11960584437645,527.905755117806,283.56353804557745,12.83926321889297,15.616178212195432,0.034485266642517866,17.491990997424363,14.358709977959592,21.322816578179726,14.558587044166478
495,16.510045662100456,2,350.24365482233503,266.3871404399323,404.67059439643884,264.89185650693895,454.706937394247,285.15363790186126,519.3930783242258,284.592349726776,12.307752099750857,15.529544595285863,0.057091346725368385,16.9700557545166,14.343309653913773,20.814879800733472,14.477409095699247
496,16.54339928970066,2,341.389470013947,266.8978382147838,396.48110236220475,265.53779527559055,446.19635157545605,285.0540630182421,510.57147988505744,284.59554597701145,11.802395206685881,15.477349963860783,0.05391016703494911,16.46527265728719,14.337185498894089,20.289346647483008,14.463948140525321
497,16.576752917300862,2,332.4536762281569,268.5624793933399,386.7689454160042,266.26497085320614,437.9918283963228,285.2996254681648,502.0710144927536,285.0101449275362,11.253799747280638,15.382511827495048,0.07384040221162942,15.979801483358347,14.308708856448389,19.783437251307152,14.423689761468482
498,16.610106544901065,2,323.6313333333333,269.933,378.62887989203773,266.6402159244264,429.38888888888886,285.4898093359631,493.4887459807074,285.0725259021078,10.754699210783153,15.310888606820546,0.09375744280029305,15.471005376751894,14.283320484276938,19.272954808597415,14.406692856543827
499,16.643460172501268,2,315.1235839340886,270.71541366289046,370.75429017160684,267.4219968798752,421.73978716100237,285.4648129076553,485.41140819964346,285.0285204991087,10.272609246564576,15.245816390308356,0.09297261407801329,15.018336436300789,14.273576773573346,18.792715842662194,14.39751169882969
500,16.67681380010147,2,306.5,272.5,362.6770186335404,268.1027432712215,413.3478672985782,286.23127962085306,477.3304093567251,285.15533625730995,9.785253515101472,15.150563058654711,0.11458129715895744,14.524823581423323,14.210526644146883,18.31273311329881,14.37701676134689
501,16.710167427701673,2,298.4335574767851,273.68075568363747,354.5,268.63133764832793,406.0319322254806,286.3264907135875,469.7997043606799,285.1319290465632,9.309622628923837,15.08107188977193,0.1279511956945195,14.092989247907532,14.193383873353827,17.8655212834122,14.36730275952344
502,16.743521055301876,2,290.38582930756843,275.21223832528176,346.66692248656943,269.8424149398823,398.3790531776913,286.8511673151751,462.45130466740164,285.2951120911429,8.848987266606677,14.9774495263368,0.13396119180508562,13.643305320979493,14.147471634711746,17.429696702866416,14.345519638854025
503,16.77687468290208,2,282.5772357723577,276.62504065040645,338.67707499332795,270.94902588737654,391.21784511784506,287.3410774410774,454.7248677248677,285.6273620559335,8.390939602184758,14.8815446190876,0.14045865901260676,13.222981086126246,14.104627034394593,16.97212778532396,14.312009523942452
504,16.810228310502282,2,274.5324718356527,278.3081510934394,330.80603224128964,272.0166406656266,384.27870461236506,288.3042198233562,447.3531835205992,286.23258426966294,7.931435840592547,14.778118999552465,0.15246549347270463,12.818375213110569,14.031069403449665,16.536657539010342,14.261029978324347
505,16.843581938102485,2,267.9097484276729,280.12295597484274,323.4985009539384,272.94085581902425,377.4240384615385,288.5269230769231,440.767037037037,286.4340740740741,7.5314475747225735,14.676855989431548,0.17214177557649465,12.415818073366687,14.00633332469195,16.147160193996747,14.237922184081171
506,16.876935565702688,2,260.5,281.5,316.80603224128964,274.0166406656266,371.27605727605726,289.008991008991,434.4,286.5421245421245,7.1259874265676295,14.585059779137769,0.1763032434592958,12.056444702862995,13.965645912462932,15.77063425960379,14.221320496849584
507,16.91028919330289,2,254.42453129965045,283.238639974579,310.798344017094,274.46314102564105,365.434988179669,289.3269165822357,428.673019431988,286.71860986547085,6.779976411344442,14.504003490859407,0.20204870901924704,11.714609893717329,13.936206545010437,15.432386066222527,14.201166786578224
508,16.943642820903094,2,248.62559241706163,284.980410742496,304.8930817610063,275.9059224318658,359.95124378109455,290.5844112769486,423.13560606060605,287.2382575757576,6.449407090497166,14.3902018364527,0.2082901374402368,11.39915003540616,13.845815956838736,15.10666266541593,14.158694192264218
509,16.976996448503296,2,243.68030842230127,285.88374851720044,300.26666666666665,277.2164674634794,354.87297039159506,291.3603947787329,418.64928193499617,287.99017384731667,6.1777127892896235,14.310044136133858,0.1990711816414093,11.105365336836048,13.787641959508887,14.844132081230692,14.102534478592109
510,17.0103500761035,2,239.3798175934098,287.00735510444247,296.1600208496221,278.02084962210057,351.27799607072694,292.2822527832351,414.9597238204833,288.4058304564634,5.939679571050666,14.24043985325881,0.20479760393531374,10.89975298832683,13.722188582342685,14.627750908965382,14.069729688762155
511,17.043703703703702,2,236.94928825622776,287.4516607354685,293.12734082397003,278.2771535580524,348.3441494591937,292.69878728285806,412.20393974507533,289.17612977983777,5.782645558380208,14.213398326837016,0.21051574564532852,10.730202311845746,13.690732628505037,14.46790358449802,14.015026438787723
512,17.077057331303905,2,235.29792215393618,287.62218320163885,291.94683678894205,278.9404572036151,319.5518763796909,274.5629139072848,347.29996629592176,292.9962925513987,5.703196316252051,14.183804042812275,0.19910372098636245,8.919601433184136,14.842786007020212,10.670761276620134,13.669811435072859
513,17.110410958904108,2,234.99582214264396,287.7988660101462,290.8107095046854,278.95876840696116,318.6426282051282,275.0224358974359,346.35709635416663,293.212890625,5.66189826374247,14.176363439679978,0.2049129974627268,8.869072016087992,14.81083615042097,10.616802714723832,13.654319305614239
514,17.14376458650431,2,234.95926256318762,287.84953910199226,290.8107095046854,278.95876840696116,318.6426282051282,275.0224358974359,346.49131274131275,293.38803088803087,5.661080360921124,14.174683756075062,0.20581945303059127,8.869072016087992,14.81083615042097,10.62569529273934,13.6431018821757
515,17.177118214104514,2,234.9286549707602,287.7865497076023,290.96674647512634,279.0579941473796,317.7573221757322,274.9623430962343,411.03123809523805,290.70095238095234,5.664864393832962,14.173553005621045,0.2019373387452704,8.816334462712755,14.813494583118896,14.404311452571532,13.913220186630438
516,17.210471841704717,2,234.89199417758368,287.84919941775837,290.9939008220631,279.6401485017237,317.5428134556575,275.3669724770642,412.00153256704976,291.2547892720306,5.667210423360116,14.15226800916911,0.19119698059502196,8.806507030954291,14.7862622893852,14.463491546747395,13.8783427676373
517,17.243825469304923,2,235.00085910652922,287.9086483390607,291.131571924206,279.77074993327994,317.98470948012226,275.50611620795104,412.6813441483198,291.61799922750095,5.675241199337414,14.14619801257665,0.18965881843370289,8.833590590712188,14.777679681879647,14.504844483395607,13.855545029132612
518,17.277179096905126,2,235.05857385398983,288.0492359932088,291.4874213836478,279.94994758909854,319.5767543859649,275.4671052631579,412.8538404175988,292.46644295302013,5.6887845790840466,14.13600352580876,0.1879882263193219,8.927373395494671,14.782678003545044,14.518044593387433,13.800249408992547
519,17.31053272450533,2,235.02965497576272,288.56458511548334,291.2733686067019,281.1418493323255,318.8225806451613,276.59498207885304,413.8448148148148,293.2951851851851,5.688882478031024,14.079695973021405,0.17476614460901602,8.890696674148955,14.706608033098451,14.579323705089172,13.74749487637637
520,17.34388635210553,2,234.9574829931973,288.64512471655325,291.1609632446134,281.2735107731305,318.32745098039214,276.3764705882353,416.0032733224223,284.49972722313146,5.6843909923942295,14.072594245367247,0.17382896827909067,8.859935183124716,14.720370442850228,14.675689247051764,14.328766714668344
521,17.377239979705735,2,234.9574829931973,288.64512471655325,291.0961489415965,281.0425911757205,319.27358490566036,276.5,417.3377829367382,258.90810601663765,5.681573058363542,14.080159300384091,0.1786840418312432,8.91666249022164,14.713594082288843,14.66479605474602,16.04819381516428
522,17.410593607305938,2,234.9574829931973,288.64512471655325,291.1811539430587,281.1312673217435,358.55233889434083,212.22244030094862,423.1220556745182,222.05906495360455,5.6844216570375465,14.077298748349593,0.17665561851895822,10.865955589559757,19.220961982693154,14.885980234081927,18.627171087480267
523,17.44394723490614,2,234.88851351351352,288.5664414414414,291.1811539430587,281.1312673217435,374.62495344506516,170.92737430167597,437.7645918169478,187.17723482644945,5.682027286549241,14.079812645148639,0.17488928154244157,11.626363856577145,22.30281113645996,15.681596556611627,21.1979296444023
524,17.477300862506343,2,234.88851351351352,288.5664414414414,291.1811539430587,281.1312673217435,398.4062373430538,136.89246658566222,457.89985867151216,158.88734100545125,5.682027286549241,14.079812645148639,0.17488928154244157,12.967158915513341,24.99297179068088,16.883833131058662,23.386668538811918
525,17.510654490106546,0,234.88851351351352,288.5664414414414,291.1811539430587,281.1312673217435,426.65696969696967,108.0511515151515,482.125,134.24186390532543,5.682027286549241,14.079812645148639,0.17488928154244157,14.689101545196152,27.39033883579905,18.40589217010822,25.376724735298538
526,17.54400811770675,0,234.88851351351352,288.5664414414414,291.1811539430587,281.1312673217435,451.18061944188895,95.75314320760502,503.02732240437155,124.64207650273224,5.682027286549241,14.079812645148639,0.17488928154244157,16.278920505743457,28.470665006591833,19.767822899350424,26.194820292846586
527,17.577361745306952,0,234.9574829931973,288.64512471655325,291.33027288956896,281.0165774037235,472.61815008726,100.82094240837696,520.1124338624338,129.37654320987653,5.688349926426607,14.08119150235336,0.17856910618278604,17.723286387078765,28.093116846185016,20.892553836771484,25.847308303591678
528,17.610715372907155,0,234.9574829931973,288.64512471655325,291.33027288956896,281.0165774037235,500.7508090614886,115.55339805825243,541.5652841781874,143.54224270353302,5.688349926426607,14.08119150235336,0.17856910618278604,19.612426177941558,26.93261249524876,22.287329708997916,24.75720174660825
529,17.644069000507358,0,234.99717753316395,288.6009031893875,291.33027288956896,281.0165774037235,526.6916560779331,109.56374417619651,562.2286919831223,140.44852320675105,5.689290445852846,14.082661610106296,0.1777891735229547,21.335892320995598,27.483762791335796,23.642671202082052,25.045750521117746
530,17.67742262810756,0,234.97091722595076,288.62360178970914,290.94431614062097,281.00898126764173,nan,nan,nan,nan,5.677264698517751,14.081865677252871,0.17938754646482305,nan,nan,nan,nan
531,17.710776255707763,0,234.97091722595076,288.62360178970914,290.94431614062097,281.00898126764173,nan,nan,nan,nan,5.677264698517751,14.081865677252871,0.17938754646482305,nan,nan,nan,nan
532,17.744129883307966,0,234.97091722595076,288.62360178970914,290.94431614062097,281.00898126764173,nan,nan,nan,nan,5.677264698517751,14.081865677252871,0.17938754646482305,nan,nan,nan,nan
533,17.77748351090817,0,234.97091722595076,288.62360178970914,291.0183320423444,280.97650400206555,nan,nan,nan,nan,5.679311086916601,14.082991782626262,0.17984260486724202,nan,nan,nan,nan
534,17.810837138508372,0,234.97091722595076,288.62360178970914,291.0183320423444,280.97650400206555,nan,nan,nan,nan,5.679311086916601,14.082991782626262,0.17984260486724202,nan,nan,nan,nan
535,17.844190766108575,0,234.9203564466722,288.6730715678084,291.0183320423444,280.97650400206555,nan,nan,nan,nan,5.678079632717839,14.081342760858295,0.18070068571838022,nan,nan,nan,nan
536,17.877544393708778,0,234.9497487437186,288.68760469011727,291.0183320423444,280.97650400206555,nan,nan,nan,nan,5.679007101423393,14.080890629567499,0.18107507025596695,nan,nan,nan,nan
537,17.91089802130898,0,235.00420875420875,288.70454545454544,291.07341115434497,280.9226977950713,nan,nan,nan,nan,5.682082311469503,14.082193786247611,0.18250597710812808,nan,nan,nan,nan
538,17.944251648909184,0,235.00420875420875,288.70454545454544,291.07341115434497,280.9226977950713,nan,nan,nan,nan,5.682082311469503,14.082193786247611,0.18250597710812808,nan,nan,nan,nan
539,17.977605276509387,0,235.00420875420875,288.70454545454544,291.07341115434497,280.9226977950713,nan,nan,nan,nan,5.682082311469503,14.082193786247611,0.18250597710812808,nan,nan,nan,nan
540,18.01095890410959,0,235.0005606952621,288.7162881973647,291.07341115434497,280.9226977950713,nan,nan,nan,nan,5.682033399374855,14.08180847996829,0.1827325025904089,nan,nan,nan,nan
541,18.044312531709792,0,235.0005606952621,288.7162881973647,291.11302531975986,280.99738971547896,nan,nan,nan,nan,5.683493100441298,14.079374852774361,0.18110609223758278,nan,nan,nan,nan
542,18.077666159309995,0,235.0005606952621,288.7162881973647,291.11302531975986,280.99738971547896,nan,nan,nan,nan,5.683493100441298,14.079374852774361,0.18110609223758278,nan,nan,nan,nan
543,18.111019786910198,0,234.97133220910624,288.7414277684092,291.11302531975986,280.99738971547896,nan,nan,nan,nan,5.682764318724867,14.078534352653477,0.1815313716348866,nan,nan,nan,nan
544,18.1443734145104,0,234.97133220910624,288.7414277684092,291.1325551232166,281.0783398184176,nan,nan,nan,nan,5.68365848953032,14.075879626249899,0.1798364272177426,nan,nan,nan,nan
545,18.177727042110604,0,234.97133220910624,288.7414277684092,291.1325551232166,281.0783398184176,nan,nan,nan,nan,5.68365848953032,14.075879626249899,0.1798364272177426,nan,nan,nan,nan
546,18.211080669710807,0,234.97133220910624,288.7414277684092,291.1325551232166,281.0783398184176,nan,nan,nan,nan,5.68365848953032,14.075879626249899,0.1798364272177426,nan,nan,nan,nan
547,18.24443429731101,0,234.97133220910624,288.7414277684092,291.1325551232166,281.0783398184176,nan,nan,nan,nan,5.68365848953032,14.075879626249899,0.1798364272177426,nan,nan,nan,nan
548,18.277787924911213,0,234.97133220910624,288.7414277684092,291.1325551232166,281.0783398184176,nan,nan,nan,nan,5.68365848953032,14.075879626249899,0.1798364272177426,nan,nan,nan,nan
549,18.311141552511415,0,234.97133220910624,288.7414277684092,291.1325551232166,281.0783398184176,nan,nan,nan,nan,5.68365848953032,14.075879626249899,0.1798364272177426,nan,nan,nan,nan
550,18.34449518011162,0,234.97133220910624,288.7414277684092,291.1325551232166,281.0783398184176,nan,nan,nan,nan,5.68365848953032,14.075879626249899,0.1798364272177426,nan,nan,nan,nan
551,18.37784880771182,0,234.97133220910624,288.7414277684092,291.1325551232166,281.0783398184176,nan,nan,nan,nan,5.68365848953032,14.075879626249899,0.1798364272177426,nan,nan,nan,nan
552,18.411202435312024,0,234.97133220910624,288.7414277684092,291.1325551232166,281.0783398184176,nan,nan,nan,nan,5.68365848953032,14.075879626249899,0.1798364272177426,nan,nan,nan,nan
553,18.444556062912227,0,234.97133220910624,288.7414277684092,291.1325551232166,281.0783398184176,nan,nan,nan,nan,5.68365848953032,14.075879626249899,0.1798364272177426,nan,nan,nan,nan
554,18.47790969051243,0,234.97133220910624,288.7414277684092,291.1325551232166,281.0783398184176,nan,nan,nan,nan,5.68365848953032,14.075879626249899,0.1798364272177426,nan,nan,nan,nan
555,18.511263318112633,0,235.02716468590833,288.82116581777024,291.1325551232166,281.0783398184176,nan,nan,nan,nan,5.685674870133863,14.073322281955086,0.1815967335233988,nan,nan,nan,nan
556,18.544616945712836,0,235.02716468590833,288.82116581777024,291.1325551232166,281.0783398184176,nan,nan,nan,nan,5.685674870133863,14.073322281955086,0.1815967335233988,nan,nan,nan,nan
557,18.57797057331304,0,234.91610169491526,288.7909604519774,291.0772011360702,281.131422669765,nan,nan,nan,nan,5.680874886443288,14.072433926211394,0.1797592884469966,nan,nan,nan,nan
558,18.61132420091324,0,234.7739628040057,288.88040057224606,290.8377625917489,281.2768919260946,nan,nan,nan,nan,5.670711710304525,14.064442164644898,0.17888205556641204,nan,nan,nan,nan
559,18.644677828513444,0,234.33734594439665,288.88248781885926,290.61167315175095,281.19818417639425,nan,nan,nan,nan,5.651047154335878,14.066481946201346,0.17994619138108564,nan,nan,nan,nan
560,18.678031456113647,0,233.62590975254727,288.9464337700145,290.5209781209781,281.25456885456884,nan,nan,nan,nan,5.628194085805394,14.061953543305451,0.17840599156554088,nan,nan,nan,nan
561,18.71138508371385,0,233.47947171978177,288.95750789549237,290.5209781209781,281.25456885456884,nan,nan,nan,nan,5.623982654423898,14.061486001170387,0.17823303966270435,nan,nan,nan,nan
562,18.744738711314053,0,233.3302233531241,288.85552728300814,290.5209781209781,281.25456885456884,nan,nan,nan,nan,5.619133883437388,14.064699191553824,0.1758175190939911,nan,nan,nan,nan
563,18.778092338914256,0,233.3302233531241,288.85552728300814,290.387171561051,281.376609994848,nan,nan,nan,nan,5.615686978063762,14.06057682732282,0.173736810098074,nan,nan,nan,nan
564,18.81144596651446,0,233.3302233531241,288.85552728300814,290.4258535314047,281.2280427417253,nan,nan,nan,nan,5.616233904124662,14.065502807290379,0.1765986370867907,nan,nan,nan,nan
565,18.84479959411466,0,233.22784074396975,288.65271723336235,290.40514800514796,281.06460746460743,nan,nan,nan,nan,5.610997199532042,14.07740874550308,0.1756252379898388,nan,nan,nan,nan
566,18.878153221714864,0,233.1326352530541,288.85369400814426,290.4287541570734,281.14402660526986,nan,nan,nan,nan,5.610220697549101,14.068190329049264,0.17770322302419456,nan,nan,nan,nan
567,18.911506849315067,0,232.8664281454979,289.03309481216456,290.35606060606057,280.7805642633229,nan,nan,nan,nan,5.599769890014221,14.074083890379843,0.18791631847625262,nan,nan,nan,nan
568,18.94486047691527,0,232.79212792127922,288.77121771217713,290.26031991744065,280.8095975232198,nan,nan,nan,nan,5.593618113208552,14.081531321182894,0.1822529322303384,nan,nan,nan,nan
569,18.978214104515473,0,232.67741935483872,288.86973886328724,290.34095688748687,280.4353312302839,nan,nan,nan,nan,5.591644739695775,14.090644971227842,0.19103841485025863,nan,nan,nan,nan
570,19.011567732115676,0,232.76029277218663,288.92375724306186,290.34095688748687,280.4353312302839,nan,nan,nan,nan,5.594324846851223,14.0889457888155,0.19233586270845845,nan,nan,nan,nan
571,19.04492135971588,0,232.31013663806797,288.87257705751506,290.2467232074017,280.6358262657414,nan,nan,nan,nan,5.578986861169977,14.083599425086666,0.18637890251629594,nan,nan,nan,nan
572,19.07827498731608,0,234.45287792536368,290.7087286527514,292.4745849297573,285.78671775223495,nan,nan,nan,nan,5.736074840893936,13.857652143065403,0.12086496903667486,nan,nan,nan,nan
573,19.111628614916285,0,238.38496289125524,290.46821555340426,295.8489085111601,285.7679666421388,nan,nan,nan,nan,5.948187786245123,13.871434615263333,0.11740583184274651,nan,nan,nan,nan
574,19.144982242516488,0,244.2452218982831,286.5053449951409,300.63677994697514,280.7148710532658,nan,nan,nan,nan,6.221360123073086,14.174714930353048,0.1415222098935693,nan,nan,nan,nan
575,19.17833587011669,0,254.07726537216828,282.15817152103557,309.7750950145316,274.60697518444,nan,nan,nan,nan,6.735150064706552,14.53368162983016,0.17936747189157798,nan,nan,nan,nan
576,19.211689497716893,0,270.004958677686,275.1845730027548,323.51072854291414,266.65294411177643,nan,nan,nan,nan,7.550263022227542,15.052251530129748,0.2071684655791866,nan,nan,nan,nan
577,19.2450431253171,0,nan,nan,nan,nan,nan,nan,nan,nan,nan,nan,nan,nan,nan,nan,nan
578,19.278396752917303,0,nan,nan,nan,nan,nan,nan,nan,nan,nan,nan,nan,nan,nan,nan,nan
579,19.311750380517505,0,nan,nan,nan,nan,nan,nan,nan,nan,nan,nan,nan,nan,nan,nan,nan
580,19.34510400811771,0,372.16341287057116,224.65871294287777,425.5043352601156,224.76613680154142,nan,nan,nan,nan,13.407132079946651,18.397043680087567,0.025303288247507032,nan,nan,nan,nan
581,19.37845763571791,0,395.61799660441426,220.92133559705715,449.21861471861473,221.66570466570462,nan,nan,nan,nan,14.841228827151479,18.68062341365988,0.011660567185125295,nan,nan,nan,nan
582,19.411811263318114,0,413.93853427895976,222.28699763593377,467.9865591397849,223.9308406647116,nan,nan,nan,nan,15.987438943804566,18.58271804807427,-0.007526520566764578,nan,nan,nan,nan
583,19.445164890918317,0,429.0671052631579,227.2833333333333,482.6853818917551,228.91274658573596,nan,nan,nan,nan,16.916752052751598,18.25320296664986,-0.007588829502739411,nan,nan,nan,nan
584,19.47851851851852,0,441.15807127882596,233.62599580712788,494.14873737373733,234.84267676767675,nan,nan,nan,nan,17.651361721059285,17.83927697596601,0.0008335634651715818,nan,nan,nan,nan
585,19.511872146118723,0,448.570796460177,238.1168879056047,501.57930852467666,239.6471364476115,nan,nan,nan,nan,18.112643705810527,17.525133844947852,-0.0060500500722933245,nan,nan,nan,nan
586,19.545225773718926,0,452.27460964019,240.82790224032587,505.62028985507243,243.06508563899865,nan,nan,nan,nan,18.352971027803147,17.317216488972484,-0.021052797265810153,nan,nan,nan,nan
587,19.57857940131913,0,453.67021276595744,243.20673758865246,507.01765824504207,245.28144525944035,nan,nan,nan,nan,18.441164517934688,17.159348044473347,-0.017601802008556218,nan,nan,nan,nan
588,19.61193302891933,0,452.80339321357286,244.65169660678643,506.1502535361622,245.69869228716303,nan,nan,nan,nan,18.390090721854946,17.09317096408973,0.004372386450117898,nan,nan,nan,nan
589,19.645286656519534,0,448.73346366894754,244.61844248941023,502.1819848127782,245.65252683948674,nan,nan,nan,nan,18.145457420233818,17.089378402825645,0.004689813720918533,nan,nan,nan,nan
590,19.678640284119737,0,443.8872255489022,246.58582834331338,497.1395598497047,247.41143317230274,nan,nan,nan,nan,17.847810709490844,16.951985310817847,0.009021020399547348,nan,nan,nan,nan
591,19.71199391171994,0,438.35117173837,249.66386848548441,492.25207163859926,248.96578454958566,nan,nan,nan,nan,17.536257136929407,16.783261633423734,0.04137758400317477,nan,nan,nan,nan
592,19.745347539320143,0,433.59548254620125,250.75975359342917,486.75714285714287,249.5984126984127,nan,nan,nan,nan,17.227395698877167,16.715321516194493,0.05146846851880055,nan,nan,nan,nan
593,19.778701166920346,0,429.6663366336634,250.44851485148516,483.09733550842844,249.7610114192496,nan,nan,nan,nan,16.997126565205562,16.71430838872373,0.04124805294199406,nan,nan,nan,nan
594,19.81205479452055,0,429.22871287128714,248.85841584158416,482.8903581267217,249.5,nan,nan,nan,nan,16.97494465675801,16.777650783487566,0.012992028493213069,nan,nan,nan,nan
595,19.84540842212075,0,431.2522522522522,248.60553410553408,484.7449370552818,250.8429118773946,nan,nan,nan,nan,17.092829350445385,16.743101397528662,-0.02102635682347438,nan,nan,nan,nan
596,19.878762049720955,0,432.76683087027914,249.23612479474548,486.59283565764287,253.06179928903472,nan,nan,nan,nan,17.19684203324119,16.647518577253898,-0.054195293739255135,nan,nan,nan,nan
597,19.912115677321157,0,433.0158277936055,249.84963596074704,486.57560137457045,254.55813287514314,nan,nan,nan,nan,17.205556278210622,16.575053670371105,-0.0731790268391421,nan,nan,nan,nan
598,19.94546930492136,0,433.0019379844961,248.6996124031008,486.0908055792769,253.5476800455451,nan,nan,nan,nan,17.188186490182016,16.649097627835083,-0.077039809590691,nan,nan,nan,nan
599,19.978822932521563,0,432.925,248.66923076923078,486.12838030173634,253.37688585254767,nan,nan,nan,nan,17.186860192133658,16.655994095566694,-0.07384821579093939,nan,nan,nan,nan
600,20.012176560121766,0,432.9230769230769,248.78653846153847,486.2867172142656,253.11738275765234,nan,nan,nan,nan,17.1916409260975,16.66100399290154,-0.06558755936098437,nan,nan,nan,nan
601,20.04553018772197,0,433.7257425742574,249.03498349834982,487.1400112233445,253.26767676767676,nan,nan,nan,nan,17.242237674513813,16.648582567937158,-0.06342457665669546,nan,nan,nan,nan
602,20.078883815322172,0,433.8064833005894,249.0759659462999,487.3479338842975,253.09669421487604,nan,nan,nan,nan,17.25095613102424,16.65328780076422,-0.058741526938453345,nan,nan,nan,nan
603,20.112237442922375,0,433.73781676413256,248.9954515919428,487.3479338842975,253.09669421487604,nan,nan,nan,nan,17.248757377984063,16.656011773213375,-0.06033012490772484,nan,nan,nan,nan
604,20.145591070522578,0,433.73781676413256,248.9954515919428,487.2035175879397,253.22361809045225,nan,nan,nan,nan,17.244445538706064,16.651524988074712,-0.06324356766380757,nan,nan,nan,nan
605,20.17894469812278,0,433.80781653746766,248.94605943152453,487.28310886644215,253.16161616161617,nan,nan,nan,nan,17.248870026110716,16.655485487373504,-0.06296218251445046,nan,nan,nan,nan
606,20.212298325722983,0,433.80781653746766,248.94605943152453,487.318293683347,253.25868197976482,nan,nan,nan,nan,17.249985072098113,16.652171175927975,-0.06495075655695659,nan,nan,nan,nan
607,20.245651953323186,0,433.80781653746766,248.94605943152453,487.33526011560696,253.17451142306632,nan,nan,nan,nan,17.25045674254101,16.655083229995746,-0.06314741160753243,nan,nan,nan,nan
608,20.27900558092339,0,433.80781653746766,248.94605943152453,487.318293683347,253.25868197976482,nan,nan,nan,nan,17.249985072098113,16.652171175927975,-0.06495075655695659,nan,nan,nan,nan
609,20.312359208523592,0,433.80781653746766,248.94605943152453,487.318293683347,253.25868197976482,nan,nan,nan,nan,17.249985072098113,16.652171175927975,-0.06495075655695659,nan,nan,nan,nan
610,20.345712836123795,0,433.80781653746766,248.94605943152453,487.318293683347,253.25868197976482,nan,nan,nan,nan,17.249985072098113,16.652171175927975,-0.06495075655695659,nan,nan,nan,nan
611,20.379066463723998,0,433.7818181818182,248.92791068580541,487.33526011560696,253.17451142306632,nan,nan,nan,nan,17.249642725236008,16.65568883352343,-0.06348685270663844,nan,nan,nan,nan
612,20.4124200913242,0,433.7818181818182,248.92791068580541,487.33526011560696,253.17451142306632,nan,nan,nan,nan,17.249642725236008,16.65568883352343,-0.06348685270663844,nan,nan,nan,nan
613,20.445773718924404,0,433.8964092786781,248.85573562122656,487.33526011560696,253.17451142306632,nan,nan,nan,nan,17.253002425514296,16.658273120919382,-0.06520404933840467,nan,nan,nan,nan
614,20.479127346524606,0,433.8649951783992,248.91385406621663,487.33526011560696,253.17451142306632,nan,nan,nan,nan,17.25213883737351,16.656241188821102,-0.06392305739135438,nan,nan,nan,nan
615,20.51248097412481,0,433.97646310432566,248.9421119592875,487.4172901080632,253.15073427542254,nan,nan,nan,nan,17.258028177135042,16.656240085990202,-0.06287334439470793,nan,nan,nan,nan
616,20.545834601725012,0,433.97646310432566,248.9421119592875,487.4172901080632,253.15073427542254,nan,nan,nan,nan,17.258028177135042,16.656240085990202,-0.06287334439470793,nan,nan,nan,nan
617,20.579188229325215,0,434.05908372827804,248.88404423380723,487.4172901080632,253.15073427542254,nan,nan,nan,nan,17.26044168466925,16.65831149417805,-0.06424016745451791,nan,nan,nan,nan
618,20.612541856925418,0,434.063141025641,248.92147435897434,487.59098360655736,253.03852459016395,nan,nan,nan,nan,17.265827615571574,16.661026382988958,-0.0607976701904713,nan,nan,nan,nan
619,20.64589548452562,0,434.03938248267167,248.9678638941399,487.465850340136,253.2043537414966,nan,nan,nan,nan,17.261469155907314,16.653594199579786,-0.06348567822206394,nan,nan,nan,nan
620,20.679249112125824,0,434.03938248267167,248.9678638941399,487.465850340136,253.2043537414966,nan,nan,nan,nan,17.261469155907314,16.653594199579786,-0.06348567822206394,nan,nan,nan,nan
621,20.712602739726027,0,434.03938248267167,248.9678638941399,487.465850340136,253.2043537414966,nan,nan,nan,nan,17.261469155907314,16.653594199579786,-0.06348567822206394,nan,nan,nan,nan
622,20.74595636732623,0,434.03938248267167,248.9678638941399,487.465850340136,253.2043537414966,nan,nan,nan,nan,17.261469155907314,16.653594199579786,-0.06348567822206394,nan,nan,nan,nan
623,20.779309994926432,0,434.03938248267167,248.9678638941399,487.465850340136,253.2043537414966,nan,nan,nan,nan,17.261469155907314,16.653594199579786,-0.06348567822206394,nan,nan,nan,nan
624,20.812663622526635,0,434.1583811344805,248.98470363288718,487.465850340136,253.2043537414966,nan,nan,nan,nan,17.26509555428049,16.65310877565136,-0.06332881940545551,nan,nan,nan,nan
625,20.846017250126838,0,434.07235387045813,248.95703001579776,487.465850340136,253.2043537414966,nan,nan,nan,nan,17.262450760894588,16.653994798718813,-0.06377013547055585,nan,nan,nan,nan
626,20.87937087772704,0,434.07235387045813,248.95703001579776,487.465850340136,253.2043537414966,nan,nan,nan,nan,17.262450760894588,16.653994798718813,-0.06377013547055585,nan,nan,nan,nan
627,20.912724505327244,0,434.07235387045813,248.95703001579776,487.465850340136,253.2043537414966,nan,nan,nan,nan,17.262450760894588,16.653994798718813,-0.06377013547055585,nan,nan,nan,nan
628,20.946078132927447,0,434.0563469452358,248.9313073757518,487.465850340136,253.2043537414966,644.2396878483835,54.508732813080634,695.3744769874477,96.15237099023709,17.261927868104912,16.654869940483277,-0.06428709532639464,29.542287830501127,32.52026777754942,32.764465579190365,28.99004027687731
629,20.97943176052765,0,434.1153238546603,248.90868878357026,487.54779512462335,253.181046288688,622.5437616387336,92.8193668528864,684.5707762557078,129.18264840182647,17.266150218663558,16.656566740991213,-0.0642341448624846,27.831022709437132,29.10787076698498,31.774381684551585,26.210470727946365
630,21.012785388127853,0,434.1666666666667,248.8904761904762,487.54779512462335,253.181046288688,613.3643504531722,140.4527693856999,680.7520547945205,171.59337899543377,17.267676855281366,16.657236943498553,-0.06470626385944205,26.997078411174098,25.150739678388547,31.217053662470512,22.839193862770202
631,21.046139015728055,0,434.22754873761585,248.95941195270052,487.54779512462335,253.181046288688,614.0662184189079,185.74022004889974,682.8285471176345,209.50116996383747,17.269622318434223,16.654906023569296,-0.06334985205187606,26.853521939630586,21.63306204621351,31.091124350695985,19.989907554885384
632,21.07949264332826,0,434.22754873761585,248.95941195270052,487.54779512462335,253.181046288688,617.6229182202336,216.1792194879443,688.6136195410807,235.10066617320504,17.269622318434223,16.654906023569296,-0.06334985205187606,26.954732793200872,19.386796687989534,31.281932940142276,18.14917451597998
633,21.11284627092846,0,434.2211690363349,248.8685624012638,487.54779512462335,253.181046288688,624.3729665779355,230.44395149364092,695.1268990169795,247.14328269288052,17.26929363004104,16.658037503372853,-0.06526302840515745,27.316322641933795,18.371945169195552,31.6037241659722,17.309427830300596
634,21.146199898528664,0,434.2211690363349,248.8685624012638,487.54779512462335,253.181046288688,629.4241898148148,238.99710648148144,699.8776811594203,254.25275362318837,17.26929363004104,16.658037503372853,-0.06526302840515745,27.59214646628112,17.77350212481906,31.847210311244698,16.820819131263427
635,21.179553526128867,0,434.2368338063702,248.89435509303058,487.54779512462335,253.181046288688,631.2431718061674,250.1715124816446,700.5375143184422,262.68413516609394,17.2698062210392,16.65715959333057,-0.06474356121247267,27.65496982589725,16.993047261687977,31.828959275126252,16.238734215305467
636,21.21290715372907,3,434.2368338063702,248.89435509303058,487.7033028032195,253.07188454066053,629.8748527679622,261.01383981154294,698.6632797064634,271.5961049957663,17.274464024747335,16.66104381931508,-0.06217515111082881,27.524182630087278,16.24091473699624,31.653413661295126,15.625929852116208
637,21.246260781329273,3,434.27169811320755,248.8811320754717,487.7033028032195,253.07188454066053,627.1204246996367,273.6356524168762,695.1704073150457,282.0781379883624,17.27549945133919,16.66152847625269,-0.06251231975840907,27.30390301160745,15.376124206296879,31.371536824290192,14.911775951752565
638,21.27961440892948,3,434.27169811320755,248.8811320754717,487.7033028032195,253.07188454066053,623.5132322331251,285.5828129646149,690.6434782608695,291.7895652173913,17.27549945133919,16.66152847625269,-0.06251231975840907,27.03853254456017,14.568342517228308,31.036100328373486,14.2564029662244
639,21.312968036529682,3,434.27169811320755,248.8811320754717,487.7033028032195,253.07188454066053,617.5162488393686,294.6576911173011,684.5893501805054,299.060770156438,17.27549945133919,16.66152847625269,-0.06251231975840907,26.645272708272035,13.95782191855127,30.628309993199856,13.766919104738173
640,21.346321664129885,3,434.27169811320755,248.8811320754717,487.7096954456552,252.9851913942442,610.073385518591,297.4748858447488,676.7704918032787,301.53381147540983,17.275650095765464,16.664519665080622,-0.0606698833717479,26.191893526469617,13.761486946047706,30.146865904754502,13.593021617989294
641,21.379675291730088,3,434.27169811320755,248.8811320754717,487.7096954456552,252.9851913942442,601.8775041050902,296.4653530377668,668.9028340080972,300.9922402159244,17.275650095765464,16.664519665080622,-0.0606698833717479,25.707433818007217,13.815749908750684,29.680716706857915,13.617009115590438
642,21.41302891933029,3,434.27169811320755,248.8811320754717,487.7096954456552,252.9851913942442,594.6042924211938,294.4188464118041,661.4512402310567,298.88209310227654,17.275650095765464,16.664519665080622,-0.0606698833717479,25.280538663730873,13.939663943858772,29.24752729305964,13.744605056748194
643,21.446382546930494,3,434.27169811320755,248.8811320754717,487.7819971870604,253.05428973277074,587.820330969267,292.61499493414385,654.2125956854558,296.81941544885177,17.27787543573685,16.662197612529297,-0.062010868665512614,24.8813357827197,14.04853180804794,28.825947753267513,13.869645417735786
644,21.479736174530697,3,434.27169811320755,248.8811320754717,487.7819971870604,253.05428973277074,581.7135627530364,290.65721997300943,647.7057026476579,294.9501018329939,17.27787543573685,16.662197612529297,-0.062010868665512614,24.522208255210273,14.168768310026485,28.446349010329797,13.983255513620717
645,21.5130898021309,3,434.31580594679184,248.92519561815334,487.7819971870604,253.05428973277074,575.881981032666,289.2799438004917,641.5906132237067,292.9647139431312,17.279276056049106,16.66071183510814,-0.061152406657344595,24.177535608386847,14.251199373019249,28.09002849609134,14.105327212082758
646,21.546443429731102,3,434.2812303829253,248.93848085373506,487.7819971870604,253.05428973277074,570.3990165086055,288.4942044257113,636.2481644640234,291.3953744493392,17.278249473958308,16.660225289136104,-0.06081542252774182,23.852055072507873,14.29504883212255,27.777436115605443,14.201227895187497
647,21.579797057331305,3,434.2812303829253,248.93848085373506,487.7819971870604,253.05428973277074,566.2355836849507,288.41807313642755,631.7100358422938,291.17777777777775,17.278249473958308,16.660225289136104,-0.06081542252774182,23.603817511040035,14.293868360477784,27.50684062800023,14.208866747048079
648,21.613150684931508,3,434.2651296829971,249.07460774895932,487.50689170182835,253.21125175808717,562.5719298245613,288.5171929824561,627.914188034188,290.52102564102563,17.269707199553032,16.649886649563243,-0.06167807704295791,23.385133557756603,14.281827411618032,27.282449049292897,14.246712699165679
649,21.64650431253171,3,434.2651296829971,249.07460774895932,487.63669164585065,253.04857063558146,558.9996498599439,288.1670168067227,624.1620929381631,289.20380534211483,17.27355914895887,16.655593410901453,-0.05802206683910396,23.172695619234318,14.299682731917295,27.063160196704526,14.328463326056765
650,21.679857940131914,3,434.2651296829971,249.07460774895932,487.63669164585065,253.04857063558146,555.1027624309393,286.91086556169427,620.0601948503827,288.5368823938761,17.27355914895887,16.655593410901453,-0.05802206683910396,22.94218596998468,14.37711786992282,26.820159484338188,14.366591881802355
651,21.713211567732117,3,434.31963033779476,249.05162523900574,487.63669164585065,253.04857063558146,550.6659108087679,286.7615268329554,615.8102893890675,288.09181850660946,17.27517415197704,16.656430677266655,-0.05859536449353718,22.677724627457945,14.380374553267693,26.567362523263707,14.389776759798842
652,21.74656519533232,3,434.31963033779476,249.05162523900574,487.63669164585065,253.04857063558146,545.6977829638273,287.1166861143524,610.2235908921239,287.4565136244867,17.27517415197704,16.656430677266655,-0.05859536449353718,22.381052959903435,14.349383814111182,26.235131144392724,14.42360242393363
653,21.779918822932522,3,434.27926208651394,248.99459287531803,487.63669164585065,253.04857063558146,540.3478260869565,287.13239326282803,604.1757641921397,287.33842794759823,17.27386747357147,16.658366951270345,-0.05973936025157376,22.06217797022235,14.340335927555472,25.87349969769387,14.422363646760994
654,21.813272450532725,3,433.3662790697674,248.90406976744185,486.8580697485807,253.2127602054609,532.8325358851674,286.3307814992025,598.1324965132496,286.713040446304,17.22259223342504,16.65447712657652,-0.0648996823203985,21.614997000876997,14.382219789276148,25.513770012624292,14.454850866070355
655,21.84662607813293,3,427.81988423561455,247.5325161729656,481.1314935064935,252.97050865800864,527.1287378029587,284.37645577588916,592.1481861738534,284.6762491444216,16.878943594181706,16.701135038707854,-0.08906290520091172,21.276087109751934,14.503376691932427,25.161399359508824,14.581401075371353
656,21.87997970573313,3,421.15236194278106,245.83333333333334,474.11856091578085,252.45816298718995,520.145341207349,282.51771653543307,585.5042826552462,283.1927194860814,16.461414025226958,16.766554019461637,-0.11489456216112423,20.86013458000301,14.616475101842255,24.76735410707836,14.670278409754765
657,21.913333333333334,3,413.6575725778244,244.52221056313394,466.30113794060503,251.2167638079378,512.5921985815602,282.36653771760155,577.4693218514532,283.17581628991746,15.994174374860698,16.842411105463185,-0.11723923019780902,20.40955089607396,14.615140509719792,24.286065922111955,14.65924512346667
658,21.946686960933537,3,405.81731784582894,242.8556846180922,458.49834437086093,250.66032008830018,504.3555334658714,282.84857521537435,569.3148739794107,283.37770678026266,15.516423564277872,16.9067811435853,-0.1405183034624985,19.918605688297564,14.57065536044808,23.79745642503386,14.633450201315034
659,21.98004058853374,3,397.45595109672774,241.76015821646888,449.99079339290546,249.74004874086108,495.8072812291249,283.03306613226454,560.6030701754386,283.5489766081871,15.001958230558214,16.96293330160821,-0.1446382482115606,19.40947953806436,14.545521507605587,23.27596629894162,14.608874657652342
660,22.013394216133943,3,388.2483588621444,240.72757111597375,440.6489361702128,249.01854882705945,486.4699669966996,283.1458745874587,551.2714126807564,283.67111605487577,14.43667058690588,17.008701553668825,-0.1515613600184134,18.853747772900817,14.523982370971229,22.717927634858185,14.586655132739091
661,22.046747843734146,3,378.7319474835886,240.1652078774617,431.0780141843971,248.4541734860884,476.94551576369753,284.23722069176614,541.5621942697414,284.44444444444446,13.85629529557117,17.032256357869542,-0.15163628387705771,18.28864182712142,14.437271436920982,22.13715770172447,14.52057299863801
662,22.08010147133435,3,369.0997404523544,238.95513533555803,421.2051919359293,247.98039215686273,467.1154320987654,284.03858024691357,531.1409090909091,283.39507575757574,13.26166713341394,17.074897955192093,-0.16781436632767846,17.704335218878153,14.435704892705989,21.51596416132004,14.574669146277268
663,22.11345509893455,3,359.3566407695153,237.2393636699963,411.7155077262693,246.65866445916112,457.83210332103323,282.1712792127921,521.5170354759396,282.4524060414471,12.671973588954764,17.164732098983585,-0.1750583839198221,17.149369584445555,14.545638434281623,20.94200369973962,14.622893468649904
664,22.146808726534754,3,349.84683684794675,235.74287828338882,402.0822147651007,244.4910514541387,448.60036496350364,280.353406326034,512.3103448275862,280.53744339951237,12.083218782903163,17.276389190133475,-0.1615771738667648,16.596703040352473,14.652537443055092,20.392600058495727,14.7365878076625
665,22.180162354134957,3,341.04446854663775,234.2939262472885,392.8408836689038,243.07857941834448,439.5480173482032,278.8559479553903,502.76071293136135,279.4372392870686,11.528745675145872,17.361254879622102,-0.1638821966607983,16.054716505259407,14.738528376891646,19.82214025877848,14.795529052480907
666,22.21351598173516,3,332.7264492753623,232.84565217391304,384.6285475792988,241.9805230940456,431.6531240381656,278.3376423514927,494.665946724262,278.6537077033837,11.020285051094884,17.436509149447705,-0.1708187708720958,15.583855962844128,14.761108021576794,19.33840303561053,14.835563245206176
667,22.246869609335363,3,324.55616538602266,231.50457372850346,376.65521095278007,240.78206202849958,423.7413358538122,276.73534971644614,486.7855504587156,277.098623853211,10.523175639170923,17.51188773352534,-0.17304819302616728,15.108426809371634,14.85594004377806,18.86651190477197,14.92752904588782
668,22.280223236935566,3,317.37633223079746,230.59463432561557,369.083683179401,239.7685418415897,415.93174165901434,276.5267829813284,478.94337485843715,276.8863722159305,10.0699231235699,17.566918092147674,-0.1723133354549075,14.64336322569289,14.858002560270918,18.39800201899528,14.929781824851073
669,22.31357686453577,3,310.60042735042737,229.28739316239316,362.34876273653566,239.30247452692865,409.5764083411142,276.59321506380326,472.7214814814815,276.74370370370366,9.654008771237198,17.61790543911324,-0.1896058312596424,14.265893694633752,14.843929891578068,18.026429475562225,14.929847867686737
670,22.34693049213597,3,305.19781766983454,228.32347764871523,356.4420035149385,238.75278265963675,403.27204783258594,276.1306427503737,466.787913340935,275.15013302926644,9.305733845934771,17.661595324498784,-0.20021427297893715,13.8895384464909,14.865216211313873,17.66966090625248,15.027462315810727
671,22.380284119736174,3,299.43792244752757,226.70188545001778,350.9433908045977,236.9083333333333,398.2214953271028,274.53862928348906,461.2461368653422,273.452906548933,8.952139538349812,17.773657467206014,-0.19457074114037104,13.582897668788389,14.963819146183281,17.3355619937575,15.132779896660237
672,22.413637747336377,3,293.78241758241757,225.09377289377287,345.12139388746067,235.7980576978006,392.3479817708333,273.142578125,455.3529411764706,271.98679471788716,8.593692888876989,17.859604032253465,-0.20556429624521552,13.22769159993981,15.04820711190064,16.980393367502067,15.222197259639149
673,22.44699137493658,3,288.31768558951967,224.212154294032,339.7187772925764,234.8046579330422,386.9940155595452,272.4673847995212,450.09408602150535,271.11175115207374,8.256815975167354,17.91640620698461,-0.2029781972447014,12.906257588792428,15.085219411359603,16.664059054775514,15.272943059477877
674,22.480345002536783,3,282.74956461163356,222.8063392546151,334.2280400572246,233.34163090128754,381.7211953173136,270.54775107825014,444.5781370284834,269.279830638953,7.909963824871159,18.008073263853554,-0.20150188445058506,12.583548813657181,15.2057883399697,16.329707412642787,15.387776662764196
675,22.513698630136986,3,277.32832618025753,221.08798283261802,328.6545197740113,231.4963276836158,376.61378205128204,269.07115384615383,439.2921478060046,267.56389530408006,7.561842085760729,18.124408110143516,-0.19958685056508776,12.272272614162233,15.297073584212207,16.008829059813923,15.49534553577177
676,22.54705225773719,3,271.3828970331588,219.91273996509597,322.97400742644953,229.9420165666952,371.06768350810296,267.2901175722911,434.0982956797463,265.61910424098295,7.197444397286878,18.210910080873898,-0.190685396490906,11.932835553454904,15.408300702999721,15.692252203927609,15.618722973562415
677,22.58040588533739,3,266.2063150340868,218.40401865805524,317.4096069868996,228.77845705967974,365.65962009803917,266.1629901960784,428.45708812260534,264.4590038314176,6.859408413051266,18.296375298757532,-0.19944192099186303,11.60456037124859,15.475856702809926,15.350683259882079,15.688472264557186
678,22.613759512937595,3,260.3593355001806,216.68436258577103,311.6510186005314,227.18807204015351,360.29468599033817,264.54468599033817,422.67404817404815,263.1996891996892,6.491946158889286,18.403767022959624,-0.20178617210093847,11.275785143467276,15.576690053022322,14.99993402365577,15.764798477688725
679,22.647113140537797,3,254.91983594332586,215.7337807606264,306.10664335664336,225.72202797202797,355.0302153648344,263.0427515268402,417.3760162601626,261.97317073170734,6.147141519333361,18.480048223007582,-0.19155321696739525,10.953160202729354,15.669971487753031,14.677997909568154,15.839742747555555
680,22.680466768138,3,249.48813435560422,214.54837531945964,300.7111685328739,225.01378122308356,349.20341085271315,263.024496124031,411.9154647435897,261.4334935897436,5.808609005987815,18.538153209781196,-0.2012783154876303,10.605416549547744,15.662143717298799,14.348529866245743,15.867840397687011
681,22.713820395738203,3,244.59704184704182,213.28174603174602,295.3814102564102,224.53496503496504,344.2408424908425,262.6312576312576,406.663544106167,261.08274785323965,5.4888369354521345,18.591623514169648,-0.219403064080302,10.307020549055133,15.681006301523775,14.032230448618705,15.883435491953293
682,22.747174023338406,3,239.99500356887935,212.5642398286938,290.71017048794823,223.84891240446794,338.7975330926594,262.4921780986763,401.67175871523693,261.2279670975323,5.199703677368517,18.633632740318014,-0.2203301086497076,9.981541714939635,15.681940361090348,13.73355688939337,15.865748133017656
683,22.78052765093861,3,235.98093142647596,211.5027502750275,286.25028935185185,223.328125,334.7812876052948,262.4957882069795,397.6314176245211,260.94444444444446,4.933666370371026,18.682814174005465,-0.23350265602340106,9.742132217196131,15.675449907845303,13.490214109894389,15.878672479168067
684,22.813881278538812,3,232.2445652173913,210.7960144927536,282.40874413145536,223.07218309859155,330.8029887160719,262.3748093931076,393.5959967320261,260.0273692810457,4.697833718950988,18.71071711224056,-0.24318517903033654,9.504221751895864,15.677439213828226,13.244350462172692,15.934659014954997
685,22.847234906139015,3,229.15822784810126,209.86919831223628,279.0960401891253,222.40070921985816,327.28140214216165,261.7244401168452,389.9922194922194,259.68263718263717,4.494789968415807,18.76223461019662,-0.24953012088530496,9.289954477797366,15.715924337759338,13.026774729480838,15.95243864474484
686,22.880588533739218,3,226.2280701754386,209.359649122807,276.06402349486046,222.26813509544786,324.6314620995877,261.28131937836974,386.99242424242425,259.54208754208753,4.30966213962325,18.78011178501762,-0.25765811967887875,9.128965002944707,15.741767191258942,12.846320223003591,15.957284135581755
687,22.91394216133942,3,224.52697391925687,208.94926759556984,274.06049926578555,222.0778267254038,322.9613434727503,261.3757921419518,384.97766540244413,259.54740834386854,4.193614804300446,18.798411313273498,-0.26369815356627435,9.030075978943316,15.732775344380284,12.725598109948018,15.95375785354026
688,22.947295788939623,3,222.9670522257273,208.6428321065545,272.86898550724635,221.81797101449274,321.4792079207921,261.5630363036303,383.94146341463414,259.2528455284553,4.106813766551984,18.81625477727297,-0.26266028756695986,8.943062284282094,15.717805302761612,12.662096651785761,15.972161251624048
689,22.980649416539826,3,222.7074034714842,208.66914629826425,272.2968115942029,221.78492753623186,nan,nan,nan,nan,4.081474603549504,18.815772115108693,-0.26311548599582435,nan,nan,nan,nan
690,23.01400304414003,3,222.53263888888887,208.59930555555553,272.2968115942029,221.78492753623186,321.0173119294932,260.79162732137235,383.24463345483997,259.3438639125152,4.07574281140635,18.818128172942977,-0.26359334993627964,8.91011411398836,15.769267383003923,12.62077166711923,15.964876331260328
691,23.047356671740232,3,222.53263888888887,208.59930555555553,272.2968115942029,221.78492753623186,321.0574387947269,260.7812303829253,382.95906432748535,259.32121971595654,4.07574281140635,18.818128172942977,-0.26359334993627964,8.912432941321725,15.770033574761756,12.603549559945838,15.965967591596478
692,23.080710299340435,3,222.4825561312608,208.58825561312608,272.2968115942029,221.78492753623186,321.6816367265469,261.3715901530273,383.3823410287565,259.20980153908465,4.074150572966384,18.818481537549303,-0.26354848332872977,8.953782314717904,15.731066466064977,12.62838076262756,15.974210236428178
693,23.114063926940638,3,222.4930843706777,208.5905947441217,272.2968115942029,221.78492753623186,324.5055788005579,260.7060669456067,386.13793103448273,259.15655965120885,4.074485381017295,18.818406670755316,-0.2635575792803693,9.117485731666687,15.78049875369311,12.793295772466152,15.98216292909344
694,23.14741755454084,3,222.4930843706777,208.5905947441217,272.2968115942029,221.78492753623186,327.81607290803646,254.8550124275062,389.3637650389242,255.7466383581033,4.074485381017295,18.818406670755316,-0.2635575792803693,9.2750110103378,16.183221406444005,12.971035921778581,16.219727733332117
695,23.180771182141044,3,222.4930843706777,208.5905947441217,272.2968115942029,221.78492753623186,325.4400278940028,245.4195722919572,390.35406848884696,246.7759974866478,4.074485381017295,18.818406670755316,-0.2635575792803693,9.067052973211194,16.826493215619823,12.989360071646184,16.837598985817273
696,23.214124809741246,3,222.4825561312608,208.58825561312608,272.2968115942029,221.78492753623186,325.9816003423192,229.0066324347454,391.66555740432614,235.25457570715474,4.074150572966384,18.818481537549303,-0.26354848332872977,8.983767094930283,17.970883495737684,13.015603659113099,17.641329438874056
697,23.24747843734145,3,222.4930843706777,208.5905947441217,272.2968115942029,221.78492753623186,330.78016424510423,212.86839334596755,397.4777432712215,221.6159420289855,4.074485381017295,18.818406670755316,-0.2635575792803693,9.162209873431957,19.126412942492145,13.308625499633184,18.615021460672917
698,23.280832064941652,3,222.4930843706777,208.5905947441217,272.2968115942029,221.78492753623186,344.95690936106985,196.438583457157,409.9233511586453,213.30421865715982,4.074485381017295,18.818406670755316,-0.2635575792803693,9.924690252522877,20.34407511087376,14.039463233838964,19.232235868428834
699,23.31418569254186,3,222.4930843706777,208.5905947441217,272.2968115942029,221.78492753623186,362.9269662921348,189.50046816479397,425.9710491367862,210.53519256308098,4.074485381017295,18.818406670755316,-0.2635575792803693,11.000050325812994,20.888112353993588,15.02169542580998,19.46023156856564
700,23.34753932014206,3,222.4825561312608,208.58825561312608,272.2968115942029,221.78492753623186,386.23247232472323,169.73308733087327,445.8314998166483,197.24972497249726,4.074150572966384,18.818481537549303,-0.26354848332872977,12.354871974326363,22.415642725008503,16.21693980128286,20.46581062185482
701,23.380892947742264,3,222.44570446735392,208.55807560137455,272.2968115942029,221.78492753623186,419.6652816251154,132.56678978147121,473.90522243713735,169.29883945841394,4.072854949030379,18.81953319194892,-0.26396073686938204,14.328233462116966,25.381567714274357,17.929033092303175,22.616366454943208
702,23.414246575342467,3,222.4499484004128,208.5455796353629,272.2968115942029,221.78492753623186,461.0972762645914,96.09678988326849,508.504135021097,140.8779746835443,4.07291432338943,18.819985521265274,-0.2642357280536345,16.943147769259863,28.463991829370254,20.132764470998463,24.901376007585764
703,23.44760020294267,3,222.4499484004128,208.5455796353629,272.2464018422568,221.70869314910766,nan,nan,nan,nan,4.071029999134143,18.822642403150375,-0.262973322864306,nan,nan,nan,nan
704,23.480953830542873,3,222.42524005486968,208.52777777777777,272.2464018422568,221.70869314910766,nan,nan,nan,nan,4.070174964166154,18.82326018223985,-0.2632011592224652,nan,nan,nan,nan
705,23.514307458143076,0,222.42524005486968,208.52777777777777,272.2464018422568,221.70869314910766,nan,nan,nan,nan,4.070174964166154,18.82326018223985,-0.2632011592224652,nan,nan,nan,nan
706,23.54766108574328,0,222.4210346008907,208.54025351147652,272.2464018422568,221.70869314910766,nan,nan,nan,nan,4.070116657808031,18.822808603140125,-0.26292648461815843,nan,nan,nan,nan
707,23.58101471334348,0,222.16122448979593,208.54285714285714,272.10974897840043,221.6590776415645,nan,nan,nan,nan,4.057808563346211,18.824131774067887,-0.26121754847743595,nan,nan,nan,nan
708,23.614368340943685,0,222.26954732510288,208.5082304526749,272.10974897840043,221.6590776415645,nan,nan,nan,nan,4.0609231271722415,18.825468816237922,-0.2624933608565898,nan,nan,nan,nan
709,23.647721968543888,0,222.30846286701208,208.5924006908463,272.10974897840043,221.6590776415645,nan,nan,nan,nan,4.0625857562487955,18.822480474974967,-0.2609971699739082,nan,nan,nan,nan
710,23.68107559614409,0,222.30846286701208,208.5924006908463,272.10974897840043,221.6590776415645,nan,nan,nan,nan,4.0625857562487955,18.822480474974967,-0.2609971699739082,nan,nan,nan,nan
711,23.714429223744293,0,222.30846286701208,208.5924006908463,272.20637681159417,221.62144927536232,nan,nan,nan,nan,4.065351445145048,18.823894701796966,-0.25973106707474,nan,nan,nan,nan
712,23.747782851344496,0,222.22025052192066,208.6617954070981,272.20637681159417,221.62144927536232,nan,nan,nan,nan,4.063047064845993,18.82132705804812,-0.2578621048959487,nan,nan,nan,nan
713,23.7811364789447,0,222.28105263157894,208.71157894736842,272.20637681159417,221.62144927536232,nan,nan,nan,nan,4.065184674352363,18.819592568694905,-0.25717264579119953,nan,nan,nan,nan
714,23.814490106544902,0,222.26940639269407,208.72251492799438,272.20637681159417,221.62144927536232,nan,nan,nan,nan,4.0648904330574265,18.819189929008495,-0.2568899329744061,nan,nan,nan,nan
715,23.847843734145105,0,222.28105263157894,208.71157894736842,272.2464018422568,221.70869314910766,nan,nan,nan,nan,4.066804026236101,18.81653676875284,-0.25871951236452856,nan,nan,nan,nan
716,23.881197361745308,0,222.28105263157894,208.71157894736842,272.2464018422568,221.70869314910766,nan,nan,nan,nan,4.066804026236101,18.81653676875284,-0.25871951236452856,nan,nan,nan,nan
717,23.91455098934551,0,222.33018867924528,208.67085953878407,272.2324637681159,221.79710144927535,nan,nan,nan,nan,4.068059296965544,18.814898733617238,-0.2616520043199202,nan,nan,nan,nan
718,23.947904616945713,0,222.38214783821476,208.63947001394698,272.2324637681159,221.79710144927535,nan,nan,nan,nan,4.069470057153799,18.81607056392936,-0.2625629921834501,nan,nan,nan,nan
719,23.981258244545916,0,222.38214783821476,208.63947001394698,272.2324637681159,221.79710144927535,nan,nan,nan,nan,4.069470057153799,18.81607056392936,-0.2625629921834501,nan,nan,nan,nan
720,24.01461187214612,0,222.4299719887955,208.6316526610644,272.2324637681159,221.79710144927535,nan,nan,nan,nan,4.070887133608736,18.81639260235709,-0.26297643589439545,nan,nan,nan,nan
721,24.047965499746322,0,222.54587318455543,208.63939071909314,272.2324637681159,221.79710144927535,nan,nan,nan,nan,4.074471501339367,18.816215121893528,-0.26344056215189754,nan,nan,nan,nan
722,24.081319127346525,0,222.65929048120827,208.5855286266245,272.2968115942029,221.78492753623186,nan,nan,nan,nan,4.079534780107451,18.818732433132773,-0.2645529612334226,nan,nan,nan,nan
723,24.114672754946728,0,222.65929048120827,208.5855286266245,272.2968115942029,221.78492753623186,nan,nan,nan,nan,4.079534780107451,18.818732433132773,-0.2645529612334226,nan,nan,nan,nan
724,24.14802638254693,0,222.65929048120827,208.5855286266245,272.2968115942029,221.78492753623186,nan,nan,nan,nan,4.079534780107451,18.818732433132773,-0.2645529612334226,nan,nan,nan,nan
725,24.181380010147134,0,222.65929048120827,208.5855286266245,272.2968115942029,221.78492753623186,nan,nan,nan,nan,4.079534780107451,18.818732433132773,-0.2645529612334226,nan,nan,nan,nan
726,24.214733637747337,0,222.65929048120827,208.5855286266245,272.2968115942029,221.78492753623186,nan,nan,nan,nan,4.079534780107451,18.818732433132773,-0.2645529612334226,nan,nan,nan,nan
727,24.24808726534754,0,222.65929048120827,208.5855286266245,272.28312901342673,221.8744892002335,nan,nan,nan,nan,4.079531069435188,18.815549819743374,-0.26642853070128714,nan,nan,nan,nan
728,24.281440892947742,0,222.65929048120827,208.5855286266245,272.28312901342673,221.8744892002335,nan,nan,nan,nan,4.079531069435188,18.815549819743374,-0.26642853070128714,nan,nan,nan,nan
729,24.314794520547945,0,222.65929048120827,208.5855286266245,272.28312901342673,221.8744892002335,nan,nan,nan,nan,4.079531069435188,18.815549819743374,-0.26642853070128714,nan,nan,nan,nan
730,24.348148148148148,0,222.65929048120827,208.5855286266245,272.28312901342673,221.8744892002335,nan,nan,nan,nan,4.079531069435188,18.815549819743374,-0.26642853070128714,nan,nan,nan,nan
731,24.38150177574835,0,222.65929048120827,208.5855286266245,272.28312901342673,221.8744892002335,nan,nan,nan,nan,4.079531069435188,18.815549819743374,-0.26642853070128714,nan,nan,nan,nan
732,24.414855403348554,0,222.7206548241031,208.64959944270288,272.2968115942029,221.78492753623186,nan,nan,nan,nan,4.081769607882005,18.8164853104706,-0.2635836683608667,nan,nan,nan,nan
733,24.448209030948757,0,222.84604667363288,208.76245210727967,272.2968115942029,221.78492753623186,nan,nan,nan,nan,4.086234255364525,18.812542675319875,-0.26196150266569684,nan,nan,nan,nan
734,24.48156265854896,0,222.84604667363288,208.76245210727967,272.2968115942029,221.78492753623186,nan,nan,nan,nan,4.086234255364525,18.812542675319875,-0.26196150266569684,nan,nan,nan,nan
735,24.514916286149163,0,222.79758203799653,208.67944732297062,272.28312901342673,221.8744892002335,nan,nan,nan,nan,4.084283764036502,18.81229775351288,-0.26527354586246005,nan,nan,nan,nan
736,24.548269913749365,0,222.6775324220119,208.59481247809322,272.28312901342673,221.8744892002335,nan,nan,nan,nan,4.080140573265346,18.815232295449647,-0.266339474545817,nan,nan,nan,nan
737,24.58162354134957,0,222.38627655869035,208.6078021595263,272.2968115942029,221.78492753623186,nan,nan,nan,nan,4.07131905885738,18.817696437755473,-0.2626393953257324,nan,nan,nan,nan
738,24.61497716894977,0,222.30846286701208,208.5924006908463,272.2968115942029,221.78492753623186,nan,nan,nan,nan,4.068855121284074,18.818182019969797,-0.2625357462753626,nan,nan,nan,nan
739,24.648330796549974,0,222.06228253305497,208.40257480862908,272.1942028985507,221.58492753623187,nan,nan,nan,nan,4.056222685494003,18.831780618031473,-0.2615914502004859,nan,nan,nan,nan
740,24.681684424150177,0,221.50963597430408,208.4586009992862,271.75906735751295,221.29735175590096,nan,nan,nan,nan,4.025090194486681,18.83910928007976,-0.2540742107715098,nan,nan,nan,nan
741,24.71503805175038,0,221.44947368421052,208.35719298245613,271.75906735751295,221.29735175590096,nan,nan,nan,nan,4.0226797272438946,18.842698611964497,-0.2558083020368393,nan,nan,nan,nan
742,24.748391679350583,0,221.09578947368422,208.3656140350877,271.5189982728843,221.25071963154863,nan,nan,nan,nan,4.004402225386589,18.843539108083792,-0.2541117212269753,nan,nan,nan,nan
743,24.781745306950786,0,220.96038543897217,208.26481084939326,271.29890992541596,221.13138267355134,nan,nan,nan,nan,3.99244753439502,18.851084222568687,-0.25418215511801,nan,nan,nan,nan
744,24.81509893455099,0,220.8569844789357,208.14560236511454,271.05826906598116,221.16566695229932,nan,nan,nan,nan,3.981451362075674,18.85385787859518,-0.2579752475543447,nan,nan,nan,nan
745,24.84845256215119,0,220.93572984749454,208.07552650689902,271.05826906598116,221.16566695229932,nan,nan,nan,nan,3.983461154742697,18.856443294213705,-0.25979999992175073,nan,nan,nan,nan
746,24.881806189751394,0,220.68538913362698,208.0807635829662,270.65615878575596,220.9276123759486,nan,nan,nan,nan,3.962503203275269,18.864134356466014,-0.2556941228969147,nan,nan,nan,nan
747,24.915159817351597,0,220.30460405156538,207.97532228360956,270.46737525834067,220.9790374963094,nan,nan,nan,nan,3.9447647609499636,18.865609936682475,-0.2578512079812619,nan,nan,nan,nan
748,24.9485134449518,0,220.23637730176625,207.68169860954526,270.46737525834067,220.9790374963094,nan,nan,nan,nan,3.941014576218879,18.876101394126586,-0.2633947469993612,nan,nan,nan,nan
749,24.981867072552003,0,220.2448210922787,207.53333333333333,270.46737525834067,220.9790374963094,nan,nan,nan,nan,3.9404309783003004,18.88144130053506,-0.2664100874198934,nan,nan,nan,nan
750,25.015220700152206,0,219.65155038759687,207.58992248062015,269.8529839883551,221.09461426491993,nan,nan,nan,nan,3.904464282401354,18.874277272748593,-0.267665798962213,nan,nan,nan,nan
751,25.04857432775241,0,217.79061784897024,209.10450038138822,266.9737532808399,224.35024788568094,nan,nan,nan,nan,3.7839608649514442,18.700736585372262,-0.30741234543364065,nan,nan,nan,nan
752,25.08192795535261,0,216.45782237086584,210.4150873281308,263.966524822695,227.94042553191488,nan,nan,nan,nan,3.676504909347579,18.523705054681958,-0.3619141067546138,nan,nan,nan,nan
753,25.115281582952814,0,215.84855317549793,211.0259301014656,262.75719120135363,229.92442188381273,nan,nan,nan,nan,3.6342101240701536,18.430709295439332,-0.3918822941046257,nan,nan,nan,nan
754,25.148635210553017,0,215.8577981651376,212.3922018348624,263.4001692047377,230.81443880428648,nan,nan,nan,nan,3.665962858433552,18.351237791544676,-0.37813665194521723,nan,nan,nan,nan
755,25.18198883815322,0,217.49980864906235,214.7148871029468,266.511380005762,231.54307116104866,nan,nan,nan,nan,3.826636725495318,18.24687397729885,-0.3379258865316673,nan,nan,nan,nan
756,25.215342465753423,0,218.92441860465115,217.80736434108525,269.68430034129693,230.5344141069397,nan,nan,nan,nan,3.9786723704143085,18.17606616143027,-0.24804661168087602,nan,nan,nan,nan
757,25.248696093353626,0,223.145390070922,221.24034672970842,274.40243228302927,229.09701492537314,nan,nan,nan,nan,4.26212093853673,18.112365532184754,-0.14576353764391464,nan,nan,nan,nan
758,25.28204972095383,0,231.4405901116427,219.5414673046252,283.3183135704875,226.62898550724634,nan,nan,nan,nan,4.763854051331753,18.27369007649296,-0.12774199733200442,nan,nan,nan,nan
759,25.31540334855403,0,242.27663852030557,216.76678729392842,295.46133953969485,224.45099560382724,nan,nan,nan,nan,5.438274670408237,18.46841685242117,-0.13661369877714566,nan,nan,nan,nan
760,25.348756976154238,0,254.96061359867326,216.17910447761193,309.6171171171171,222.83308308308307,nan,nan,nan,nan,6.246131988541042,18.569333927610494,-0.11158858667237978,nan,nan,nan,nan
761,25.38211060375444,0,274.0631021194605,215.74470134874755,329.430401576743,221.1761517615176,nan,nan,nan,nan,7.425230243622584,18.676727059898667,-0.08513883112170981,nan,nan,nan,nan
762,25.415464231354644,0,297.21327254305976,213.79837892603848,353.1466572504708,218.97434086629,nan,nan,nan,nan,8.842908623744613,18.864771782814344,-0.07894196887258893,nan,nan,nan,nan
763,25.448817858954847,0,322.21390658174096,210.54830148619953,377.5561797752809,216.82022471910113,nan,nan,nan,nan,10.340109516652753,19.10101334384855,-0.10270398119802011,nan,nan,nan,nan
764,25.48217148655505,0,347.36004451864216,207.73400111296604,401.9489423778264,214.93362509117432,nan,nan,nan,nan,11.851070386269502,19.313237364363026,-0.1239156800260446,nan,nan,nan,nan
765,25.515525114155253,0,369.38681420009215,206.53204241585982,423.7067173637515,214.61013941698351,nan,nan,nan,nan,13.198533041653953,19.406577289415626,-0.14306704478897608,nan,nan,nan,nan
766,25.548878741755455,0,386.8716381418093,207.33048084759574,440.7772738725119,215.09297052154196,576.9358237547892,219.01724137931035,656.15625,175.671600877193,14.269830342806525,19.39040150260065,-0.13788290448186233,24.404526727527728,19.11033842500421,29.60248452477637,22.47829088417485
767,25.58223236935566,0,399.3502109704641,212.46413502109704,453.6737034141256,219.00755798801143,592.5455782312924,217.54149659863944,656.15625,175.671600877193,15.071205760831967,19.086126916775996,-0.11107028737840903,25.382127406071042,19.244185877096704,29.60248452477637,22.47829088417485
768,25.61558599695586,0,408.02017937219733,219.07436472346785,462.1755438859715,224.0190047511878,602.5166666666667,217.59305555555554,655.9203389830509,175.70112994350282,15.620187239161442,18.684281053296147,-0.07765231254753367,26.004698828157267,19.257858453881127,29.587110460784864,22.475576156347884
769,25.648939624556064,0,415.6502242152466,225.4308669656203,469.23757195185766,228.76399790685502,608.1336405529954,219.48233486943164,655.9203389830509,175.70112994350282,16.088713281969802,18.301503598215795,-0.04421187376017968,26.34877179392065,19.130989331718286,29.587110460784864,22.475576156347884
770,25.682293252156267,0,420.87624113475175,230.7340425531915,474.69088907239194,232.766308835673,nan,nan,nan,nan,16.42904997009146,17.981197488390052,-0.01615103314064374,nan,nan,nan,nan
771,25.71564687975647,0,424.2241074584659,236.0077765995051,477.42930107526877,236.50645161290322,nan,nan,nan,nan,16.627026681525564,17.669079686250655,0.016382669580652966,nan,nan,nan,nan
772,25.749000507356673,0,425.37291026953255,240.7021494370522,478.9837463362643,239.64241939781505,nan,nan,nan,nan,16.719582431882817,17.39722764088782,0.04966050850484207,nan,nan,nan,nan
773,25.782354134956876,0,425.60192563081006,242.54316069057103,479.1226666666666,241.564,nan,nan,nan,nan,16.735134967551925,17.26624690031168,0.04787049662452505,nan,nan,nan,nan
774,25.81570776255708,0,424.182999648753,243.50439058658236,477.43846780766097,243.39065471339308,nan,nan,nan,nan,16.643586335007868,17.1665873217677,0.029302558560495122,nan,nan,nan,nan
775,25.84906139015728,0,422.42260007084656,243.6935883811548,475.564887722368,244.42898804316127,nan,nan,nan,nan,16.53419048600599,17.120903058779845,0.011003874442033707,nan,nan,nan,nan
776,25.882415017757484,0,420.2614379084967,243.03366013071894,473.4921030756442,245.1390967026877,nan,nan,nan,nan,16.40493194561281,17.11568414478069,-0.018373511203761086,nan,nan,nan,nan
777,25.915768645357687,0,419.17777777777775,243.37545605306798,472.52364170337734,246.15888399412626,nan,nan,nan,nan,16.344002737058137,17.066717925945888,-0.032766503638604415,nan,nan,nan,nan
778,25.94912227295789,0,419.3615537848606,243.7984727755644,472.6387959866221,247.0298216276477,nan,nan,nan,nan,16.35451187055255,17.02205805869515,-0.042405433890015685,nan,nan,nan,nan
779,25.982475900558093,0,419.3970073225087,244.26583890480737,472.7214411247803,248.17662565905096,nan,nan,nan,nan,16.35982296211524,16.966198579554174,-0.056795997894233674,nan,nan,nan,nan
780,26.015829528158296,0,418.37571476622935,244.12546249579546,471.4806480648065,248.1965196519652,nan,nan,nan,nan,16.290953541503647,16.96854521381792,-0.06055661848673626,nan,nan,nan,nan
781,26.0491831557585,0,417.1627527723418,243.3392041748206,470.61461888509666,247.59726962457339,nan,nan,nan,nan,16.225968248239177,17.01490607381487,-0.06396161273716844,nan,nan,nan,nan
782,26.0825367833587,0,416.89669966996695,243.38283828382836,470.15699658703073,246.81370875995447,nan,nan,nan,nan,16.203432978035725,17.039961423173246,-0.046683017423001516,nan,nan,nan,nan
783,26.115890410958905,0,416.3456191399935,243.16068541868734,469.82376811594196,246.67710144927534,nan,nan,nan,nan,16.17607392718121,17.051695594738437,-0.048202042547057636,nan,nan,nan,nan
784,26.149244038559107,0,416.09259259259255,243.0060664112388,469.6456834532374,246.1058153477218,nan,nan,nan,nan,16.162224917558603,17.076536808026496,-0.0392572621205878,nan,nan,nan,nan
785,26.18259766615931,0,416.09259259259255,243.0060664112388,469.6456834532374,246.1058153477218,nan,nan,nan,nan,16.162224917558603,17.076536808026496,-0.0392572621205878,nan,nan,nan,nan
786,26.215951293759513,0,416.12830308818843,242.97675899395097,469.6456834532374,246.1058153477218,nan,nan,nan,nan,16.16325423262376,17.077584240281013,-0.03992394192842993,nan,nan,nan,nan
787,26.249304921359716,0,416.1673052362707,243.04629629629628,469.6607301869991,246.36717126743838,nan,nan,nan,nan,16.16524166980387,17.06614291043776,-0.04402959413241841,nan,nan,nan,nan
788,26.28265854895992,0,416.1673052362707,243.04629629629628,469.708041958042,246.3511072261072,nan,nan,nan,nan,16.16666596495548,17.066738716855905,-0.04362634455680501,nan,nan,nan,nan
789,26.316012176560122,0,416.2183254344392,242.92575039494469,469.85997088791845,246.35400291120814,nan,nan,nan,nan,16.172611362888915,17.07099184941321,-0.04610916569130977,nan,nan,nan,nan
790,26.349365804160325,0,416.2183254344392,242.92575039494469,469.59728245157555,246.51286498988145,nan,nan,nan,nan,16.164761822242156,17.065267036455854,-0.04984539116411834,nan,nan,nan,nan
791,26.382719431760528,0,416.2183254344392,242.92575039494469,469.6827447602641,246.45592879701405,nan,nan,nan,nan,16.167310985762576,17.067311611808936,-0.048514608137013276,nan,nan,nan,nan
792,26.41607305936073,0,416.2183254344392,242.92575039494469,469.76703735386366,246.4134587966923,nan,nan,nan,nan,16.16983689186729,17.06885350391081,-0.04749609443737738,nan,nan,nan,nan
793,26.449426686960933,0,416.2183254344392,242.92575039494469,470.0625861593603,246.55031706644607,nan,nan,nan,nan,16.178931783361826,17.064345913102883,-0.0499757256833101,nan,nan,nan,nan
794,26.482780314561136,0,416.2183254344392,242.92575039494469,470.2147780534877,246.58671078025915,nan,nan,nan,nan,16.183586445500165,17.06320714425499,-0.0505253154228355,nan,nan,nan,nan
795,26.51613394216134,0,416.2183254344392,242.92575039494469,470.2147780534877,246.58671078025915,nan,nan,nan,nan,16.183586445500165,17.06320714425499,-0.0505253154228355,nan,nan,nan,nan
796,26.549487569761542,0,416.2225334578276,242.9193899782135,469.6700651373548,246.62645143018972,655.4023323615161,176.4047619047619,749.1,223.17291666666665,16.167184494601614,17.06161067737207,-0.052294080980938816,29.549622169388684,22.420708666109345,35.160687772611716,19.109493931342087
797,26.582841197361745,0,416.2556179775281,242.90855181023719,469.63530082691756,246.53493013972053,nan,nan,nan,nan,16.16703523536978,17.065160570213184,-0.050679253701799015,nan,nan,nan,nan
798,26.616194824961948,0,416.2556179775281,242.90855181023719,469.63530082691756,246.53493013972053,nan,nan,nan,nan,16.16703523536978,17.065160570213184,-0.050679253701799015,nan,nan,nan,nan
799,26.64954845256215,0,416.2556179775281,242.90855181023719,469.7223657766293,246.49210450760836,nan,nan,nan,nan,16.169644918881914,17.06671689331148,-0.049644657265662716,nan,nan,nan,nan
800,26.682902080162354,0,416.2608695652174,242.99275362318838,469.63530082691756,246.53493013972053,nan,nan,nan,nan,16.167349315419763,17.06223902371371,-0.04889582748300905,nan,nan,nan,nan
801,26.716255707762556,0,416.2608695652174,242.99275362318838,469.63530082691756,246.53493013972053,nan,nan,nan,nan,16.167349315419763,17.06223902371371,-0.04889582748300905,nan,nan,nan,nan
802,26.74960933536276,0,416.3069927877077,242.89056130448415,469.63530082691756,246.53493013972053,nan,nan,nan,nan,16.16856071229786,17.06582764614547,-0.05113647740954871,nan,nan,nan,nan
803,26.782962962962962,0,416.29225908372825,242.98072669826223,469.550100488085,246.59201837496408,nan,nan,nan,nan,16.16573851991655,17.06063308613917,-0.05053370868082824,nan,nan,nan,nan
804,26.816316590563165,0,416.4353545075393,243.1228745588707,469.6371783752529,246.54929170280425,nan,nan,nan,nan,16.172950128635673,17.057363808450418,-0.04666931293935597,nan,nan,nan,nan
805,26.849670218163368,0,416.43679275784024,243.216941480763,469.7223657766293,246.49210450760836,nan,nan,nan,nan,16.17570689265061,17.05615018177956,-0.04332964618323159,nan,nan,nan,nan
806,26.88302384576357,0,416.43679275784024,243.216941480763,469.7223657766293,246.49210450760836,nan,nan,nan,nan,16.17570689265061,17.05615018177956,-0.04332964618323159,nan,nan,nan,nan
807,26.916377473363774,0,416.49213987808787,243.2829643888354,469.80011554015016,246.4338532640092,nan,nan,nan,nan,16.1798205444951,17.055985958979665,-0.040650670648430524,nan,nan,nan,nan
808,26.949731100963977,0,416.52505657937274,243.26770126091174,469.8658536585366,246.39169570267129,nan,nan,nan,nan,16.182753409719346,17.058058967829595,-0.04003611742399423,nan,nan,nan,nan
809,26.98308472856418,0,416.5995438253503,243.336265884653,469.8658536585366,246.39169570267129,nan,nan,nan,nan,16.185138176837913,17.055738195087194,-0.03866563372258377,nan,nan,nan,nan
810,27.016438356164382,0,416.6095890410959,243.34377038486625,469.9157894736842,246.31023391812863,nan,nan,nan,nan,16.18690618070694,17.058352758009907,-0.036718566995916975,nan,nan,nan,nan
811,27.049791983764585,0,416.6095890410959,243.34377038486625,469.9157894736842,246.31023391812863,nan,nan,nan,nan,16.18690618070694,17.058352758009907,-0.036718566995916975,nan,nan,nan,nan
812,27.083145611364788,0,416.6095890410959,243.34377038486625,469.9157894736842,246.31023391812863,nan,nan,nan,nan,16.18690618070694,17.058352758009907,-0.036718566995916975,nan,nan,nan,nan
813,27.11649923896499,0,416.6095890410959,243.34377038486625,469.9157894736842,246.31023391812863,nan,nan,nan,nan,16.18690618070694,17.058352758009907,-0.036718566995916975,nan,nan,nan,nan
814,27.149852866565194,0,416.6095890410959,243.34377038486625,469.9157894736842,246.31023391812863,nan,nan,nan,nan,16.18690618070694,17.058352758009907,-0.036718566995916975,nan,nan,nan,nan
815,27.183206494165397,0,416.6980582524272,243.3197411003236,469.9157894736842,246.31023391812863,nan,nan,nan,nan,16.189545430444667,17.059259445632833,-0.03733737459207958,nan,nan,nan,nan
816,27.2165601217656,0,416.6980582524272,243.3197411003236,470.0711743772242,246.43208778173187,nan,nan,nan,nan,16.194368832649783,17.055157920046547,-0.03974767683731423,nan,nan,nan,nan
817,27.249913749365803,0,416.6980582524272,243.3197411003236,470.0711743772242,246.43208778173187,nan,nan,nan,nan,16.194368832649783,17.055157920046547,-0.03974767683731423,nan,nan,nan,nan
818,27.283267376966005,0,416.6980582524272,243.3197411003236,470.0711743772242,246.43208778173187,nan,nan,nan,nan,16.194368832649783,17.055157920046547,-0.03974767683731423,nan,nan,nan,nan
819,27.31662100456621,0,416.6980582524272,243.3197411003236,470.1877192982456,246.48391812865495,nan,nan,nan,nan,16.197953376324776,17.05345451038543,-0.04070483686434193,nan,nan,nan,nan
820,27.349974632166415,0,416.8441601049868,243.31561679790025,470.1877192982456,246.48391812865495,nan,nan,nan,nan,16.202377098839623,17.05371682847794,-0.0409769061104756,nan,nan,nan,nan
821,27.383328259766618,0,416.7290849673202,243.37483660130718,470.1877192982456,246.48391812865495,nan,nan,nan,nan,16.1989951483043,17.051566235494075,-0.039572181140828035,nan,nan,nan,nan
822,27.41668188736682,0,416.7290849673202,243.37483660130718,470.1877192982456,246.48391812865495,nan,nan,nan,nan,16.1989951483043,17.051566235494075,-0.039572181140828035,nan,nan,nan,nan
823,27.450035514967023,0,416.7290849673202,243.37483660130718,470.1877192982456,246.48391812865495,nan,nan,nan,nan,16.1989951483043,17.051566235494075,-0.039572181140828035,nan,nan,nan,nan
824,27.483389142567226,0,416.7290849673202,243.37483660130718,470.1877192982456,246.48391812865495,nan,nan,nan,nan,16.1989951483043,17.051566235494075,-0.039572181140828035,nan,nan,nan,nan
825,27.51674277016743,0,416.8786679854929,243.34882954170786,469.96907216494844,246.56672394043525,nan,nan,nan,nan,16.19690915490471,17.049541260638783,-0.04236045444939572,nan,nan,nan,nan
826,27.550096397767632,0,416.8786679854929,243.34882954170786,469.96907216494844,246.56672394043525,nan,nan,nan,nan,16.19690915490471,17.049541260638783,-0.04236045444939572,nan,nan,nan,nan
827,27.583450025367835,0,416.8786679854929,243.34882954170786,470.1219512195122,246.68960511033677,nan,nan,nan,nan,16.20165639367182,17.045403322967562,-0.04478483921606557,nan,nan,nan,nan
828,27.616803652968038,0,416.8786679854929,243.34882954170786,470.1219512195122,246.68960511033677,nan,nan,nan,nan,16.20165639367182,17.045403322967562,-0.04478483921606557,nan,nan,nan,nan
829,27.65015728056824,0,416.8786679854929,243.34882954170786,470.1219512195122,246.68960511033677,nan,nan,nan,nan,16.20165639367182,17.045403322967562,-0.04478483921606557,nan,nan,nan,nan
830,27.683510908168444,0,416.8786679854929,243.34882954170786,470.1219512195122,246.68960511033677,663.4381846635367,222.6697965571205,717.1882882882882,237.8927927927928,16.20165639367182,17.045403322967562,-0.04478483921606557,29.789738603604327,18.996878390523882,33.03880319954913,17.998958387432243
831,27.716864535768647,0,416.8218503937008,243.3851706036745,470.1219512195122,246.68960511033677,652.1968449931412,244.71124828532234,709.1284663271081,257.00169779286927,16.199999525607666,17.044094858978852,-0.043934237597864155,28.969831863043968,17.409147986265403,32.39611704792466,16.644975746472625
832,27.75021816336885,0,416.7854105332025,243.40693490350014,470.1219512195122,246.68960511033677,642.4220430107526,265.2876344086021,702.5421363392377,273.8132045088567,16.19893411937217,17.043309297855235,-0.04342247833445571,28.268717709559763,15.9678678299467,31.874041766266636,15.481292525817
833,27.783571790969052,0,416.7854105332025,243.40693490350014,470.1219512195122,246.68960511033677,636.0593047034765,275.7075664621677,697.8884892086331,281.44664268585126,16.19893411937217,17.043309297855235,-0.04342247833445571,27.83519453346826,15.249944794701412,31.540023982269677,14.958379211488108
834,27.816925418569255,4,416.7854105332025,243.40693490350014,470.1219512195122,246.68960511033677,629.5253456221199,285.55453149001534,692.1685393258427,288.44522471910113,16.19893411937217,17.043309297855235,-0.04342247833445571,27.399424456482944,14.579309561070147,31.149119497915347,14.4811520922149
835,27.850279046169458,4,416.80426929392445,243.455829228243,469.98805460750856,246.6584186575654,621.8630604288498,291.39424951267057,685.2905077262693,292.8158940397351,16.195501213130346,17.04259953543005,-0.041912333384905166,26.917096839769354,14.17984151646106,30.70839348554554,14.180321746322226
836,27.88363267376966,4,416.80426929392445,243.455829228243,469.98805460750856,246.6584186575654,613.7551020408164,288.4013605442177,677.550505050505,289.7738927738928,16.195501213130346,17.04259953543005,-0.041912333384905166,26.44321941384409,14.366133496769205,30.262013332854824,14.370690176068608
837,27.916986301369864,4,416.80426929392445,243.455829228243,469.90549828178695,246.71620847651772,609.0105152471083,284.29512793550646,671.9526707234617,286.3979039891819,16.193040982065444,17.040528205612674,-0.04325531468693596,26.173276529208024,14.632296008782534,29.944999304819337,14.587182336152068
838,27.950339928970067,4,416.80426929392445,243.455829228243,469.90549828178695,246.71620847651772,601.0859106529209,279.4406261932035,663.9949494949494,281.36219336219335,16.193040982065444,17.040528205612674,-0.04325531468693596,25.71330506537593,14.945014339593644,29.493611310090813,14.912193384041087
839,27.98369355657027,4,416.80426929392445,243.455829228243,469.90549828178695,246.71620847651772,593.0021528525295,276.967707212056,655.8681512902085,278.44856839872745,16.193040982065444,17.040528205612674,-0.04325531468693596,25.23447464112401,15.098741620243786,29.018531611702738,15.095650546597097
840,28.017047184170472,4,416.80426929392445,243.455829228243,469.90549828178695,246.71620847651772,585.3087274125336,275.1695501730104,648.5323974082073,276.5586753059755,16.193040982065444,17.040528205612674,-0.04325531468693596,24.776251195427967,15.207960507831126,28.58485844563421,15.211753910413238
841,28.050400811770675,4,416.80966469428006,243.46877054569362,469.90549828178695,246.71620847651772,577.8397212543554,275.4715447154472,640.9866810655147,276.7526997840173,16.193228250471606,17.040083189162758,-0.042985458036854565,24.32594527363109,15.176121685330655,28.128078860393327,15.187031055967305
842,28.08375443937088,4,416.80966469428006,243.46877054569362,469.98096885813146,246.78517877739327,570.4830970556161,276.5910577971647,633.5382395382395,277.03138528138527,16.195578616445914,17.037752621860577,-0.044360418877390895,23.881134453717348,15.089507961456825,27.67715468964193,15.15677165222484
843,28.11710806697108,4,416.80966469428006,243.46877054569362,469.98096885813146,246.78517877739327,564.4875444839857,277.3325425069197,627.2023273273273,277.32507507507506,16.195578616445914,17.037752621860577,-0.044360418877390895,23.51954699669379,15.030511383180144,27.293657303987594,15.127238832634117
844,28.150461694571284,4,416.80966469428006,243.46877054569362,469.98096885813146,246.78517877739327,559.4564498346197,278.4546122748989,622.5001849796522,277.3018867924528,16.195578616445914,17.037752621860577,-0.044360418877390895,23.21567877044762,14.947551212761123,27.010197117545854,15.121570488598975
845,28.183815322171487,4,416.80966469428006,243.46877054569362,469.98096885813146,246.78517877739327,555.0776306107432,278.63392200147166,618.1580135440181,277.2046651617757,16.195578616445914,17.037752621860577,-0.044360418877390895,22.95280248959643,14.928852654686292,26.748800448511243,15.121440988980066
846,28.21716894977169,4,416.8876739562624,243.50629555997347,469.9616724738676,246.69308943089428,550.7839292579777,279.1464821222607,613.2742181540808,277.22578184591913,16.197350039604455,17.03969107501034,-0.041715622212000834,22.694727808839403,14.88798082652077,26.454388085960986,15.112513786890235
847,28.250522577371893,4,416.8876739562624,243.50629555997347,469.9616724738676,246.69308943089428,546.9359404096834,278.75977653631287,609.1488288288288,276.68396396396395,16.197350039604455,17.03969107501034,-0.041715622212000834,22.46463926311823,14.908007321712633,26.2077106083426,15.14264702633863
848,28.283876204972096,4,416.8876739562624,243.50629555997347,469.9616724738676,246.69308943089428,542.8615101289134,277.85303867403314,605.5664105378705,274.83717526527624,16.197350039604455,17.03969107501034,-0.041715622212000834,22.221473272900102,14.962534237734033,25.99800094142074,15.261609018037936
849,28.3172298325723,4,416.8876739562624,243.50629555997347,469.9616724738676,246.69308943089428,539.398449612403,276.66821705426355,601.3318318318318,273.79767267267266,16.197350039604455,17.03969107501034,-0.041715622212000834,22.015014384000004,15.036698031538364,25.745943778704483,15.325242265345494
850,28.3505834601725,4,416.8876739562624,243.50629555997347,469.9616724738676,246.69308943089428,535.4775715390564,276.49613302397523,597.5845357010728,272.83647798742135,16.197350039604455,17.03969107501034,-0.041715622212000834,21.780072928272943,15.042245108166838,25.522814687662496,15.384397131160817
851,28.383937087772704,4,416.8876739562624,243.50629555997347,469.9616724738676,246.69308943089428,531.9742424242424,274.17765151515147,593.7374599786552,270.7982924226254,16.197350039604455,17.03969107501034,-0.041715622212000834,21.57154236554838,15.192660077449682,25.296588429307917,15.516386563273352
852,28.417290715372907,4,416.8876739562624,243.50629555997347,469.9616724738676,246.69308943089428,528.1255736337088,271.3892365456821,589.6225652333701,268.6486585814039,16.197350039604455,17.03969107501034,-0.041715622212000834,21.34195989298636,15.37463784095191,25.053975970335973,15.655819297092322
853,28.45064434297311,4,416.8876739562624,243.50629555997347,470.0385964912281,246.74883040935669,523.9816895547233,270.9687890137328,585.0976243504083,268.0181885671863,16.199733547069012,17.03782040231805,-0.042808562237822395,21.09306796602255,15.396610503435616,24.782029431625023,15.691584269968068
854,28.483997970573313,4,416.9017857142857,243.5297619047619,470.0385964912281,246.74883040935669,518.9833759590792,271.68243819266837,579.623679417122,268.10928961748635,16.200204332640144,17.037017036321245,-0.04232514716288089,20.792583299397997,15.340724269402608,24.450840889889353,15.676833289240516
855,28.517351598173516,4,412.98932038834954,243.22653721682846,466.1800766283524,246.68199233716473,513.4616487455197,270.9594982078853,575.43,266.6166666666667,15.96371999435966,17.043544042760015,-0.04730295133409243,20.461004468715533,15.380962550312391,24.200726322473162,15.771759615759843
856,28.55070522577372,4,407.5872539205872,243.012012012012,460.9623975120158,246.45971162001698,507.8670231729055,270.27272727272725,569.6984674329501,265.7241379310345,15.64083359018194,17.050063147672258,-0.046882653926792264,20.12489492308867,15.418665223417802,23.855941389501293,15.82352765131024
857,28.58405885337392,4,401.4099234099234,242.92873792873792,454.82313495389775,246.39480301760267,502.15351812366737,270.84754797441366,563.6478711162256,265.710778672804,15.2669618513026,17.04518712403222,-0.04721928162103753,19.78206351889632,15.371032820528026,23.490025761103443,15.814937909704573
858,28.617412480974124,4,395.00275197798413,243.4000687994496,448.35912698412693,246.25481859410428,495.7808510638298,270.7148936170213,557.2055052790347,265.3785822021116,14.877550746100603,17.023217670003703,-0.034280952033091415,19.399600196207768,15.37013153799705,23.101084712757675,15.827442989299845
859,28.650766108574327,4,388.58558558558553,243.7618018018018,441.97803404722674,245.3948380010983,489.6164189667374,268.69992922859166,550.1380208333333,263.7027529761905,14.489377669049976,17.030093376194458,-0.008166003417794028,19.028033929002582,15.496632974467023,22.676151858485493,15.930535839021896
860,28.68411973617453,4,380.94322535701843,244.21943573667713,434.33278236914595,244.52286501377407,482.675656238763,266.93743257820927,542.8535127055306,262.1356502242152,14.026072471840632,17.032071577048523,0.020310888813583082,18.609367294950623,15.605081940574399,22.237316901917225,16.02601683753843
861,28.717473363774733,4,372.3441535776614,244.9287958115183,426.06546151739246,245.05450561490002,474.39377872039586,267.1806291975963,534.3583146905295,262.18046234153616,13.518108612157041,16.975384517662462,0.02411448336102159,18.112335593356022,15.5757365050495,21.723397593047803,16.009543011092617
862,28.750826991374936,4,363.41477477477474,245.5798198198198,416.8000556947925,246.26677805625172,465.6876288659794,267.3855670103093,525.663687150838,262.59664804469276,12.971718732498221,16.896149634327216,0.012029594864893325,17.590224542354264,15.548344995587398,21.19761238856586,15.967426155463821
863,28.78418061897514,4,353.4557752341311,246.71141172389872,407.0840965861782,246.70913127948927,456.6367791842475,267.97855133614627,516.3085147002672,262.88048873615884,12.381556056839528,16.82590079184974,0.0267728347946755,17.048721366955764,15.494227846154315,20.63255575553825,15.933337380489345
864,28.81753424657534,4,343.20140350877193,248.5884210526316,396.87945051864307,248.31735351836275,446.7548814504881,268.96617852161785,506.8669574700109,263.9356597600872,11.773635114614944,16.689272083109504,0.0324327124543576,16.459175868984744,15.412283146912388,20.06307567574732,15.84664047605948
865,28.850887874175545,4,332.6743119266055,249.4954128440367,386.88636977058025,249.88394062078268,436.5567117585848,271.0672910163025,496.42745535714283,265.89434523809524,11.162292346401545,16.587697141208423,0.018408610696887952,15.85498848446465,15.255106768466517,19.435222575827314,15.69722001007177
866,28.884241501775747,4,321.19258418463863,251.62920923193337,375.3801996672213,252.391846921797,425.9970958373669,274.0703452726686,486.20620506999614,268.34808929247066,10.48493095727973,16.41009534105723,0.010443315657442685,15.234103177719554,15.037478753089887,18.82294583703186,15.515124999853121
867,28.91759512937595,4,310.35247381726253,252.81870711448175,364.40179299103505,254.3751697908177,415.7673814165042,276.96816114359973,476.0011574074074,271.46527777777777,9.840081269183061,16.28422036008957,-0.006357016582436337,14.63515749792849,14.828316297156428,18.21483031254925,15.289048103003445
868,28.950948756976153,4,299.56699169375224,254.67027807872878,354.2879409351928,256.2759092152037,405.5750319284802,278.8550446998722,465.87847222222223,273.3796296296296,9.22687134104824,16.139683661561996,-0.007019938788690481,14.037005006690201,14.687266104155183,17.61225019281202,15.144799085357219
869,28.984302384576356,4,288.72939068100357,256.35340501792115,343.4951534733441,257.5616585891222,395.7161310649023,281.0715185885318,456.1672278338945,275.43808454919565,8.591043354978249,16.021637551373995,0.0012005730062865825,13.461777545878734,14.525287041584543,17.0363432454713,14.99196871420058
870,29.01765601217656,4,278.72980599647263,256.80599647266314,333.5410437975347,259.0765801206399,385.9790476190476,283.09809523809525,446.5603318250377,277.4230769230769,8.002312852398958,15.939155344406174,-0.020742348904436853,12.894805494652159,14.376581021064085,16.46829339568158,14.844683254194031
871,29.051009639776762,4,269.479298245614,258.48807017543857,324.35717988595127,259.1796267496112,377.60093457943924,282.43084112149535,437.3472535741158,276.95184349134684,7.460545364627059,15.864231208963863,0.011884603859544467,12.396649058232079,14.408173635956665,15.91858822150769,14.862147670299388
872,29.084363267376965,4,260.27766393442624,258.8346994535519,315.2355769230769,259.28205128205127,369.4576051779935,281.13171521035594,429.0297142857143,276.3885714285714,6.916858637660159,15.834719493324718,0.016948893612299974,11.908992195035989,14.481933538119602,15.421930973821395,14.88711568241446
873,29.117716894977168,4,250.6496930299747,259.6738894907909,306.33689567430025,259.48778625954196,360.8365821962313,280.8401559454191,420.07001522070016,276.3028919330289,6.370406828389014,15.784942659653712,0.030011897807450217,11.398137349240956,14.48832008679174,14.888646603720051,14.879224664631712
874,29.15107052257737,4,241.61377245508982,260.3562874251497,297.03919978372534,261.029467423628,352.0018552875696,282.139146567718,411.41657077100115,277.4326812428078,5.834838803341725,15.695498412477807,0.012333032626151085,10.883987179485228,14.389218309005544,14.378344877127784,14.790764271028166
875,29.184424150177573,4,233.0875,260.9836805555555,288.5517786561265,261.365744400527,343.95690747782,282.56463878326997,403.40494938132736,278.2167229096363,5.334288315665207,15.649788024688583,0.018291444275528475,10.412189617897468,14.349125094860344,13.905745223097183,14.726446338790629
876,29.217777777777776,4,224.52831468294335,262.54493048491014,280.4892557651991,261.58202306079664,336.2019350811485,282.32865168539325,395.1947904869762,278.17855794639485,4.850352752083629,15.577085120940557,0.04574814058021069,9.953790719636755,14.353140842104613,13.418579508385507,14.71658500359785
877,29.25113140537798,4,216.34891598915988,262.91124661246613,271.96794349361585,262.5580005433306,327.9771777563484,282.9803921568627,387.8008607198748,278.94953051643193,4.361742781924384,15.518969311045495,0.03331520068907522,9.473717947892993,14.29791133158565,12.98371747965352,14.654187165043933
878,29.284485032978182,4,208.10902503293806,264.6268115942029,264.31158843808004,263.78811986210553,320.82982791587,284.7543021032505,379.7031490015361,280.7684331797235,3.90624737261654,15.407788803149218,0.043039092354153506,9.065331727267406,14.17052306710116,12.512871009315798,14.521347655810994
879,29.317838660578385,4,201.12676518883416,264.8256157635468,256.93576526566216,265.14300819455457,313.90106117353304,286.08583021223467,373.3078408651989,281.8659714175357,3.4892198791769347,15.344589960639324,0.019513797462175176,8.667709574563602,14.072813735893284,12.140223639453067,14.439110755858355
880,29.351192288178588,4,194.72971225347558,266.32428063368894,250.6481626270524,265.7174876205369,308.0637162586315,286.6961707470182,367.63685636856366,282.60394889663183,3.125951012929917,15.265484517754569,0.038308133927645,8.329642046010335,14.024171795207732,11.809103635172951,14.381850337635566
881,29.384545915778794,4,189.50593519409688,266.61661854347125,244.87289771160738,266.49738075544525,303.11697530864194,286.9861111111111,363.15919811320754,282.7444968553459,2.806917679586531,15.221180402308551,0.028370531932306327,8.041762786578524,13.997883706427539,11.545583195378839,14.365884038643912
882,29.417899543378997,4,184.81598217128303,266.6290990130531,240.61877705627705,266.9916125541125,270.5620437956204,266.46958637469584,298.7474651457541,288.02883396704686,2.54576847138115,15.197390347104895,0.018525550279951654,5.957854688035678,15.308745526806902,7.793609497260882,13.92319020562875
883,29.4512531709792,4,181.28951639078218,267.09412528399866,237.29716981132074,267.16509433962267,266.6643678160919,266.70574712643673,295.2098997493734,288.3646616541353,2.3476127193313454,15.170845403211166,0.024455236148178905,5.729265086856305,15.286935603215143,7.589070372446619,13.89603314548358
884,29.484606798579403,4,178.71092008914357,268.43393823623046,234.66770996348458,267.5093896713615,264.4968253968254,267.14920634920634,352.890350877193,284.7065390749601,2.203961299640421,15.110719054811039,0.04469904922643273,5.605005351010638,15.253904777357937,10.951112972354142,14.221204347319807
885,29.517960426179606,4,177.9739776951673,268.17812887236676,234.03581478639035,267.1959580455359,264.1111111111111,267.3142361111111,351.86689814814815,284.4579475308642,2.1605592411764976,15.128671868995262,0.04585386379489286,5.583677428434781,15.242263009030104,10.889406142831795,14.2360581320785
886,29.55131405377981,4,177.94362292051756,268.1062846580407,234.03581478639035,267.1959580455359,264.1975945017182,267.3264604810996,353.2070534698521,284.1023890784983,2.1592359808701382,15.131041513756212,0.04438078798287943,5.588902009729321,15.241576956243676,10.966312744781227,14.261476849047568
887,29.58466768138001,4,177.85981022344657,268.1833486378941,233.99135519959316,267.2740910246631,264.2044673539519,267.27319587628864,302.12513966480446,284.45959031657355,2.156318019605342,15.125765194527705,0.044342088451882124,5.588829210069042,15.245153954850682,7.964714933610149,14.162202375003277
888,29.618021308980214,4,177.78779599271402,268.1894353369763,233.99135519959316,267.2740910246631,264.23316062176167,267.20034542314335,305.5657894736842,269.52605779153765,2.1542391434023185,15.125507789074035,0.04444201090259312,5.589870709031306,15.250076174191197,8.05550715934884,15.157641115100235
889,29.651374936580417,4,177.78779599271402,268.1894353369763,233.99135519959316,267.2740910246631,264.1542288557214,267.03316749585406,367.55643390425996,244.9635485287659,2.1542391434023185,15.125507789074035,0.04444201090259312,5.583697552837801,15.26115155368686,11.603222084254053,16.9260148445588
890,29.68472856418062,4,177.52935779816514,268.26605504587155,233.99135519959316,267.2740910246631,319.6097704532078,206.7578968020404,380.7247247247247,215.94994994994994,2.1471082656621334,15.122760036146673,0.04590609259591778,8.430224935960695,19.547401510058975,12.25161612567501,18.991462509906622
891,29.718082191780823,0,177.54970760233917,268.35118497999383,233.9125600202173,267.29517311094264,346.3446327683616,174.60430247718384,405.79439452289256,189.61553273427472,2.145998902691471,15.119175959456967,0.047237989084640636,9.86399683065997,21.97113503171276,13.683072411507643,20.95780635854123
892,29.751435819381026,0,177.5027573529412,268.3529411764706,233.83879989829643,267.277142130689,383.45101010101007,152.97777777777776,438.2597717892692,171.89584850691915,2.1423632263326273,15.119628242494517,0.047650368870235243,12.08774278718467,23.698788132575846,15.665476543412902,22.350145319543977
893,29.78478944698123,0,177.47234952642833,268.3541093797739,233.83879989829643,267.277142130689,425.02588438308885,135.4849007765315,475.81588652482264,157.7500709219858,2.1414771176865806,15.119566256829991,0.04766227458835007,14.68845660922299,25.159583360130267,18.032426949322094,23.51004397462907
894,29.81814307458143,0,177.47234952642833,268.3541093797739,233.83879989829643,267.277142130689,464.7358101135191,122.46336429308566,510.7079918032787,149.49385245901638,2.1414771176865806,15.119566256829991,0.04766227458835007,17.245109517851347,26.290703264087036,20.277797593673572,24.2245247146017
895,29.851496702181635,0,177.47234952642833,268.3541093797739,233.83879989829643,267.277142130689,499.1941463414634,111.94341463414634,541.5470763131814,143.99273207796497,2.1414771176865806,15.119566256829991,0.04766227458835007,19.506863782981736,27.226701348953966,22.28561848529501,24.721411959641074
896,29.884850329781838,0,177.47234952642833,268.3541093797739,233.83879989829643,267.277142130689,529.8044579533941,101.51975683890578,570.098855359001,139.55359001040583,2.1414771176865806,15.119566256829991,0.04766227458835007,21.54894670466096,28.161912103171073,24.160230825902556,25.133426706734173
897,29.91820395738204,0,177.55154320987654,268.258024691358,233.9176259913021,267.2558199027884,nan,nan,nan,nan,2.1454441129916773,15.123598760406946,0.04614870307346983,nan,nan,nan,nan
898,29.951557584982243,0,177.74969362745097,268.37009803921563,233.99135519959316,267.2740910246631,nan,nan,nan,nan,2.154205534743453,15.119463093398135,0.04809739748657847,nan,nan,nan,nan
899,29.984911212582446,0,177.77798165137614,268.40183486238533,233.99135519959316,267.2740910246631,nan,nan,nan,nan,2.155227090184768,15.118427926527666,0.04875356102205802,nan,nan,nan,nan
900,30.01826484018265,0,177.84702985534008,268.3862726992921,233.99135519959316,267.2740910246631,nan,nan,nan,nan,2.157161671676014,15.11899847886065,0.04846509017842981,nan,nan,nan,nan
901,30.051618467782852,0,177.9214787656584,268.4292697830736,234.1287001287001,267.3160875160875,nan,nan,nan,nan,2.1638705553691215,15.11632451181218,0.048457696137088856,nan,nan,nan,nan
902,30.084972095383055,0,177.97081413210444,268.49370199692777,234.1772774327122,267.45962732919253,nan,nan,nan,nan,2.1678614951181956,15.109456081258463,0.046842838852232845,nan,nan,nan,nan
903,30.118325722983258,0,178.0357470210816,268.4717384662389,234.25025720164606,267.4891975308642,nan,nan,nan,nan,2.171938630890531,15.1093039847323,0.045791546077892674,nan,nan,nan,nan
904,30.15167935058346,0,178.25504366154772,268.3797049081602,234.40338541666665,267.4984375,nan,nan,nan,nan,2.182391871255649,15.112342711739334,0.0437558298105206,nan,nan,nan,nan
905,30.185032978183663,0,178.47120098039215,268.2389705882353,234.52399789029533,267.60759493670884,nan,nan,nan,nan,2.192003834070106,15.113637143000542,0.03869665696768854,nan,nan,nan,nan
906,30.218386605783866,0,178.53546423135464,268.4094368340944,234.52399789029533,267.60759493670884,nan,nan,nan,nan,2.194913622221702,15.108009815161793,0.04218291100481331,nan,nan,nan,nan
907,30.25174023338407,0,178.605642440969,268.4658080343453,234.47510482180292,267.52830188679246,nan,nan,nan,nan,2.195472190749349,15.108798901200487,0.044992418189560054,nan,nan,nan,nan
908,30.285093860984272,0,178.76408341114222,268.47650171179583,234.56039029535864,267.48259493670884,nan,nan,nan,nan,2.2024768725737016,15.110155933194836,0.04617371679585785,nan,nan,nan,nan
909,30.318447488584475,0,178.82467532467533,268.538961038961,234.5990675990676,267.6384356384356,nan,nan,nan,nan,2.2065540166480324,15.102943986860009,0.04426259893603337,nan,nan,nan,nan
910,30.351801116184678,0,178.82467532467533,268.538961038961,234.6481626270524,267.7174876205369,nan,nan,nan,nan,2.2083990870132912,15.100339940003458,0.04262674082143318,nan,nan,nan,nan
911,30.38515474378488,0,178.90699815837937,268.53683241252304,234.6481626270524,267.7174876205369,nan,nan,nan,nan,2.2108042825374703,15.100473295473485,0.042607971833199566,nan,nan,nan,nan
912,30.418508371385084,0,179.0340699815838,268.6491712707182,234.73406766325726,267.6732231838447,nan,nan,nan,nan,2.217521202967352,15.098374909803102,0.04583068193034319,nan,nan,nan,nan
913,30.451861998985287,0,179.02260922700884,268.53223342499234,234.8597609561753,267.61328021248335,nan,nan,nan,nan,2.219892442240199,15.104357905623615,0.044619574768067785,nan,nan,nan,nan
914,30.48521562658549,0,179.02260922700884,268.53223342499234,234.8597609561753,267.61328021248335,nan,nan,nan,nan,2.219892442240199,15.104357905623615,0.044619574768067785,nan,nan,nan,nan
915,30.518569254185692,0,179.02260922700884,268.53223342499234,234.8597609561753,267.61328021248335,nan,nan,nan,nan,2.219892442240199,15.104357905623615,0.044619574768067785,nan,nan,nan,nan
916,30.551922881785895,0,179.02260922700884,268.53223342499234,234.8597609561753,267.61328021248335,nan,nan,nan,nan,2.219892442240199,15.104357905623615,0.044619574768067785,nan,nan,nan,nan
917,30.585276509386098,0,178.91858678955452,268.53149001536093,234.8597609561753,267.61328021248335,nan,nan,nan,nan,2.2168326678332804,15.104303685296575,0.044569485542267494,nan,nan,nan,nan
918,30.6186301369863,0,178.91858678955452,268.53149001536093,234.8597609561753,267.61328021248335,nan,nan,nan,nan,2.2168326678332804,15.104303685296575,0.044569485542267494,nan,nan,nan,nan
919,30.651983764586504,0,178.91858678955452,268.53149001536093,234.8597609561753,267.61328021248335,nan,nan,nan,nan,2.2168326678332804,15.104303685296575,0.044569485542267494,nan,nan,nan,nan
920,30.685337392186707,0,178.90699815837937,268.53683241252304,234.80839271575613,267.6917392451834,nan,nan,nan,nan,2.215402188316287,15.10145599041181,0.043086503725316375,nan,nan,nan,nan
921,30.71869101978691,0,178.90699815837937,268.53683241252304,234.80839271575613,267.6917392451834,nan,nan,nan,nan,2.215402188316287,15.10145599041181,0.043086503725316375,nan,nan,nan,nan
922,30.752044647387113,0,178.90699815837937,268.53683241252304,234.80839271575613,267.6917392451834,nan,nan,nan,nan,2.215402188316287,15.10145599041181,0.043086503725316375,nan,nan,nan,nan
923,30.785398274987315,0,178.90699815837937,268.53683241252304,234.75767112509834,267.6118541830579,nan,nan,nan,nan,2.213505122061353,15.104086735129842,0.044738298684498204,nan,nan,nan,nan
924,30.81875190258752,0,178.90699815837937,268.53683241252304,234.68412822517593,267.5939536095908,nan,nan,nan,nan,2.211245552647909,15.10462878098769,0.0451304815872868,nan,nan,nan,nan
925,30.85210553018772,0,178.89800307219662,268.5274961597542,234.68412822517593,267.5939536095908,nan,nan,nan,nan,2.210925452322027,15.104932756556341,0.044936362478719745,nan,nan,nan,nan
926,30.885459157787924,0,178.57071182188773,268.3336469112574,234.45554681353266,267.5677943876213,nan,nan,nan,nan,2.1932752831709603,15.111837876976049,0.041480740526906416,nan,nan,nan,nan
927,30.918812785388127,0,178.38790697674418,268.32217054263566,234.40443070582174,267.4984544049459,nan,nan,nan,nan,2.185980330926955,15.114359526007515,0.04262575336570088,nan,nan,nan,nan
928,30.95216641298833,0,178.03336451512317,268.25194886186466,234.24987120041214,267.5015455950541,nan,nan,nan,nan,2.1705997537853796,15.11620717472367,0.04107852388043571,nan,nan,nan,nan
929,30.985520040588533,0,177.94795539033458,268.3289962825279,234.24987120041214,267.5015455950541,nan,nan,nan,nan,2.168553621646429,15.113576766075248,0.042616348758839045,nan,nan,nan,nan
930,31.018873668188736,0,177.73437980917203,268.2440751000308,233.83879989829643,267.277142130689,nan,nan,nan,nan,2.148512241765831,15.12342909448937,0.045524525358006544,nan,nan,nan,nan
931,31.05222729578894,0,177.30414312617702,268.5433145009416,233.72883090304424,267.2020977232028,nan,nan,nan,nan,2.134052031875676,15.115564545774479,0.05299621340725318,nan,nan,nan,nan
932,31.08558092338914,0,177.11524163568774,268.2846964064436,233.66233766233765,267.24471606824545,nan,nan,nan,nan,2.125200241523397,15.122555410270898,0.04684740340083617,nan,nan,nan,nan
933,31.118934550989344,0,176.9443908711025,267.9321761491481,233.58647194465794,267.2508326928004,nan,nan,nan,nan,2.115850425410564,15.133903461139422,0.03958644841515582,nan,nan,nan,nan
934,31.152288178589547,0,176.85843861354064,267.92970521541946,233.50954927425516,267.24777183600713,nan,nan,nan,nan,2.111025230345101,15.133963989653726,0.03959632925859163,nan,nan,nan,nan
935,31.18564180618975,0,176.7143323539014,267.83904668625524,233.50966744006186,267.26939932972414,nan,nan,nan,nan,2.106357508840732,15.136151597980632,0.03730665139566309,nan,nan,nan,nan
936,31.218995433789953,0,176.6410003290556,267.77262257321485,233.50966744006186,267.26939932972414,nan,nan,nan,nan,2.1038024038125407,15.138308800543577,0.03596092445179085,nan,nan,nan,nan
937,31.252349061390156,0,176.48181818181817,267.7161616161616,233.3549883990719,267.2972415571023,nan,nan,nan,nan,2.0943612059118966,15.139019995298646,0.03427039499571863,nan,nan,nan,nan
938,31.28570268899036,0,176.13917175831637,268.1928038017651,233.24980299448384,267.0916732335172,262.1765873015873,265.88690476190476,343.4189189189189,204.6891891891892,2.0830322015120526,15.12967542581291,0.047871696970278654,5.456322919699461,15.334942535095488,9.884550781271075,19.73912722181162
939,31.31905631659056,0,176.160744500846,268.00033840947543,233.09527518172376,267.13707165109037,nan,nan,nan,nan,2.078172847344272,15.134465453405245,0.04316707270526549,nan,nan,nan,nan
940,31.352409944190764,0,176.18318011576437,268.07865168539325,233.02401461759328,267.20412424954316,nan,nan,nan,nan,2.077540565376679,15.129578023044802,0.04341835375937012,nan,nan,nan,nan
941,31.385763571790967,0,176.50581793292264,268.30287474332647,233.06671920147093,268.7115839243499,nan,nan,nan,nan,2.09723325314113,15.072038039530453,0.017635802009566055,nan,nan,nan,nan
942,31.419117199391174,0,179.87158186223604,266.5614399446175,235.81278538812782,266.4297609454741,nan,nan,nan,nan,2.255248383067825,15.21099983783839,0.0286020472509619,nan,nan,nan,nan
943,31.452470826991377,0,187.36054421768708,263.500179018976,243.21943573667713,264.8113897596656,nan,nan,nan,nan,2.668441750133487,15.379000077974187,-0.0006309522952707612,nan,nan,nan,nan
944,31.48582445459158,0,193.76699742741638,259.62146269753765,249.5097112860892,261.01312335958005,nan,nan,nan,nan,3.0028015994436204,15.646806504920608,-0.0022260284814424147,nan,nan,nan,nan
945,31.519178082191782,0,204.04375951293758,251.82229832572295,260.9673748103187,253.7185128983308,nan,nan,nan,nan,3.568961815330213,16.17478710383204,-0.011527351595483293,nan,nan,nan,nan
946,31.552531709791985,0,219.96954732510287,241.45802469135802,277.3074159609956,244.94251988709263,nan,nan,nan,nan,4.435463863541264,16.85571605405086,-0.04252595654130136,nan,nan,nan,nan
947,31.585885337392188,0,241.3164880040837,230.23634507401732,298.60603810937886,235.08859193268992,nan,nan,nan,nan,5.617683223911081,17.621602944206188,-0.06962120299311411,nan,nan,nan,nan
948,31.61923896499239,0,267.85580852305895,217.84004670169293,325.02437223042836,224.68414574101428,nan,nan,nan,nan,7.123714380548905,18.46866764775779,-0.10932744124814878,nan,nan,nan,nan
949,31.652592592592594,0,296.55900243309,209.14963503649636,353.66978641708664,216.38060955123586,nan,nan,nan,nan,8.811343740913308,19.124289077533078,-0.11759121128732684,nan,nan,nan,nan
950,31.685946220192797,0,327.0024600246002,203.03136531365314,383.9205236091631,210.66526414212245,nan,nan,nan,nan,10.640055472631511,19.60399533774009,-0.12653404237504304,nan,nan,nan,nan
951,31.719299847793,0,356.4838160136286,199.7677455990914,413.1306962757344,208.6796206338191,nan,nan,nan,nan,12.440574260570397,19.84650191062977,-0.1530258346397024,nan,nan,nan,nan
952,31.752653475393203,0,382.0929203539823,200.42182890855457,437.9334753787878,208.7372159090909,nan,nan,nan,nan,14.006658970188514,19.865102086355115,-0.14380260362746303,nan,nan,nan,nan
953,31.786007102993405,0,402.48393825615346,202.65915727993323,458.2496296296296,211.1251851851852,nan,nan,nan,nan,15.27919599062169,19.732723737350078,-0.14712692736307206,nan,nan,nan,nan
954,31.81936073059361,0,418.0388571428571,207.256,473.60876132930514,215.09038267875124,nan,nan,nan,nan,16.25158598029538,19.449123914185815,-0.13474349184893533,nan,nan,nan,nan
955,31.85271435819381,0,429.4133611691023,212.63152400835074,484.15686274509795,219.24318818436464,nan,nan,nan,nan,16.942953655865864,19.124067313486012,-0.11159013181209361,nan,nan,nan,nan
956,31.886067985794014,0,437.00809574093626,217.3611404435058,491.82069324993483,223.9986968986187,nan,nan,nan,nan,17.42434094906658,18.79664508202937,-0.11178488101649495,nan,nan,nan,nan
957,31.919421613394217,0,441.5,222.8091976516634,496.1546772068511,229.0619235836627,646.7782002534854,220.6045627376426,682.8385416666666,189.98046875,17.706230852256255,18.42894405597421,-0.10397379385025234,28.758878265530235,19.117119620344187,31.224246471609117,21.441901811681966
958,31.95277524099442,0,442.55829059829057,227.82564102564103,496.893473570658,233.66316073354906,646.6455823293172,223.4477911646586,682.6121553884711,190.11654135338347,17.769988763708476,18.08922278537159,-0.09587770400184793,28.735893131134386,18.911687129206605,31.208831261088445,21.43123266459518
959,31.986128868594623,0,440.7287680429674,233.13561597851628,495.1035248404107,238.48376353039134,nan,nan,nan,nan,17.66816472805844,17.728964020978694,-0.08540327583695899,nan,nan,nan,nan
960,32.019482496194826,0,437.070596070596,237.65800865800864,491.3566666666667,242.25777777777776,nan,nan,nan,nan,17.449993200756566,17.431971140271866,-0.06982834716112665,nan,nan,nan,nan
961,32.052836123795025,0,432.96412859560064,241.44534686971235,487.2003205128205,245.35256410256412,nan,nan,nan,nan,17.205434610200502,17.185091472712827,-0.05536079563208119,nan,nan,nan,nan
962,32.08618975139523,0,429.0060120240481,244.91516366065463,482.9099473538376,248.75477971737322,nan,nan,nan,nan,16.962080764690462,16.939718503905517,-0.05440738232188893,nan,nan,nan,nan
963,32.11954337899543,0,425.1737478411053,249.4587219343696,478.9778152204437,252.67902274641955,nan,nan,nan,nan,16.73661270147098,16.64080045803088,-0.04149227177183216,nan,nan,nan,nan
964,32.15289700659564,0,423.95875251509057,253.86787391012743,477.4010109519798,256.92867172142655,nan,nan,nan,nan,16.66242895965665,16.34093712882654,-0.03857366198478799,nan,nan,nan,nan
965,32.18625063419584,0,423.5228507510387,256.435602428891,477.34911406423026,259.46179401993356,nan,nan,nan,nan,16.653760599096437,16.165961097788518,-0.037389201003022336,nan,nan,nan,nan
966,32.21960426179604,0,422.8135363790186,255.87343485617595,476.52095639943735,259.0897327707454,nan,nan,nan,nan,16.606220705024263,16.196681750333518,-0.0415235326790688,nan,nan,nan,nan
967,32.25295788939624,0,422.61313628899836,254.99573070607553,476.5277545327754,258.88061366806136,nan,nan,nan,nan,16.598758687725745,16.2337196202787,-0.055243872805360805,nan,nan,nan,nan
968,32.28631151699645,0,422.53796024763767,254.9625285109156,476.5277545327754,258.88061366806136,nan,nan,nan,nan,16.596437546614446,16.23479702729792,-0.055823440127603645,nan,nan,nan,nan
969,32.31966514459665,0,422.59856630824373,255.128706419029,476.5277545327754,258.88061366806136,nan,nan,nan,nan,16.598545107896484,16.22915404539606,-0.05244441106173549,nan,nan,nan,nan
970,32.353018772196855,0,422.8235489220563,255.81492537313432,476.5277545327754,258.88061366806136,nan,nan,nan,nan,16.606482280914747,16.20584357654314,-0.038362809878648194,nan,nan,nan,nan
971,32.386372399797054,0,422.8499835146719,255.88822947576656,476.45109448600715,258.8398448323635,nan,nan,nan,nan,16.605060549202857,16.204689315081705,-0.036084116781169386,nan,nan,nan,nan
972,32.41972602739726,0,422.7543361715547,255.93125197098706,476.38669950738915,258.9909688013136,nan,nan,nan,nan,16.60041631021054,16.197925510770226,-0.03832356262568835,nan,nan,nan,nan
973,32.45307965499747,0,422.7543361715547,255.93125197098706,476.38669950738915,258.9909688013136,nan,nan,nan,nan,16.60041631021054,16.197925510770226,-0.03832356262568835,nan,nan,nan,nan
974,32.486433282597666,0,422.76370510396976,255.9413988657845,476.38669950738915,258.9909688013136,nan,nan,nan,nan,16.600715559066515,16.197585814499313,-0.03812123093690808,nan,nan,nan,nan
975,32.51978691019787,0,422.7725856697819,255.92616822429906,476.38669950738915,258.9909688013136,nan,nan,nan,nan,16.60095721615166,16.19811391158734,-0.03845250420194385,nan,nan,nan,nan
976,32.55314053779807,0,422.8055296675986,255.9158123640882,476.4619834710744,259.0322314049587,nan,nan,nan,nan,16.604231853448844,16.197143820090254,-0.039487350403896136,nan,nan,nan,nan
977,32.58649416539828,0,422.6918819188192,255.92435424354244,476.4619834710744,259.0322314049587,nan,nan,nan,nan,16.60082431166624,16.19676140796091,-0.03916953318835341,nan,nan,nan,nan
978,32.61984779299848,0,422.6979454155167,255.9555351119288,476.5178179824561,259.0592105263158,nan,nan,nan,nan,16.602762947013563,16.194821753282866,-0.03902111527787796,nan,nan,nan,nan
979,32.653201420598684,0,422.67490842490844,256.010989010989,476.4619834710744,259.0322314049587,nan,nan,nan,nan,16.600459783982057,16.193784243383583,-0.03733097899842118,nan,nan,nan,nan
980,32.68655504819888,0,422.7270775835633,255.9892670959828,476.4619834710744,259.0322314049587,nan,nan,nan,nan,16.60199380486158,16.19456869277267,-0.037848831446264906,nan,nan,nan,nan
981,32.71990867579909,0,422.7509225092251,256.0762607626076,476.59286492374724,259.0669934640523,nan,nan,nan,nan,16.606831595473974,16.190527526690385,-0.03662675321537501,nan,nan,nan,nan
982,32.75326230339929,0,422.72610294117646,256.10110294117646,476.59286492374724,259.0669934640523,nan,nan,nan,nan,16.606126332078194,16.189658133222906,-0.036077230951948855,nan,nan,nan,nan
983,32.786615930999496,0,422.65996955859964,256.0435312024353,476.59286492374724,259.0669934640523,nan,nan,nan,nan,16.60403786699287,16.191574897413645,-0.03720605396077963,nan,nan,nan,nan
984,32.819969558599695,0,422.78373382624767,256.0924214417745,476.59286492374724,259.0669934640523,nan,nan,nan,nan,16.607846765685395,16.190000788906314,-0.03632594469165432,nan,nan,nan,nan
985,32.8533231861999,0,422.7614650661742,256.14558325638654,476.59286492374724,259.0669934640523,nan,nan,nan,nan,16.607266138613983,16.188164835497908,-0.03518518239317728,nan,nan,nan,nan
986,32.8866768138001,0,422.73511356660526,256.1178637200737,476.6582724072569,258.99783373950714,nan,nan,nan,nan,16.608351021142482,16.191507167039934,-0.03421292114519487,nan,nan,nan,nan
987,32.92003044140031,0,422.7670052323792,256.1037242228378,476.6038095238095,258.9708843537415,nan,nan,nan,nan,16.60762534932045,16.192893979234412,-0.03404088339129206,nan,nan,nan,nan
988,32.953384069000506,0,422.7670052323792,256.1037242228378,476.5377668308703,259.0402298850575,nan,nan,nan,nan,16.605681284415798,16.19047189337619,-0.03557117907678595,nan,nan,nan,nan
989,32.98673769660071,0,422.7670052323792,256.1037242228378,476.5377668308703,259.0402298850575,nan,nan,nan,nan,16.605681284415798,16.19047189337619,-0.03557117907678595,nan,nan,nan,nan
990,33.02009132420091,0,422.8487084870849,256.13560885608854,476.5377668308703,259.0402298850575,nan,nan,nan,nan,16.60819496155907,16.189446151949397,-0.03499448855699167,nan,nan,nan,nan
991,33.05344495180112,0,422.84147465437786,256.12104454685095,476.5377668308703,259.0402298850575,nan,nan,nan,nan,16.607952587872955,16.189938552285263,-0.035292505766517226,nan,nan,nan,nan
992,33.08679857940132,0,422.87789084181316,256.1473943879124,476.5377668308703,259.0402298850575,nan,nan,nan,nan,16.609093434039842,16.189066208089717,-0.03477971778636808,nan,nan,nan,nan
993,33.120152207001524,0,423.04390090937596,256.2740671056757,476.5377668308703,259.0402298850575,nan,nan,nan,nan,16.614304804259316,16.18486573016031,-0.03229453127731633,nan,nan,nan,nan
994,33.153505834601724,0,423.04390090937596,256.2740671056757,476.526101141925,259.1247960848287,nan,nan,nan,nan,16.614011970797986,16.18196679960409,-0.034093260533340074,nan,nan,nan,nan
995,33.18685946220193,0,423.04390090937596,256.2740671056757,476.526101141925,259.1247960848287,nan,nan,nan,nan,16.614011970797986,16.18196679960409,-0.034093260533340074,nan,nan,nan,nan
996,33.22021308980213,5,423.07629768605375,256.2682926829268,476.526101141925,259.1247960848287,nan,nan,nan,nan,16.61497754097295,16.182189957311962,-0.034251726748232805,nan,nan,nan,nan
997,33.253566717402336,5,423.0709153389565,256.2552327397688,476.526101141925,259.1247960848287,nan,nan,nan,nan,16.614793517858114,16.18263230642227,-0.03452151199102441,nan,nan,nan,nan
998,33.286920345002535,5,423.0709153389565,256.2552327397688,476.4622331691297,259.20443349753697,617.0808080808081,77.5995670995671,665.664928292047,120.28074750108648,16.612922547738833,16.179860781419833,-0.0362781759932537,27.532929760749695,30.407859577679186,30.576086652099256,26.89993210749738
999,33.32027397260274,5,423.0643548890971,256.2552327397688,476.4622331691297,259.20443349753697,596.1514041514041,112.64615384615385,652.2145653876272,147.9621508744453,16.612725045676733,16.17985557905747,-0.0362705152864502,25.966546575256817,27.3801057967193,29.509762467378152,24.631737854683635
1000,33.35362760020294,5,423.0982423101067,256.31826741996235,476.4622331691297,259.20443349753697,584.0482514386897,155.53652058432934,645.6775568181819,183.18442234848484,16.613851322643114,16.177726887054916,-0.03497662257197645,25.02745694756649,23.897001805678688,28.886886272714207,21.88577288395922
1001,33.38698122780315,5,423.0982423101067,256.31826741996235,476.4622331691297,259.20443349753697,582.0649263721552,193.85274431057564,645.9072463768116,215.5391304347826,16.613851322643114,16.177726887054916,-0.03497662257197645,24.791644964998344,20.965379212303137,28.730543074773294,19.482996233761295
1002,33.42033485540335,5,423.13188542650295,256.1325149512118,476.60048622366287,259.145056726094,581.7551138000576,219.84759435321232,646.5585504642108,237.27044025157232,16.618680660299184,16.186244220641782,-0.037525109537731687,24.70265556922074,19.058791430545703,28.65983624982798,17.92427770017087
1003,33.45368848300355,5,423.13188542650295,256.1325149512118,476.6125611745514,259.0611745513866,583.6977547495682,231.1965457685665,648.8855614973262,246.86595365418893,16.61898643229887,16.1891200394815,-0.03574002350403125,24.793237468460987,18.249306659317725,28.75473546171554,17.25268974781748
1004,33.48704211060375,5,423.13188542650295,256.1325149512118,476.6125611745514,259.0611745513866,585.6241651487552,242.59168184578016,650.3108024691358,256.3151234567901,16.61898643229887,16.1891200394815,-0.03574002350403125,24.881437963023533,17.44781319754806,28.794093473449262,16.5975851630752
1005,33.52039573820396,5,423.18835074390626,256.1636593858816,476.6125611745514,259.0611745513866,583.9255870692284,259.15004574565415,648.852904040404,269.70864898989896,16.62073883448586,16.188099612811886,-0.03514718410347555,24.73392063151854,16.295731937370604,28.638008293296696,15.676400999103691
1006,33.55374936580416,5,423.2223285486443,256.0730462519936,476.6125611745514,259.0611745513866,579.5155237120437,272.6796315250768,644.7571936631102,281.2282573553184,16.621609461198997,16.191225868843414,-0.03710218002998311,24.43340895711427,15.367013753203477,28.334580682468925,14.891794852991309
1007,33.587102993404365,5,423.1768060836502,255.98669201520912,476.6125611745514,259.0611745513866,576.5345080763583,282.6879588839941,640.9913644214162,288.4991364421416,16.620093576405175,16.19414370413264,-0.038872391850919834,24.23117661486873,14.690380849194007,28.074477089976316,14.400525026285285
1008,33.620456621004564,5,423.1768060836502,255.98669201520912,476.6125611745514,259.0611745513866,573.8515955401768,286.516339869281,638.352264291017,291.43949517446174,16.620093576405175,16.19414370413264,-0.038872391850919834,24.062295782740613,14.431433042420633,27.903155016206323,14.201446155897417
1009,33.65381024860477,5,423.1768060836502,255.98669201520912,476.6125611745514,259.0611745513866,570.3666666666667,287.76513409961683,635.0699453551913,291.88160291438976,16.620093576405175,16.19414370413264,-0.038872391850919834,23.851585769211816,14.343326173673379,27.704834275346702,14.167274520195717
1010,33.68716387620497,5,423.1768060836502,255.98669201520912,476.6125611745514,259.0611745513866,566.2459720730398,290.5359828141783,631.3786848072563,293.40702947845807,16.620093576405175,16.19414370413264,-0.038872391850919834,23.600513617289632,14.153755703481082,27.47768364007227,14.060908487657857
1011,33.720517503805176,5,423.1768060836502,255.98669201520912,476.6125611745514,259.0611745513866,563.1648311306901,293.9607195301028,628.3156508653123,295.484574868322,16.620093576405175,16.19414370413264,-0.038872391850919834,23.411027721002533,13.923365465461314,27.28625525677576,13.919305729082893
1012,33.753871131405376,5,423.1768060836502,255.98669201520912,476.6125611745514,259.0611745513866,560.8466302367941,294.5125683060109,626.4752155172414,295.0377155172414,16.620093576405175,16.19414370413264,-0.038872391850919834,23.27233512845354,13.883647578328787,27.178252075709125,13.94603170544132
1013,33.78722475900558,5,423.1768060836502,255.98669201520912,476.6125611745514,259.0611745513866,558.3056680161943,291.9780701754386,623.5331957344341,292.51805985552113,16.620093576405175,16.19414370413264,-0.038872391850919834,23.125344133567868,14.046770417763868,27.012550728366683,14.107991070311414
1014,33.82057838660578,5,423.1768060836502,255.98669201520912,476.6125611745514,259.0611745513866,554.948857453754,288.7370330068915,620.07096069869,289.1684861717613,16.620093576405175,16.19414370413264,-0.038872391850919834,22.93035577728982,14.255887962073786,26.8184073731581,14.324677642578525
1015,33.85393201420599,5,423.17125672681226,255.97372586261474,476.6125611745514,259.0611745513866,551.5967926689576,287.1019473081329,616.211085801063,287.4844343204252,16.619904669935725,16.194582865304234,-0.03913946701124044,22.73279601273846,14.35919332002556,26.593582001298536,14.430745100103225
1016,33.88728564180619,5,423.17125672681226,255.97372586261474,476.6125611745514,259.0611745513866,547.9915843395536,286.41126966703257,612.7297872340425,286.30460992907797,16.619904669935725,16.194582865304234,-0.03913946701124044,22.51864957659049,14.399601400481465,26.389267745911326,14.503994811901796
1017,33.920639269406394,5,423.17125672681226,255.97372586261474,476.6888341543514,259.08949096880133,543.8351528384279,284.4985443959243,608.1205073995771,284.6550387596899,16.62222543708018,16.193675602749288,-0.03964365587100104,22.2727853480454,14.520397299678448,26.118678452710803,14.606943722788973
1018,33.95399289700659,5,423.17125672681226,255.97372586261474,476.6888341543514,259.08949096880133,538.7719298245614,283.6510721247563,602.3156906906906,283.47184684684686,16.62222543708018,16.193675602749288,-0.03964365587100104,21.971315412648142,14.569139152222466,25.77442348609065,14.677106456350169
1019,33.9873465246068,5,423.17125672681226,255.97372586261474,476.61404958677684,259.06859504132234,532.407100591716,283.87810650887576,595.7577454273983,283.55281821575215,16.61995474798154,16.19433047189287,-0.03929435095436473,21.59122761065831,14.54444668844996,25.380917651556665,14.661771025889918
1020,34.020700152207,5,422.89138576779027,255.91385767790263,476.4513776337115,259.0834683954619,523.7666666666667,283.61394557823127,588.9339557399722,283.08125864453666,16.60652965925611,16.195519574238865,-0.04072603726736934,21.075878221512177,14.54900023949312,24.973188236260164,14.682910683189563
1021,34.054053779807205,5,415.71676891615544,255.03612815269256,469.4789825970548,258.9874163319946,517.427485959696,280.6012553683515,581.4209813874788,280.23045685279186,16.178584036821633,16.21762760398819,-0.056858333589138825,20.6981823837699,14.740083104591251,24.529883489002955,14.862080653280467
1022,34.087407407407404,5,406.63496932515335,255.14860259032037,460.52793222133965,257.07889859676993,508.40400951410123,278.8063200815494,572.5339985218034,277.58462675535844,15.633703006891025,16.264733999151858,-0.01430801330462106,20.1590161612824,14.846241977885189,24.002301099291845,15.02590575045453
1023,34.12076103500761,5,397.036231884058,254.8854382332643,450.6018062397373,256.3423645320197,498.5212180110139,278.49497894395853,562.3078344419807,277.57982261640797,15.0441703783996,16.283450047342587,-0.004534558139304149,19.568508433331196,14.852026057594317,23.388247433798877,15.010578033667482
1024,34.15411466260781,5,387.06080830552463,255.6837226548016,440.8071560115759,255.12575637990003,488.87453750420445,276.60376723847963,552.233918128655,276.2721018231854,14.44916358640699,16.282141420383425,0.03818248915641941,18.990827287160695,14.963829208839167,22.785552968156246,15.082954775401161
1025,34.18746829020802,5,375.542212518195,256.5633187772926,430.4040154015401,254.43399339933993,477.8755916159567,275.20993914807303,541.5115789473684,275.12,13.79079642268357,16.258440380126224,0.07057005684154466,18.332044869902177,15.040397424241762,22.143252991156373,15.143933841419148
1026,34.220821917808216,5,363.34796573875803,256.836545324768,417.0790782927468,255.75752814873002,465.97341115434494,276.5220492866407,529.4325441563321,275.56783164223975,13.026681543421256,16.18358184163082,0.049202039044217404,17.623428750813847,14.934394640799777,21.4182433504952,15.095306267749907
1027,34.25417554540842,5,350.24579510703364,258.887996941896,404.7417061611374,257.89494470774093,453.8336594911937,278.51402478799736,517.4654788418708,277.3711952487008,12.273506962356343,16.02072632444191,0.04698446052102865,16.903860774601256,14.782939247887718,20.700803989084985,14.956055475561275
1028,34.28752917300862,5,337.77491601343786,260.58753266144083,392.5660428532682,258.43395714673176,442.2508856682769,278.46666666666664,505.5994944023113,277.2723004694835,11.541909468869637,15.925351442315002,0.07095986381127471,16.21444207954747,14.768552956467323,19.990962375916347,14.944579231477334
1029,34.32088280060883,5,325.128290693363,261.8209121245829,380.55537763544163,259.00667200427006,430.4356243949661,278.61406905453373,493.0947012401353,277.4141300263059,10.810135298075528,15.844817035648541,0.08401310700120977,15.512314601191163,14.740855022898085,19.24364808877328,14.916032881398056
1030,34.35423642820903,5,311.7798742138365,264.14740566037733,366.8071560115759,261.87424362009995,417.96476457748673,281.98971000935455,480.77417173766054,280.41683569979716,10.017132832383707,15.64786269615507,0.07307713297457658,14.783111992247672,14.49780866569106,18.51158617278619,14.696904033012443
1031,34.387590055809234,5,299.1581056466302,265.7697632058288,354.4562368972746,264.83149895178195,406.1796056685151,284.83641404805917,469.83187454412837,283.00911743253096,9.288105178719753,15.473986440594356,0.04524023373207197,14.095979256369759,14.291885771965445,17.86404538389435,14.508056550598441
1032,34.42094368340943,5,288.85679012345673,266.5954144620811,343.84375,265.6609375,396.08658854166663,285.3447265625,459.8312284730195,283.3593570608496,8.672327064504447,15.40217771004971,0.0452373817943213,13.501716264444427,14.243325496852446,17.270489233835946,14.4698104632809
1033,34.45429731100964,5,278.2703818369453,268.26762985896113,333.8192004074357,265.83778966131905,387.26079788987795,284.92647543686115,449.71812334468405,283.195989405978,8.068123301438963,15.324338313350829,0.07566831635808609,12.978812201033143,14.257782396401572,16.66973971396025,14.465474063761164
1034,34.487650938609846,5,269.0354827703855,268.963493688161,324.7046511627907,265.65503875968994,378.2459610946257,284.25618199802176,440.7336309523809,282.84970238095235,7.5264644004949055,15.293126016339315,0.09359766651771861,12.443595400484432,14.288581907082756,16.135762753767963,14.474955343686714
1035,34.521004566210046,5,260.47364953886694,269.9947299077734,316.7046511627907,265.34496124031006,370.48657498362803,282.8320235756385,432.69880952380953,281.49126984126985,7.039376673096532,15.256423600667684,0.12022027781964544,11.978507856617027,14.371035823008365,15.655260637571727,14.552992431959957
1036,34.55435819381025,5,252.48347770291946,270.7285851780558,308.6112877583466,265.18203497615264,362.86162301972195,282.56644034917554,425.01347602061037,281.2108600871978,6.566025121675012,15.225114844359666,0.1387322821574975,11.527065057983924,14.377200849562422,15.198439038436668,14.560049374996945
1037,34.58771182141045,5,244.52629880606645,271.95901903839945,300.6674418604651,265.81007751937983,355.5564304461942,282.3018372703412,418.0576998050682,281.26978557504873,6.103958106906566,15.150881252255767,0.15098448609398002,11.094588112854828,14.383777030136375,14.786140388795713,14.545686139692743
1038,34.62106544901066,5,238.32086928731223,272.795142217961,294.59672386895477,265.87909516380654,349.6126036484245,282.06036484245436,411.65804935370153,281.0912651782217,5.745559870286175,15.111404906198246,0.16633115412732588,10.742614656589835,14.390856033283946,14.406154790838961,14.547913978243793
1039,34.65441907661086,5,232.2844611528822,273.89066416040095,288.6083202511774,266.0873888016745,344.02569105691055,281.8078048780488,405.4703572830781,280.99764428739695,5.396788764043404,15.058890217813683,0.18426743846809135,10.411662347108361,14.399199347267592,14.039146913866366,14.544828914140885
1040,34.68777270421106,5,226.85531135531136,275.26739926739924,282.90064102564105,266.5566239316239,338.6422287390029,282.2567611599869,400.58905704307335,281.1428017074117,5.077105193198648,14.989063435627774,0.20356176157893388,10.09711231937341,14.36152299578853,13.750598337788947,14.527875178149298
1041,34.72112633181126,5,222.60789800995025,275.8694029850746,278.6715407527755,266.75440021662604,334.5143422354105,281.946587537092,396.3137023949745,281.05378877110326,4.831149774413871,14.956081794013638,0.21178353717594123,9.851940171371513,14.375842349177562,13.497080290872445,14.5273590275967
1042,34.75447995941147,5,218.14780168381665,276.69847209229806,274.6329588014981,267.2113429641519,330.5957516339869,282.12973856209146,392.63035921205096,280.7921977597528,4.58709979852685,14.90693186724938,0.21793210454443562,9.622297081595452,14.35791164604263,13.277902420246647,14.5391711482412
1043,34.78783358701167,5,214.99877563513925,277.7269666360575,271.2670364500792,267.3560486001056,327.16361167684994,281.4134419551935,389.0247349823322,280.87239890066746,4.4012987881631584,14.863206843003315,0.2365841311160713,9.41542775422538,14.400076843801733,13.064842811558684,14.5284432469194
1044,34.821187214611875,5,211.62714932126696,278.48717948717945,267.90664556962025,267.9179852320675,323.738299904489,281.63865011142946,385.8479462875197,281.0051342812006,4.209727606274675,14.814249827158632,0.2405488390221216,9.215208799596498,14.380098645288534,12.877469942281506,14.514881545294887
1045,34.854540842212074,5,208.12424242424242,279.3066666666667,264.6175466246388,268.5463619648017,293.20567375886526,263.83687943262413,383.01405622489955,281.2722891566265,4.017238950533649,14.761128809687001,0.24357774680898192,7.278302188459071,15.520517752534506,12.711079408261666,14.492936393713276
1046,34.88789446981228,5,204.68942797244682,280.3102725366876,261.40140845070425,269.6958789775691,290.2391304347826,265.0507246376812,379.710262345679,282.5474537037037,3.832477565467537,14.68472165559929,0.23973448295266891,7.111991377248382,15.43427059076812,12.52183173286476,14.40361581483969
1047,34.92124809741248,5,202.4505068574836,281.1085271317829,258.6893639482713,270.6244391660068,287.4039735099338,265.9006622516556,377.6131736526946,283.23433133732533,3.695643213416134,14.623804736006557,0.2388210508346809,6.950766809679884,15.37279984708348,12.401283130716918,14.355094100062157
1048,34.95460172501269,5,201.79200480913735,281.3008716561466,258.4773144505638,271.13506425386834,286.08114035087715,265.7280701754386,377.62996254681644,284.10337078651685,3.6735559782644858,14.599825529088793,0.2306962325675901,6.870922090932052,15.382354176877351,12.406499834048352,14.297747050150868
1049,34.987955352612886,5,201.17241379310346,281.44414972001175,257.99895095725145,270.2966168371361,285.68108108108106,266.2234234234234,381.12600450016066,278.9810350369656,3.6383008257818097,14.62224845260359,0.2499542648584931,6.851291162096907,15.34848274095505,12.588521020074431,14.64204061919714
1050,35.02130898021309,5,201.16517590936195,281.17084078711986,257.8568075117371,269.83854981742303,286.10224948875253,265.08384458077705,385.66192259675404,263.34132334581767,3.630283617124702,14.646384899666767,0.2542591779733194,6.866864031281023,15.425667680372564,12.784449846716713,15.697458394837845
1051,35.05466260781329,5,201.16517590936195,281.17084078711986,257.8568075117371,269.83854981742303,285.7718120805369,264.6890380313199,393.7102880658436,238.45946502057612,3.630283617124702,14.646384899666767,0.2542591779733194,6.844005328077321,15.451698944693142,13.154608631850966,17.420565964837213
1052,35.0880162354135,5,201.16517590936195,281.17084078711986,257.8568075117371,269.83854981742303,350.96853203568526,185.13219789132197,410.3528806584362,204.9511316872428,3.630283617124702,14.646384899666767,0.2542591779733194,10.224721796341063,21.190674435185333,14.032056247253172,19.83822659050634
1053,35.1213698630137,5,201.21551213735938,281.24777975133213,257.8568075117371,269.83854981742303,382.58294717330864,137.64627741736174,436.9683734939759,166.1621485943775,3.63217757358216,14.643896676257688,0.2559979289872112,11.94669174874696,24.900813813583948,15.565144927578901,22.78549986407348
1054,35.154723490613904,5,201.21551213735938,281.24777975133213,257.8568075117371,269.83854981742303,nan,nan,nan,nan,3.63217757358216,14.643896676257688,0.2559979289872112,nan,nan,nan,nan
1055,35.1880771182141,5,201.21551213735938,281.24777975133213,257.8568075117371,269.83854981742303,nan,nan,nan,nan,3.63217757358216,14.643896676257688,0.2559979289872112,nan,nan,nan,nan
1056,35.22143074581431,5,201.21551213735938,281.24777975133213,257.8568075117371,269.83854981742303,nan,nan,nan,nan,3.63217757358216,14.643896676257688,0.2559979289872112,nan,nan,nan,nan
1057,35.25478437341451,5,201.21551213735938,281.24777975133213,257.8568075117371,269.83854981742303,nan,nan,nan,nan,3.63217757358216,14.643896676257688,0.2559979289872112,nan,nan,nan,nan
1058,35.288138001014715,5,201.21551213735938,281.24777975133213,257.8568075117371,269.83854981742303,nan,nan,nan,nan,3.63217757358216,14.643896676257688,0.2559979289872112,nan,nan,nan,nan
1059,35.321491628614915,5,201.13834227787714,281.30858676207515,257.8568075117371,269.83854981742303,nan,nan,nan,nan,3.6302597662112728,14.641843797428946,0.256901009154686,nan,nan,nan,nan
1060,35.35484525621512,5,201.13834227787714,281.30858676207515,257.8568075117371,269.83854981742303,nan,nan,nan,nan,3.6302597662112728,14.641843797428946,0.256901009154686,nan,nan,nan,nan
1061,35.38819888381532,5,201.24512372634643,281.0407569141193,257.9540320462306,269.70055161544525,nan,nan,nan,nan,3.6341358536399824,14.65539341853809,0.25436911267520135,nan,nan,nan,nan
1062,35.42155251141553,0,201.24512372634643,281.0407569141193,257.9540320462306,269.70055161544525,nan,nan,nan,nan,3.6341358536399824,14.65539341853809,0.25436911267520135,nan,nan,nan,nan
1063,35.454906139015726,0,201.24512372634643,281.0407569141193,257.9540320462306,269.70055161544525,nan,nan,nan,nan,3.6341358536399824,14.65539341853809,0.25436911267520135,nan,nan,nan,nan
1064,35.48825976661593,0,201.43013617525162,280.9831261101243,257.9229348112958,269.7693322776458,nan,nan,nan,nan,3.6386190734077832,14.655103604804943,0.25269035720875976,nan,nan,nan,nan
1065,35.52161339421613,0,201.30845771144277,281.08574773192856,257.9540320462306,269.70055161544525,nan,nan,nan,nan,3.636233295442623,14.653963241167546,0.25552141872248946,nan,nan,nan,nan
1066,35.55496702181634,0,201.30845771144277,281.08574773192856,258.0294962150874,269.66953797963976,nan,nan,nan,nan,3.638318116947934,14.655055714033157,0.25584044026727915,nan,nan,nan,nan
1067,35.58832064941654,0,201.30845771144277,281.08574773192856,258.0294962150874,269.66953797963976,nan,nan,nan,nan,3.638318116947934,14.655055714033157,0.25584044026727915,nan,nan,nan,nan
1068,35.621674277016744,0,201.30845771144277,281.08574773192856,258.0294962150874,269.66953797963976,nan,nan,nan,nan,3.638318116947934,14.655055714033157,0.25584044026727915,nan,nan,nan,nan
1069,35.655027904616944,0,201.30845771144277,281.08574773192856,258.11163645915417,269.6910953506698,nan,nan,nan,nan,3.640841553162045,14.654398830913959,0.2550746775802603,nan,nan,nan,nan
1070,35.68838153221715,0,201.30845771144277,281.08574773192856,258.11163645915417,269.6910953506698,nan,nan,nan,nan,3.640841553162045,14.654398830913959,0.2550746775802603,nan,nan,nan,nan
1071,35.72173515981735,0,201.30845771144277,281.08574773192856,258.11163645915417,269.6910953506698,nan,nan,nan,nan,3.640841553162045,14.654398830913959,0.2550746775802603,nan,nan,nan,nan
1072,35.755088787417556,0,201.30845771144277,281.08574773192856,258.11163645915417,269.6910953506698,nan,nan,nan,nan,3.640841553162045,14.654398830913959,0.2550746775802603,nan,nan,nan,nan
1073,35.788442415017755,0,201.30845771144277,281.08574773192856,258.11163645915417,269.6910953506698,nan,nan,nan,nan,3.640841553162045,14.654398830913959,0.2550746775802603,nan,nan,nan,nan
1074,35.82179604261796,0,201.30845771144277,281.08574773192856,258.11163645915417,269.6910953506698,nan,nan,nan,nan,3.640841553162045,14.654398830913959,0.2550746775802603,nan,nan,nan,nan
1075,35.85514967021816,0,201.30845771144277,281.08574773192856,258.11163645915417,269.6910953506698,nan,nan,nan,nan,3.640841553162045,14.654398830913959,0.2550746775802603,nan,nan,nan,nan
1076,35.88850329781837,0,201.30845771144277,281.08574773192856,258.11163645915417,269.6910953506698,nan,nan,nan,nan,3.640841553162045,14.654398830913959,0.2550746775802603,nan,nan,nan,nan
1077,35.92185692541857,0,201.30845771144277,281.08574773192856,258.11163645915417,269.6910953506698,nan,nan,nan,nan,3.640841553162045,14.654398830913959,0.2550746775802603,nan,nan,nan,nan
1078,35.95521055301877,0,201.30845771144277,281.08574773192856,258.16262072565905,269.5990602975724,nan,nan,nan,nan,3.6419237023024316,14.657509282236127,0.256717750957744,nan,nan,nan,nan
1079,35.98856418061897,0,201.30845771144277,281.08574773192856,258.16262072565905,269.5990602975724,nan,nan,nan,nan,3.6419237023024316,14.657509282236127,0.256717750957744,nan,nan,nan,nan
1080,36.02191780821918,0,201.30845771144277,281.08574773192856,258.16262072565905,269.5990602975724,nan,nan,nan,nan,3.6419237023024316,14.657509282236127,0.256717750957744,nan,nan,nan,nan
1081,36.05527143581938,0,201.30845771144277,281.08574773192856,258.0879957972156,269.6296296296296,nan,nan,nan,nan,3.6398614359956545,14.656432173437135,0.2564062232578611,nan,nan,nan,nan
1082,36.088625063419585,0,201.30845771144277,281.08574773192856,258.03621464446206,269.72244250594764,nan,nan,nan,nan,3.6387594812362716,14.653295285354902,0.2547481699487883,nan,nan,nan,nan
1083,36.121978691019784,0,201.24512372634643,281.0407569141193,258.03621464446206,269.72244250594764,nan,nan,nan,nan,3.6366620394336304,14.654725462725445,0.2535982174672765,nan,nan,nan,nan
1084,36.15533231861999,0,200.9279598464718,281.19988190138764,257.7853953244024,269.698975571316,nan,nan,nan,nan,3.620768279178491,14.649859170474926,0.25698339113550933,nan,nan,nan,nan
1085,36.18868594622019,0,200.94134983790156,281.1738874152667,257.7079037800687,269.70499603489293,nan,nan,nan,nan,3.6187563570348953,14.650462424269149,0.2567133477644909,nan,nan,nan,nan
1086,36.222039573820396,0,200.74516800475763,281.073743681237,257.40140845070425,269.7149191444966,nan,nan,nan,nan,3.603475104151186,14.65304014689241,0.2549686688560541,nan,nan,nan,nan
1087,36.255393201420596,0,200.5614989422786,281.0755515261408,257.33676703645006,269.7303222398309,nan,nan,nan,nan,3.596285314985333,14.652281633914143,0.2542211246191031,nan,nan,nan,nan
1088,36.2887468290208,0,200.50880388585307,281.03551912568304,257.32426127527214,269.7431311560394,nan,nan,nan,nan,3.5942153573631743,14.653119918116985,0.2530057992449337,nan,nan,nan,nan
1089,36.322100456621,0,199.85578747628082,280.99209361163815,257.03443743427965,269.64721345951625,nan,nan,nan,nan,3.565911836965497,14.657042397834992,0.25264247058655515,nan,nan,nan,nan
1090,36.35545408422121,0,199.87111517367458,280.83973187081045,256.8348982785603,269.7243088158581,nan,nan,nan,nan,3.559982204118712,14.659331670480967,0.24891820354842548,nan,nan,nan,nan
1091,36.38880771182141,0,199.87111517367458,280.83973187081045,256.5829346092504,269.5898458266879,nan,nan,nan,nan,3.551925050980751,14.663627063092997,0.2526208543142518,nan,nan,nan,nan
1092,36.42216133942161,0,199.65072063784115,281.00122661760196,256.5095087163233,269.6574220813523,nan,nan,nan,nan,3.5445295969858672,14.655850355664041,0.25390215295134444,nan,nan,nan,nan
1093,36.45551496702181,0,199.5851920693928,280.98574969021064,256.2803270042194,269.6012658227848,nan,nan,nan,nan,3.5355070440368777,14.658009502331545,0.25538521148427307,nan,nan,nan,nan
1094,36.48886859462202,0,200.46987951807228,282.40763052208837,258.13810233482366,273.1634376552409,nan,nan,nan,nan,3.640351673440826,14.494798009447933,0.20871629944554335,nan,nan,nan,nan
1095,36.522222222222226,0,206.40711462450594,278.7911725955204,263.582215598609,271.75782414307,309.6450839328537,200.11510791366908,354.6081081081081,195.06756756756758,3.948063212158133,14.668886321842766,0.16620880582223838,7.763453058992945,20.012207187373686,10.515799872013886,20.46211952854906
1096,36.555575849822425,0,215.37472035794184,275.3661446681581,271.9575212393803,269.7068965517241,nan,nan,nan,nan,4.430465108484693,14.86337831884638,0.14000565884064728,nan,nan,nan,nan
1097,36.58892947742263,0,223.6061657032755,270.24662813102117,281.2262521588946,264.62348877374785,nan,nan,nan,nan,4.898009252512854,15.216904993892673,0.1376760317411735,nan,nan,nan,nan
1098,36.62228310502283,0,238.97494407158834,258.35078299776285,296.79345911949684,254.72100628930815,nan,nan,nan,nan,5.714269758562449,15.97493004437393,0.098485395437075,nan,nan,nan,nan
1099,36.65563673262304,0,259.69123394751534,244.13958682300387,317.43890593047036,243.23287321063393,nan,nan,nan,nan,6.838380827732324,16.886685629622775,0.04494929192768672,nan,nan,nan,nan
1100,36.68899036022324,0,284.84474017743975,229.34980988593156,342.3128435782109,232.5957021489255,nan,nan,nan,nan,8.24504955860485,17.812062370789633,-0.03765585245214939,nan,nan,nan,nan
1101,36.72234398782344,0,312.50090744101635,219.0453720508167,370.180981595092,224.22341513292432,nan,nan,nan,nan,9.868494139832766,18.518252502387213,-0.07570890723211554,nan,nan,nan,nan
1102,36.75569761542364,0,339.8881118881119,212.5635198135198,396.5374776157585,219.69762087490406,nan,nan,nan,nan,11.481003637398214,18.957202102820684,-0.1169267563024041,nan,nan,nan,nan
1103,36.78905124302385,0,364.24386503067484,209.81901840490798,420.0396765226181,216.87642153146322,nan,nan,nan,nan,12.940039495288074,19.198471607498334,-0.11782699313318057,nan,nan,nan,nan
1104,36.82240487062405,0,384.8495726495726,210.33376068376066,439.95083655083647,217.1168597168597,nan,nan,nan,nan,14.192217273785104,19.206412010310448,-0.11409335953712016,nan,nan,nan,nan
1105,36.855758498224255,0,401.9097990979909,212.7462074620746,457.039407630522,219.06752008032126,nan,nan,nan,nan,15.254840543695376,19.07893027010112,-0.10448791057811213,nan,nan,nan,nan
1106,36.889112125824454,0,416.4574383452665,215.1137629276054,470.78930817610063,220.88653039832283,nan,nan,nan,nan,16.135062900043653,18.9529293793224,-0.09486887985607496,nan,nan,nan,nan
1107,36.92246575342466,0,427.8815305371596,218.33774834437085,482.31998932479314,222.65092073658928,nan,nan,nan,nan,16.850431779834846,18.793778089646302,-0.06385243124093758,nan,nan,nan,nan
1108,36.95581938102486,0,435.4185876326381,221.58141236736185,489.3806802721088,224.48734693877552,nan,nan,nan,nan,17.306659192481373,18.62462455716077,-0.03459771914402299,nan,nan,nan,nan
1109,36.989173008625066,0,439.4811353409484,225.21772239529247,493.2576383154418,227.10019267822733,nan,nan,nan,nan,17.557636855395167,18.408700416731644,-0.012873396062443823,nan,nan,nan,nan
1110,37.022526636225265,0,442.0425531914894,228.38936170212767,495.3689433741973,230.31231757151193,nan,nan,nan,nan,17.70694488985534,18.186032214542205,-0.014140847955525268,nan,nan,nan,nan
1111,37.05588026382547,0,444.1504022385449,231.81566981462046,497.3782866836302,232.8399773819621,nan,nan,nan,nan,17.83879209219372,17.978928484805223,0.005161557683472856,nan,nan,nan,nan
1112,37.08923389142567,0,446.4609183315808,235.16053277252016,499.8434704830054,236.1994633273703,nan,nan,nan,nan,17.990462770725,17.746700000430735,0.004818481449060684,nan,nan,nan,nan
1113,37.12258751902588,0,449.6058227019954,236.40071965979718,502.85046728971963,239.02265647125458,nan,nan,nan,nan,18.18085029816471,17.609085769218385,-0.029370468785180716,nan,nan,nan,nan
1114,37.15594114662608,0,451.24233128834356,237.3265167007498,504.346909300982,240.93847487001733,nan,nan,nan,nan,18.27808328457794,17.512099126343703,-0.050823656964369676,nan,nan,nan,nan
1115,37.18929477422628,0,450.9570957095709,236.7792079207921,504.2178130511464,240.27601410934744,nan,nan,nan,nan,18.26464780178292,17.554135410932638,-0.04813229970840911,nan,nan,nan,nan
1116,37.22264840182648,0,450.9570957095709,236.7792079207921,504.2178130511464,240.27601410934744,nan,nan,nan,nan,18.26464780178292,17.554135410932638,-0.04813229970840911,nan,nan,nan,nan
1117,37.25600202942669,0,451.8057529610829,237.4954314720812,505.0093485246859,240.72129710780018,nan,nan,nan,nan,18.31568821609044,17.51479144966993,-0.04239615334010252,nan,nan,nan,nan
1118,37.28935565702689,0,451.84285714285716,237.55714285714285,505.44711951848666,240.7102321582115,nan,nan,nan,nan,18.330275459675875,17.51340788349073,-0.04032773611234623,nan,nan,nan,nan
1119,37.322709284627095,0,451.9251012145749,237.61133603238866,505.44711951848666,240.7102321582115,nan,nan,nan,nan,18.33284912010059,17.511576901841146,-0.03927424754654745,nan,nan,nan,nan
1120,37.356062912227294,0,451.875,237.50992063492063,505.26677852348996,240.91079418344515,nan,nan,nan,nan,18.325721613195938,17.507921557844035,-0.0458945075446649,nan,nan,nan,nan
1121,37.3894165398275,0,451.875,237.50992063492063,505.48336061102015,240.97790507364977,nan,nan,nan,nan,18.332353780120332,17.50575182056089,-0.04702957884326334,nan,nan,nan,nan
1122,37.4227701674277,0,451.9454306377383,237.45660749506902,505.36290322580646,240.94973118279566,nan,nan,nan,nan,18.330753037113524,17.508565013921853,-0.04783069821559102,nan,nan,nan,nan
1123,37.45612379502791,0,451.9454306377383,237.45660749506902,505.1410362981435,241.11415904682735,nan,nan,nan,nan,18.3239997802391,17.502629290868224,-0.051667835749063584,nan,nan,nan,nan
1124,37.489477422628106,0,451.9454306377383,237.45660749506902,505.068340306834,241.06638772663877,nan,nan,nan,nan,18.321769364418543,17.504240628622803,-0.0507495755495492,nan,nan,nan,nan
1125,37.52283105022831,0,452.0241356816699,237.52544031311155,505.1410362981435,241.11415904682735,nan,nan,nan,nan,18.326482787925134,17.50028211007362,-0.05030568118448211,nan,nan,nan,nan
1126,37.55618467782851,0,452.0241356816699,237.52544031311155,505.21059972105996,241.04128312412828,nan,nan,nan,nan,18.328596305020127,17.50288900353912,-0.04864183485753023,nan,nan,nan,nan
1127,37.58953830542872,0,451.99967320261436,237.54313725490195,505.1410362981435,241.11415904682735,nan,nan,nan,nan,18.32575718216677,17.499641703512406,-0.04989024130796493,nan,nan,nan,nan
1128,37.62289193302892,0,451.99967320261436,237.54313725490195,505.51290322580644,240.8610215053763,nan,nan,nan,nan,18.33708081409436,17.508805304876056,-0.043959017123910385,nan,nan,nan,nan
1129,37.656245560629124,0,452.0451251646903,237.64229249011856,505.51290322580644,240.8610215053763,nan,nan,nan,nan,18.338584685107065,17.50536836356373,-0.0419014038034567,nan,nan,nan,nan
1130,37.68959918822932,0,452.0820261437908,237.73921568627452,505.51290322580644,240.8610215053763,nan,nan,nan,nan,18.339824843099976,17.502002960963374,-0.03987693631751417,nan,nan,nan,nan
1131,37.72295281582953,0,452.10632746249183,237.7211350293542,505.50340136054416,241.0068027210884,nan,nan,nan,nan,18.340279162328315,17.49754754179874,-0.043423758519341445,nan,nan,nan,nan
1132,37.75630644342973,0,452.12686084142393,237.81650485436893,505.50340136054416,241.0068027210884,nan,nan,nan,nan,18.34101793924623,17.494223339797223,-0.04141043997503848,nan,nan,nan,nan
1133,37.789660071029935,0,452.12686084142393,237.81650485436893,505.50340136054416,241.0068027210884,nan,nan,nan,nan,18.34101793924623,17.494223339797223,-0.04141043997503848,nan,nan,nan,nan
1134,37.823013698630135,0,452.12686084142393,237.81650485436893,505.50340136054416,241.0068027210884,nan,nan,nan,nan,18.34101793924623,17.494223339797223,-0.04141043997503848,nan,nan,nan,nan
1135,37.85636732623034,0,452.12686084142393,237.81650485436893,505.50340136054416,241.0068027210884,nan,nan,nan,nan,18.34101793924623,17.494223339797223,-0.04141043997503848,nan,nan,nan,nan
1136,37.88972095383054,0,452.12686084142393,237.81650485436893,505.58559298822234,240.98219665844974,nan,nan,nan,nan,18.343526263256926,17.495152038466024,-0.0407798242727501,nan,nan,nan,nan
1137,37.92307458143075,0,452.2256057629338,237.9557956777996,505.58559298822234,240.98219665844974,nan,nan,nan,nan,18.346702690127117,17.490354452340704,-0.03792318847093619,nan,nan,nan,nan
1138,37.956428209030946,0,452.2793495934959,238.03869918699186,505.50340136054416,241.0068027210884,nan,nan,nan,nan,18.345931302385658,17.48656653372435,-0.03683735880337998,nan,nan,nan,nan
1139,37.98978183663115,0,452.3877091377091,238.08622908622905,505.50340136054416,241.0068027210884,639.2714440825189,102.78935939196525,681.1173469387755,144.84438775510205,18.349292676470935,17.48499150156144,-0.035944945630031505,28.910814278947765,28.300029202609842,31.430288265961703,24.939167858341822
1140,38.02313546423135,0,452.33365323096604,238.021113243762,505.58559298822234,240.98219665844974,633.8326118326117,123.25613275613274,679.8810020876826,159.81141266527484,18.35007561602162,17.488156020524762,-0.0366533161089799,28.433552340737208,26.58670740696931,31.24274302291688,23.753033588849384
1141,38.05648909183156,0,452.5554493307839,237.89738687061822,505.66887234629166,240.94403087951474,629.8390804597701,138.07224958949098,681.4932349323493,170.9661746617466,18.3592367954221,17.4940771166292,-0.03865933195431756,28.092550931490287,25.375753104866558,31.269409442198302,22.889019915777208
1142,38.08984271943176,0,452.6105769230769,237.96153846153845,505.58892617449663,241.10430648769574,620.6079686944148,160.30416221985058,680.3916142557651,188.3802935010482,18.358576531986,17.486201957711806,-0.04089882644827724,27.38319560903147,23.596933466596283,31.07858104121437,21.557963357643132
1143,38.123196347031964,0,452.55629559150015,237.95337773549002,505.58892617449663,241.10430648769574,616.9676405906378,186.401822180333,680.0667344173442,209.83570460704604,18.356910947427387,17.486442934587146,-0.04100522130596073,27.035922661326975,21.58859112971054,30.914469310030047,19.960405205764523
1144,38.15654997463216,0,452.55629559150015,237.95337773549002,505.53231292517006,241.2689909297052,617.72668997669,210.51136363636363,682.8868648130393,228.81240012783636,18.35520819965375,17.480635465924387,-0.04462680556405799,26.98430713672243,19.79991490457743,30.9668903246771,18.58855148413332
1145,38.18990360223237,0,452.58253358925145,237.98816378758795,505.56756756756755,241.18609234234233,618.5757575757576,234.37455637455636,685.0189520624303,247.54236343366776,18.357112926643538,17.48236750672855,-0.04207903479165142,26.94079408752853,18.082473625321185,30.977251453759244,17.264800009611143
1146,38.22325722983257,0,452.63931788931785,238.04021879021877,505.5965058236273,241.00249584026622,620.1159772911598,255.63287374966205,687.7613605442176,264.7050340136054,18.35975988469,17.487038223069725,-0.03703270526652902,26.950986140620188,16.59611119568196,31.034684127800066,16.07956763082221
1147,38.256610857432776,0,452.61315280464214,238.10348162475822,505.5135363790186,241.2078398195149,622.6114303959131,271.26277139208173,689.3730081300812,276.80227642276424,18.35653392281686,17.47754880010121,-0.0401694261587795,27.040793648274384,15.52984502857775,31.05497787809841,15.258379928926766
1148,38.289964485032975,0,452.61315280464214,238.10348162475822,505.5135363790186,241.2078398195149,622.6850921273032,277.7169179229481,688.8302034428795,281.9194053208137,18.35653392281686,17.47754880010121,-0.0401694261587795,27.019709423321746,15.093917996460355,30.989499066375163,14.912742841826532
1149,38.32331811263318,6,452.7824664703958,237.99803729146223,505.5187393526405,241.12067007382166,619.9485596707818,277.9185185185185,686.2289377289377,281.6065934065934,18.361720592729352,17.484435316242397,-0.04077375713227916,26.853995732555248,15.076151860476775,30.83433362698138,14.929778778451492
1150,38.35667174023338,6,452.64764667956155,237.94294003868472,505.6861087630318,241.6458157227388,615.8582857142857,276.7314285714286,681.7562994960402,279.5089992800576,18.36274581974524,17.46802590241951,-0.052871033533583446,26.61193641512663,15.149771099440224,30.57698420134976,15.064020222990191
1151,38.39002536783359,6,452.64764667956155,237.94294003868472,505.6861087630318,241.6458157227388,610.4811428571429,275.5344761904762,676.3125245386728,278.10208087946603,18.36274581974524,17.46802590241951,-0.052871033533583446,26.292022996333582,15.22215585202327,30.256198124770695,15.150462552342846
1152,38.42337899543379,6,452.64764667956155,237.94294003868472,505.6861087630318,241.6458157227388,605.0646298472385,275.707794751273,671.1451800232288,277.9206349206349,18.36274581974524,17.46802590241951,-0.052871033533583446,25.964860165519095,15.20212270509512,29.94469708611957,15.154738861069317
1153,38.45673262303399,6,452.64764667956155,237.94294003868472,505.6861087630318,241.6458157227388,599.7901094752737,275.4571536428841,665.8212351029252,277.38967136150234,18.36274581974524,17.46802590241951,-0.052871033533583446,25.64776555604243,15.210889333182749,29.625706292066383,15.182348742933232
1154,38.4900862506342,6,452.6820957891353,237.91063966570232,505.6861087630318,241.6458157227388,594.0243337195828,275.46581691772883,659.3496841322927,277.49201040505386,18.363759155026322,17.46918579766809,-0.053617602297649954,25.30034316030666,15.201422458110535,29.233881420283243,15.165471659877296
1155,38.5234398782344,6,452.6820957891353,237.91063966570232,505.6861087630318,241.6458157227388,589.5411590992986,275.0033222591362,655.1001415428166,276.5088464260439,18.363759155026322,17.46918579766809,-0.053617602297649954,25.03159004739588,15.225684718921428,28.982111477547598,15.225251427542947
1156,38.556793505834605,6,452.64764667956155,237.94294003868472,505.6861087630318,241.6458157227388,585.4408957415565,271.0106461086637,650.6278011204481,272.74334733893556,18.36274581974524,17.46802590241951,-0.052871033533583446,24.794994737283723,15.48909919732122,28.730528823286434,15.473055364971954
1157,38.590147133434805,6,452.6369796708616,237.9541787673443,505.6973211819939,241.3943661971831,580.2966781214204,268.4963726613211,645.0434782608696,270.4261652957305,18.362734601699714,17.47642504231677,-0.047192451611503504,24.490586912246254,15.651591926106194,28.40340532415804,15.621646516536927
1158,38.62350076103501,6,452.6369796708616,237.9541787673443,505.6973211819939,241.3943661971831,574.3913902053712,268.283570300158,638.451330949543,270.056813667064,18.362734601699714,17.47642504231677,-0.047192451611503504,24.13423632086795,15.656818339097608,28.00540830932572,15.636448748991404
1159,38.65685438863521,6,452.6369796708616,237.9541787673443,505.6973211819939,241.3943661971831,568.3564593301436,267.5956937799043,632.4139604329973,269.55991041433373,18.362734601699714,17.47642504231677,-0.047192451611503504,23.77105312851546,15.694111243106802,27.641601273671814,15.660791027154996
1160,38.69020801623542,6,452.6369796708616,237.9541787673443,505.70950354609926,241.73191489361702,562.5726907630522,266.8763052208835,626.1565769805679,268.9529147982063,18.363162546881284,17.464632695738715,-0.05442740440914428,23.422952225865068,15.733954884056098,27.264847434802956,15.692282074924757
1161,38.723561643835616,6,452.6256964929531,238.08816781383152,505.70950354609926,241.73191489361702,555.4451121794872,267.40905448717945,618.0029795158287,269.487895716946,18.362974724696777,17.459930548547618,-0.051532233617167175,22.99161299502521,15.68660384575154,26.768704026081767,15.643152375506082
1162,38.75691527143582,6,446.0960743801653,237.19559228650135,498.97164877511693,242.9499036608863,545.2879098360655,269.40607923497265,610.5485088712721,270.6062665156663,17.9572067450245,17.437726586177014,-0.09714059807175074,22.376393430817448,15.535333451242979,26.313416937413287,15.555583546002214
1163,38.79026889903602,6,439.1997187060478,236.82419127988746,491.8005952380952,243.3538961038961,538.0470130788265,269.4856839872747,602.5546383647799,270.17099056603774,17.527722464564114,17.42506653610917,-0.1143563616518012,21.9401548256823,15.518686822679602,25.831422782512725,15.572654228296141
1164,38.82362252663623,6,430.67818499127395,236.27818499127397,483.3949602848534,242.62065187619828,529.5132219902574,269.50869867780096,593.5347222222222,270.4733796296296,17.01035926905335,17.45583086092149,-0.11003979732557066,21.426405201684844,15.503871119065256,25.28528327658248,15.538093453634424
1165,38.85697615423643,6,421.62731997030437,236.17706013363028,474.00625850340134,242.80435374149658,519.7972366148532,271.2908462867012,584.2480620155038,271.6330749354005,16.448279405528446,17.437780361342178,-0.11696274686508598,20.841539057125388,15.368399288986545,24.721401116280152,15.445112170147482
1166,38.890329781836634,6,411.9555555555556,236.03555555555556,464.25541838134427,243.0307270233196,510.5401606425703,273.13888888888886,574.6416122004357,273.3761801016703,15.85663267853528,17.418863096665284,-0.1249815851667142,20.285868280151345,15.22958484598324,24.138134492123672,15.312439767258947
1167,38.92368340943683,6,402.10518350359433,235.87816874763524,454.7916666666667,242.80972222222218,501.2273927392739,273.06567656765674,565.1046770601337,273.1859688195991,15.268192219592414,17.416180264725654,-0.12248195189569973,19.727549134657266,15.22018280049588,23.564245441568545,15.310541659450871
1168,38.95703703703704,6,392.39252682204955,235.73880873103957,444.90589849108363,242.59753086419752,491.5608198924731,273.54233870967744,555.4531368102796,273.34391534391534,14.671435378241577,17.4123294664535,-0.12136289470500497,19.148814553360715,15.173277684449442,22.98319685664469,15.284986385663359
1169,38.99039066463724,6,381.9278155706727,235.06273620559332,434.3706447187928,242.82661179698215,480.86176470588236,275.4816993464052,544.4451778511184,275.13934726806013,14.03169585252831,17.41076708099275,-0.14066235835098426,18.510831464474354,15.026749163829846,22.31934729387755,15.14713849962181
1170,39.023744292237446,6,371.6734463276836,234.69981167608285,423.75998882369373,243.04554344789045,470.3430725730443,276.7338988375746,534.1781994047618,275.64955357142856,13.397194772223738,17.398718772461624,-0.15399030602475167,17.884487864029005,14.926881664011105,21.702782397782485,15.097092712384795
1171,39.057097919837645,6,361.09221466364323,234.28155706727134,413.16244369369366,241.91554054054055,460.5732298739088,275.1160685418687,523.886524822695,274.63510638297873,12.750868092519784,17.435250020569185,-0.13894031733439346,17.298597266161952,15.020252525609463,21.086088565667595,15.149467892778768
1172,39.09045154743785,6,349.9059233449477,233.60627177700349,402.2771754239644,240.78259660828468,450.23267973856207,273.57320261437906,513.4023117076808,273.3027591349739,12.076514015624674,17.48016811192298,-0.1283066796932062,16.67806802067912,15.107840093192571,20.457529408256125,15.222961521466981
1173,39.12380517503805,6,338.77960140679954,232.83079327862444,390.9386111111111,240.6297222222222,438.86922596754056,274.6426342072409,502.01163663663664,273.6186186186186,11.391952051881368,17.494164784955213,-0.14203272102195563,16.002895141509594,15.018818149725266,19.774800566039634,15.184202628938179
1174,39.15715880263826,6,328.3878504672897,232.02180685358255,380.53310791772327,240.2386587771203,428.1187384044527,274.67006802721085,491.4791896869244,273.37605893186003,10.75740382622175,17.519002041347026,-0.15080352680854436,15.362380771779396,15.000581652425002,19.14378865299216,15.184327615438368
1175,39.190512430238456,6,317.62770061728395,230.99884259259258,370.09589434395633,238.51937984496124,418.44579439252334,272.4467289719626,481.16052141526995,271.34487895716944,10.106335744484216,17.5972771646994,-0.13515775143027994,14.778714611161215,15.134708134163102,18.523694568682426,15.305106408716018
1176,39.22386605783866,6,307.02853881278537,229.443302891933,359.41974272930645,237.1238814317673,408.70185922974764,271.07835325365204,471.7882219705549,269.62136655341635,9.451164077013024,17.68297802989983,-0.13874588101295532,14.192915147987863,15.211573046296744,17.959730111007143,15.406800955944163
1177,39.25721968543886,6,297.4243471582181,228.25345622119815,349.5550799086758,236.59731735159815,398.76296296296294,271.2782608695652,461.4284600389863,269.5633528265107,8.854303403882666,17.72706036171153,-0.15342961103881392,13.601486764413899,15.182914348471163,17.338975288985676,15.394698182272801
1178,39.29057331303907,6,288.27203934922437,227.40068104426788,340.15963250071775,235.83950617283946,389.5749678249678,270.4510939510939,452.3,269.2877394636015,8.285846890883052,17.768141510660882,-0.1561899403826431,13.050674427842303,15.224322191079374,16.791834355391902,15.39917341779816
1179,39.32392694063927,6,279.87766920014474,226.4129569308722,332.0752049759683,234.19536330223352,381.3192171960218,268.8068655758742,443.8576388888889,267.06018518518516,7.77628506155412,17.84668642834098,-0.1414188490524098,12.551246596144669,15.322073893354426,16.280903215807662,15.536447945975299
1180,39.357280568239474,6,272.0392156862745,224.83279857397503,324.1462585034014,233.0847505668934,374.45731905225574,267.47971437844853,436.8071253071253,265.4234234234234,7.2869789413167645,17.928121991492482,-0.15154871901142294,12.135805434945803,15.400769270731054,15.854015641110959,15.636179838713604
1181,39.390634195839674,6,264.4960826210826,224.14316239316238,317.0322764924307,232.2025135675521,366.9606525911708,267.15515035188736,429.6942823803967,265.1400233372229,6.83588740076921,17.97112865128307,-0.14611978775891377,11.687417468684892,15.411047734036428,15.426942515823209,15.644289014341417
1182,39.42398782343988,6,258.02991452991455,223.4020655270655,310.4744897959184,231.49149659863946,360.7822866344605,267.0830917874396,423.22342559165656,264.752507019655,6.434556827455907,18.011336720527773,-0.14701986061466724,11.319013244552528,15.4063648492129,15.038044103788476,15.66044382184538
1183,39.45734145104008,6,252.57217573221757,222.79707112970712,304.98837868480723,231.15107709750563,355.4743715311786,267.17629774730653,417.7133917396746,264.2503128911139,6.098293775982909,18.035496417020365,-0.1525770323456088,11.003507849520997,15.391907856705977,14.706280086238323,15.6858605815188
1184,39.490695078640286,6,248.04751847940867,222.2446321717705,300.0663236134934,230.72784448256144,350.31497584541063,266.8164251207729,413.1530864197531,263.69423868312754,5.807313877160843,18.061962811774514,-0.1565723066025325,10.694302636325576,15.40816190865954,14.431126140994328,15.716414001367529
1185,39.524048706240485,6,244.0570824524313,221.27906976744185,296.0365853658537,230.01190476190473,346.3593287265548,266.70055939453766,409.476897689769,263.483498349835,5.556191404180314,18.114510551550296,-0.1619104590600046,10.458197656233352,15.409856107590599,14.210156576828993,15.724956886632116
1186,39.55740233384069,6,240.97350069735006,220.731520223152,292.8557522123894,229.55486725663718,343.1487912836227,265.9244126659857,406.0962695547533,263.2158042519053,5.361415569795518,18.14468105501981,-0.16412966553302197,10.262361164404242,15.457138034203163,14.006661466413107,15.737820028995788
1187,39.59075596144089,6,238.1602229188436,220.3660745384883,290.1783146390566,229.36353178027034,340.69973804846103,265.8140144073346,403.36238902340597,262.7360774818402,5.1921135798258256,18.159732146951853,-0.1672402003031328,10.115911600486838,15.460788276015462,13.841016816794397,15.766066090323184
1188,39.6241095890411,6,235.98459958932239,219.60266940451746,287.6606373815676,229.2242319839219,337.95233494363924,265.8286634460547,400.8273667462211,262.6324582338902,5.045107828596911,18.187730745039286,-0.18139554628117135,9.952513228509327,15.455558645402332,13.688779125982451,15.769131202664896
1189,39.6574632166413,6,234.2948979591837,219.4816326530612,285.80960698689955,229.27278020378455,314.7878787878788,233.42424242424244,399.000800320128,262.937575030012,4.937250726090433,18.18734541430184,-0.18549268777678193,8.336777341806075,17.64231740265833,13.580692313726708,15.74559977866038
1190,39.6908168442415,6,233.4579564489112,219.17252931323281,284.8756866146285,229.13211910956923,334.54186564788284,265.74180197389364,397.8181079983759,263.1863580998782,4.881268379497284,18.20175478325693,-0.1893530497362131,9.749043900860102,15.456139245834416,13.510953413496704,15.72689993269575
1191,39.7241704718417,6,232.88002658690593,219.24094383516118,284.62212389380534,229.2079646017699,312.84027777777777,233.33564814814812,397.6552845528455,263.1081300813008,4.856723777067182,18.195966172527054,-0.18820491099045744,8.21812464818656,17.64529624509448,13.50087524177277,15.73194503451515
1192,39.75752409944191,6,232.95141700404858,219.23987854251013,284.7161687170474,229.1731107205624,313.06164383561645,233.41552511415523,400.83085714285716,263.2011428571429,4.861585400692013,18.197366277264894,-0.18742631592062378,8.232139272790032,17.640074389110517,13.691346290053465,15.730597891736913
1193,39.79087772704211,6,232.96147403685092,219.1544388609715,284.7161687170474,229.1731107205624,313.06164383561645,233.41552511415523,346.9444444444444,256.8175542406312,4.861433353498956,18.20040370812758,-0.1892197418891284,8.232139272790032,17.640074389110517,10.432742324109059,16.079674759062087
1194,39.824231354642315,6,232.96147403685092,219.1544388609715,284.7161687170474,229.1731107205624,313.0091954022988,233.40919540229882,413.52163355408385,232.8326710816777,4.861433353498956,18.20040370812758,-0.1892197418891284,8.22891428793386,17.64043048510961,14.33735748230794,17.84768581159919
1195,39.857584982242514,6,232.90442418101992,219.08071597433297,284.63490675990676,229.21153846153845,365.8619599578504,178.34668071654374,425.8945945945946,193.12684684684683,4.857009472839076,18.201552464630986,-0.19161105199469525,11.116879931249027,21.72587397219502,14.956166069982187,20.734165867749738
1196,39.89093860984272,6,232.94595501846254,219.1366230278617,284.53379350014376,229.21167673281562,391.29084249084246,119.78040293040291,449.0055279159757,146.23641053989311,4.855507089039486,18.199516489460912,-0.19103722064339518,12.415063793013271,26.352943073065855,16.27844886333765,24.356744164825397
1197,39.92429223744292,6,233.02803107058426,219.06653157716985,284.44019693020556,229.24616275702286,430.4260089686099,73.86077300875506,481.9147853032315,110.76781761841522,4.854938375368221,18.200782590902996,-0.19389441247564446,14.807580630646239,30.292632378714938,18.35864015268693,27.286215139884238
1198,39.957645865043126,6,232.9770347855454,219.03107058426207,284.521714121369,229.09260857060684,473.4870713884204,51.25801011804384,517.6518453937808,93.80761406567858,4.8550035110841625,18.207455586655485,-0.1909430105558522,17.68644966625925,32.38810368690855,20.73591807661679,28.784890678733753
1199,39.990999492643326,6,232.81313131313132,218.96498316498315,284.3491515674432,229.1098648259994,nan,nan,nan,nan,4.844515552228608,18.20891065729171,-0.19268732380304188,nan,nan,nan,nan
1200,40.02435312024353,6,232.73945578231292,218.7826530612245,284.3491515674432,229.1098648259994,nan,nan,nan,nan,4.841299779561733,18.215314520130505,-0.19612820579934048,nan,nan,nan,nan
1201,40.05770674784373,6,232.8365352207617,218.79036063363665,284.3491515674432,229.1098648259994,nan,nan,nan,nan,4.844290678179856,18.215123428349862,-0.19636862069493052,nan,nan,nan,nan
1202,40.09106037544394,6,232.6808223795079,218.88540613414222,284.42803359397624,229.12626701419055,nan,nan,nan,nan,4.842530989196014,18.211110302981197,-0.19380060393051782,nan,nan,nan,nan
1203,40.12441400304414,6,232.6808223795079,218.88540613414222,284.37503595053204,229.20132297958008,nan,nan,nan,nan,4.841250633783813,18.20843111737016,-0.19554343299043347,nan,nan,nan,nan
1204,40.157767630644344,6,232.6808223795079,218.88540613414222,284.37503595053204,229.20132297958008,nan,nan,nan,nan,4.841250633783813,18.20843111737016,-0.19554343299043347,nan,nan,nan,nan
1205,40.19112125824454,6,232.76789366053168,218.89979550102248,284.37503595053204,229.20132297958008,nan,nan,nan,nan,4.84397309650279,18.207994600056466,-0.19560461221242254,nan,nan,nan,nan
1206,40.22447488584475,6,232.74345905538564,218.93544002718315,284.29705798343326,229.1845187089403,nan,nan,nan,nan,4.840985955349734,18.2072349037336,-0.19474807354402437,nan,nan,nan,nan
1207,40.25782851344495,6,232.70486815415822,218.8498985801217,284.29705798343326,229.1845187089403,nan,nan,nan,nan,4.8393548976657,18.21023583192253,-0.1963438509496482,nan,nan,nan,nan
1208,40.291182141045155,6,232.6808223795079,218.88540613414222,284.29705798343326,229.1845187089403,nan,nan,nan,nan,4.838814751630874,18.20895618190474,-0.19551808093469605,nan,nan,nan,nan
1209,40.324535768645354,6,232.73955198930122,218.96054831160146,284.41873750357036,228.82633533276206,nan,nan,nan,nan,4.8431348105703,18.219020135153368,-0.1864016441014844,nan,nan,nan,nan
1210,40.35788939624556,6,232.73955198930122,218.96054831160146,284.41873750357036,228.82633533276206,nan,nan,nan,nan,4.8431348105703,18.219020135153368,-0.1864016441014844,nan,nan,nan,nan
1211,40.39124302384576,6,232.76458752515092,218.97920858484235,284.41873750357036,228.82633533276206,nan,nan,nan,nan,4.84399540821513,18.2183796440708,-0.18611573581436572,nan,nan,nan,nan
1212,40.42459665144597,0,232.73955198930122,218.96054831160146,284.41873750357036,228.82633533276206,nan,nan,nan,nan,4.8431348105703,18.219020135153368,-0.1864016441014844,nan,nan,nan,nan
1213,40.457950279046166,0,232.65635395874915,218.97105788423153,284.41873750357036,228.82633533276206,nan,nan,nan,nan,4.840663634060046,18.218576967412954,-0.18585912376703353,nan,nan,nan,nan
1214,40.49130390664637,0,232.65635395874915,218.97105788423153,284.4050271351042,228.8674664381605,nan,nan,nan,nan,4.84042660589531,18.217120942885067,-0.18675459102803166,nan,nan,nan,nan
1215,40.52465753424658,0,232.67923280423278,219.04728835978835,284.3387978142076,228.81650848432554,nan,nan,nan,nan,4.839301775126101,18.216171903579266,-0.18448853342697236,nan,nan,nan,nan
1216,40.55801116184678,0,232.6244599534729,219.05117979395146,284.4050271351042,228.8674664381605,nan,nan,nan,nan,4.839887341642559,18.214252919098584,-0.1849826115811791,nan,nan,nan,nan
1217,40.591364789446985,0,232.83819095477386,219.06063651591288,284.4050271351042,228.8674664381605,nan,nan,nan,nan,4.84643075160473,18.214098670240766,-0.18562384516326408,nan,nan,nan,nan
1218,40.624718417047184,0,232.83819095477386,219.06063651591288,284.3387978142076,228.81650848432554,nan,nan,nan,nan,4.844202163316693,18.21583327726121,-0.18483413060872034,nan,nan,nan,nan
1219,40.65807204464739,0,232.90766666666667,219.11666666666665,284.3387978142076,228.81650848432554,nan,nan,nan,nan,4.846612850317555,18.21390554968636,-0.18394626539386072,nan,nan,nan,nan
1220,40.69142567224759,0,232.90766666666667,219.11666666666665,284.3387978142076,228.81650848432554,nan,nan,nan,nan,4.846612850317555,18.21390554968636,-0.18394626539386072,nan,nan,nan,nan
1221,40.724779299847796,0,232.90766666666667,219.11666666666665,284.3387978142076,228.81650848432554,nan,nan,nan,nan,4.846612850317555,18.21390554968636,-0.18394626539386072,nan,nan,nan,nan
1222,40.758132927447996,0,232.8182123655914,219.1236559139785,284.3387978142076,228.81650848432554,nan,nan,nan,nan,4.843932932909455,18.213581983447135,-0.1834527380119007,nan,nan,nan,nan
1223,40.7914865550482,0,232.70385259631487,218.96314907872696,284.26106826620963,228.8023421879463,nan,nan,nan,nan,4.837181107888458,18.21960908644901,-0.18633282766211282,nan,nan,nan,nan
1224,40.8248401826484,0,232.5584104145255,219.03768413840356,284.19801418439715,228.74751773049644,nan,nan,nan,nan,4.831013082498691,18.21871611975736,-0.18334468663026962,nan,nan,nan,nan
1225,40.85819381024861,0,232.5584104145255,219.03768413840356,284.0862020710887,228.87685418415896,nan,nan,nan,nan,4.828186159468855,18.21408031956098,-0.18643889694478216,nan,nan,nan,nan
1226,40.89154743784881,0,232.244769874477,219.10041841004184,284.0952380952381,228.78810932657086,nan,nan,nan,nan,4.81888349303581,18.214714795335766,-0.18206884305131527,nan,nan,nan,nan
1227,40.92490106544901,0,231.97401709401709,218.97094017094017,284.00727679820875,228.80128743352924,nan,nan,nan,nan,4.8073545018906225,18.21854016489835,-0.18428914135471208,nan,nan,nan,nan
1228,40.95825469304921,0,231.81723675385646,218.84641180415827,283.84542674450927,228.86599944398108,nan,nan,nan,nan,4.7972981400200325,18.22041573718292,-0.18816990503695052,nan,nan,nan,nan
1229,40.99160832064942,0,231.73477812177504,218.90264877880975,283.82595377332217,228.70983013088272,nan,nan,nan,nan,4.79382585383417,18.223820541915025,-0.183596422251246,nan,nan,nan,nan
1230,41.02496194824962,0,231.63267429760666,218.94138050641692,283.49178004535145,228.61054421768708,nan,nan,nan,nan,4.780370885581902,18.225570018332547,-0.18165997822438548,nan,nan,nan,nan
1231,41.058315575849825,0,231.411250873515,218.73619846261354,283.5068143100511,228.50340715502554,nan,nan,nan,nan,4.772528166015101,18.23643553507405,-0.1827740532063311,nan,nan,nan,nan
1232,41.091669203450024,0,231.36670142509558,218.7139381299965,283.2123563218391,228.36379310344827,nan,nan,nan,nan,4.761519329716847,18.241847708411157,-0.1813305578766457,nan,nan,nan,nan
1233,41.12502283105023,0,231.07849239280773,218.8073997233748,283.2123563218391,228.36379310344827,nan,nan,nan,nan,4.753267277127799,18.238288636040757,-0.1783160853719079,nan,nan,nan,nan
1234,41.15837645865043,0,231.0837714686295,218.77252015422363,283.17097701149424,228.17758620689656,nan,nan,nan,nan,4.751172035737175,18.246039849595725,-0.17539673455794647,nan,nan,nan,nan
1235,41.19173008625064,0,231.07206247781326,218.68157614483493,283.30914454277286,228.42890855457227,nan,nan,nan,nan,4.755611680299992,18.240538358129918,-0.1818295962491228,nan,nan,nan,nan
1236,41.225083713850836,0,231.07924662402272,218.69331911869224,283.2329282407407,228.45659722222223,nan,nan,nan,nan,4.75370365340967,18.23909150158056,-0.18247049957175882,nan,nan,nan,nan
1237,41.25843734145104,0,234.73914603516326,218.5963401506997,287.28030954428203,226.29779306391515,nan,nan,nan,nan,4.977832371444006,18.32497861600275,-0.13873768105380652,nan,nan,nan,nan
1238,41.29179096905124,0,246.7651515151515,214.79503367003366,299.0358268844941,222.13614216107766,nan,nan,nan,nan,5.66409220942539,18.627419405369544,-0.13232541097932468,nan,nan,nan,nan
1239,41.32514459665145,0,257.8722073279714,210.04647006255584,310.0468658465143,216.23813708260104,nan,nan,nan,nan,6.291993467641628,19.026143936089305,-0.10843691836183787,nan,nan,nan,nan
1240,41.35849822425165,0,272.1766207248596,209.80959673302704,323.9308449074074,212.73813657407405,nan,nan,nan,nan,7.141123333870549,19.184333987246866,-0.03774891674028705,nan,nan,nan,nan
1241,41.391851851851854,0,288.7764060356653,211.87517146776406,340.2120244745943,209.584463953179,nan,nan,nan,nan,8.148520510070263,19.2521529863541,0.08068136206238054,nan,nan,nan,nan
1242,41.42520547945205,0,nan,nan,nan,nan,nan,nan,nan,nan,nan,nan,nan,nan,nan,nan,nan
1243,41.45855910705226,0,nan,nan,nan,nan,nan,nan,nan,nan,nan,nan,nan,nan,nan,nan,nan
1244,41.49191273465246,0,nan,nan,nan,nan,nan,nan,nan,nan,nan,nan,nan,nan,nan,nan,nan
1245,41.525266362252665,0,384.01724137931035,213.5,434.9879549620319,207.68080649384652,nan,nan,nan,nan,14.006719097077342,19.42814080764933,0.16151423725339992,nan,nan,nan,nan
1246,41.558619989852865,0,405.77777777777777,213.4996751137102,456.9225669583665,209.18324051975603,604.6107899807321,203.58188824662813,645.1930555555555,171.48611111111111,15.361199461164361,19.411756485056213,0.12665839448345478,26.185473433701464,20.28518668104166,28.919112343751667,22.778575035637733
1247,41.59197361745307,0,423.32082653616095,214.6878738444807,475.2193981887233,210.9129418638621,nan,nan,nan,nan,16.475375747475383,19.337487554381674,0.11284437854836216,nan,nan,nan,nan
1248,41.62532724505327,0,436.79842931937173,217.8198080279232,488.6354609929078,214.6082269503546,nan,nan,nan,nan,17.31557215580258,19.11453772029254,0.09995915288011116,nan,nan,nan,nan
1249,41.65868087265348,0,445.5503597122302,221.90967226219024,497.38670166229224,218.62496354622337,nan,nan,nan,nan,17.864175067279135,18.83844391616275,0.10118700831002655,nan,nan,nan,nan
1250,41.692034500253676,0,449.2504729474082,223.7113129020053,502.06595046254847,221.99403163234854,nan,nan,nan,nan,18.12619087971236,18.660431406323816,0.065346642653109,nan,nan,nan,nan
1251,41.72538812785388,0,450.4002169197397,225.58026030368762,502.8291628050664,225.08124806919986,nan,nan,nan,nan,18.188162934998275,18.485149241775765,0.03861744194333674,nan,nan,nan,nan
1252,41.75874175545408,0,450.0527081061432,227.29698291530352,502.66152450090743,228.48699334543255,nan,nan,nan,nan,18.175195426960926,18.302457080441144,0.0013925120063472518,nan,nan,nan,nan
1253,41.79209538305429,0,449.58936170212763,229.76666666666665,502.47242647058823,233.94270833333331,nan,nan,nan,nan,18.15945253118354,18.021209082297474,-0.0634083072836742,nan,nan,nan,nan
1254,41.82544901065449,0,450.0511742025937,233.99684542586752,502.6793174463077,238.76375404530742,nan,nan,nan,nan,18.1862202215802,17.702870792969293,-0.07656736438100765,nan,nan,nan,nan
1255,41.858802638254694,0,447.94978526593985,236.93326726131482,501.2497808939527,240.71457785568214,nan,nan,nan,nan,18.082406304560884,17.528440769634642,-0.05416369040317659,nan,nan,nan,nan
1256,41.892156265854894,0,446.51710261569417,235.0918846411804,499.50015001500145,239.44584458445843,nan,nan,nan,nan,17.982488731055188,17.63487318186364,-0.066982099812782,nan,nan,nan,nan
1257,41.9255098934551,0,445.5,233.32995267072343,498.84084084084077,238.0348348348348,nan,nan,nan,nan,17.92853391861562,17.744952551518494,-0.0738737777200143,nan,nan,nan,nan
1258,41.9588635210553,0,444.7201479986545,233.4611503531786,497.8615520282187,237.22486772486772,nan,nan,nan,nan,17.874631208754884,17.767317543778557,-0.054055870015524324,nan,nan,nan,nan
1259,41.992217148655506,0,444.01082910321486,233.89678510998306,497.0542973286875,237.22648083623693,nan,nan,nan,nan,17.82880682482051,17.750665714558643,-0.044849631453943634,nan,nan,nan,nan
1260,42.025570776255705,0,443.8668658698539,234.08565737051794,496.9774853801169,237.19122807017544,nan,nan,nan,nan,17.822295546993864,17.745075542539066,-0.039930161283134785,nan,nan,nan,nan
1261,42.05892440385591,0,443.84982043747954,234.12569376428337,496.9774853801169,237.19122807017544,nan,nan,nan,nan,17.821828196360794,17.743652935990156,-0.039046131740827564,nan,nan,nan,nan
1262,42.09227803145611,0,443.84982043747954,234.12569376428337,496.95435806831557,237.2773851590106,nan,nan,nan,nan,17.821148582320916,17.740606426463145,-0.040931750838363125,nan,nan,nan,nan
1263,42.12563165905632,0,443.8430799220273,234.18421052631578,496.9693585337915,237.32474226804123,nan,nan,nan,nan,17.821495920481976,17.73689102973153,-0.04066354714026203,nan,nan,nan,nan
1264,42.15898528665652,0,443.8968331700946,234.1828272935031,497.05219146482114,237.31487889273356,nan,nan,nan,nan,17.825669788526675,17.73739976011334,-0.04044397342104552,nan,nan,nan,nan
1265,42.19233891425672,0,443.92829076620825,234.17976424361493,497.05219146482114,237.31487889273356,nan,nan,nan,nan,17.826627055925094,17.737533699275122,-0.04054988754526747,nan,nan,nan,nan
1266,42.22569254185692,0,443.94673202614376,234.19313725490196,497.02679623085976,237.57597173144876,nan,nan,nan,nan,17.82651713955131,17.727885921840556,-0.045943963426298376,nan,nan,nan,nan
1267,42.25904616945713,0,444.0068226120858,234.2270955165692,497.10380116959055,237.62280701754386,nan,nan,nan,nan,17.830771730069365,17.725160499660582,-0.04619791601362783,nan,nan,nan,nan
1268,42.29239979705733,0,443.91874600127954,234.29334612923864,497.10210210210204,237.98978978978977,nan,nan,nan,nan,17.82823728585428,17.709869967648444,-0.05254000573452811,nan,nan,nan,nan
1269,42.325753424657535,0,443.91874600127954,234.29334612923864,497.180083482409,238.03458556946924,nan,nan,nan,nan,17.830638674046412,17.70836213328688,-0.05338419235896863,nan,nan,nan,nan
1270,42.359107052257734,0,443.91874600127954,234.29334612923864,496.97004744958474,237.9270462633452,nan,nan,nan,nan,17.824174813762852,17.711963121385715,-0.051386852653336604,nan,nan,nan,nan
1271,42.39246067985794,0,443.91874600127954,234.29334612923864,496.97004744958474,237.9270462633452,nan,nan,nan,nan,17.824174813762852,17.711963121385715,-0.051386852653336604,nan,nan,nan,nan
1272,42.42581430745814,0,443.9542730999684,234.4194260485651,496.97004744958474,237.9270462633452,nan,nan,nan,nan,17.825428955035758,17.707558784654317,-0.04872162725290155,nan,nan,nan,nan
1273,42.459167935058346,0,443.9542730999684,234.4194260485651,496.97004744958474,237.9270462633452,nan,nan,nan,nan,17.825428955035758,17.707558784654317,-0.04872162725290155,nan,nan,nan,nan
1274,42.492521562658546,0,443.9542730999684,234.4194260485651,496.97004744958474,237.9270462633452,nan,nan,nan,nan,17.825428955035758,17.707558784654317,-0.04872162725290155,nan,nan,nan,nan
1275,42.52587519025875,0,443.9542730999684,234.4194260485651,497.01550387596893,237.9952295766249,nan,nan,nan,nan,17.826842769528675,17.705202869527668,-0.05012499764665312,nan,nan,nan,nan
1276,42.55922881785896,0,443.88666666666666,234.49619047619046,497.01550387596893,237.9952295766249,nan,nan,nan,nan,17.8248796442447,17.70244733473238,-0.048375752955213,nan,nan,nan,nan
1277,42.59258244545916,0,443.88666666666666,234.49619047619046,497.01550387596893,237.9952295766249,nan,nan,nan,nan,17.8248796442447,17.70244733473238,-0.048375752955213,nan,nan,nan,nan
1278,42.625936073059364,0,443.88666666666666,234.49619047619046,496.9401481481481,238.05807407407406,nan,nan,nan,nan,17.822594141500304,17.700178854349744,-0.049836006588038426,nan,nan,nan,nan
1279,42.65928970065956,0,443.88666666666666,234.49619047619046,496.9401481481481,238.05807407407406,nan,nan,nan,nan,17.822594141500304,17.700178854349744,-0.049836006588038426,nan,nan,nan,nan
1280,42.69264332825977,0,443.8432859399684,234.54913112164294,497.0256639809012,238.05311847209785,nan,nan,nan,nan,17.82395506926629,17.698526200184986,-0.048406015711912206,nan,nan,nan,nan
1281,42.72599695585997,0,443.81758034026467,234.58317580340264,497.0256639809012,238.05311847209785,nan,nan,nan,nan,17.823215243739618,17.697307863882383,-0.047638328131359126,nan,nan,nan,nan
1282,42.759350583460176,0,443.7870458135861,234.56714060031592,497.0256639809012,238.05311847209785,nan,nan,nan,nan,17.8222608552422,17.69784621890975,-0.04793983742897627,nan,nan,nan,nan
1283,42.792704211060375,0,443.7870458135861,234.56714060031592,497.1037037037037,238.09718518518517,nan,nan,nan,nan,17.824663746495112,17.69636414310365,-0.048774711726207357,nan,nan,nan,nan
1284,42.82605783866058,0,443.74585289514863,234.65884194053208,497.180083482409,238.03458556946924,nan,nan,nan,nan,17.82584513419122,17.695366660814503,-0.04530764751198542,nan,nan,nan,nan
1285,42.85941146626078,0,443.74585289514863,234.65884194053208,497.180083482409,238.03458556946924,nan,nan,nan,nan,17.82584513419122,17.695366660814503,-0.04530764751198542,nan,nan,nan,nan
1286,42.89276509386099,0,443.6814884894355,234.7470829391359,497.1628182356423,238.1195973949082,nan,nan,nan,nan,17.82349646046344,17.689212984387993,-0.04517472482877023,nan,nan,nan,nan
1287,42.92611872146119,0,443.71252371916506,234.7134724857685,497.1628182356423,238.1195973949082,nan,nan,nan,nan,17.82439952371619,17.69042023124389,-0.045935465498969076,nan,nan,nan,nan
1288,42.95947234906139,0,443.71252371916506,234.7134724857685,497.08708443659896,238.18122977346277,nan,nan,nan,nan,17.8221020268698,17.68819431704169,-0.04735846177660897,nan,nan,nan,nan
1289,42.99282597666159,0,443.6814884894355,234.7470829391359,497.08708443659896,238.18122977346277,nan,nan,nan,nan,17.82119896361705,17.686987070185797,-0.046595967396097816,nan,nan,nan,nan
1290,43.0261796042618,0,443.6313949793454,234.83666984429615,497.00233713117143,238.18521764534032,nan,nan,nan,nan,17.817196658649472,17.683586412135675,-0.04481020659707457,nan,nan,nan,nan
1291,43.059533231862,0,443.7775517124449,235.46761614106475,497.1003262642741,238.073953235454,nan,nan,nan,nan,17.82546802082063,17.66552759544603,-0.02894851892663516,nan,nan,nan,nan
1292,43.092886859462205,0,444.30761099365753,234.07681465821,497.33915211970077,237.089221390967,nan,nan,nan,nan,17.846795947445898,17.749638826212475,-0.03801893025132809,nan,nan,nan,nan
1293,43.126240487062404,0,444.04242424242426,234.65319865319864,497.2410813823857,237.35284280936455,nan,nan,nan,nan,17.83654295669328,17.719803458548192,-0.031083231656270076,nan,nan,nan,nan
1294,43.15959411466261,0,442.5068815038603,235.15575696542464,495.5738573021181,237.2943143812709,nan,nan,nan,nan,17.739250234055255,17.701537602223794,-0.01911232977332135,nan,nan,nan,nan
1295,43.19294774226281,0,441.82501732501726,233.5935550935551,494.85395189003435,236.7780641466208,nan,nan,nan,nan,17.694044918474752,17.773446862394945,-0.041737169528038826,nan,nan,nan,nan
1296,43.226301369863016,0,440.2143092647543,233.0550609957138,493.5092426952891,236.113297555158,nan,nan,nan,nan,17.6026116019276,17.8133212159672,-0.03868140288974651,nan,nan,nan,nan
1297,43.259654997463215,0,440.01428571428573,231.5857142857143,493.1652348224512,234.82302405498282,nan,nan,nan,nan,17.583358449342196,17.91008814306364,-0.04271950796585511,nan,nan,nan,nan
1298,43.29300862506342,0,439.9320987654321,233.53086419753086,493.0622524052065,236.59139784946234,nan,nan,nan,nan,17.581157393854912,17.779148232419242,-0.038935066739417476,nan,nan,nan,nan
1299,43.32636225266362,0,440.6485841009894,233.27089730467415,493.59489916963224,236.3288849347568,nan,nan,nan,nan,17.61890085254445,17.798571260427465,-0.039108856071059184,nan,nan,nan,nan
1300,43.35971588026383,0,440.77161116717116,233.30238816010763,493.7110515341078,236.18081620494488,nan,nan,nan,nan,17.62620541366998,17.802869916554975,-0.035232262373152266,nan,nan,nan,nan
1301,43.39306950786403,0,438.8292433537832,231.67620995228356,491.82376811594196,234.67710144927534,nan,nan,nan,nan,17.506039555915603,17.909925915819798,-0.037812807981017785,nan,nan,nan,nan
1302,43.42642313546423,0,435.45670103092783,231.42405498281784,488.4639175257732,234.21277205040087,nan,nan,nan,nan,17.29926342864873,17.929558584949795,-0.03320641917885605,nan,nan,nan,nan
1303,43.45977676306443,0,434.1357894736842,231.61017543859649,486.88023088023084,234.53015873015872,nan,nan,nan,nan,17.21075273650272,17.909378824318594,-0.036362285042291866,nan,nan,nan,nan
1304,43.49313039066464,0,433.4121338912134,233.51046025104603,486.30662020905925,236.4422183507549,nan,nan,nan,nan,17.17498315247739,17.77406019717433,-0.03644168373245309,nan,nan,nan,nan
1305,43.52648401826484,0,433.19245413637935,234.21010730356522,485.8571011956838,236.91192767570718,nan,nan,nan,nan,17.15584373416348,17.732390750345832,-0.031720625944291876,nan,nan,nan,nan
1306,43.559837645865045,0,433.6960396039604,233.97491749174915,486.65599550688006,236.72648132547036,nan,nan,nan,nan,17.19521251427993,17.748258570137107,-0.032467625095391514,nan,nan,nan,nan
1307,43.593191273465244,0,435.26484480431844,234.22199730094465,487.80040264595914,237.07880356629278,nan,nan,nan,nan,17.27870682272583,17.729448480091925,-0.03524319256444304,nan,nan,nan,nan
1308,43.62654490106545,0,437.24695228143503,233.5816788575409,490.1522491349481,236.92531718569776,nan,nan,nan,nan,17.41021814866313,17.760966836156975,-0.04533818286892852,nan,nan,nan,nan
1309,43.65989852866565,0,440.3054461942257,232.36909448818898,492.93714448236625,235.2269624573379,nan,nan,nan,nan,17.586544817838888,17.868286696771882,-0.03514623367741786,nan,nan,nan,nan
1310,43.69325215626586,0,441.37550200803213,232.6847389558233,494.19432743611344,235.39736029205275,nan,nan,nan,nan,17.658313279084517,17.853104555128304,-0.03177348072976205,nan,nan,nan,nan
1311,43.726605783866056,0,441.67427385892114,233.49585062240664,494.7623961020349,236.58498137002005,nan,nan,nan,nan,17.686426324208178,17.783472406074033,-0.03960397904504783,nan,nan,nan,nan
1312,43.75995941146626,0,441.5316889345666,233.31209318259678,494.4922035892909,236.14769049720505,nan,nan,nan,nan,17.673372550128548,17.804977643393748,-0.03428064512644707,nan,nan,nan,nan
1313,43.79331303906646,0,442.0026376524892,232.87504121332015,495.1899576527525,235.9697519661222,nan,nan,nan,nan,17.708481011087333,17.827604552465147,-0.039599702639608166,nan,nan,nan,nan
