frame,time_s,episode,roof_a_px_x,roof_a_px_y,roof_b_px_x,roof_b_px_y,tool_front_px_x,tool_front_px_y,tool_rear_px_x,tool_rear_px_y,object_proxy_x_cm,object_proxy_y_cm,proxy_heading_rad,tool_front_proxy_x_cm,tool_front_proxy_y_cm,tool_rear_proxy_x_cm,tool_rear_proxy_y_cm
0,0.0,0,474.23444662737387,262.30910281597903,528.9464285714286,261.0484307359307,nan,nan,nan,nan,20.228621106741077,15.71215242506509,0.03560707912081611,nan,nan,nan,nan
1,0.033339447297627785,0,474.1709570957095,262.39867986798674,528.930405965203,261.113780723557,nan,nan,nan,nan,20.226266275190824,15.707050760761405,0.03607216155594607,nan,nan,nan,nan
2,0.06667889459525557,0,474.2153392330383,262.4542772861357,528.9099973053085,261.11991376987334,nan,nan,nan,nan,20.22698510666774,15.705036592926021,0.03710413927517461,nan,nan,nan,nan
3,0.10001834189288335,0,474.27517868745934,262.42202729044834,528.8990061778136,261.01477303250067,nan,nan,nan,nan,20.228474866635132,15.70955906780716,0.038621235673270554,nan,nan,nan,nan
4,0.13335778919051114,0,474.435602428891,262.4221796100991,528.9610666666666,261.0504,nan,nan,nan,nan,20.235018555427864,15.708450018205351,0.037950724532787375,nan,nan,nan,nan
5,0.16669723648813892,0,474.435602428891,262.4221796100991,529.0381105743423,261.11674718196457,nan,nan,nan,nan,20.23725865025855,15.706294355452346,0.03656303228436896,nan,nan,nan,nan
6,0.2000366837857667,0,474.435602428891,262.4221796100991,529.0312665606783,261.0834658187599,nan,nan,nan,nan,20.23707571784761,15.70738513166234,0.03724279711351322,nan,nan,nan,nan
7,0.23337613108339447,0,474.285398927783,262.5424156417534,528.9552395997893,261.1287519747235,nan,nan,nan,nan,20.230411432074327,15.701895803085261,0.038721938892789194,nan,nan,nan,nan
8,0.2667155783810223,0,474.285398927783,262.5424156417534,528.880167451596,261.063579277865,nan,nan,nan,nan,20.22822890959589,15.704013452401114,0.040085767801221216,nan,nan,nan,nan
9,0.30005502567865006,0,474.11711711711706,262.62006834420623,528.8098999473407,261.1287519747235,nan,nan,nan,nan,20.22117757749635,15.699261581495271,0.04028177144721641,nan,nan,nan,nan
10,0.33339447297627783,0,474.11711711711706,262.62006834420623,528.74140160331,261.05456426170156,nan,nan,nan,nan,20.219194607770845,15.701677201645047,0.04182625941392828,nan,nan,nan,nan
11,0.3667339202739056,0,474.0386959171237,262.7714808043876,528.7291184785402,261.1344127473657,nan,nan,nan,nan,20.216522683792803,15.694073985269286,0.04323225372075847,nan,nan,nan,nan
12,0.4000733675715334,0,474.0386959171237,262.7714808043876,528.7291184785402,261.1344127473657,nan,nan,nan,nan,20.216522683792803,15.694073985269286,0.04323225372075847,nan,nan,nan,nan
13,0.43341281486916117,0,473.9480205500151,262.7821093986098,528.6591673131626,261.19886216705453,nan,nan,nan,nan,20.211747516026016,15.69156261595881,0.042128286200281695,nan,nan,nan,nan
14,0.46675226216678894,0,473.8795795795795,262.75435435435435,528.6591673131626,261.19886216705453,nan,nan,nan,nan,20.209721520828843,15.692450553666164,0.0415275793131127,nan,nan,nan,nan
15,0.5000917094644167,0,473.8795795795795,262.75435435435435,528.6591673131626,261.19886216705453,nan,nan,nan,nan,20.209721520828843,15.692450553666164,0.0415275793131127,nan,nan,nan,nan
16,0.5334311567620446,0,473.70478723404256,262.69001182033094,528.7291184785402,261.1344127473657,nan,nan,nan,nan,20.206655645228185,15.69664118975583,0.04139280124077861,nan,nan,nan,nan
17,0.5667706040596723,0,473.70478723404256,262.69001182033094,528.7291184785402,261.1344127473657,nan,nan,nan,nan,20.206655645228185,15.69664118975583,0.04139280124077861,nan,nan,nan,nan
18,0.6001100513573001,0,473.6294014084507,262.63233568075117,528.6656441717791,261.19325153374234,nan,nan,nan,nan,20.20250326858227,15.696555557633207,0.03904016818289969,nan,nan,nan,nan
19,0.6334494986549278,0,473.6294014084507,262.63233568075117,528.6656441717791,261.19325153374234,nan,nan,nan,nan,20.20250326858227,15.696555557633207,0.03904016818289969,nan,nan,nan,nan
20,0.6667889459525557,0,473.6294014084507,262.63233568075117,528.6656441717791,261.19325153374234,nan,nan,nan,nan,20.20250326858227,15.696555557633207,0.03904016818289969,nan,nan,nan,nan
21,0.7001283932501835,0,473.6294014084507,262.63233568075117,528.7568263781556,261.1213292117465,nan,nan,nan,nan,20.2052420570872,15.698944114939902,0.04043955741486886,nan,nan,nan,nan
22,0.7334678405478112,0,473.6393538913362,262.640234948605,528.7322068612391,261.20046082949307,nan,nan,nan,nan,20.204763776078085,15.696083102629439,0.039023893031598596,nan,nan,nan,nan
23,0.7668072878454391,0,473.7148772552499,262.6962437148772,528.6625450798557,261.26506955177746,nan,nan,nan,nan,20.204910126744515,15.692130781800962,0.038924299029158026,nan,nan,nan,nan
24,0.8001467351430668,0,473.7148772552499,262.6962437148772,528.6350552557183,261.40298123875607,nan,nan,nan,nan,20.204017161313523,15.687595443226861,0.036152710218418156,nan,nan,nan,nan
25,0.8334861824406946,0,473.7148772552499,262.6962437148772,528.6350552557183,261.40298123875607,nan,nan,nan,nan,20.204017161313523,15.687595443226861,0.036152710218418156,nan,nan,nan,nan
26,0.8668256297383223,0,473.66696113074204,262.66283863368665,528.6350552557183,261.40298123875607,nan,nan,nan,nan,20.202594007883974,15.688674399393438,0.03545707761057944,nan,nan,nan,nan
27,0.9001650770359502,0,473.7148772552499,262.6962437148772,528.6350552557183,261.40298123875607,nan,nan,nan,nan,20.204017161313523,15.687595443226861,0.036152710218418156,nan,nan,nan,nan
28,0.9335045243335779,0,473.7148772552499,262.6962437148772,528.6350552557183,261.40298123875607,nan,nan,nan,nan,20.204017161313523,15.687595443226861,0.036152710218418156,nan,nan,nan,nan
29,0.9668439716312057,0,473.5,262.5,528.5248447204968,261.3105590062112,nan,nan,nan,nan,20.194413266625844,15.696955222163727,0.03401768344390826,nan,nan,nan,nan
30,1.0001834189288334,0,473.5,262.5,528.5248447204968,261.3105590062112,nan,nan,nan,nan,20.194413266625844,15.696955222163727,0.03401768344390826,nan,nan,nan,nan
31,1.0335228662264613,0,473.5,262.5,528.5248447204968,261.3105590062112,nan,nan,nan,nan,20.194413266625844,15.696955222163727,0.03401768344390826,nan,nan,nan,nan
32,1.0668623135240891,0,473.5,262.5,528.5248447204968,261.3105590062112,nan,nan,nan,nan,20.194413266625844,15.696955222163727,0.03401768344390826,nan,nan,nan,nan
33,1.100201760821717,0,473.5,262.5,528.5248447204968,261.3105590062112,nan,nan,nan,nan,20.194413266625844,15.696955222163727,0.03401768344390826,nan,nan,nan,nan
34,1.1335412081193446,0,473.5,262.5,528.5248447204968,261.3105590062112,nan,nan,nan,nan,20.194413266625844,15.696955222163727,0.03401768344390826,nan,nan,nan,nan
35,1.1668806554169724,0,473.5,262.5,528.5248447204968,261.3105590062112,nan,nan,nan,nan,20.194413266625844,15.696955222163727,0.03401768344390826,nan,nan,nan,nan
36,1.2002201027146002,0,473.5,262.5,528.5248447204968,261.3105590062112,nan,nan,nan,nan,20.194413266625844,15.696955222163727,0.03401768344390826,nan,nan,nan,nan
37,1.233559550012228,0,473.5,262.5,528.5248447204968,261.3105590062112,nan,nan,nan,nan,20.194413266625844,15.696955222163727,0.03401768344390826,nan,nan,nan,nan
38,1.2668989973098557,0,473.5,262.5,528.5248447204968,261.3105590062112,nan,nan,nan,nan,20.194413266625844,15.696955222163727,0.03401768344390826,nan,nan,nan,nan
39,1.3002384446074835,0,473.65931156222416,262.6422477199176,528.5248447204968,261.3105590062112,nan,nan,nan,nan,20.199155781024324,15.692347007716398,0.0369582091914431,nan,nan,nan,nan
40,1.3335778919051113,0,473.69041336851365,262.59630606860156,528.5248447204968,261.3105590062112,nan,nan,nan,nan,20.20005723971298,15.693859612831982,0.03604577553568331,nan,nan,nan,nan
41,1.3669173392027392,0,473.7181069958847,262.6240446796002,528.5248447204968,261.3105590062112,nan,nan,nan,nan,20.200882574856653,15.692960040753562,0.03661929981299049,nan,nan,nan,nan
42,1.400256786500367,0,473.745947539051,262.6498673740053,528.5248447204968,261.3105590062112,nan,nan,nan,nan,20.201711584960556,15.692123234350856,0.03715471739360834,nan,nan,nan,nan
43,1.4335962337979946,0,473.68702064896746,262.6702064896755,528.5248447204968,261.3105590062112,nan,nan,nan,nan,20.199981635915286,15.691440282259236,0.03753626451481629,nan,nan,nan,nan
44,1.4669356810956224,0,473.7148772552499,262.6962437148772,528.5359375,261.23125,nan,nan,nan,nan,20.20118508432136,15.69320341925291,0.0396754112291533,nan,nan,nan,nan
45,1.5002751283932503,0,473.65,262.625,528.5359375,261.23125,nan,nan,nan,nan,20.1992495570437,15.695515591027874,0.038203529751231126,nan,nan,nan,nan
46,1.5336145756908781,0,473.65,262.625,528.6071428571429,261.17857142857144,nan,nan,nan,nan,20.201386091991814,15.697266270294207,0.039230485584625795,nan,nan,nan,nan
47,1.5669540229885057,0,473.68702064896746,262.6702064896755,528.5956790123457,261.25771604938274,nan,nan,nan,nan,20.202107183845236,15.693196087720981,0.03856850785283329,nan,nan,nan,nan
48,1.6002934702861336,0,473.8251663641863,262.57803992740475,528.6071428571429,261.17857142857144,nan,nan,nan,nan,20.20653318530438,15.698854762939241,0.038374675866625504,nan,nan,nan,nan
49,1.6336329175837614,0,474.2105263157895,262.61842105263156,528.5956790123457,261.25771604938274,nan,nan,nan,nan,20.217519017712554,15.695045226532159,0.03778849137349272,nan,nan,nan,nan
50,1.6669723648813892,0,473.9464831804281,262.551376146789,528.5956790123457,261.25771604938274,nan,nan,nan,nan,20.209715165292792,15.697161411661497,0.03629629742076579,nan,nan,nan,nan
51,1.700311812179017,0,473.7471471471471,262.6711711711712,528.5956790123457,261.25771604938274,nan,nan,nan,nan,20.203879496130025,15.693182265044417,0.0386191958245538,nan,nan,nan,nan
52,1.7336512594766447,0,473.9632352941176,262.7095588235294,528.5956790123457,261.25771604938274,nan,nan,nan,nan,20.210260388045896,15.691989903107096,0.03950983459083889,nan,nan,nan,nan
53,1.7669907067742725,0,473.806461352657,262.6911231884058,528.5956790123457,261.25771604938274,nan,nan,nan,nan,20.205634100789062,15.692546889441495,0.03905319903340412,nan,nan,nan,nan
54,1.8003301540719003,0,473.83953981229183,262.595519224947,528.6071428571429,261.17857142857144,nan,nan,nan,nan,20.206962535720876,15.698286978441587,0.03873542416085719,nan,nan,nan,nan
55,1.8336696013695282,0,474.2105263157895,262.61842105263156,528.6071428571429,261.17857142857144,nan,nan,nan,nan,20.217903908633076,15.697647015663506,0.03939682028163737,nan,nan,nan,nan
56,1.8670090486671558,0,473.828125,262.7861519607843,528.6071428571429,261.17857142857144,nan,nan,nan,nan,20.2066885743616,15.692045688498727,0.04258116532742988,nan,nan,nan,nan
57,1.9003484959647836,0,474.14506464837586,262.6959949542731,528.6071428571429,261.17857142857144,nan,nan,nan,nan,20.215999592596226,15.695089185097363,0.0409381876231693,nan,nan,nan,nan
58,1.9336879432624114,0,473.9533885311254,262.72094449555345,528.641768292683,261.2713414634146,nan,nan,nan,nan,20.211329163319636,15.691180836345394,0.039433754328407365,nan,nan,nan,nan
59,1.9670273905600393,0,474.06134585289516,262.7414710485133,528.641768292683,261.2713414634146,nan,nan,nan,nan,20.214517388641788,15.690541043467567,0.03990805697617061,nan,nan,nan,nan
60,2.000366837857667,0,474.06134585289516,262.7414710485133,528.641768292683,261.2713414634146,nan,nan,nan,nan,20.214517388641788,15.690541043467567,0.03990805697617061,nan,nan,nan,nan
61,2.033706285155295,0,474.09416195856875,262.7244193345888,528.641768292683,261.2713414634146,nan,nan,nan,nan,20.215478982876377,15.691108673560713,0.039579985346305045,nan,nan,nan,nan
62,2.0670457324529226,0,474.09416195856875,262.7244193345888,528.641768292683,261.2713414634146,nan,nan,nan,nan,20.215478982876377,15.691108673560713,0.039579985346305045,nan,nan,nan,nan
63,2.10038517975055,0,474.09416195856875,262.7244193345888,528.7025524387162,261.2057113975234,nan,nan,nan,nan,20.217314862678315,15.693281390591048,0.04088024875061093,nan,nan,nan,nan
64,2.1337246270481782,0,474.1313320825516,262.68136335209505,528.7025524387162,261.2057113975234,nan,nan,nan,nan,20.218396404239467,15.69470123831763,0.04002795822359832,nan,nan,nan,nan
65,2.167064074345806,0,474.1822180333019,262.6528432296575,528.7025524387162,261.2057113975234,nan,nan,nan,nan,20.219886915365883,15.695649531117581,0.03947686556356262,nan,nan,nan,nan
66,2.200403521643434,0,474.1822180333019,262.6528432296575,528.641768292683,261.2713414634146,nan,nan,nan,nan,20.218051035563946,15.693476814087248,0.038172775248451404,nan,nan,nan,nan
67,2.2337429689410615,0,474.1822180333019,262.6528432296575,528.641768292683,261.2713414634146,nan,nan,nan,nan,20.218051035563946,15.693476814087248,0.038172775248451404,nan,nan,nan,nan
68,2.267082416238689,0,474.1822180333019,262.6528432296575,528.641768292683,261.2713414634146,nan,nan,nan,nan,20.218051035563946,15.693476814087248,0.038172775248451404,nan,nan,nan,nan
69,2.300421863536317,0,474.1822180333019,262.6528432296575,528.641768292683,261.2713414634146,nan,nan,nan,nan,20.218051035563946,15.693476814087248,0.038172775248451404,nan,nan,nan,nan
70,2.333761310833945,0,474.1822180333019,262.6528432296575,528.641768292683,261.2713414634146,nan,nan,nan,nan,20.218051035563946,15.693476814087248,0.038172775248451404,nan,nan,nan,nan
71,2.367100758131573,0,474.1822180333019,262.6528432296575,528.641768292683,261.2713414634146,nan,nan,nan,nan,20.218051035563946,15.693476814087248,0.038172775248451404,nan,nan,nan,nan
72,2.4004402054292004,0,474.1822180333019,262.6528432296575,528.641768292683,261.2713414634146,nan,nan,nan,nan,20.218051035563946,15.693476814087248,0.038172775248451404,nan,nan,nan,nan
73,2.433779652726828,0,474.1822180333019,262.6528432296575,528.641768292683,261.2713414634146,nan,nan,nan,nan,20.218051035563946,15.693476814087248,0.038172775248451404,nan,nan,nan,nan
74,2.467119100024456,0,474.20068987143304,262.6299780495453,528.641768292683,261.2713414634146,nan,nan,nan,nan,20.21858808771114,15.694230514508702,0.03771732925480382,nan,nan,nan,nan
75,2.5004585473220837,0,474.1313320825516,262.68136335209505,528.6060606060606,261.3484848484849,nan,nan,nan,nan,20.215459758644165,15.689985486823911,0.037173455992310596,nan,nan,nan,nan
76,2.5337979946197113,0,474.15965076395383,262.64702213907077,528.641768292683,261.2713414634146,nan,nan,nan,nan,20.21738405569811,15.693660642986416,0.03804285918559204,nan,nan,nan,nan
77,2.5671374419173394,0,474.15965076395383,262.64702213907077,528.5720858895705,261.3358895705521,nan,nan,nan,nan,20.215285775810017,15.691520964287005,0.03676256949737403,nan,nan,nan,nan
78,2.600476889214967,0,473.9748079877112,262.6494623655914,528.5720858895705,261.3358895705521,nan,nan,nan,nan,20.209838879859376,15.691386554815079,0.03672173133627365,nan,nan,nan,nan
79,2.633816336512595,0,473.9748079877112,262.6494623655914,528.5720858895705,261.3358895705521,nan,nan,nan,nan,20.209838879859376,15.691386554815079,0.03672173133627365,nan,nan,nan,nan
80,2.6671557838102227,0,473.9748079877112,262.6494623655914,528.5720858895705,261.3358895705521,nan,nan,nan,nan,20.209838879859376,15.691386554815079,0.03672173133627365,nan,nan,nan,nan
81,2.7004952311078503,0,473.9748079877112,262.6494623655914,528.5720858895705,261.3358895705521,nan,nan,nan,nan,20.209838879859376,15.691386554815079,0.03672173133627365,nan,nan,nan,nan
82,2.7338346784054783,0,473.9748079877112,262.6494623655914,528.5720858895705,261.3358895705521,nan,nan,nan,nan,20.209838879859376,15.691386554815079,0.03672173133627365,nan,nan,nan,nan
83,2.767174125703106,0,473.9748079877112,262.6494623655914,528.5720858895705,261.3358895705521,nan,nan,nan,nan,20.209838879859376,15.691386554815079,0.03672173133627365,nan,nan,nan,nan
84,2.800513573000734,0,473.95629424438283,262.67189904586024,528.5720858895705,261.3358895705521,nan,nan,nan,nan,20.209300550365775,15.690646885692596,0.03716753856748369,nan,nan,nan,nan
85,2.8338530202983616,0,473.9846531614487,262.6381215469613,528.5720858895705,261.3358895705521,nan,nan,nan,nan,20.210125348511106,15.691760578263263,0.036496506592533985,nan,nan,nan,nan
86,2.8671924675959892,0,473.9846531614487,262.6381215469613,528.5720858895705,261.3358895705521,nan,nan,nan,nan,20.210125348511106,15.691760578263263,0.036496506592533985,nan,nan,nan,nan
87,2.9005319148936173,0,473.9846531614487,262.6381215469613,528.5720858895705,261.3358895705521,nan,nan,nan,nan,20.210125348511106,15.691760578263263,0.036496506592533985,nan,nan,nan,nan
88,2.933871362191245,0,473.9632352941176,262.7095588235294,528.5720858895705,261.3358895705521,nan,nan,nan,nan,20.20951736869454,15.689416618597534,0.03793446693165607,nan,nan,nan,nan
89,2.967210809488873,0,473.89558599695584,262.7065449010654,528.5720858895705,261.3358895705521,nan,nan,nan,nan,20.207522706872783,15.689495276897958,0.03783898780820146,nan,nan,nan,nan
90,3.0005502567865006,0,473.89558599695584,262.7065449010654,528.5720858895705,261.3358895705521,nan,nan,nan,nan,20.207522706872783,15.689495276897958,0.03783898780820146,nan,nan,nan,nan
91,3.033889704084128,0,473.7368736873687,262.6711671167116,528.5720858895705,261.3358895705521,nan,nan,nan,nan,20.202833704917843,15.690606081325166,0.037044388583249044,nan,nan,nan,nan
92,3.0672291513817562,0,473.7368736873687,262.6711671167116,528.5720858895705,261.3358895705521,nan,nan,nan,nan,20.202833704917843,15.690606081325166,0.037044388583249044,nan,nan,nan,nan
93,3.100568598679384,0,473.71877807726867,262.6537885594489,528.6350552557183,261.40298123875607,nan,nan,nan,nan,20.20411813373415,15.688985839935649,0.0352985418681658,nan,nan,nan,nan
94,3.1339080459770114,0,473.7172434191067,262.67051168293403,528.5720858895705,261.3358895705521,nan,nan,nan,nan,20.20225496309581,15.690621735719471,0.03702151170615753,nan,nan,nan,nan
95,3.1672474932746395,0,473.6317488262911,262.60651408450707,528.6350552557183,261.40298123875607,nan,nan,nan,nan,20.20153762268224,15.690507174805319,0.034306856688501884,nan,nan,nan,nan
96,3.200586940572267,0,473.564887722368,262.5710119568387,528.5286558725263,261.5340529426882,nan,nan,nan,nan,20.196332940537197,15.687315678948842,0.030962371179661045,nan,nan,nan,nan
97,3.233926387869895,0,473.564887722368,262.5710119568387,528.5989782886335,261.4802043422733,nan,nan,nan,nan,20.198443666157424,15.689103888137916,0.03202160276483296,nan,nan,nan,nan
98,3.267265835167523,0,473.564887722368,262.5710119568387,528.6350552557183,261.40298123875607,nan,nan,nan,nan,20.199555305114583,15.691649269562484,0.03356347434727267,nan,nan,nan,nan
99,3.3006052824651504,0,473.52891601278696,262.53065969195,528.6350552557183,261.40298123875607,nan,nan,nan,nan,20.19848170617651,15.69295925962823,0.032737105283016876,nan,nan,nan,nan
100,3.3339447297627784,0,473.52891601278696,262.53065969195,528.6350552557183,261.40298123875607,nan,nan,nan,nan,20.19848170617651,15.69295925962823,0.032737105283016876,nan,nan,nan,nan
101,3.367284177060406,0,473.5,262.5,528.6350552557183,261.40298123875607,nan,nan,nan,nan,20.19761924752037,15.69395416146444,0.032109270633261106,nan,nan,nan,nan
102,3.400623624358034,0,473.5,262.5,528.6350552557183,261.40298123875607,nan,nan,nan,nan,20.19761924752037,15.69395416146444,0.032109270633261106,nan,nan,nan,nan
103,3.4339630716556617,0,473.5194541231126,262.52003484320556,528.5015432098766,261.3888888888889,nan,nan,nan,nan,20.19425895017404,15.69372708477371,0.03285878377551387,nan,nan,nan,nan
104,3.4673025189532893,0,473.5,262.5,528.5015432098766,261.3888888888889,nan,nan,nan,nan,20.19367889903325,15.694377050796486,0.032447254411003226,nan,nan,nan,nan
105,3.5006419662509174,0,473.5,262.5,528.5015432098766,261.3888888888889,nan,nan,nan,nan,20.19367889903325,15.694377050796486,0.032447254411003226,nan,nan,nan,nan
106,3.533981413548545,0,473.564887722368,262.5710119568387,528.5015432098766,261.3888888888889,nan,nan,nan,nan,20.195614956627466,15.692072158894533,0.033905361389694945,nan,nan,nan,nan
107,3.567320860846173,0,473.564887722368,262.5710119568387,528.5015432098766,261.3888888888889,nan,nan,nan,nan,20.195614956627466,15.692072158894533,0.033905361389694945,nan,nan,nan,nan
108,3.6006603081438007,0,473.55623543123534,262.56031468531467,528.5015432098766,261.3888888888889,nan,nan,nan,nan,20.19535639834958,15.692419688922644,0.033685987434821534,nan,nan,nan,nan
109,3.6339997554414283,0,473.52891601278696,262.53065969195,528.5015432098766,261.3888888888889,nan,nan,nan,nan,20.194541357689396,15.693382148960278,0.03307677888799185,nan,nan,nan,nan
110,3.6673392027390563,0,473.564887722368,262.5710119568387,528.5015432098766,261.3888888888889,nan,nan,nan,nan,20.195614956627466,15.692072158894533,0.033905361389694945,nan,nan,nan,nan
111,3.700678650036684,0,473.53781268179165,262.54130308318787,528.5015432098766,261.3888888888889,nan,nan,nan,nan,20.19480710941144,15.693036443360311,0.03329497907833242,nan,nan,nan,nan
112,3.7340180973343116,0,473.53781268179165,262.54130308318787,528.5645202999741,261.4566847685544,nan,nan,nan,nan,20.196630401788674,15.690829882669956,0.03190093610017551,nan,nan,nan,nan
113,3.7673575446319396,0,473.52891601278696,262.53065969195,528.5645202999741,261.4566847685544,nan,nan,nan,nan,20.196364650066627,15.691175588269921,0.031683188995956964,nan,nan,nan,nan
114,3.8006969919295672,0,473.5,262.5,528.5015432098766,261.3888888888889,nan,nan,nan,nan,20.19367889903325,15.694377050796486,0.032447254411003226,nan,nan,nan,nan
115,3.8340364392271953,0,473.5,262.5,528.5015432098766,261.3888888888889,nan,nan,nan,nan,20.19367889903325,15.694377050796486,0.032447254411003226,nan,nan,nan,nan
116,3.867375886524823,0,473.5,262.5,528.5015432098766,261.3888888888889,nan,nan,nan,nan,20.19367889903325,15.694377050796486,0.032447254411003226,nan,nan,nan,nan
117,3.9007153338224505,0,473.5,262.5,528.5720858895705,261.3358895705521,nan,nan,nan,nan,20.195795795204443,15.69613774311591,0.033486634039425256,nan,nan,nan,nan
118,3.9340547811200786,0,473.5,262.5,528.5720858895705,261.3358895705521,nan,nan,nan,nan,20.195795795204443,15.69613774311591,0.033486634039425256,nan,nan,nan,nan
119,3.967394228417706,0,473.5,262.5,528.5720858895705,261.3358895705521,nan,nan,nan,nan,20.195795795204443,15.69613774311591,0.033486634039425256,nan,nan,nan,nan
120,4.000733675715334,0,473.5,262.5,528.5720858895705,261.3358895705521,nan,nan,nan,nan,20.195795795204443,15.69613774311591,0.033486634039425256,nan,nan,nan,nan
121,4.034073123012962,0,473.5,262.5,528.5720858895705,261.3358895705521,nan,nan,nan,nan,20.195795795204443,15.69613774311591,0.033486634039425256,nan,nan,nan,nan
122,4.06741257031059,0,473.5,262.5,528.5720858895705,261.3358895705521,nan,nan,nan,nan,20.195795795204443,15.69613774311591,0.033486634039425256,nan,nan,nan,nan
123,4.100752017608217,0,473.5,262.5,528.5720858895705,261.3358895705521,nan,nan,nan,nan,20.195795795204443,15.69613774311591,0.033486634039425256,nan,nan,nan,nan
124,4.134091464905845,0,473.5,262.5,528.5720858895705,261.3358895705521,nan,nan,nan,nan,20.195795795204443,15.69613774311591,0.033486634039425256,nan,nan,nan,nan
125,4.167430912203473,0,473.50971859588043,262.5105889178996,528.5720858895705,261.3358895705521,nan,nan,nan,nan,20.196085763110496,15.695794051652637,0.03370375960993722,nan,nan,nan,nan
126,4.2007703595011,0,473.50971859588043,262.5105889178996,528.5720858895705,261.3358895705521,nan,nan,nan,nan,20.196085763110496,15.695794051652637,0.03370375960993722,nan,nan,nan,nan
127,4.234109806798728,0,473.564887722368,262.5710119568387,528.5720858895705,261.3358895705521,nan,nan,nan,nan,20.197731852798654,15.693832851213955,0.03494397743250096,nan,nan,nan,nan
128,4.2674492540963564,0,473.564887722368,262.5710119568387,528.5720858895705,261.3358895705521,nan,nan,nan,nan,20.197731852798654,15.693832851213955,0.03494397743250096,nan,nan,nan,nan
129,4.3007887013939845,0,473.564887722368,262.5710119568387,528.5720858895705,261.3358895705521,nan,nan,nan,nan,20.197731852798654,15.693832851213955,0.03494397743250096,nan,nan,nan,nan
130,4.334128148691612,0,473.564887722368,262.5710119568387,528.5720858895705,261.3358895705521,nan,nan,nan,nan,20.197731852798654,15.693832851213955,0.03494397743250096,nan,nan,nan,nan
131,4.36746759598924,0,473.5,262.5,528.5720858895705,261.3358895705521,nan,nan,nan,nan,20.195795795204443,15.69613774311591,0.033486634039425256,nan,nan,nan,nan
132,4.400807043286868,0,473.5,262.5,528.5720858895705,261.3358895705521,nan,nan,nan,nan,20.195795795204443,15.69613774311591,0.033486634039425256,nan,nan,nan,nan
133,4.434146490584495,0,473.5,262.5,528.5720858895705,261.3358895705521,nan,nan,nan,nan,20.195795795204443,15.69613774311591,0.033486634039425256,nan,nan,nan,nan
134,4.467485937882123,0,473.5,262.5,528.5720858895705,261.3358895705521,nan,nan,nan,nan,20.195795795204443,15.69613774311591,0.033486634039425256,nan,nan,nan,nan
135,4.500825385179751,0,473.5,262.5,528.5720858895705,261.3358895705521,nan,nan,nan,nan,20.195795795204443,15.69613774311591,0.033486634039425256,nan,nan,nan,nan
136,4.534164832477378,0,473.5,262.5,528.5720858895705,261.3358895705521,nan,nan,nan,nan,20.195795795204443,15.69613774311591,0.033486634039425256,nan,nan,nan,nan
137,4.567504279775006,0,473.5,262.5,528.5720858895705,261.3358895705521,nan,nan,nan,nan,20.195795795204443,15.69613774311591,0.033486634039425256,nan,nan,nan,nan
138,4.600843727072634,0,473.5,262.5,528.5720858895705,261.3358895705521,nan,nan,nan,nan,20.195795795204443,15.69613774311591,0.033486634039425256,nan,nan,nan,nan
139,4.6341831743702615,0,473.5,262.5,528.5720858895705,261.3358895705521,nan,nan,nan,nan,20.195795795204443,15.69613774311591,0.033486634039425256,nan,nan,nan,nan
140,4.66752262166789,0,473.5,262.5,528.5720858895705,261.3358895705521,nan,nan,nan,nan,20.195795795204443,15.69613774311591,0.033486634039425256,nan,nan,nan,nan
141,4.700862068965518,0,473.5,262.5,528.5720858895705,261.3358895705521,nan,nan,nan,nan,20.195795795204443,15.69613774311591,0.033486634039425256,nan,nan,nan,nan
142,4.734201516263146,0,473.5,262.5,528.5720858895705,261.3358895705521,nan,nan,nan,nan,20.195795795204443,15.69613774311591,0.033486634039425256,nan,nan,nan,nan
143,4.767540963560773,0,473.5311958405546,262.4552281917966,528.5720858895705,261.3358895705521,nan,nan,nan,nan,20.19670035708751,15.697612322920762,0.03259892836563491,nan,nan,nan,nan
144,4.800880410858401,0,473.5311958405546,262.4552281917966,528.5720858895705,261.3358895705521,nan,nan,nan,nan,20.19670035708751,15.697612322920762,0.03259892836563491,nan,nan,nan,nan
145,4.834219858156029,0,473.5,262.5,528.5720858895705,261.3358895705521,nan,nan,nan,nan,20.195795795204443,15.69613774311591,0.033486634039425256,nan,nan,nan,nan
146,4.867559305453656,0,473.5,262.5,528.5720858895705,261.3358895705521,nan,nan,nan,nan,20.195795795204443,15.69613774311591,0.033486634039425256,nan,nan,nan,nan
147,4.900898752751284,0,473.5,262.5,528.7047254150702,261.3376756066411,nan,nan,nan,nan,20.199717598748492,15.69611854334969,0.033394360476894,nan,nan,nan,nan
148,4.934238200048912,0,473.5,262.5,528.7047254150702,261.3376756066411,nan,nan,nan,nan,20.199717598748492,15.69611854334969,0.033394360476894,nan,nan,nan,nan
149,4.967577647346539,0,473.5,262.5,528.7047254150702,261.3376756066411,nan,nan,nan,nan,20.199717598748492,15.69611854334969,0.033394360476894,nan,nan,nan,nan
150,5.0009170946441674,0,473.5,262.5,528.7047254150702,261.3376756066411,nan,nan,nan,nan,20.199717598748492,15.69611854334969,0.033394360476894,nan,nan,nan,nan
151,5.0342565419417955,0,473.5,262.5,528.7047254150702,261.3376756066411,nan,nan,nan,nan,20.199717598748492,15.69611854334969,0.033394360476894,nan,nan,nan,nan
152,5.067595989239423,0,473.5,262.5,528.7047254150702,261.3376756066411,nan,nan,nan,nan,20.199717598748492,15.69611854334969,0.033394360476894,nan,nan,nan,nan
153,5.100935436537051,0,473.5,262.5,528.7047254150702,261.3376756066411,nan,nan,nan,nan,20.199717598748492,15.69611854334969,0.033394360476894,nan,nan,nan,nan
154,5.134274883834679,0,473.5,262.5,528.7047254150702,261.3376756066411,nan,nan,nan,nan,20.199717598748492,15.69611854334969,0.033394360476894,nan,nan,nan,nan
155,5.167614331132307,0,473.5,262.5,528.7047254150702,261.3376756066411,nan,nan,nan,nan,20.199717598748492,15.69611854334969,0.033394360476894,nan,nan,nan,nan
156,5.200953778429934,0,473.5,262.5,528.7047254150702,261.3376756066411,nan,nan,nan,nan,20.199717598748492,15.69611854334969,0.033394360476894,nan,nan,nan,nan
157,5.234293225727562,0,473.5,262.5,528.7047254150702,261.3376756066411,nan,nan,nan,nan,20.199717598748492,15.69611854334969,0.033394360476894,nan,nan,nan,nan
158,5.26763267302519,0,473.5,262.5,528.7047254150702,261.3376756066411,nan,nan,nan,nan,20.199717598748492,15.69611854334969,0.033394360476894,nan,nan,nan,nan
159,5.300972120322817,0,473.5,262.5,528.7047254150702,261.3376756066411,nan,nan,nan,nan,20.199717598748492,15.69611854334969,0.033394360476894,nan,nan,nan,nan
160,5.334311567620445,0,473.5,262.5,528.7047254150702,261.3376756066411,nan,nan,nan,nan,20.199717598748492,15.69611854334969,0.033394360476894,nan,nan,nan,nan
161,5.367651014918073,0,473.5,262.5,528.7047254150702,261.3376756066411,nan,nan,nan,nan,20.199717598748492,15.69611854334969,0.033394360476894,nan,nan,nan,nan
162,5.400990462215701,0,473.5,262.5,528.7047254150702,261.3376756066411,nan,nan,nan,nan,20.199717598748492,15.69611854334969,0.033394360476894,nan,nan,nan,nan
163,5.434329909513329,0,473.5,262.5,528.7047254150702,261.3376756066411,nan,nan,nan,nan,20.199717598748492,15.69611854334969,0.033394360476894,nan,nan,nan,nan
164,5.467669356810957,0,473.5,262.5,528.7047254150702,261.3376756066411,nan,nan,nan,nan,20.199717598748492,15.69611854334969,0.033394360476894,nan,nan,nan,nan
165,5.501008804108585,0,473.5,262.5,528.7047254150702,261.3376756066411,nan,nan,nan,nan,20.199717598748492,15.69611854334969,0.033394360476894,nan,nan,nan,nan
166,5.534348251406212,0,473.5,262.5,528.7047254150702,261.3376756066411,nan,nan,nan,nan,20.199717598748492,15.69611854334969,0.033394360476894,nan,nan,nan,nan
167,5.56768769870384,0,473.5,262.5,528.7047254150702,261.3376756066411,nan,nan,nan,nan,20.199717598748492,15.69611854334969,0.033394360476894,nan,nan,nan,nan
168,5.601027146001468,0,473.5,262.5,528.7047254150702,261.3376756066411,nan,nan,nan,nan,20.199717598748492,15.69611854334969,0.033394360476894,nan,nan,nan,nan
169,5.634366593299095,0,473.5,262.5,528.7047254150702,261.3376756066411,nan,nan,nan,nan,20.199717598748492,15.69611854334969,0.033394360476894,nan,nan,nan,nan
170,5.667706040596723,0,473.5,262.5,528.7047254150702,261.3376756066411,nan,nan,nan,nan,20.199717598748492,15.69611854334969,0.033394360476894,nan,nan,nan,nan
171,5.701045487894351,0,473.5,262.5,528.7047254150702,261.3376756066411,nan,nan,nan,nan,20.199717598748492,15.69611854334969,0.033394360476894,nan,nan,nan,nan
172,5.7343849351919784,0,473.5,262.5,528.7047254150702,261.3376756066411,nan,nan,nan,nan,20.199717598748492,15.69611854334969,0.033394360476894,nan,nan,nan,nan
173,5.7677243824896065,0,473.5,262.5,528.7047254150702,261.3376756066411,nan,nan,nan,nan,20.199717598748492,15.69611854334969,0.033394360476894,nan,nan,nan,nan
174,5.801063829787235,0,473.5,262.5,528.7047254150702,261.3376756066411,nan,nan,nan,nan,20.199717598748492,15.69611854334969,0.033394360476894,nan,nan,nan,nan
175,5.834403277084862,0,473.5,262.5,528.7291184785402,261.25957337445385,nan,nan,nan,nan,20.20048441229692,15.698689730553966,0.03495347577157153,nan,nan,nan,nan
176,5.86774272438249,0,473.5,262.5,528.5720858895705,261.3358895705521,nan,nan,nan,nan,20.195795795204443,15.69613774311591,0.033486634039425256,nan,nan,nan,nan
177,5.901082171680118,0,473.5,262.5,528.5720858895705,261.3358895705521,nan,nan,nan,nan,20.195795795204443,15.69613774311591,0.033486634039425256,nan,nan,nan,nan
178,5.934421618977746,0,473.5,262.5,528.5720858895705,261.3358895705521,nan,nan,nan,nan,20.195795795204443,15.69613774311591,0.033486634039425256,nan,nan,nan,nan
179,5.967761066275373,0,473.5,262.5,528.5720858895705,261.3358895705521,nan,nan,nan,nan,20.195795795204443,15.69613774311591,0.033486634039425256,nan,nan,nan,nan
180,6.001100513573001,0,473.5,262.5,528.5720858895705,261.3358895705521,nan,nan,nan,nan,20.195795795204443,15.69613774311591,0.033486634039425256,nan,nan,nan,nan
181,6.034439960870629,0,473.5,262.5,528.5720858895705,261.3358895705521,nan,nan,nan,nan,20.195795795204443,15.69613774311591,0.033486634039425256,nan,nan,nan,nan
182,6.067779408168256,0,473.5,262.5,528.5720858895705,261.3358895705521,nan,nan,nan,nan,20.195795795204443,15.69613774311591,0.033486634039425256,nan,nan,nan,nan
183,6.101118855465884,0,473.5,262.5,528.5720858895705,261.3358895705521,nan,nan,nan,nan,20.195795795204443,15.69613774311591,0.033486634039425256,nan,nan,nan,nan
184,6.1344583027635124,0,473.5,262.5,528.5956790123457,261.25771604938274,nan,nan,nan,nan,20.196538814555797,15.698711027625473,0.03505125404285393,nan,nan,nan,nan
185,6.16779775006114,0,473.5,262.5,528.5956790123457,261.25771604938274,nan,nan,nan,nan,20.196538814555797,15.698711027625473,0.03505125404285393,nan,nan,nan,nan
186,6.201137197358768,0,473.5,262.5,528.5956790123457,261.25771604938274,nan,nan,nan,nan,20.196538814555797,15.698711027625473,0.03505125404285393,nan,nan,nan,nan
187,6.234476644656396,0,473.5,262.5,528.5956790123457,261.25771604938274,nan,nan,nan,nan,20.196538814555797,15.698711027625473,0.03505125404285393,nan,nan,nan,nan
188,6.267816091954023,0,473.5,262.5,528.5956790123457,261.25771604938274,nan,nan,nan,nan,20.196538814555797,15.698711027625473,0.03505125404285393,nan,nan,nan,nan
189,6.301155539251651,0,473.5,262.5,528.5956790123457,261.25771604938274,nan,nan,nan,nan,20.196538814555797,15.698711027625473,0.03505125404285393,nan,nan,nan,nan
190,6.334494986549279,0,473.5,262.5,528.5956790123457,261.25771604938274,nan,nan,nan,nan,20.196538814555797,15.698711027625473,0.03505125404285393,nan,nan,nan,nan
191,6.367834433846907,0,473.5,262.5,528.5956790123457,261.25771604938274,nan,nan,nan,nan,20.196538814555797,15.698711027625473,0.03505125404285393,nan,nan,nan,nan
192,6.401173881144534,0,473.5,262.5,528.5956790123457,261.25771604938274,nan,nan,nan,nan,20.196538814555797,15.698711027625473,0.03505125404285393,nan,nan,nan,nan
193,6.434513328442162,0,473.5,262.5,528.5956790123457,261.25771604938274,nan,nan,nan,nan,20.196538814555797,15.698711027625473,0.03505125404285393,nan,nan,nan,nan
194,6.46785277573979,0,473.5,262.5,528.5956790123457,261.25771604938274,nan,nan,nan,nan,20.196538814555797,15.698711027625473,0.03505125404285393,nan,nan,nan,nan
195,6.5011922230374175,0,473.5,262.5,528.5956790123457,261.25771604938274,nan,nan,nan,nan,20.196538814555797,15.698711027625473,0.03505125404285393,nan,nan,nan,nan
196,6.534531670335046,0,473.5,262.5,528.5956790123457,261.25771604938274,nan,nan,nan,nan,20.196538814555797,15.698711027625473,0.03505125404285393,nan,nan,nan,nan
197,6.567871117632674,0,473.5,262.5,528.5956790123457,261.25771604938274,nan,nan,nan,nan,20.196538814555797,15.698711027625473,0.03505125404285393,nan,nan,nan,nan
198,6.601210564930301,0,473.5,262.5,528.5956790123457,261.25771604938274,nan,nan,nan,nan,20.196538814555797,15.698711027625473,0.03505125404285393,nan,nan,nan,nan
199,6.634550012227929,0,473.5,262.5,528.5956790123457,261.25771604938274,nan,nan,nan,nan,20.196538814555797,15.698711027625473,0.03505125404285393,nan,nan,nan,nan
200,6.667889459525557,0,473.5,262.5,528.5956790123457,261.25771604938274,nan,nan,nan,nan,20.196538814555797,15.698711027625473,0.03505125404285393,nan,nan,nan,nan
201,6.701228906823184,0,473.5,262.5,528.5956790123457,261.25771604938274,nan,nan,nan,nan,20.196538814555797,15.698711027625473,0.03505125404285393,nan,nan,nan,nan
202,6.734568354120812,0,473.5,262.5,528.5956790123457,261.25771604938274,nan,nan,nan,nan,20.196538814555797,15.698711027625473,0.03505125404285393,nan,nan,nan,nan
203,6.76790780141844,0,473.5,262.5,528.5956790123457,261.25771604938274,nan,nan,nan,nan,20.196538814555797,15.698711027625473,0.03505125404285393,nan,nan,nan,nan
204,6.801247248716068,0,473.5,262.5,528.5956790123457,261.25771604938274,nan,nan,nan,nan,20.196538814555797,15.698711027625473,0.03505125404285393,nan,nan,nan,nan
205,6.834586696013695,0,473.5,262.5,528.5956790123457,261.25771604938274,nan,nan,nan,nan,20.196538814555797,15.698711027625473,0.03505125404285393,nan,nan,nan,nan
206,6.8679261433113235,0,473.5,262.5,528.4301242236024,261.4301242236025,nan,nan,nan,nan,20.191542997227465,15.6930023334526,0.031643206278244865,nan,nan,nan,nan
207,6.9012655906089515,0,473.5,262.5,528.4301242236024,261.4301242236025,nan,nan,nan,nan,20.191542997227465,15.6930023334526,0.031643206278244865,nan,nan,nan,nan
208,6.934605037906579,0,473.5,262.5,528.4301242236024,261.4301242236025,nan,nan,nan,nan,20.191542997227465,15.6930023334526,0.031643206278244865,nan,nan,nan,nan
209,6.967944485204207,0,473.5,262.5,528.4301242236024,261.4301242236025,nan,nan,nan,nan,20.191542997227465,15.6930023334526,0.031643206278244865,nan,nan,nan,nan
210,7.001283932501835,0,473.5,262.5,528.4301242236024,261.4301242236025,nan,nan,nan,nan,20.191542997227465,15.6930023334526,0.031643206278244865,nan,nan,nan,nan
211,7.034623379799462,0,473.5,262.5,528.4301242236024,261.4301242236025,nan,nan,nan,nan,20.191542997227465,15.6930023334526,0.031643206278244865,nan,nan,nan,nan
212,7.06796282709709,0,473.5,262.5,528.4301242236024,261.4301242236025,nan,nan,nan,nan,20.191542997227465,15.6930023334526,0.031643206278244865,nan,nan,nan,nan
213,7.101302274394718,0,473.5,262.5,528.4301242236024,261.4301242236025,nan,nan,nan,nan,20.191542997227465,15.6930023334526,0.031643206278244865,nan,nan,nan,nan
214,7.134641721692346,0,473.5,262.5,528.4301242236024,261.4301242236025,nan,nan,nan,nan,20.191542997227465,15.6930023334526,0.031643206278244865,nan,nan,nan,nan
215,7.167981168989973,0,473.5,262.5,528.4301242236024,261.4301242236025,nan,nan,nan,nan,20.191542997227465,15.6930023334526,0.031643206278244865,nan,nan,nan,nan
216,7.201320616287601,0,473.5,262.5,528.4301242236024,261.4301242236025,nan,nan,nan,nan,20.191542997227465,15.6930023334526,0.031643206278244865,nan,nan,nan,nan
217,7.234660063585229,0,473.5311958405546,262.4552281917966,528.5015432098766,261.3888888888889,nan,nan,nan,nan,20.19458346091632,15.695851630601338,0.0315577514929716,nan,nan,nan,nan
218,7.267999510882857,0,473.5311958405546,262.4552281917966,528.5015432098766,261.3888888888889,nan,nan,nan,nan,20.19458346091632,15.695851630601338,0.0315577514929716,nan,nan,nan,nan
219,7.301338958180485,0,473.57766293425203,262.37467700258395,528.5720858895705,261.3358895705521,nan,nan,nan,nan,20.198043213614866,15.700262651536981,0.03099540143848707,nan,nan,nan,nan
220,7.334678405478113,0,473.57766293425203,262.37467700258395,528.5720858895705,261.3358895705521,nan,nan,nan,nan,20.198043213614866,15.700262651536981,0.03099540143848707,nan,nan,nan,nan
221,7.36801785277574,0,473.57766293425203,262.37467700258395,528.5956790123457,261.25771604938274,nan,nan,nan,nan,20.19878623296622,15.702835936046544,0.03256358302457778,nan,nan,nan,nan
222,7.401357300073368,0,473.57766293425203,262.37467700258395,528.5956790123457,261.25771604938274,nan,nan,nan,nan,20.19878623296622,15.702835936046544,0.03256358302457778,nan,nan,nan,nan
223,7.434696747370996,0,473.5311958405546,262.4552281917966,528.5248447204968,261.3105590062112,nan,nan,nan,nan,20.195317828508912,15.698429801968578,0.03312954923099554,nan,nan,nan,nan
224,7.468036194668623,0,473.5,262.5,528.5248447204968,261.3105590062112,nan,nan,nan,nan,20.194413266625844,15.696955222163727,0.03401768344390826,nan,nan,nan,nan
225,7.501375641966251,0,473.5,262.5,528.5645202999741,261.4566847685544,nan,nan,nan,nan,20.19550219141049,15.69217049010613,0.031055053632503615,nan,nan,nan,nan
226,7.534715089263879,0,473.5,262.5,528.5645202999741,261.4566847685544,nan,nan,nan,nan,20.19550219141049,15.69217049010613,0.031055053632503615,nan,nan,nan,nan
227,7.568054536561507,0,473.5,262.5,528.4931043455633,261.49856882643763,nan,nan,nan,nan,20.193366037299516,15.69077458745236,0.03023697560782591,nan,nan,nan,nan
228,7.6013939838591345,0,473.5,262.5,528.4931043455633,261.49856882643763,nan,nan,nan,nan,20.193366037299516,15.69077458745236,0.03023697560782591,nan,nan,nan,nan
229,7.6347334311567625,0,473.5,262.5,528.5248447204968,261.3105590062112,nan,nan,nan,nan,20.194413266625844,15.696955222163727,0.03401768344390826,nan,nan,nan,nan
230,7.668072878454391,0,473.5,262.5,528.5883424408014,261.37835024720266,nan,nan,nan,nan,20.196252013458988,15.694748776275965,0.03262425380754058,nan,nan,nan,nan
231,7.701412325752018,0,473.5,262.5,528.5883424408014,261.37835024720266,nan,nan,nan,nan,20.196252013458988,15.694748776275965,0.03262425380754058,nan,nan,nan,nan
232,7.734751773049646,0,473.5,262.5,528.453125,261.3515625,nan,nan,nan,nan,20.19226849091757,15.695587900250926,0.03322088369141037,nan,nan,nan,nan
233,7.768091220347274,0,473.5611159045153,262.3986194995686,528.3805031446541,261.3805031446541,nan,nan,nan,nan,20.191871715709887,15.697952642227424,0.03064284161534143,nan,nan,nan,nan
234,7.801430667644901,0,473.5,262.5,528.2845911949686,261.47641509433964,nan,nan,nan,nan,20.18721256650733,15.691439735267418,0.030762764039840993,nan,nan,nan,nan
235,7.834770114942529,0,473.3109144542772,262.53716814159293,528.1353503184713,261.4729299363057,nan,nan,nan,nan,20.177240664942893,15.69023750627473,0.03156940339473714,nan,nan,nan,nan
236,7.868109562240157,0,473.2648888888889,262.5718518518518,528.1353503184713,261.4729299363057,nan,nan,nan,nan,20.17589585689621,15.689088836723409,0.03225154079146369,nan,nan,nan,nan
237,7.901449009537784,0,473.4351122776319,262.42898804316127,528.1012658227849,261.55221518987344,nan,nan,nan,nan,20.179811783521178,15.691202620983272,0.02782929603113954,nan,nan,nan,nan
238,7.934788456835412,0,473.36942488262906,262.5,528.0878035761942,261.60261542567383,nan,nan,nan,nan,20.17747265402992,15.687201011239935,0.028227804300999675,nan,nan,nan,nan
239,7.96812790413304,0,473.4351122776319,262.42898804316127,528.0878035761942,261.60261542567383,nan,nan,nan,nan,20.179384954663277,15.689544635501285,0.02680989357700828,nan,nan,nan,nan
240,8.001467351430668,0,473.4351122776319,262.42898804316127,528.3853760083268,261.6062971636742,nan,nan,nan,nan,20.18818210462408,15.68951219232569,0.026644604875976925,nan,nan,nan,nan
241,8.034806798728296,0,473.4351122776319,262.42898804316127,528.4931043455633,261.49856882643763,nan,nan,nan,nan,20.191429832106728,15.693079655071593,0.02878424871412221,nan,nan,nan,nan
242,8.068146246025924,0,474.1915353722582,262.7383379672536,528.7047254150702,261.3376756066411,nan,nan,nan,nan,20.220176661137018,15.688523094716475,0.03853126099968361,nan,nan,nan,nan
243,8.101485693323552,0,474.1915353722582,262.7383379672536,528.6350552557183,261.40298123875607,nan,nan,nan,nan,20.218078309908897,15.686358712831222,0.037236991758131575,nan,nan,nan,nan
244,8.13482514062118,0,474.2541161851506,262.6688412550481,528.7291184785402,261.25957337445385,nan,nan,nan,nan,20.222765495295498,15.693386828339987,0.03872948309007008,nan,nan,nan,nan
245,8.168164587918808,0,474.29671717171715,262.50852272727275,528.7291184785402,261.25957337445385,nan,nan,nan,nan,20.223969733838366,15.698646048767618,0.035490918573568946,nan,nan,nan,nan
246,8.201504035216434,0,474.33967046894804,262.4949302915082,528.6591673131626,261.32479958624253,nan,nan,nan,nan,20.223124689725985,15.69694155448596,0.03393412799612241,nan,nan,nan,nan
247,8.234843482514062,0,474.33967046894804,262.4949302915082,528.6591673131626,261.32479958624253,nan,nan,nan,nan,20.223124689725985,15.69694155448596,0.03393412799612241,nan,nan,nan,nan
248,8.26818292981169,0,474.285398927783,262.5424156417534,528.6591673131626,261.32479958624253,nan,nan,nan,nan,20.22154024565184,15.69537138235006,0.034877488701047336,nan,nan,nan,nan
249,8.301522377109318,0,474.285398927783,262.5424156417534,528.7233489339573,261.2659906396256,nan,nan,nan,nan,20.223472612552392,15.697321045926138,0.03604695826452742,nan,nan,nan,nan
250,8.334861824406946,0,474.285398927783,262.5424156417534,528.7233489339573,261.2659906396256,nan,nan,nan,nan,20.223472612552392,15.697321045926138,0.03604695826452742,nan,nan,nan,nan
251,8.368201271704574,0,474.3714648871941,262.47982205274866,528.7233489339573,261.2659906396256,nan,nan,nan,nan,20.225989379663606,15.699395102434035,0.03481276608917545,nan,nan,nan,nan
252,8.4015407190022,0,474.3714648871941,262.47982205274866,528.7233489339573,261.2659906396256,nan,nan,nan,nan,20.225989379663606,15.699395102434035,0.03481276608917545,nan,nan,nan,nan
253,8.434880166299829,0,474.36,262.48857142857145,528.8098999473407,261.1287519747235,234.96762688614538,311.5777777777778,249.46889790398916,239.2050371872887,20.22829405729623,15.703636868718268,0.037742929732829805,4.996313512258328,12.396980373430361,5.249835736452831,17.044549874755823
254,8.468219613597457,0,474.36,262.48857142857145,528.8026666666666,261.26,260.0800937413841,254.33595257788804,272.2586182636837,180.1127057830308,20.22800367334844,15.69932560012623,0.03507153574660406,5.994068973519946,16.049690347729467,6.142146615322165,21.141414805623935
255,8.501559060895085,0,474.3714648871941,262.47982205274866,528.8026666666666,261.26,310.4772335059073,202.4220098234435,314.82543103448273,129.2962643678161,20.228338812729724,15.699615355494199,0.03489878760356504,8.62643764151245,19.594633104951537,8.410637183542844,24.922044386130885
256,8.534898508192713,0,474.3714648871941,262.47982205274866,528.8026666666666,261.26,376.0543938262385,167.32424695046055,371.6110643077787,95.04591406908172,20.228338812729724,15.699615355494199,0.03489878760356504,12.451172095956116,22.144598566300964,11.838315871544395,27.636265651621176
257,8.568237955490341,0,474.3714648871941,262.47982205274866,528.8026666666666,261.26,432.1839439976169,145.3412272862675,419.01783840503674,75.19709688702343,20.228338812729724,15.699615355494199,0.03489878760356504,15.882725915479176,23.813695798764353,14.848203556474953,29.281424633592763
258,8.601577402787969,0,474.382951653944,262.47010178117046,528.7387387387387,261.18203497615264,456.9665836446658,145.03652968036528,442.5740173557937,75.91475242470648,20.226828835002173,15.702477545081974,0.03632693633778699,17.44321888346941,23.857659678334343,16.397122973219215,29.24747734004692
259,8.634916850085595,0,474.382951653944,262.47010178117046,528.7387387387387,261.18203497615264,452.21749112920054,159.61260697140472,441.4672151583146,90.76389927698828,20.226828835002173,15.702477545081974,0.03632693633778699,17.166523146909732,22.770679050164972,16.35597249647247,28.046880848155908
260,8.668256297383223,0,474.4149920255183,262.4405103668261,528.7387387387387,261.18203497615264,453.00404585300066,171.10631602607327,444.21873442949675,103.104384653712,20.227763826817814,15.703455575938499,0.035739204258200104,17.23290990931447,21.930505751909607,16.55954512656897,27.069375122543804
261,8.701595744680851,0,474.4149920255183,262.4405103668261,528.8098999473407,261.1287519747235,465.0866902237927,177.65865724381626,455.8315471283319,110.80104424292387,20.229899666947283,15.705226197982995,0.036792567314305503,17.98979957542838,21.465606962274894,17.321674533242515,26.476446203019687
262,8.73493519197848,0,474.435602428891,262.4221796100991,528.8850026497084,261.0834658187599,471.25800666154237,181.93338457596718,463.1204099060632,116.19128949615713,20.23274925010925,15.707341614429168,0.03731588585915611,18.375083445542675,21.162765110378114,17.79729414167557,26.063499606442512
263,8.768274639276108,0,474.435602428891,262.4221796100991,528.8850026497084,261.0834658187599,481.96725057121097,182.52246763137853,473.2934543454345,117.44884488448845,20.23274925010925,15.707341614429168,0.03731588585915611,19.036525270118073,21.12866851122128,18.451252399130762,25.97537599495836
264,8.801614086573736,0,474.4149920255183,262.4405103668261,528.880167451596,261.063579277865,490.6417525773196,184.19043528064145,481.56240126382306,118.92132701421801,20.232016146976864,15.70738708280577,0.03808579324796499,19.572364704752243,21.01568640417681,18.98255323470088,25.868936369180503
265,8.834953533871362,0,474.2741020793951,262.52079395085065,529.356473829201,261.07685950413224,487.33722135821665,189.2182477967859,479.07252559726965,124.41353811149033,20.241970515227315,15.704423402964725,0.03911775903374779,19.369627129654667,20.65408852335752,18.826022840319037,25.442869693735055
266,8.86829298116899,0,474.2741020793951,262.52079395085065,529.356473829201,261.07685950413224,478.14886164623465,195.34734384121424,472.7316017316017,130.47186147186147,20.241970515227315,15.704423402964725,0.03911775903374779,18.80797043453799,20.21244689169124,18.425793543036733,24.973027760953176
267,8.901632428466618,0,474.2741020793951,262.52079395085065,528.9610666666666,261.0504,480.19601139601133,199.62336182336182,475.3555334658714,135.1272365805169,20.230289740241123,15.705174601868041,0.03986482252080933,18.935443899631025,19.912440302408427,18.59608570760434,24.621027665431274
268,8.934971875764246,0,474.18949343339585,262.55597248280174,528.9610666666666,261.0504,486.56192997940565,205.02383053839364,481.0150119413169,140.20641419310815,20.227807274586972,15.70399829142059,0.040529797103945484,19.32594249221397,19.53830952845204,18.957845984711888,24.241598780483937
269,8.968311323061874,0,474.13663243075007,262.5941487706193,529.0924901185771,260.9180500658761,488.369578134284,210.42424242424244,482.93776824034336,145.4667381974249,20.23022688652263,15.707118763501597,0.04386773992201767,19.43712784005622,19.163198016407243,19.08171309170977,23.847586335394162
270,9.001650770359502,1,474.10614525139664,262.622905027933,528.8673390224981,261.05456426170156,489.9773202029245,216.0808713816771,484.5950563431479,151.18029807342782,20.222597399840502,15.701618605470511,0.04180412463697551,19.535555658226855,18.77255369478464,19.188266525962796,23.422021922090977
271,9.03499021765713,1,474.08968472604835,262.53963881236604,528.8027263374485,260.98894032921805,492.54930429522074,221.62492437991529,487.23309548080186,156.4641522256201,20.220212309942067,15.706474503000065,0.04147822942022824,19.691570960497348,18.39278383865667,19.355488433048805,23.031920279350025
272,9.068329664954756,1,474.06605222734254,262.58771121351765,528.74140160331,261.05456426170156,493.2521289537712,226.81508515815082,488.0652406417112,161.76720142602494,20.21767912179345,15.702721035466514,0.041141645936044524,19.73408928159302,18.03825801283779,19.408783072989443,22.64132927997796
273,9.101669112252385,1,474.15277777777777,262.54845679012345,528.671090294041,261.1189175123601,493.18407960199,230.99067164179104,488.24372759856624,165.70143369175625,20.21810538916783,15.701897312371301,0.0391246337590555,19.73006299370248,17.75413343310869,19.420733335482247,22.352778175466693
274,9.135008559550013,1,474.0552486187845,262.5887047268263,528.671090294041,261.1189175123601,495.01929474384565,232.45808383233532,490.2872228088701,169.30376627947905,20.21524388267511,15.700551327433205,0.0398885678011883,19.840234870165684,17.655819293831335,19.548647678853857,22.0912392490879
275,9.16834800684764,1,474.0552486187845,262.5887047268263,528.671090294041,261.1189175123601,497.1116138763197,233.6579939668175,492.1957219251337,171.56541889483066,20.21524388267511,15.700551327433205,0.0398885678011883,19.965684830960473,17.575927303201343,19.667573555552778,21.928085111260845
276,9.201687454145269,1,474.06121824303636,262.5739210284665,528.671090294041,261.1189175123601,498.08558558558553,235.17702702702704,493.0912786400591,173.54249815225424,20.21541503748139,15.701036907401647,0.039592155265062136,20.02388337391144,17.47384781325267,19.72329361753771,21.785195855600477
277,9.235026901442897,1,474.03113553113553,262.6047008547008,528.671090294041,261.1189175123601,498.88303282478034,235.64632454923716,494.19218241042347,175.49656170828808,20.214538387216145,15.700020722442712,0.04019947715207189,20.071598509777314,17.442666368548387,19.791624876919165,21.644458681675324
278,9.268366348740523,1,474.03113553113553,262.6047008547008,528.671090294041,261.1189175123601,499.906578220011,236.6799336650083,494.95570570570567,176.88288288288288,20.214538387216145,15.700020722442712,0.04019947715207189,20.132716293284567,17.37357267369915,19.838924115532805,21.54478954705639
279,9.301705796038151,1,473.9843462246777,262.67863720073666,528.671090294041,261.1189175123601,500.7975757575757,237.46303030303028,496.30656398973224,178.62009534286761,20.21318341995488,15.69758740710508,0.04167011920159623,20.185891812722947,17.321350834013007,19.922492301066075,21.420421544899
280,9.33504524333578,1,473.9843462246777,262.67863720073666,528.671090294041,261.1189175123601,501.44615384615383,238.22710622710622,496.86114221724523,179.83986562150056,20.21318341995488,15.69758740710508,0.04167011920159623,20.22452007690472,17.270298400848855,19.95669391895971,21.332940366482763
281,9.368384690633407,1,473.9843462246777,262.67863720073666,528.6987080103358,261.34496124031006,501.67780634104537,238.89974293059126,497.0300366300366,181.36153846153846,20.21386908148807,15.690174523086885,0.03707100348625878,20.238200509854124,17.22517383731767,19.966960399850468,21.223577858574156
282,9.401724137931035,1,474.10614525139664,264.622905027933,528.9386768447837,263.70737913486005,502.2721280602636,241.2730696798493,498.15867944621937,183.67163649272274,20.223804278939365,15.54928172050506,0.028475236647277115,20.273063125465047,17.066085810782884,20.036369014129075,21.05858646161032
283,9.435063585228663,1,474.2006259780907,266.5890453834116,529.389202256245,267.33225893096966,502.66280193236713,243.54396135265696,498.92450765864334,185.39934354485777,20.238386985358588,15.366876356899093,-0.0050148612980813285,20.295713566360266,16.914147872088574,20.083330537784654,20.935416486674487
284,9.468403032526291,1,474.2652363184079,268.6641791044776,529.4063260340632,271.250067585834,502.875,246.6520061728395,499.62747252747255,189.396336996337,20.23915322417376,15.171899319928073,-0.04200302125689637,20.30741122350818,16.706625080658696,20.125839024470757,20.650600960790385
285,9.501742479823918,1,473.95568400770713,271.417469492614,529.389202256245,275.33225893096966,503.52454780361757,250.08182601205854,499.92620056497174,192.2168079096045,20.228061505671526,14.950220050553757,-0.06810265315388062,20.344966792540887,16.47871570196964,20.14359233944188,20.450267793251395
286,9.535081927121546,1,474.0124843945068,274.57927590511855,529.2717280163598,280.19171779141107,503.52454780361757,254.08182601205854,500.10427528675706,196.16058394160584,20.224479459744224,14.691302455346783,-0.10187462607029282,20.34364911514186,16.213559574192978,20.153628488252956,20.171069862089208
287,9.568421374419174,1,473.79080675422136,278.00562851782365,528.6951501154734,285.58480882730305,503.227027027027,258.1783783783784,499.9419842087195,201.261242705115,20.199167182995737,14.407816915885023,-0.14121862001821173,20.32469860609737,15.943059398099505,20.14254325788831,19.811578619835533
288,9.601760821716802,1,473.68657187993676,281.74533965244865,528.2087109768378,291.3036253776435,501.7938034188034,263.2916666666667,498.69764167546634,205.45476944737769,20.179962849501944,14.105459721686149,-0.180761440927062,20.238509962979936,15.606543734592105,20.065743033678128,19.516822873720905
289,9.63510026901443,1,471.75007898894154,286.6985781990521,526.2369207772795,297.3400597907324,500.5837937384898,268.14088397790056,497.4680555555555,211.46354166666666,20.06476067575135,13.755154692790253,-0.20138237587550725,20.166011947325213,15.289291725727912,19.989975886107338,19.097381143189875
290,9.668439716312058,1,468.8843212237094,292.523263224984,523.7155756207675,303.32856784549784,498.3084025854108,273.97691597414587,495.74646962233163,216.24827586206897,19.907817948868004,13.380533330886948,-0.20266627429187728,20.031246430189217,14.909309598429857,19.885038586112856,18.76496497510027
291,9.701779163609684,1,466.6932208684786,297.78787878787875,521.2533233007273,309.0408828693253,496.19313725490196,279.4362745098039,494.44858523119393,221.2063492063492,19.772978511911532,13.034790601805732,-0.21169598287404703,19.906758652036523,14.556127128599524,19.806278646042415,18.422790757228146
292,9.735118610907312,1,464.2028580304442,302.33581857719787,518.9549350967426,314.81508694587313,494.2502283105022,284.0264840182648,492.84186211798146,225.4186211798152,19.634689738554314,12.71164004302372,-0.23348087487833877,19.79309651225321,14.260762823041205,19.70934731237587,18.133293280467996
293,9.76845805820494,1,462.16651772415844,306.68871015787903,516.9063561377972,319.988840368753,494.12310151878495,288.6682653876898,492.4849087893864,229.95489220563846,19.5175092506367,12.415080773397472,-0.24825022046543022,19.785617906472766,13.964624594628898,19.688024993137958,17.824014730331978
294,9.801797505502568,1,460.8629893238434,310.26957295373666,514.6582125603865,324.77801932367146,492.2832422586521,293.3542805100182,492.4111003549532,234.04453049370764,19.415996609978325,12.155944543964283,-0.2745671855417217,19.678832974328337,13.666291608374314,19.68376652467699,17.546722041449865
295,9.835136952800196,1,458.69579288025886,314.7137393350985,512.7155587668593,329.92750481695566,492.1887125220458,298.0220458553792,490.53189401373896,238.35655871769708,19.299306097773638,11.860249467776075,-0.2857337167731863,19.67357174767613,13.371583162925297,19.57155822514449,17.254592981722784
296,9.868476400097824,1,456.96645702306074,318.61185983827494,510.776015380918,335.03268445085314,490.93263342082236,302.29396325459317,490.5,242.5,19.195518711979,11.584357298166898,-0.3080921589803143,19.6012793043228,13.102587096784507,19.570096989440025,16.976376450024677
297,9.901815847395453,1,455.9552592592592,322.50281481481477,509.58079735786737,339.8421797593772,490.4605475040257,306.4943639291465,490.4298671849692,246.5999352121801,19.133838814112018,11.319307025102319,-0.3249433208733081,19.574460653976377,12.83972266273408,19.566361628358795,16.702340066643327
298,9.935155294693079,1,455.34621012584137,326.52648522095404,508.7113647170708,344.9719448407037,490.73766816143495,311.01868460388636,490.4013136288998,250.7408866995074,19.093089315715392,11.042055184489364,-0.3453843199369613,19.59083493342017,12.558333119122414,19.565117443465226,16.426875147833137
299,9.968494741990707,1,454.5338036449147,330.7489711934156,507.5616119263918,350.012811553692,490.3808495320374,315.23398128149745,490.31803385416663,254.79427083333331,19.039027713051052,10.76269670814304,-0.36106976116658096,19.570774662416785,12.297103909501319,19.56062670799802,16.15844511912156
300,10.001834189288335,1,453.0079365079365,335.12433862433863,506.06886087768436,354.6986461251167,490.18820410868125,319.9681908548708,489.7265625,259.0530598958333,18.955586785215083,10.49040644169779,-0.3654570458696279,19.560249046162607,12.005247538286142,19.526140477577837,15.877427856057082
301,10.035173636585963,1,452.21751656583115,338.7790262172284,504.848651120256,359.4931412894376,488.7901515151515,324.4924242424242,488.7643164515061,263.038728897716,18.900474972959756,10.238146563908897,-0.3871880836525434,19.481027094042986,11.72715911243978,19.469912138381655,15.6154129910281
302,10.068513083883591,1,450.88725913143514,342.5363819384527,503.1158633174926,364.1595383570944,488.5439360929557,328.64124909222943,488.35771543086173,267.09986639946555,18.816179768084922,9.987507533823043,-0.4046401995513946,19.46764560720284,11.473841683986233,19.44664514235349,15.349983970661354
303,10.101852531181219,1,449.3969748858447,346.2739726027397,501.08412914961343,369.26534788540243,488.80923285811264,333.42498302783434,488.3932396251673,271.2282463186077,18.719386168045453,9.725697311352954,-0.4306613058490209,19.483451037540437,11.183419920133295,19.449451070746868,15.081654781255969
304,10.135191978478845,1,447.4729806598407,350.21245733788396,498.9481078631316,373.87786086562426,486.95529257067716,337.6804733727811,487.12973856209146,275.59673202614374,18.608176730546177,9.473389999077062,-0.44248747483243606,19.379137103818003,10.925374109750964,19.376213893180083,14.7983248947199
305,10.168531425776473,1,445.46745230078557,354.28872053872055,496.84079601990044,378.86476707372225,486.4274718768501,342.24156305506216,486.1624348958333,279.7978515625,18.49607831522667,9.207356203811184,-0.4571572429005631,19.35026429935973,10.65077917635101,19.320597309169035,14.527300080148859
306,10.201870873074101,1,443.27397636713374,358.81533388293485,494.2767213114754,384.22775956284147,483.9909451046972,347.15223542727784,484.49030823006035,284.4884016523673,18.366994054715978,8.918446940538352,-0.4724169994067103,19.21413132029157,10.355827626720814,19.22431029429882,14.225880172363457
307,10.23521032037173,1,440.7709945543135,363.6961880194898,491.5078953060783,389.7800129785853,482.3652597402597,352.6401515151515,482.4100555011426,288.9761671563826,18.224623385799106,8.615203272124536,-0.4839974524606613,19.1244570602919,10.028541725398014,19.10474160628537,13.938716232243396
308,10.268549767669358,1,438.07931316434997,368.416734805124,488.515329419439,395.26636225266355,480.17733739837394,357.3267276422764,480.94306615776077,294.1192748091603,18.071533248744874,8.320123934193907,-0.49724548536091817,19.003521402369696,9.750242599267201,19.02158930874702,13.611884512652999
309,10.301889214966986,1,434.99580536912754,373.26649888143174,485.4525032092426,400.6527599486521,477.92368291482023,362.7331363860167,478.5755282245348,298.4345632292652,17.9066053352098,8.025649968638184,-0.5040609502663358,18.879864402296526,9.431063306896016,18.886486644894777,13.338507361292693
310,10.335228662264614,1,431.988322717622,377.9296709129511,482.4546986936367,405.75389801938474,475.1995169082125,367.14057971014495,476.62786259541986,302.6393129770992,17.74624487367042,7.746202995245994,-0.5093953184623142,18.730194054128553,9.171878267786319,18.776187332151515,13.073591153160029
311,10.36856810956224,1,429.7530765115034,381.9157303370786,480.0999576450656,410.0144006776789,473.2776203966006,371.18508026440037,475.2093514328808,306.41508295625937,17.624723728508812,7.511381070467625,-0.5134967929441474,18.6255924963189,8.935356393695201,18.696595273819078,12.836929103876198
312,10.401907556859868,1,428.3662945241892,384.3708133971292,478.4129260182876,412.86762261014127,472.34060936789444,373.98090040927696,474.06616961789376,309.05840323081696,17.543477748259416,7.360841987787858,-0.5213908959378275,18.575274255772374,8.772612835653872,18.632448732586298,12.671762747653847
313,10.435247004157496,1,427.95346405228753,385.0444444444444,477.7351770375026,414.3534464697255,472.0483568075117,375.5178403755868,473.9759036144578,310.54649366697555,17.514653500684354,7.300017868931062,-0.5356308525320478,18.56003101212052,8.683442291289124,18.628181583585118,12.579270304836506
314,10.468586451455124,1,427.89164086687305,385.2631578947368,477.651908075058,414.56230234029096,471.95614035087715,375.6481994459834,473.88112745098033,310.57628676470586,17.510943974072603,7.287925966559259,-0.5356183335033509,18.55500149010756,8.675859495173214,18.622759417728783,12.577373590226028
315,10.501925898752752,1,427.84182098765433,385.3132716049383,477.5992795083704,414.52320406865863,472.0353049060064,375.6249426868409,473.8096522781774,309.9817146282973,17.508181924083893,7.287560636205041,-0.5343002910229309,18.559375143503267,8.677236680687788,18.618286446720514,12.61425607872204
316,10.53526534605038,1,427.8251155624037,385.3305084745763,477.54438119333753,414.58127767235925,473.1768180140273,374.8124769287559,474.8851884312007,307.8285130002921,17.506260237420495,7.285440815507437,-0.5352357158865046,18.62216894559801,8.724737151905446,18.678778560630533,12.748696174801944
317,10.568604793348008,1,427.6883838383838,385.43333333333334,477.5882106146423,414.5129011957206,477.5105580693816,372.26747109100046,479.3479114101485,301.91169049621533,17.50377072686526,7.284380853218025,-0.5310767968470539,18.861341843187883,8.874109742673486,18.932709603734992,13.120573713536062
318,10.601944240645635,1,427.70924666162756,385.4177374653565,477.5882106146423,414.5129011957206,486.54558204768585,362.1636278634876,487.2930129798398,291.91135045567523,17.504329972879013,7.284831017797085,-0.5314959531324932,19.361190359177282,9.46804937756113,19.38913691571881,13.755018648630436
319,10.635283687943263,1,427.70924666162756,385.4177374653565,477.611563347944,414.4351909830933,498.83311772315653,346.77317809400597,497.07109375,276.315625,17.504946915241444,7.286995260535017,-0.5301355096556559,20.050248346003787,10.384946260593841,19.958429278075222,14.75755752064663
320,10.66862313524089,1,427.7418546365914,385.47443609022554,477.5882106146423,414.5129011957206,513.2389345867607,326.11535448491964,508.1645120405576,255.81089987325728,17.505281165597005,7.283214751692954,-0.5309264944541435,20.874790614895662,11.639536143223363,20.618072754031505,16.102117067023034
321,10.701962582538519,1,427.75716778858134,385.55696833707304,477.5882106146423,414.5129011957206,524.7201238390093,304.061919504644,515.9638418079095,233.90254237288136,17.50578097928536,7.28085622661802,-0.5298124785994226,21.551147142361252,13.009212278516449,21.096932701251202,17.571636354798905
322,10.735302029836147,1,427.75716778858134,385.55696833707304,477.5882106146423,414.5129011957206,525.5684088269454,283.57189314750286,515.5836419753085,213.78549382716048,17.50578097928536,7.28085622661802,-0.5298124785994226,21.621031967054137,14.307085282365001,21.089341350610354,18.94897396740092
323,10.768641477133775,1,427.6764264264264,385.5588088088088,477.55389096962125,414.4535996670828,516.6227106227107,265.7146927146927,505.5374697824335,196.2890142358313,17.502615297217687,7.282431403166553,-0.5284864484081698,21.111987770550762,15.456836307630955,20.486705341821544,20.165974825127513
324,10.801980924431401,1,427.63821752265864,385.49420946626384,477.55389096962125,414.4535996670828,498.125322997416,253.52067183462532,487.76721386228905,184.2284541723666,17.501502459863765,7.284272535114486,-0.5291292058464702,20.023512896550685,16.247395638414922,19.395014390588045,21.01077868919912
325,10.83532037172903,1,427.63821752265864,385.49420946626384,477.6400332917186,414.464835622139,465.6432748538012,249.864522417154,457.2273524254822,180.10461718293396,17.503845395503127,7.283974417857082,-0.5285518959650215,18.094873694437062,16.469807945575127,17.506978922624732,21.283396735809095
326,10.868659819026657,1,427.6890904509952,385.5469891660368,477.608113759933,414.39565035549975,421.5677926885701,254.79407681628877,418.52480322167304,184.37232289950578,17.50441262532088,7.28439200588145,-0.5274413618084186,15.494062989766027,16.11683366023741,15.131384910851247,20.947985072760023
327,10.901999266324285,1,427.6890904509952,385.5469891660368,477.5859213250517,414.5221532091097,381.59435364041605,267.35463100544825,382.58676500717064,196.5498873181725,17.503838210410656,7.28087144251245,-0.5295229130961286,13.182493110886439,15.271480544871487,12.972875162138072,20.057829449204426
328,10.935338713621913,1,427.6890904509952,385.5469891660368,477.5859213250517,414.5221532091097,346.9649302008852,287.561797752809,350.26885043263286,217.01709929954674,17.503838210410656,7.28087144251245,-0.5295229130961286,11.25353878657962,13.955497542285102,11.10849287166759,18.61249409965504
329,10.968678160919541,1,427.75898203592817,385.56536926147703,477.5859213250517,414.5221532091097,316.2583939079266,313.0472481827622,323.2319863160145,242.04554201411162,17.50577877566287,7.280358635128753,-0.5298592716135533,9.623133085874457,12.346436943910906,9.629745348936579,16.90146705518393
330,11.00201760821717,1,427.75898203592817,385.56536926147703,477.5859213250517,414.5221532091097,291.6930430164631,342.0716941051514,302.1295673615781,270.0331764178435,17.50577877566287,7.280358635128753,-0.5298592716135533,8.405192229996059,10.574711033362615,8.55846565872006,15.052390502024506
331,11.035357055514796,1,427.72702228900573,385.6113198096669,477.5859213250517,414.5221532091097,273.5545898967952,373.2898786891182,285.54110400379057,301.51101634683727,17.504943091852336,7.279038043965638,-0.5288821720427773,7.593533116015204,8.734822339738324,7.80232250293319,13.046102995874337
332,11.068696502812424,1,427.72702228900573,385.6113198096669,477.5859213250517,414.5221532091097,254.86932750136685,404.68033533807176,269.2636749274391,333.44876088412593,17.504943091852336,7.279038043965638,-0.5288821720427773,6.780304707032129,6.945955171490756,7.092885345854763,11.081564711680405
333,11.102035950110052,1,427.72702228900573,385.6113198096669,477.5859213250517,414.5221532091097,233.44582626719426,432.49029583568864,250.99775533108863,361.02469135802465,17.504943091852336,7.279038043965638,-0.5288821720427773,5.822841081178339,5.408647997460246,6.267199011075134,9.43811457466742
334,11.13537539740768,1,427.72702228900573,385.6113198096669,477.5859213250517,414.5221532091097,nan,nan,nan,nan,17.504943091852336,7.279038043965638,-0.5288821720427773,nan,nan,nan,nan
335,11.168714844705308,1,427.77794373910876,385.5359721184964,477.6374124433456,414.56036258755665,nan,nan,nan,nan,17.50768009124957,7.280149599645179,-0.5305942968819134,nan,nan,nan,nan
336,11.202054292002936,1,427.854745805159,385.54069621838215,477.6374124433456,414.56036258755665,nan,nan,nan,nan,17.509797836617917,7.280028785470533,-0.5311996161969404,nan,nan,nan,nan
337,11.235393739300562,1,427.82030280466614,385.53065276743604,477.6434060228452,414.50404984423676,nan,nan,nan,nan,17.508990745996204,7.28187612472909,-0.5301553563900739,nan,nan,nan,nan
338,11.26873318659819,1,427.77794373910876,385.5359721184964,477.6400332917186,414.464835622139,nan,nan,nan,nan,17.50772980701185,7.282805623365677,-0.5291457797092308,nan,nan,nan,nan
339,11.302072633895818,1,427.82030280466614,385.53065276743604,477.6400332917186,414.464835622139,nan,nan,nan,nan,17.508890293604214,7.282965729513837,-0.5295988710830293,nan,nan,nan,nan
340,11.335412081193446,1,427.83370233702334,385.45289052890524,477.608113759933,414.39565035549975,nan,nan,nan,nan,17.508302345902266,7.2871113899048705,-0.5301385165428928,nan,nan,nan,nan
341,11.368751528491075,1,427.81622023809524,385.52182539682536,477.6400332917186,414.464835622139,nan,nan,nan,nan,17.50876957553892,7.2832175303752384,-0.529696682907506,nan,nan,nan,nan
342,11.402090975788703,1,427.77794373910876,385.5359721184964,477.6400332917186,414.464835622139,nan,nan,nan,nan,17.50772980701185,7.282805623365677,-0.5291457797092308,nan,nan,nan,nan
343,11.43543042308633,1,427.86241029448155,385.5283345706508,477.6400332917186,414.464835622139,nan,nan,nan,nan,17.510046714764698,7.283039922556774,-0.5300047829721919,nan,nan,nan,nan
344,11.468769870383957,1,427.8871527777777,385.50372023809524,477.6979753704863,414.44646211646835,nan,nan,nan,nan,17.512274286623366,7.284269193674566,-0.5298178180092724,nan,nan,nan,nan
345,11.502109317681585,0,427.86241029448155,385.5283345706508,477.72288651143276,414.3681560730019,nan,nan,nan,nan,17.512276121254,7.285741534106441,-0.5278402159227491,nan,nan,nan,nan
346,11.535448764979213,0,427.86241029448155,385.5283345706508,477.72288651143276,414.3681560730019,nan,nan,nan,nan,17.512276121254,7.285741534106441,-0.5278402159227491,nan,nan,nan,nan
347,11.568788212276841,0,427.86241029448155,385.5283345706508,477.7417663100482,414.49528005034614,nan,nan,nan,nan,17.512817508632608,7.282210386960904,-0.5295765972354958,nan,nan,nan,nan
348,11.60212765957447,0,427.86241029448155,385.5283345706508,477.69495076471816,414.3735596061177,nan,nan,nan,nan,17.511518306526902,7.285586673218797,-0.5281629951774873,nan,nan,nan,nan
349,11.635467106872097,0,427.9314159292035,385.45747295968533,477.71994104021894,414.29458833438616,nan,nan,nan,nan,17.514011195450287,7.2898269901333315,-0.5284462233471339,nan,nan,nan,nan
350,11.668806554169723,0,427.9202528567955,385.29589107707267,477.71994104021894,414.29458833438616,nan,nan,nan,nan,17.513550789358447,7.294448726614437,-0.5307977293220755,nan,nan,nan,nan
351,11.702146001467352,0,428.08474993840844,385.4262133530426,477.69495076471816,414.3735596061177,nan,nan,nan,nan,17.51753961212163,7.288550213439844,-0.5316740809369944,nan,nan,nan,nan
352,11.73548544876498,0,427.84456355283305,385.4303215926493,477.6880423280423,414.2237037037037,nan,nan,nan,nan,17.51071287581778,7.292553451604672,-0.5273102661168534,nan,nan,nan,nan
353,11.768824896062608,0,428.116231438812,385.40143369175627,477.8610747051114,414.29488859764086,nan,nan,nan,nan,17.52287868559165,7.291480083797053,-0.529703082822133,nan,nan,nan,nan
354,11.802164343360236,0,427.9370540265035,385.2257900101937,477.67215634606936,414.4387351778656,nan,nan,nan,nan,17.512680659141978,7.292442411226459,-0.5345705077789275,nan,nan,nan,nan
355,11.835503790657864,0,428.0820189274448,385.5410094637224,477.5955378838082,414.4517340402032,nan,nan,nan,nan,17.514889605462066,7.2830751776169445,-0.5319465331327217,nan,nan,nan,nan
356,11.868843237955492,0,428.1077005923532,385.8494884221863,477.54292084726865,414.63701226309917,nan,nan,nan,nan,17.51450023994613,7.269096304370932,-0.5307207836801704,nan,nan,nan,nan
357,11.902182685253118,0,427.87030995106034,385.6941272430669,477.70390309555853,414.56931359353973,nan,nan,nan,nan,17.51218007301462,7.275404403463888,-0.528568578929678,nan,nan,nan,nan
358,11.935522132550746,0,427.73650793650796,385.66031746031746,477.64480504845613,414.76155059725033,nan,nan,nan,nan,17.506904252544356,7.270993614801272,-0.5312842392271225,nan,nan,nan,nan
359,11.968861579848374,0,427.6587301587302,385.8079365079365,477.73370191200183,414.65123243492275,nan,nan,nan,nan,17.507294997600845,7.269837298755619,-0.5259588750341095,nan,nan,nan,nan
360,12.002201027146002,0,427.554673020916,385.7055864442679,477.66231386025197,414.7026345933562,nan,nan,nan,nan,17.50240685265858,7.271305027124403,-0.5279786030747899,nan,nan,nan,nan
361,12.03554047444363,0,427.57886178861787,385.5937669376694,477.60377793135217,414.7673347155033,nan,nan,nan,nan,17.501390212863903,7.272700539881498,-0.5313432943332087,nan,nan,nan,nan
362,12.068879921741258,0,425.8541666666667,384.3949275362319,476.35179081520545,413.6011865524061,nan,nan,nan,nan,17.418472664537717,7.338917445349804,-0.5278034028710252,nan,nan,nan,nan
363,12.102219369038885,0,418.5017793594306,382.2292408066429,468.87142857142857,410.2840476190476,nan,nan,nan,nan,17.009314542176725,7.490825423280792,-0.5112980013235314,nan,nan,nan,nan
364,12.135558816336513,0,418.8750371029979,381.1065598100326,471.09923664122135,406.353458246588,nan,nan,nan,nan,17.077767188254835,7.633465927028084,-0.4538209383965088,nan,nan,nan,nan
365,12.16889826363414,0,421.8095712861416,376.87670322366233,476.0735615440641,398.00752609856755,nan,nan,nan,nan,17.287861920890307,7.991695027459449,-0.3753218376974168,nan,nan,nan,nan
366,12.202237710931769,0,427.0868167202572,367.57377634869596,483.07586882036213,383.5746451297112,nan,nan,nan,nan,17.614339142777425,8.675167173204652,-0.28210871708236007,nan,nan,nan,nan
367,12.235577158229397,0,433.7836840162421,355.1336286452565,491.2161753590325,367.015873015873,nan,nan,nan,nan,18.01360262537137,9.522943489272599,-0.2066592219818243,nan,nan,nan,nan
368,12.268916605527025,0,441.3099078341014,341.2511520737327,499.67563412759415,349.0356136305406,nan,nan,nan,nan,18.450627926130018,10.47022412097132,-0.13275150891832754,nan,nan,nan,nan
369,12.302256052824653,0,448.2616233254531,326.9818754925137,506.8259842519685,331.6902887139107,nan,nan,nan,nan,18.841485620841972,11.426484780727858,-0.07762625456432579,nan,nan,nan,nan
370,12.33559550012228,0,453.9644297763109,314.3740374037404,512.351128818061,317.20796812749006,nan,nan,nan,nan,19.15702132006745,12.259157113016599,-0.043718767640729315,nan,nan,nan,nan
371,12.368934947419907,0,458.4299617657282,303.4226624956552,516.3015127803859,305.6343244653103,nan,nan,nan,nan,19.39606939895953,12.960896782948463,-0.03256756910373396,nan,nan,nan,nan
372,12.402274394717535,0,462.9275660830758,295.53518709234464,520.3415019762846,295.7812911725955,nan,nan,nan,nan,19.64243017826609,13.520324652236187,0.004433811286757328,nan,nan,nan,nan
373,12.435613842015163,0,466.7412935323383,288.4726368159204,523.8758949880669,288.00583399628744,nan,nan,nan,nan,19.855983322096122,13.992593214129068,0.018244275497743115,nan,nan,nan,nan
374,12.468953289312791,0,469.7642276422764,282.8438346883469,526.6145279676031,282.10731460389775,nan,nan,nan,nan,20.024538592586325,14.362236504867091,0.02367919410417455,nan,nan,nan,nan
375,12.50229273661042,0,470.79793081150984,278.5767862916262,527.8627450980391,278.33942766295706,nan,nan,nan,nan,20.091657134658778,14.620810870762257,0.014149257316766748,nan,nan,nan,nan
376,12.535632183908046,0,472.5,276.5,529.2698666666666,275.388,nan,nan,nan,nan,20.183590941119913,14.78374088481424,0.031208391041202384,nan,nan,nan,nan
377,12.568971631205674,0,472.56439757110894,274.57782038990086,529.5,273.5,nan,nan,nan,nan,20.192671848494953,14.90690120381188,0.03055976457662574,nan,nan,nan,nan
378,12.602311078503302,0,472.32344124700234,273.41007194244605,527.9867208672086,272.4682926829268,nan,nan,nan,nan,20.14133859811883,14.977560123030525,0.028386664282264343,nan,nan,nan,nan
379,12.63565052580093,0,470.5,272.5,527.6474878444084,271.887358184765,nan,nan,nan,nan,20.077935787381733,15.02522105918814,0.02157803699315123,nan,nan,nan,nan
380,12.668989973098558,0,470.3602941176471,272.9702818627451,526.8590896702099,271.90869446715726,nan,nan,nan,nan,20.05083097184214,15.009047450983402,0.03046902294494252,nan,nan,nan,nan
381,12.702329420396186,0,470.52074007758875,271.53506415995224,526.3670091324201,270.63013698630135,571.6796747967479,280.6943089430894,567.4251497005988,203.12175648702592,20.041207991432774,15.096915960405264,0.027669146691141584,24.32487960484691,14.517352237490336,24.26976384614866,19.72948897197041
382,12.735668867693814,0,470.5517139479905,269.5664893617021,525.724697469747,269.2010451045104,nan,nan,nan,nan,20.023227785237946,15.207046110798235,0.017147509564268013,nan,nan,nan,nan
383,12.76900831499144,0,470.5,268.5,525.8458298230834,268.4125245717495,nan,nan,nan,nan,20.025287893251516,15.267380744632657,0.011599858907904107,nan,nan,nan,nan
384,12.802347762289068,0,470.5,268.5,525.8493535694209,268.42074198988195,nan,nan,nan,nan,20.02538733464236,15.267114171219166,0.011435424286197392,nan,nan,nan,nan
385,12.835687209586697,0,469.69931439764935,268.76722167809334,525.6023102310231,269.33498349834986,nan,nan,nan,nan,19.994220280857526,15.22836946261651,-0.0013957527553956769,nan,nan,nan,nan
386,12.869026656884325,0,468.5067930489731,268.72796208530804,523.6270190895741,270.34743024963285,nan,nan,nan,nan,19.90054240730594,15.195813931174618,-0.02265779749980076,nan,nan,nan,nan
387,12.902366104181953,0,467.82125124131085,268.8070175438596,523.8331902718169,269.8331902718169,nan,nan,nan,nan,19.886765945832614,15.20981998153086,-0.010429355439126403,nan,nan,nan,nan
388,12.93570555147958,0,466.8866864882722,268.50512058143374,521.8492802709568,269.01383008749644,nan,nan,nan,nan,19.80119393032215,15.245436869848529,-0.0003939781615458179,nan,nan,nan,nan
389,12.969044998777207,0,466.5194020356234,268.52194656488547,521.9217861205915,269.5853242320819,nan,nan,nan,nan,19.79228551706163,15.226214865495766,-0.011390919233198772,nan,nan,nan,nan
390,13.002384446074835,0,465.9463639355051,270.29647910496874,520.8608776844071,270.3271086212263,nan,nan,nan,nan,19.744713387163866,15.144013204682192,0.009183702562396891,nan,nan,nan,nan
391,13.035723893372463,0,464.85671936758894,270.79084321475625,519.9507710557532,270.80931198102013,nan,nan,nan,nan,19.686005163033354,15.11174429679101,0.009416146186070968,nan,nan,nan,nan
392,13.069063340670091,0,464.56439757110894,270.57782038990086,519.7020289855071,270.6631884057971,nan,nan,nan,nan,19.67007947293401,15.12324074974385,0.008080771483422317,nan,nan,nan,nan
393,13.10240278796772,0,464.435602428891,270.57782038990086,519.7881885292447,270.9358319136854,nan,nan,nan,nan,19.668719274021072,15.114375279397278,0.0026415564593558773,nan,nan,nan,nan
394,13.135742235265347,0,464.5,270.5,519.6599326599327,270.9306958473625,nan,nan,nan,nan,19.6668017920678,15.117047151252365,0.0011616041240611085,nan,nan,nan,nan
395,13.169081682562975,0,464.50986005089055,270.6339058524173,519.6599326599327,270.9306958473625,nan,nan,nan,nan,19.66715485326769,15.112707892578243,0.0038412301223755357,nan,nan,nan,nan
396,13.202421129860602,0,464.56439757110894,270.57782038990086,519.7236804967541,271.0019757267852,nan,nan,nan,nan,19.670571539762015,15.112246300558533,0.0012908124872404911,nan,nan,nan,nan
397,13.23576057715823,0,464.4557242251739,270.567678684377,519.6538461538462,271.01811594202894,nan,nan,nan,nan,19.66531939056261,15.11199988187792,0.0007706258571455372,nan,nan,nan,nan
398,13.269100024455858,0,464.4461295418641,270.5560821484992,519.7146023829315,271.0942089221391,nan,nan,nan,nan,19.6667863405306,15.109920453706188,-0.0009716218773179463,nan,nan,nan,nan
399,13.302439471753486,0,464.27513227513225,270.693432928727,519.7146023829315,271.0942089221391,nan,nan,nan,nan,19.66183740051033,15.105417859292109,0.0017972428140087845,nan,nan,nan,nan
400,13.335778919051114,0,464.2639925373134,270.69993781094524,519.7146023829315,271.0942089221391,nan,nan,nan,nan,19.661513851106342,15.105203763008808,0.0019283769749526222,nan,nan,nan,nan
401,13.369118366348742,0,464.49030823006035,270.4884016523673,519.7146023829315,271.0942089221391,nan,nan,nan,nan,19.668049705024146,15.112127889212557,-0.0023335821029483467,nan,nan,nan,nan
402,13.402457813646368,0,464.1915353722582,270.7383379672536,519.662564943943,271.2636040470331,nan,nan,nan,nan,19.657805463594315,15.09842478937201,-0.0006800747221607962,nan,nan,nan,nan
403,13.435797260943996,0,464.10916896657466,270.76786261882853,519.6950178915497,271.1794660060556,nan,nan,nan,nan,19.65639430133531,15.100184140692143,0.0016011985271905222,nan,nan,nan,nan
404,13.469136708241624,0,464.23454488971726,270.69182976079526,519.6950178915497,271.1794660060556,nan,nan,nan,nan,19.660034234186412,15.102685133231454,6.898230564834687e-05,nan,nan,nan,nan
405,13.502476155539252,0,464.10916896657466,270.76786261882853,519.6950178915497,271.1794660060556,nan,nan,nan,nan,19.65639430133531,15.100184140692143,0.0016011985271905222,nan,nan,nan,nan
406,13.53581560283688,0,464.10916896657466,270.76786261882853,519.662564943943,271.2636040470331,nan,nan,nan,nan,19.65540437908505,15.097443977074631,-7.776009478428258e-05,nan,nan,nan,nan
407,13.569155050134508,0,464.10916896657466,270.76786261882853,519.662564943943,271.2636040470331,nan,nan,nan,nan,19.65540437908505,15.097443977074631,-7.776009478428258e-05,nan,nan,nan,nan
408,13.602494497432136,0,464.18055555555554,270.7429012345679,519.6950178915497,271.1794660060556,nan,nan,nan,nan,19.658475607859913,15.1010138608355,0.0010942208939960284,nan,nan,nan,nan
409,13.635833944729763,0,464.18055555555554,270.7429012345679,519.6950178915497,271.1794660060556,nan,nan,nan,nan,19.658475607859913,15.1010138608355,0.0010942208939960284,nan,nan,nan,nan
410,13.66917339202739,0,464.10916896657466,270.76786261882853,519.6950178915497,271.1794660060556,nan,nan,nan,nan,19.65639430133531,15.100184140692143,0.0016011985271905222,nan,nan,nan,nan
411,13.702512839325019,0,464.10916896657466,270.76786261882853,519.6950178915497,271.1794660060556,nan,nan,nan,nan,19.65639430133531,15.100184140692143,0.0016011985271905222,nan,nan,nan,nan
412,13.735852286622647,0,464.18055555555554,270.7429012345679,519.6950178915497,271.1794660060556,nan,nan,nan,nan,19.658475607859913,15.1010138608355,0.0010942208939960284,nan,nan,nan,nan
413,13.769191733920275,0,464.18055555555554,270.7429012345679,519.6950178915497,271.1794660060556,nan,nan,nan,nan,19.658475607859913,15.1010138608355,0.0010942208939960284,nan,nan,nan,nan
414,13.802531181217903,0,464.18055555555554,270.7429012345679,519.6950178915497,271.1794660060556,nan,nan,nan,nan,19.658475607859913,15.1010138608355,0.0010942208939960284,nan,nan,nan,nan
415,13.835870628515531,0,464.18055555555554,270.7429012345679,519.6950178915497,271.1794660060556,nan,nan,nan,nan,19.658475607859913,15.1010138608355,0.0010942208939960284,nan,nan,nan,nan
416,13.869210075813157,0,464.18055555555554,270.7429012345679,519.6950178915497,271.1794660060556,nan,nan,nan,nan,19.658475607859913,15.1010138608355,0.0010942208939960284,nan,nan,nan,nan
417,13.902549523110785,0,464.18055555555554,270.7429012345679,519.6950178915497,271.1794660060556,nan,nan,nan,nan,19.658475607859913,15.1010138608355,0.0010942208939960284,nan,nan,nan,nan
418,13.935888970408413,0,464.18055555555554,270.7429012345679,519.6950178915497,271.1794660060556,nan,nan,nan,nan,19.658475607859913,15.1010138608355,0.0010942208939960284,nan,nan,nan,nan
419,13.969228417706042,0,464.18055555555554,270.7429012345679,519.6950178915497,271.1794660060556,nan,nan,nan,nan,19.658475607859913,15.1010138608355,0.0010942208939960284,nan,nan,nan,nan
420,14.00256786500367,0,464.18055555555554,270.7429012345679,519.6950178915497,271.1794660060556,nan,nan,nan,nan,19.658475607859913,15.1010138608355,0.0010942208939960284,nan,nan,nan,nan
421,14.035907312301298,0,464.18055555555554,270.7429012345679,519.6950178915497,271.1794660060556,nan,nan,nan,nan,19.658475607859913,15.1010138608355,0.0010942208939960284,nan,nan,nan,nan
422,14.069246759598924,0,464.18055555555554,270.7429012345679,519.6950178915497,271.1794660060556,nan,nan,nan,nan,19.658475607859913,15.1010138608355,0.0010942208939960284,nan,nan,nan,nan
423,14.102586206896552,0,464.18055555555554,270.7429012345679,519.6950178915497,271.1794660060556,nan,nan,nan,nan,19.658475607859913,15.1010138608355,0.0010942208939960284,nan,nan,nan,nan
424,14.13592565419418,0,464.1915353722582,270.7383379672536,519.6950178915497,271.1794660060556,nan,nan,nan,nan,19.658795385844577,15.10116495298952,0.001001724342342581,nan,nan,nan,nan
425,14.169265101491808,0,464.1915353722582,270.7383379672536,519.6950178915497,271.1794660060556,nan,nan,nan,nan,19.658795385844577,15.10116495298952,0.001001724342342581,nan,nan,nan,nan
426,14.202604548789436,0,464.1915353722582,270.7383379672536,519.6950178915497,271.1794660060556,nan,nan,nan,nan,19.658795385844577,15.10116495298952,0.001001724342342581,nan,nan,nan,nan
427,14.235943996087064,0,464.1915353722582,270.7383379672536,519.6950178915497,271.1794660060556,nan,nan,nan,nan,19.658795385844577,15.10116495298952,0.001001724342342581,nan,nan,nan,nan
428,14.269283443384692,0,464.1915353722582,270.7383379672536,519.6950178915497,271.1794660060556,nan,nan,nan,nan,19.658795385844577,15.10116495298952,0.001001724342342581,nan,nan,nan,nan
429,14.302622890682319,0,464.1915353722582,270.7383379672536,519.6950178915497,271.1794660060556,212.7558329618071,293.59860306137614,232.12077552472428,220.32621842760582,19.658795385844577,15.10116495298952,0.001001724342342581,3.579991576069437,13.503348798652603,4.0588316428293005,18.306380114257983
430,14.335962337979947,0,464.1915353722582,270.7383379672536,519.6950178915497,271.1794660060556,252.28426862925483,252.03296534805273,266.5532594086021,178.755376344086,19.658795385844577,15.10116495298952,0.001001724342342581,5.519126226091648,16.19632016572735,5.782284297778635,21.234142345123445
431,14.369301785277575,0,464.1915353722582,270.7383379672536,519.6950178915497,271.1794660060556,288.59773853779427,211.10796158612143,297.71721456344994,138.33174266525273,19.658795385844577,15.10116495298952,0.001001724342342581,7.365960157021547,18.976852659260203,7.398063349416229,24.22412598913419
432,14.402641232575203,0,464.1915353722582,270.7383379672536,519.6950178915497,271.1794660060556,324.40806969280146,175.8835396607061,329.47184986595175,103.74119749776585,19.658795385844577,15.10116495298952,0.001001724342342581,9.309246377970359,21.48466372835119,9.172843379918033,26.909057380734012
433,14.43598067987283,0,464.1915353722582,270.7383379672536,519.6950178915497,271.1794660060556,356.92039277573207,151.03822549535332,358.06838106370543,79.24098967465419,19.658795385844577,15.10116495298952,0.001001724342342581,11.184269846385924,23.325718753332335,10.876331058135053,28.889806396951574
434,14.469320127170459,0,464.1915353722582,270.7383379672536,519.6950178915497,271.1794660060556,381.3333333333333,135.6796613506596,380.32284694332884,65.04886211512718,19.658795385844577,15.10116495298952,0.001001724342342581,12.645390942274075,24.49669685747104,12.263318005395167,30.072611530021085
435,14.502659574468085,0,464.1915353722582,270.7383379672536,519.6950178915497,271.1794660060556,399.41815377836525,130.3245208195638,397.44335347432025,60.49546827794562,19.658795385844577,15.10116495298952,0.001001724342342581,13.768403832852215,24.91896306337399,13.374182060279665,30.467732491962106
436,14.535999021765713,0,464.1915353722582,270.7383379672536,519.6950178915497,271.1794660060556,414.1698482623592,129.46133137542827,411.88594440114315,60.45258508703559,19.658795385844577,15.10116495298952,0.001001724342342581,14.701381715447459,24.997877504696028,14.330128720153837,30.486981778828763
437,14.569338469063341,0,464.1915353722582,270.7383379672536,519.6950178915497,271.1794660060556,430.7039295392954,132.22177055103884,427.69989929506545,64.14149043303121,19.658795385844577,15.10116495298952,0.001001724342342581,15.758155895868015,24.80234890419343,15.388101978785459,30.198413423879874
438,14.60267791636097,0,464.1915353722582,270.7383379672536,519.6950178915497,271.1794660060556,447.6613425925925,137.99143518518517,443.685691318328,70.22427652733118,19.658795385844577,15.10116495298952,0.001001724342342581,16.84448406771229,24.379853559904877,16.458432757468117,29.71424076094713
439,14.636017363658597,0,464.1915353722582,270.7383379672536,519.6950178915497,271.1794660060556,462.1815109823799,144.32657494569153,457.0914285714286,76.61034013605442,19.658795385844577,15.10116495298952,0.001001724342342581,17.771157567976495,23.915360445062475,17.352418545460456,29.20590121822346
440,14.669356810956225,0,464.18055555555554,270.7429012345679,519.6950178915497,271.1794660060556,473.7214929214929,152.16190476190476,468.27836257309934,85.05087719298245,19.658475607859913,15.1010138608355,0.0010942208939960284,18.50524876587694,23.339857629084285,18.09673480650515,28.53298371070906
441,14.702696258253853,0,464.0983455882353,270.7705269607843,519.6950178915497,271.1794660060556,478.6619444444444,160.40805555555553,473.36673414304994,93.66025641025641,19.65607820504747,15.100094659612212,0.0016557032496082342,18.820306834094122,22.733697401587666,18.436776436608096,27.847131864618515
442,14.73603570555148,0,464.0983455882353,270.7705269607843,519.6950178915497,271.1794660060556,479.2674118658641,168.89337919174548,475.1497064579256,102.38095238095238,19.65607820504747,15.100094659612212,0.0016557032496082342,18.862691653583653,22.11239221436464,18.55932135479741,27.1563551171934
443,14.769375152849108,0,464.0983455882353,270.7705269607843,519.6950178915497,271.1794660060556,482.48064605959337,177.1236424394319,478.5591286307054,111.19017980636238,19.65607820504747,15.100094659612212,0.0016557032496082342,19.066025212531553,21.51770580201021,18.785396816783827,26.467497866917746
444,14.802714600146736,0,464.0983455882353,270.7705269607843,519.6950178915497,271.1794660060556,484.6292808219178,185.37899543378995,481.19444444444446,119.2054183813443,19.65607820504747,15.100094659612212,0.0016557032496082342,19.20181563913392,20.926047472751893,18.959096658876152,25.846605589603406
445,14.836054047444364,0,464.10916896657466,270.76786261882853,519.6950178915497,271.1794660060556,486.27088908712454,193.73565269104964,483.3078014184397,127.42978723404255,19.65639430133531,15.100184140692143,0.0016011985271905222,19.305235291898462,20.33246229153227,19.09791212728812,25.215156066637228
446,14.869393494741992,0,464.10916896657466,270.76786261882853,519.6950178915497,271.1794660060556,487.0510844748858,200.6170091324201,484.49398443029014,135.34182590233544,19.65639430133531,15.100184140692143,0.0016011985271905222,19.35472272346032,19.84753990776518,19.176390564940995,24.612783064790477
447,14.90273294203962,2,464.0983455882353,270.7705269607843,519.6950178915497,271.1794660060556,486.6379259259259,207.52651851851851,484.56452726017943,141.675983436853,19.65607820504747,15.100094659612212,0.0016557032496082342,19.331194956548885,19.363648430956832,19.183072626968556,24.13387940530726
448,14.936072389337246,2,464.0983455882353,270.7705269607843,519.662564943943,271.2636040470331,486.6322636600174,214.02486267707428,484.5787234042553,149.2673758865248,19.65508828279721,15.0973544959947,-2.2896850446115185e-05,19.332454928377587,18.912339086635225,19.186584312571572,23.564637793422555
449,14.969411836634874,2,464.0983455882353,270.7705269607843,519.662564943943,271.2636040470331,485.34895372826406,220.2513999410551,484.2052650302383,155.6261117040199,19.65508828279721,15.0973544959947,-2.2896850446115185e-05,19.25645186255298,18.482196019996554,19.165327075656315,23.091469546823824
450,15.002751283932502,2,464.0983455882353,270.7705269607843,519.6016326530612,271.30884353741493,485.64860583016474,225.53992395437263,484.4061855670103,159.84054982817867,19.653277783820904,15.095868775991207,-0.0009346183138520675,19.276021917242783,18.120208194385285,19.179388429010306,22.78020567928855
451,15.03609073123013,2,464.0983455882353,270.7705269607843,519.6016326530612,271.30884353741493,488.42040694195083,229.59634949132254,486.47075112495673,163.6725510557286,19.653277783820904,15.095868775991207,-0.0009346183138520675,19.443712153579767,17.84570547027399,19.309613586903005,22.500056476247277
452,15.069430178527758,2,464.18055555555554,270.7429012345679,519.6016326530612,271.30884353741493,489.6704154951577,233.34176819743828,487.9154826958105,167.58506375227685,19.655675186633346,15.096787977214495,-0.0015008835375756107,19.519352689770603,17.59248811280739,19.400660774518773,22.21476953495972
453,15.102769625825387,2,464.18055555555554,270.7429012345679,519.6016326530612,271.30884353741493,489.22022740873723,235.91561938958708,487.14684287812037,171.36894273127754,19.655675186633346,15.096787977214495,-0.0015008835375756107,19.492744429065368,17.418248099225167,19.353683258923173,21.938382877653837
454,15.136109073123015,2,464.18055555555554,270.7429012345679,519.6016326530612,271.30884353741493,488.81149012567323,239.16367444643925,486.9362162162162,173.33549549549548,19.655675186633346,15.096787977214495,-0.0015008835375756107,19.468804536217807,17.19920097292956,19.341076759399016,21.795379274458572
455,15.16944852042064,2,464.10916896657466,270.76786261882853,519.6016326530612,271.30884353741493,488.84196185286106,241.13987284287012,486.8190883190883,175.37179487179486,19.653593880108737,15.095958257071137,-0.0009897193520297775,19.470949867865,17.06650119789793,19.334315361124215,21.647733327197123
456,15.202787967718269,2,464.10916896657466,270.76786261882853,519.6016326530612,271.30884353741493,487.60174102285094,242.09140369967355,486.45750953867497,177.72667360388482,19.653593880108737,15.095958257071137,-0.0009897193520297775,19.397097826911583,17.00191914665037,19.312513378911692,21.47725486684576
457,15.236127415015897,2,464.18055555555554,270.7429012345679,519.6016326530612,271.30884353741493,487.740202020202,243.140202020202,486.4652777777777,179.66666666666666,19.655675186633346,15.096787977214495,-0.0015008835375756107,19.405570445496753,16.931769474050512,19.31350346056538,21.33740369696445
458,15.269466862313525,2,464.18055555555554,270.7429012345679,519.6016326530612,271.30884353741493,488.8511685116851,244.35260352603524,487.4532608695652,181.63079710144925,19.655675186633346,15.096787977214495,-0.0015008835375756107,19.47202361700267,16.85137712769427,19.375060262775968,21.196887317784004
459,15.302806309611153,2,464.18055555555554,270.7429012345679,519.6016326530612,271.30884353741493,489.67950617283947,245.4538271604938,488.60615711252655,183.5449398443029,19.655675186633346,15.096787977214495,-0.0015008835375756107,19.521540890356317,16.77833532302433,19.446647708801052,21.06039597444222
460,15.336145756908781,2,464.18055555555554,270.7429012345679,519.6016326530612,271.30884353741493,489.79469434832754,246.50173010380624,488.73135383527745,185.63273241428067,19.655675186633346,15.096787977214495,-0.0015008835375756107,19.528539009276557,16.708492166164046,19.454748201280815,20.911004801116416
461,15.369485204206407,2,464.18055555555554,270.7429012345679,519.6016326530612,271.30884353741493,490.4377104377104,247.49831649831648,489.0562338142804,187.5257121716611,19.655675186633346,15.096787977214495,-0.0015008835375756107,19.566926431277416,16.642477061022298,19.47509138875049,20.776026731542387
462,15.402824651504035,2,463.9899348727057,272.00236826524565,519.5130641330167,273.0836632356822,491.2019230769231,248.67467948717947,490.40368852459017,189.79166666666666,19.647342084142107,14.998363238698904,-0.011757485655037054,19.612493965167232,16.56464934933365,19.55833614224938,20.61555913966428
463,15.436164098801664,2,463.7800293685756,273.97180616740087,519.3703116745905,275.5995773903856,491.385,250.84833333333333,490.516699410609,192.4368041912246,19.63690358849861,14.85319996547079,-0.022600708198151385,19.623546992156996,16.420349635130364,19.56558646741079,20.42767932012076
464,15.469503546099292,2,463.66228454572007,275.54309085597424,519.1107676455434,278.4492529623905,490.9310344827586,253.36494252873564,490.39307535641547,195.27562797012897,19.625433318395096,14.710486737114987,-0.04805559877945753,19.596818388078326,16.253316208484105,19.558328445418695,20.226504756409145
465,15.50284299339692,2,463.6438721136767,277.2335701598579,518.9434940383618,281.58372213582163,491.72777777777776,255.7546296296296,490.54517133956386,197.24991346486672,19.61953703080045,14.55523236323861,-0.07679473574757248,19.644223720250896,16.095890295977696,19.567873331366034,20.08716209242139
466,15.536182440694548,2,463.4379496402878,279.40077937649875,518.7219195849545,284.78858625162127,493.17656765676566,258.36963696369634,491.0940358580314,199.4087083790706,19.606808872004557,14.382801796510988,-0.0972119050044687,19.730075527510234,15.924443465728924,19.60168235900167,19.93543867890065
467,15.569521887992176,2,463.2862745098039,281.86334841628957,518.4682902080161,288.52409944190765,493.7074275362318,261.6458333333333,492.5029119561493,203.24528948269955,19.5947013493218,14.184551562272677,-0.12228162032702314,19.76146931624878,15.709577343251254,19.688013344316186,19.6670342016138
468,15.602861335289802,2,463.0869963369963,284.209706959707,517.9374684820978,292.8567826525466,494.1636980491942,264.64546225614924,492.4579502894109,205.68641470888662,19.572911008619087,13.97170593997862,-0.16171614514795124,19.788357826058874,15.513517838561468,19.68537459796017,19.49619554968687
469,15.63620078258743,2,462.5481146304675,286.73453996983403,517.035326772647,297.09260661115314,494.7350877192982,268.2649122807017,492.5,209.5,19.530710009100922,13.756895615543446,-0.1957790739438757,19.821909043096543,15.277826442654003,19.688095394914587,19.230350537859405
470,15.669540229885058,2,461.87697348823355,289.09055704498064,516.2098765432098,301.28222222222223,494.08356545961004,271.84215413184774,491.920618556701,213.41615120274912,19.486988929515913,13.54973806805603,-0.23115459208292713,19.78353932664619,15.045114389972271,19.653105488090368,18.9581385183834
471,15.702879677182686,2,460.76203129613225,291.2305875405964,514.4026946107784,305.5326846307385,492.8194444444444,275.49572649572644,490.45460378569135,216.39974334295795,19.402122611288135,13.347962306934846,-0.27382222792325556,19.709438543168787,14.808061646079835,19.564501327797775,18.750872904279095
472,15.736219124480314,2,458.910756501182,293.9654255319149,512.2637362637363,309.5172161172161,492.5844504021448,278.39052725647895,490.0943835161183,219.4170820870721,19.287128761403245,13.136177722752674,-0.2981450606208987,19.695776084068065,14.621362691325618,19.543062075408717,18.54276469953875
473,15.769558571777942,2,456.69135802469134,296.9807286961758,509.73894993894993,313.37948717948717,490.9119318181818,281.92424242424244,488.4353545075393,222.5563041385948,19.151057759506187,12.91997982052465,-0.31492747980210944,19.59828217810008,14.393505327442307,19.443339375227236,18.326152643942635
474,15.802898019075569,2,454.4740279014544,299.4618581181359,507.2269864341085,316.60586240310073,488.91708967851093,284.6040609137056,486.7334039548022,225.42372881355934,19.015747983284292,12.741018966107465,-0.3297989316902474,19.482272719799386,14.220916532337391,19.341333125581603,18.128866486156166
475,15.836237466373197,2,451.69841269841265,302.4369571728062,504.29373650107993,320.09599232061436,486.50488888888884,287.8071111111111,485.77491244826484,228.01591849729385,18.853031296839823,12.538826699770961,-0.3395124365862969,19.342457272585165,14.015307502697796,19.28430260868762,17.951472091479435
476,15.869576913670825,2,449.6063063063063,305.1072072072072,501.9713104789691,323.12642839776316,485.3186634066829,290.58272208638954,484.3027642276423,230.62634146341463,18.727840617195454,12.361288369538833,-0.34691493889463276,19.274210549229963,13.838228981378988,19.19660301873654,17.773036001799895
477,15.902916360968453,2,447.9936065097355,307.4234234234234,500.0791123974915,326.45369030390736,484.0674157303371,293.3310861423221,483.8516683184671,233.37793194582093,18.628792913270797,12.18649544384769,-0.36635552469782307,19.20239824130956,13.663391487878815,19.17043918308809,17.586255026159513
478,15.93625580826608,2,446.00745199197473,310.0229292060762,497.79604479390036,329.88301167500595,482.80406504065036,296.3219512195122,482.5193423597679,236.38749194068342,18.508441920175617,12.000187647096407,-0.3824828557920637,19.130190668887046,13.473791412643887,19.091706121109876,17.38209624020243
479,15.969595255563709,2,445.0791703184341,312.20829681565874,496.2367799811142,333.0408404154863,482.55363570914324,299.30309575233974,482.3562521065049,239.211324570273,18.439025077150887,11.835990252283674,-0.4035091044014455,19.116749669184497,13.285963604790151,19.083031391464036,17.191876961946928
480,16.002934702861335,2,443.8055310385407,314.9173286260665,494.7994882530821,336.86182833217026,482.06210691823895,302.6336477987421,482.51947637292466,242.477969348659,18.363797015903426,11.63604473431043,-0.42340226009088977,19.08957240230336,13.076740489169197,19.09401844702837,16.972812081269133
481,16.036274150158963,2,442.7288233593524,317.7678519803411,493.34160170092133,340.49043231750534,481.34027777777777,306.162037037037,482.41724024909865,245.4110127826942,18.29399336157443,11.438308008491767,-0.438964025548356,19.049313164152412,12.85582376143483,19.089034987401654,16.776651200863522
482,16.06961359745659,2,442.1156695156695,319.95413105413104,492.2813822284908,343.83685942642217,481.5252069224981,309.40632054176075,482.4454022988506,248.56736909323115,18.248337622567753,11.270313202114247,-0.461578663241225,19.061197221973043,12.6538788043886,19.091903725402226,16.56636737767852
483,16.10295304475422,2,441.25548902195607,322.5178214998574,490.7337468412589,347.5081552951987,481.30079537237884,312.84092552422265,482.64025409562015,251.86292209963221,18.182385814186894,11.081431043080435,-0.48503018205125226,19.049632931723256,12.440654330372835,19.104703692542028,16.34770890889565
484,16.136292492051847,2,440.0168667810177,325.41337907375646,488.8741830065359,351.6022408963585,481.0376687988628,316.546552949538,482.2159577975602,255.10187932739862,18.097450503508874,10.870364312109913,-0.5092340204074224,19.03600228323943,12.211489581845196,19.080770357571563,16.133220134596538
485,16.169631939349475,2,438.8918607995398,328.00747771067006,487.3295748179469,355.28705661263797,481.57001972386587,320.25049309664695,482.31184834123223,258.495102685624,18.02461226852629,10.681494074294736,-0.5298145803856755,19.067866296500082,11.983736607111501,19.087731148873033,15.909680540412403
486,16.202971386647103,2,437.7371686407219,330.71065989847716,485.5619570187471,359.19387288523086,480.8978193146417,323.8193146417445,482.1624333646911,262.10034493571646,17.94506952436155,10.483382763314777,-0.553685566972846,19.030878817006734,11.76458585605586,19.080274765556684,15.672954647908462
487,16.23631083394473,2,436.03426003931474,333.6416736871665,483.1718679330619,363.3016734509272,479.37769562538506,327.743684534812,480.7368932038835,264.8922330097087,17.83316579308595,10.272965369053576,-0.5775124572881999,18.945945259389397,11.524219062538766,18.997382741890608,15.489524262864347
488,16.26965028124236,2,434.5015265056897,336.86344712739384,480.6524064171123,367.7885472370766,478.65735892961015,332.12914485165794,480.00538144982585,269.1237733459956,17.723243093518285,10.043558542038308,-0.6054242384797134,18.90698826434078,11.257286353946846,18.956206347819833,15.213446960740058
489,16.302989728539988,2,432.4933895921237,340.3243319268636,477.84067645749883,372.41299510458384,477.4200680272109,336.61507936507934,479.3151403021893,273.4764107308048,17.59253378368555,9.803796548895821,-0.6297389819141896,18.838999018969545,10.985322642742407,18.917700968451886,14.930871564669385
490,16.336329175837616,2,430.27146892655367,343.9901129943503,474.88503490401393,377.42364746945896,475.83226152197204,341.35369774919616,478.0483317742438,277.8818210165263,17.45271466588399,9.547745262376075,-0.6556325761447783,18.751683745511226,10.6993531761735,18.84570364106512,14.645952039926089
491,16.36966862313524,2,428.0217332246672,347.61450692746536,471.6504983388704,382.0498338870432,474.9043392504931,346.2869822485207,477.1697703289882,282.1427684667908,17.304921955908988,9.30514882771088,-0.6791361923215109,18.702089934501753,10.403516417532325,18.79662448620705,14.37190696805324
492,16.40300807043287,2,426.7853994490358,350.8234159779614,469.06627806563034,386.74589810017267,474.63544668587895,351.03890489913545,476.8599257884972,286.3361162646877,17.203724427668647,9.074320306113611,-0.71365403739362,18.689667814882156,10.120308732718216,18.78082884697682,14.103783191380664
493,16.436347517730496,2,425.38390256817576,354.23378342599943,466.4140237324703,391.85307443365696,473.818648018648,356.36783216783215,476.3102372034956,291.0823970037453,17.09686274572232,8.826798464976628,-0.749519522435979,18.646954272918194,9.804202830519744,18.751491961608266,13.80169820895466
494,16.469686965028124,2,423.84384384384384,357.9535899535899,463.7060954816709,396.69671781756176,472.8258426966292,360.6530898876405,475.58059610705595,295.33941605839414,16.98533416085353,8.578750750363472,-0.7766145060957972,18.594009324671,9.551173048284145,18.71161246420494,13.531976398483435
495,16.503026412325752,2,421.672981878089,361.62850082372324,460.6256115720059,401.4207615400978,471.467362924282,365.76240208877283,474.65373961218836,299.3317943982764,16.846478981298805,8.336347054428904,-0.7993549453380381,18.521462339105852,9.250930422573369,18.6603714654255,13.280049399376553
496,16.53636585962338,2,419.9701960784314,364.82692810457513,458.5669006594341,405.30333971495423,470.3945228925973,369.46384253316216,473.8066066066065,303.2432432432432,16.748195607282646,8.13284127530767,-0.8108278705103924,18.464221163120428,9.034408619878116,18.613900579020914,13.034339479535063
497,16.56970530692101,2,419.0987158908507,367.2915997859818,456.8728042328042,408.5233862433862,469.8610101010101,373.0682828282828,473.3983957219251,306.2846108140226,16.68213891250308,7.970241749432462,-0.8292919070469489,18.437071017899328,8.824585055638154,18.592317463004278,12.844146526008561
498,16.603044754218637,2,418.22571353757525,369.3335951819848,455.39209535759096,411.250104558762,469.2255369928401,375.6523468575974,473.1133806986382,308.37418590882174,16.62131525466861,7.834220039227055,-0.84423460566677,18.403648236052476,8.674554893051441,18.577268859369987,12.713840123569247
499,16.636384201516265,2,417.59478672985784,370.7654028436019,454.349537037037,412.9166666666667,468.9127358490566,377.3608490566038,472.7739052725648,310.0783437593089,16.57798899437458,7.745876249143533,-0.8516994181177103,18.387545314005948,8.575627650446044,18.558876136522663,12.607736062006284
500,16.669723648813893,2,417.48543941757663,371.10452418096725,453.7947103274559,413.8839210747271,468.42655699177436,378.3517430473952,472.9321428571429,310.96130952380946,16.560807918640325,7.709009386434409,-0.864420357619566,18.36135216236075,8.51821659828947,18.56853519840425,12.553005903236306
501,16.70306309611152,2,417.52558139534887,371.2015503875969,453.65403553842856,413.93513166345537,468.6345238095238,378.44087301587297,472.9495128432241,311.1476232654266,16.55823825436636,7.704752927623761,-0.86626733774571,18.372927157668816,8.513152533383925,18.569652909496728,12.541456033290686
502,16.73640254340915,2,417.39719626168227,371.4841640706126,453.5614035087719,414.06589644843814,468.6835492736553,378.34511189634867,472.9495128432241,311.1476232654266,16.55255504142777,7.692872379116826,-0.8640062159854264,18.37557070394071,8.518698427591255,18.569652909496728,12.541456033290686
503,16.769741990706777,2,417.24545454545455,371.4800505050505,453.5614035087719,414.06589644843814,468.688,377.94895238095233,472.888198757764,310.25702454894997,16.5483463886368,7.692961784744247,-0.8620232618625802,18.375528751852524,8.541571010975085,18.565554847127377,12.596697567626382
504,16.8030814380044,2,417.32723577235765,371.46925813008124,453.5614035087719,414.06589644843814,468.2993762993763,376.9677754677755,473.3454706927176,308.6438721136767,16.550600113479064,7.69329124149715,-0.8632391683701522,18.3532900783621,8.598106149193574,18.590779418247955,12.697179506086831
505,16.83642088530203,2,417.29252217997464,371.46413181242076,453.66474973375927,414.2117145899893,470.5980230642504,375.52196595277314,475.82911036036035,306.2438063063063,16.55251964356745,7.689397640324946,-0.8631045375995272,18.47963408080977,8.682637709126402,18.7321594872607,12.847924990223119
506,16.869760332599657,2,417.29252217997464,371.46413181242076,453.66474973375927,414.2117145899893,475.81391470097685,373.6757207529187,481.0624654505251,303.73576561636264,16.55251964356745,7.689397640324946,-0.8631045375995272,18.76783960254346,8.79167850347822,19.03235669063755,13.007246468249713
507,16.903099779897286,2,417.29252217997464,371.46413181242076,453.6634717784877,414.1133120340788,480.98635477582843,368.6220760233918,484.9412780656304,298.1214738054116,16.552429778106745,7.692132218751388,-0.8620274308619049,19.053067648363893,9.087724619430004,19.254396828267,13.361534229443492
508,16.936439227194914,2,417.29252217997464,371.46413181242076,453.60923924560285,414.17503708412795,484.3844507845934,359.7484545886828,487.5748587570621,288.9491525423729,16.550992373958863,7.690407758473945,-0.8634219454186782,19.239791698078925,9.60920776565194,19.404914083486698,13.943221649352195
509,16.96977867449254,2,417.2018419033001,371.64313123561016,453.6681652751016,414.1909655320059,488.9407407407407,346.35915343915343,491.48184281842816,273.50162601626016,16.55028857468944,7.684761278233997,-0.8595851266344511,19.492773041628407,10.405350501597026,19.630943773336504,14.936167644093434
510,17.00311812179017,2,417.2018419033001,371.64313123561016,453.6634717784877,414.1133120340788,496.62124898621244,328.2493917274939,497.1182141045154,256.204972095383,16.550117637005872,7.686918659725422,-0.8587781474430208,19.927250167287283,11.501495375688684,19.963465872793343,16.06943363830902
511,17.036457569087798,2,417.2018419033001,371.64313123561016,453.6634717784877,414.1133120340788,503.3612849395077,307.8614935335836,501.8206147323794,235.65050344462108,16.550117637005872,7.686918659725422,-0.8587781474430208,20.31709283459052,12.761022908262174,20.247643675424094,17.444282564606457
512,17.069797016385426,2,417.15761285386384,371.69701606732974,453.6634717784877,414.1133120340788,504.02247912652535,285.888246628131,501.6422043010752,213.85537634408598,16.548952662610915,7.685346055627492,-0.8575728346649841,20.36239522134367,14.1471655434182,20.242940810722825,18.9344665969311
513,17.103136463683054,2,417.2147532729103,371.54053373615307,453.6681652751016,414.1909655320059,495.11541339319115,266.06715301159744,492.70700498807196,193.84818911299064,16.550531529477524,7.687741700168585,-0.8609257672565622,19.84438403861554,15.421252062213295,19.70014439353473,20.329238584540832
514,17.136475910980682,2,417.23978819969744,371.5360564800807,453.6681652751016,414.1909655320059,474.94671433435474,249.36516853932585,473.1345417925478,176.31460221550853,16.551220101468957,7.687876607969241,-0.8613099811428466,18.646787015831805,16.508702420027678,18.486720451688154,21.568887405995138
515,17.16981535827831,2,417.2843805198082,371.3984355286399,453.60301075268814,414.1733333333333,443.25558194774345,238.18368962787014,443.9319918017514,164.64393515930686,16.550523380911173,7.692359614600846,-0.86412064459483,16.747246531664462,17.23597922684781,16.65824849666324,22.39454814002313
516,17.203154805575938,2,417.2843805198082,371.3984355286399,453.60301075268814,414.1733333333333,403.8379355687048,233.154996712689,408.7813362782993,159.60868764954904,16.550523380911173,7.692359614600846,-0.86412064459483,14.382329487573404,17.54936505030133,14.45590761290141,22.735507821375048
517,17.236494252873563,2,417.2843805198082,371.3984355286399,453.60301075268814,414.1733333333333,370.0163507989595,234.3047194351542,377.7083081874874,161.3717561858781,16.550523380911173,7.692359614600846,-0.86412064459483,12.369166001067098,17.449965748553634,12.528230352000012,22.580794995365626
518,17.26983370017119,2,417.2636067218459,371.46626536242786,453.60301075268814,414.1733333333333,345.4930128563443,242.09111235326998,354.2759613407361,170.14394406744807,16.550023624839184,7.690386425545563,-0.8630743224633651,10.94800047360049,16.91239667154203,11.117349627015583,21.922508121167763
519,17.30317314746882,2,417.18684603886396,371.4985052316891,453.6681652751016,414.1909655320059,323.21276201075864,258.343721016509,333.3910695742471,186.44029075804775,16.5497113597125,7.68895614384864,-0.8610323409879859,9.720914583748478,15.824701116333873,9.922370282341396,20.736531695761844
520,17.336512594766447,2,417.14003500875214,371.5313828457114,453.6681652751016,414.1909655320059,302.8211786372007,280.6220994475138,314.2086807782767,208.71541586487064,16.548451267591126,7.68799254744116,-0.8600362770361684,8.663938316616976,14.372977985964758,8.891602998626128,19.15999109903773
521,17.369852042064075,2,417.2736842105263,371.51353383458644,453.60923924560285,414.17503708412795,285.38257367746655,307.44847153578615,298.3794372294372,235.32619047619048,16.550525663428765,7.688969992211067,-0.8626094982172845,7.831884023597218,12.67703674934486,8.11592981565127,17.335251689222257
522,17.403191489361703,2,417.2736842105263,371.51353383458644,453.6379746835443,414.09852320675105,264.5086511299435,336.16596045197736,279.9016727866177,264.05609955120354,16.55126268676041,7.691101264971861,-0.8613820520346294,6.844780226886203,10.916078342626115,7.224021860505543,15.426711343062543
523,17.43653093665933,2,417.2736842105263,371.51353383458644,453.6379746835443,414.09852320675105,240.31832326560496,366.0982976386601,258.8811234487263,294.2403657740039,16.55126268676041,7.691101264971861,-0.8613820520346294,5.714625076030466,9.138159921364458,6.225930167632984,13.487230986191012
524,17.46987038395696,2,417.25513784461145,371.519298245614,453.6379746835443,414.09852320675105,222.37672137332578,395.56913789850967,243.5523406257351,323.12208892025404,16.550755305945877,7.690930273982336,-0.8610690316034034,4.955916192265554,7.4455567578569966,5.571951541624151,11.69457276529769
525,17.503209831254587,0,417.25513784461145,371.519298245614,453.5715181932246,414.01191969887077,215.2642369020501,422.74221716021253,237.32954545454547,349.38517992424244,16.548902750013724,7.693326406523527,-0.8609703705810259,4.78113142655103,5.934267879294014,5.423874676009695,10.116603878217447
526,17.536549278552215,0,417.2428139183056,371.5206757438225,453.5715181932246,414.01191969887077,nan,nan,nan,nan,16.548562858969362,7.693283985434657,-0.8607900351944091,nan,nan,nan,nan
527,17.569888725849843,0,417.19503546099287,371.4804964539007,453.5715181932246,414.01191969887077,nan,nan,nan,nan,16.54719422757968,7.694440846584402,-0.860610923057744,nan,nan,nan,nan
528,17.60322817314747,0,417.2996709693748,371.4376107314604,453.5715181932246,414.01191969887077,nan,nan,nan,nan,16.550045274640418,7.695706462300737,-0.8624969352600776,nan,nan,nan,nan
529,17.6365676204451,0,417.3464002049705,371.39994875736613,453.5715181932246,414.01191969887077,nan,nan,nan,nan,16.55129790530641,7.696809037847332,-0.8635505142206285,nan,nan,nan,nan
530,17.669907067742724,0,417.29349470499244,371.42561775088245,453.6608442503639,413.7057600332709,nan,nan,nan,nan,16.552113763918335,7.704579597318343,-0.8579550219719528,nan,nan,nan,nan
531,17.70324651504035,0,417.29349470499244,371.42561775088245,453.6608442503639,413.7057600332709,nan,nan,nan,nan,16.552113763918335,7.704579597318343,-0.8579550219719528,nan,nan,nan,nan
532,17.73658596233798,0,417.32266260162595,371.3267276422764,453.6079039933788,413.76805296917024,nan,nan,nan,nan,16.551409149259744,7.70571551870566,-0.8608694393954226,nan,nan,nan,nan
533,17.769925409635608,0,417.3549783549783,371.3119429590018,453.6089864158829,413.7707419017763,nan,nan,nan,nan,16.552318932056785,7.706076578485257,-0.8614865337530937,nan,nan,nan,nan
534,17.803264856933236,0,417.3549783549783,371.3119429590018,453.6089864158829,413.7707419017763,nan,nan,nan,nan,16.552318932056785,7.706076578485257,-0.8614865337530937,nan,nan,nan,nan
535,17.836604304230864,0,417.44461382113815,371.3297764227642,453.6089864158829,413.7707419017763,nan,nan,nan,nan,16.55482243418958,7.705576550696735,-0.8624833311682488,nan,nan,nan,nan
536,17.869943751528492,0,417.44461382113815,371.3297764227642,453.6089864158829,413.7707419017763,nan,nan,nan,nan,16.55482243418958,7.705576550696735,-0.8624833311682488,nan,nan,nan,nan
537,17.90328319882612,0,417.43095055085826,371.25698180886496,453.6089864158829,413.7707419017763,nan,nan,nan,nan,16.55436265894842,7.707687372800503,-0.8631310471896515,nan,nan,nan,nan
538,17.936622646123748,0,417.43095055085826,371.25698180886496,453.6939718546523,413.78470909472793,nan,nan,nan,nan,16.556677704043942,7.70731313205692,-0.8621733037407716,nan,nan,nan,nan
539,17.969962093421376,0,417.38194444444446,371.2908950617284,453.6987748204478,413.8698774820448,nan,nan,nan,nan,16.55553578306082,7.703951761426198,-0.862019219213055,nan,nan,nan,nan
540,18.003301540719004,0,417.43591731266145,371.332299741602,453.6934012306386,413.94546997666026,nan,nan,nan,nan,16.5569739480825,7.700658017101484,-0.8631817001161107,nan,nan,nan,nan
541,18.036640988016632,0,417.41898864809076,371.34881320949427,453.6934012306386,413.94546997666026,nan,nan,nan,nan,16.55652331553537,7.70017523823936,-0.8627674806559339,nan,nan,nan,nan
542,18.06998043531426,0,417.42860811504875,371.4227015921931,453.6934012306386,413.94546997666026,nan,nan,nan,nan,16.556872257824924,7.698032068334876,-0.8620542227739333,nan,nan,nan,nan
543,18.103319882611885,0,417.43407864302236,371.4109483423284,453.6934012306386,413.94546997666026,nan,nan,nan,nan,16.557010718658326,7.698374350840113,-0.8622614087115288,nan,nan,nan,nan
544,18.136659329909513,0,417.4469461697722,371.3084886128364,453.6934012306386,413.94546997666026,nan,nan,nan,nan,16.557252979112448,7.701351514249358,-0.8635999551895484,nan,nan,nan,nan
545,18.16999877720714,0,417.41041505542665,371.3575663830884,453.65088505011727,414.023245894647,nan,nan,nan,nan,16.555185021150976,7.697750441511394,-0.8639753674599752,nan,nan,nan,nan
546,18.20333822450477,0,417.41744066047465,371.3472652218782,453.6934012306386,413.94546997666026,nan,nan,nan,nan,16.55647869790678,7.700219873797091,-0.8627644098320598,nan,nan,nan,nan
547,18.236677671802397,0,417.4598670756646,371.2985685071574,453.6953912111468,413.950053590568,nan,nan,nan,nan,16.557656520285327,7.701515003435656,-0.8639104442761398,nan,nan,nan,nan
548,18.270017119100025,0,417.4541439334892,371.48324240062357,453.6953912111468,413.950053590568,nan,nan,nan,nan,16.55770384869464,7.6961525801195805,-0.8617300274717103,nan,nan,nan,nan
549,18.303356566397653,0,417.5296388199614,371.06148331954785,453.752974259139,413.9902660609994,nan,nan,nan,nan,16.560911282310055,7.707304937859865,-0.867218861588319,nan,nan,nan,nan
550,18.33669601369528,0,417.42246745896995,371.23740803621956,453.73994346597084,413.9171559034573,nan,nan,nan,nan,16.55774301164299,7.704205273850773,-0.8631570178132303,nan,nan,nan,nan
551,18.37003546099291,0,417.2470163752428,371.51179572578405,453.9670920080591,414.0089545556301,nan,nan,nan,nan,16.559405617151477,7.693690502378173,-0.8557651202881724,nan,nan,nan,nan
552,18.403374908290537,0,417.12644628099173,371.3115702479339,453.94722778891116,414.10509908706297,nan,nan,nan,nan,16.55535536991111,7.696803621061941,-0.8577827791672047,nan,nan,nan,nan
553,18.436714355588165,0,417.3371553371553,371.2033852033852,453.6507831458195,414.23185528347665,nan,nan,nan,nan,16.55309725762358,7.696414641738306,-0.8670494225041779,nan,nan,nan,nan
554,18.470053802885793,0,417.1690590111643,371.45162147793724,453.56010745466756,414.3004253413924,nan,nan,nan,nan,16.54629468625537,7.687253882336376,-0.863949206046977,nan,nan,nan,nan
555,18.50339325018342,0,417.19634703196346,371.46065001343,453.59795221843,414.3817974971558,nan,nan,nan,nan,16.5481336526045,7.684742385839634,-0.8646172061835218,nan,nan,nan,nan
556,18.536732697481046,0,417.0979150171549,371.49538136711533,453.5928457507404,414.4117110959216,570.24496124031,304.3736434108527,537.3195164075993,235.00863557858375,16.545323662563405,7.68288273719838,-0.8633133540542532,24.182567960298528,13.01304443351588,22.378109601855687,17.51065523874396
557,18.570072144778674,0,417.1555205874639,371.5363231051665,453.70669427191166,414.4633080285254,nan,nan,nan,nan,16.550084114620457,7.680290957911467,-0.8627069201786024,nan,nan,nan,nan
558,18.603411592076302,0,417.06702758442896,371.49368393915955,453.7758699633699,414.42696886446885,nan,nan,nan,nan,16.549441733494646,7.682532225746328,-0.8607185114164941,nan,nan,nan,nan
559,18.63675103937393,0,417.9634894091416,371.95484949832775,454.90775247296983,414.94524959742347,nan,nan,nan,nan,16.605790003048604,7.655116251142614,-0.8584529068730743,nan,nan,nan,nan
560,18.67009048667156,0,418.1356932153392,369.47117189595065,457.2432116104868,410.1851591760299,nan,nan,nan,nan,16.66875127488442,7.860215026198503,-0.805702572481607,nan,nan,nan,nan
561,18.703429933969186,0,418.25259515570934,365.36476355247976,460.5946780708006,402.9215965787598,nan,nan,nan,nan,16.755226351594654,8.184020038146357,-0.7291489480079346,nan,nan,nan,nan
562,18.736769381266814,0,420.7838441890166,359.01979565772666,466.11643330876933,392.68607221812823,nan,nan,nan,nan,16.9655514692885,8.66093579002377,-0.6460985378376269,nan,nan,nan,nan
563,18.770108828564442,0,425.37020968908166,349.68655097613885,474.9270186335404,377.9826604554865,nan,nan,nan,nan,17.322020915057127,9.360751133805469,-0.5294921541524119,nan,nan,nan,nan
564,18.80344827586207,0,430.78533026113666,337.85407066052227,484.5466562986003,359.5261793675479,nan,nan,nan,nan,17.726564969786985,10.255953307753689,-0.3944105890813946,nan,nan,nan,nan
565,18.8367877231597,0,437.9235852953325,324.8083436596448,494.52975713904453,340.02321857485987,nan,nan,nan,nan,18.196495151521646,11.235699763632894,-0.2711793272026273,nan,nan,nan,nan
566,18.870127170457327,0,444.8217703349282,310.96491228070175,502.45195920558234,322.5456253354804,nan,nan,nan,nan,18.60857156516751,12.195836441463406,-0.20465900309213425,nan,nan,nan,nan
567,18.903466617754955,0,451.4440703329592,297.8791619902731,509.11965134706816,306.6254622292657,nan,nan,nan,nan,18.983934334543797,13.100147000684526,-0.15436608134908497,nan,nan,nan,nan
568,18.936806065052583,0,455.5842068483578,287.4388539482879,513.5951270088128,293.84370139968894,nan,nan,nan,nan,19.230136780355057,13.83431736511712,-0.11091213778648168,nan,nan,nan,nan
569,18.970145512350207,0,458.544630404463,279.7744072524407,516.4218873909596,285.3885804916733,nan,nan,nan,nan,19.39691536453322,14.349640990367888,-0.09669039625685291,nan,nan,nan,nan
570,19.003484959647835,0,459.3458621826574,275.13221233102536,516.9389784946236,280.2096774193548,nan,nan,nan,nan,19.434730327753286,14.665290394170597,-0.08720245032549075,nan,nan,nan,nan
571,19.036824406945463,0,459.26666666666665,273.71834130781497,516.5848508841383,277.82765901293214,nan,nan,nan,nan,19.422150983820686,14.7874496166216,-0.06922513517865705,nan,nan,nan,nan
572,19.07016385424309,0,459.15056910569103,274.20878048780486,516.2650730411686,277.71819389110226,nan,nan,nan,nan,19.40970400354103,14.775012860684273,-0.057980884843144904,nan,nan,nan,nan
573,19.10350330154072,0,457.94874306235715,275.05811296114916,515.1252408477842,279.19928433801266,nan,nan,nan,nan,19.341134657497072,14.699261705331804,-0.07000632553871436,nan,nan,nan,nan
574,19.136842748838347,0,457.31200254695955,276.49124482648836,514.1749121384157,279.845633955123,nan,nan,nan,nan,19.29533792637224,14.631841082100891,-0.05526661689368491,nan,nan,nan,nan
575,19.170182196135976,0,456.00374531835206,278.23657927590506,513.22549845549,281.00280819994384,nan,nan,nan,nan,19.230041246079168,14.537885493665508,-0.043578612511877925,nan,nan,nan,nan
576,19.203521643433604,0,455.65994881637874,278.575175943698,512.1396663839412,281.0740740740741,nan,nan,nan,nan,19.188455359847786,14.524318950314932,-0.039081861851441094,nan,nan,nan,nan
577,19.23686109073123,0,455.20780487804876,278.85788617886175,511.7146023829315,281.0942089221391,nan,nan,nan,nan,19.163006934947262,14.51434629425343,-0.033958712114044484,nan,nan,nan,nan
578,19.27020053802886,0,454.66348903717824,279.3997457896409,511.52713839158844,281.0718954248366,nan,nan,nan,nan,19.1419942281666,14.497459465220672,-0.022792867080197943,nan,nan,nan,nan
579,19.303539985326488,0,454.21720430107524,279.5637480798771,510.08333333333326,281.2820069204152,nan,nan,nan,nan,19.0868300360887,14.48492775668044,-0.024278014630277265,nan,nan,nan,nan
580,19.336879432624116,0,453.17626359564935,280.5809341010876,509.5902244955953,280.9133276499005,nan,nan,nan,nan,19.042822664104555,14.463706851212136,0.0030361315678809698,nan,nan,nan,nan
581,19.370218879921744,0,452.21004130918334,280.4915792818557,507.7236804967541,281.15128422241037,nan,nan,nan,nan,18.95999656023791,14.458148006472138,-0.0035502789628104534,nan,nan,nan,nan
582,19.40355832721937,0,450.5739299610895,280.57587548638134,505.98647902869754,281.37417218543044,nan,nan,nan,nan,18.8615648161594,14.447358724072696,-0.006325746294246126,nan,nan,nan,nan
583,19.436897774516996,0,448.85671936758894,280.79084321475625,504.8645475372279,281.5956471935853,nan,nan,nan,nan,18.778860317567265,14.43257818840286,-0.006289634265287114,nan,nan,nan,nan
584,19.470237221814624,0,447.6734959349593,280.5265040650406,503.6168614357262,281.5,nan,nan,nan,nan,18.70776120496796,14.443443718660873,-0.0096177408328136,nan,nan,nan,nan
585,19.503576669112253,0,447.5094460454691,280.5760486711495,502.93208778173187,281.37010676156586,nan,nan,nan,nan,18.68303678562788,14.44578655741233,-0.006239620329069462,nan,nan,nan,nan
586,19.53691611640988,0,447.3503626616209,280.5635446231472,502.8882005899705,281.305604719764,nan,nan,nan,nan,18.677119398158933,14.44820009980177,-0.005177496727744204,nan,nan,nan,nan
587,19.57025556370751,0,447.3399495904221,280.5608065532451,502.77296819787983,281.3995877502945,nan,nan,nan,nan,18.673434187678325,14.445238340179477,-0.007123317448680799,nan,nan,nan,nan
588,19.603595011005137,0,447.10899269145216,280.6116936765173,502.67939609236237,281.44138543516874,nan,nan,nan,nan,18.664003176337605,14.44217674218621,-0.006903394922305836,nan,nan,nan,nan
589,19.636934458302765,0,446.70252961895613,280.6298430995837,503.01897479467567,281.3724157462475,nan,nan,nan,nan,18.66210159287393,14.44378872214973,-0.004985873018395999,nan,nan,nan,nan
590,19.670273905600393,0,446.53682170542635,280.53972868217056,501.91752577319585,280.92411225658645,nan,nan,nan,nan,18.625093294637765,14.460708519457764,0.001882804952051471,nan,nan,nan,nan
591,19.70361335289802,0,446.12476007677543,280.4190658989123,501.62460386055886,280.60414866032846,nan,nan,nan,nan,18.604477052065274,14.474650297973408,0.005851889737266103,nan,nan,nan,nan
592,19.73695280019565,0,445.82307692307694,280.46153846153845,501.58290155440415,280.7674150834772,nan,nan,nan,nan,18.594479181691618,14.46795281503381,0.0034849910781457865,nan,nan,nan,nan
593,19.770292247493277,0,445.68010236724245,280.5201535508637,501.6525423728813,280.84209039548017,nan,nan,nan,nan,18.592383398657915,14.46365701290281,0.0031908857597485983,nan,nan,nan,nan
594,19.803631694790905,0,445.67278582930754,280.55684380032204,501.6525423728813,280.84209039548017,nan,nan,nan,nan,18.592198663985762,14.462479020856911,0.003911706814490077,nan,nan,nan,nan
595,19.83697114208853,0,445.56487025948104,280.5259481037924,501.6525423728813,280.84209039548017,nan,nan,nan,nan,18.5890301873368,14.463439329533035,0.0033173587315216396,nan,nan,nan,nan
596,19.870310589386158,0,445.65912815470335,280.288757784333,501.6525423728813,280.84209039548017,nan,nan,nan,nan,18.59159266520755,14.471068782926283,-0.0013466025846403885,nan,nan,nan,nan
597,19.903650036683786,0,445.7377938517179,280.0729355033152,501.3443862710878,280.7632344386271,nan,nan,nan,nan,18.58472492514435,14.480455980687294,-0.0041265886916439665,nan,nan,nan,nan
598,19.936989483981414,0,445.73864306784657,280.0457227138643,501.36472602739724,280.94492009132415,nan,nan,nan,nan,18.585300215543853,14.475503674485914,-0.008250819394576416,nan,nan,nan,nan
599,19.97032893127904,0,445.65441176470586,280.56985294117646,500.942964756524,281.29486144740383,nan,nan,nan,nan,18.570889966573603,14.447332655183686,-0.004905224742118411,nan,nan,nan,nan
600,20.00366837857667,0,445.57664233576645,280.5419708029197,501.0354319978195,281.2153175252112,nan,nan,nan,nan,18.571312420174024,14.450782023540166,-0.0038362708265217904,nan,nan,nan,nan
601,20.037007825874298,0,445.5114526823387,280.4764918625678,501.0354319978195,281.2153175252112,nan,nan,nan,nan,18.569361943737686,14.45286267496801,-0.0051159091550700315,nan,nan,nan,nan
602,20.070347273171926,0,445.57553956834533,280.55575539568343,500.9869706840391,281.16422366992396,nan,nan,nan,nan,18.56988157471886,14.451965599462072,-0.0025605932651971866,nan,nan,nan,nan
603,20.103686720469554,0,445.57553956834533,280.55575539568343,501.17860934182585,281.3168789808917,nan,nan,nan,nan,18.575460656839745,14.447121720615101,-0.005537493002281221,nan,nan,nan,nan
604,20.137026167767182,0,445.5385964912281,280.272514619883,501.17860934182585,281.3168789808917,nan,nan,nan,nan,18.574163855895392,14.456190868771506,-0.011118406980019676,nan,nan,nan,nan
605,20.17036561506481,0,445.3997050147492,280.2120943952802,501.17860934182585,281.3168789808917,nan,nan,nan,nan,18.570069063238357,14.45808946984748,-0.012256697235279447,nan,nan,nan,nan
606,20.203705062362438,0,445.54973357015984,280.38839550029604,501.2566773504273,281.3205128205128,nan,nan,nan,nan,18.57685824154447,14.45238409980244,-0.008880729585874906,nan,nan,nan,nan
607,20.237044509660066,0,445.6794983960338,280.1466899970837,501.2566773504273,281.3205128205128,nan,nan,nan,nan,18.580452176784682,14.460169360160709,-0.013699881419063076,nan,nan,nan,nan
608,20.27038395695769,0,445.56821501606777,280.3155127081507,501.24071125265385,281.4012738853503,nan,nan,nan,nan,18.57686392803355,14.452130840323644,-0.011924302865968354,nan,nan,nan,nan
609,20.30372340425532,0,445.6119316536345,280.2041702867072,501.24071125265385,281.4012738853503,nan,nan,nan,nan,18.57805141337835,14.455712715805426,-0.014139127111919478,nan,nan,nan,nan
610,20.337062851552947,0,445.67628205128204,280.238344988345,501.24071125265385,281.4012738853503,nan,nan,nan,nan,18.57995334810277,14.454634860571291,-0.0134910864039498,nan,nan,nan,nan
611,20.370402298850575,0,445.71465968586386,280.2684700407213,501.24071125265385,281.4012738853503,nan,nan,nan,nan,18.581095156661828,14.453679667511498,-0.012911179385507858,nan,nan,nan,nan
612,20.403741746148203,0,445.71465968586386,280.2684700407213,501.24071125265385,281.4012738853503,nan,nan,nan,nan,18.581095156661828,14.453679667511498,-0.012911179385507858,nan,nan,nan,nan
613,20.43708119344583,0,445.6780104712042,280.27486910994764,501.2566773504273,281.3205128205128,nan,nan,nan,nan,18.580508264750677,14.45605917298547,-0.011166475049928569,nan,nan,nan,nan
614,20.47042064074346,0,445.73125720876584,280.151384083045,501.2566773504273,281.3205128205128,nan,nan,nan,nan,18.581964318648403,14.460033217898273,-0.013628661749504624,nan,nan,nan,nan
615,20.503760088041087,0,445.73125720876584,280.151384083045,501.2566773504273,281.3205128205128,nan,nan,nan,nan,18.581964318648403,14.460033217898273,-0.013628661749504624,nan,nan,nan,nan
616,20.537099535338715,0,445.6948033304622,280.0967556703991,501.2566773504273,281.3205128205128,nan,nan,nan,nan,18.58085950261072,14.461774800649195,-0.014693225186013648,nan,nan,nan,nan
617,20.570438982636343,0,445.64332479362366,279.9883290634785,501.2566773504273,281.3205128205128,nan,nan,nan,nan,18.579274925162217,14.465237601452149,-0.01681183591498792,nan,nan,nan,nan
618,20.60377842993397,0,445.64332479362366,279.9883290634785,501.2566773504273,281.3205128205128,nan,nan,nan,nan,18.579274925162217,14.465237601452149,-0.01681183591498792,nan,nan,nan,nan
619,20.6371178772316,0,445.5221445221445,280.26689976689977,501.33575268817197,281.31129032258065,nan,nan,nan,nan,18.578270413808532,14.456589167365387,-0.011054669825936315,nan,nan,nan,nan
620,20.670457324529227,0,445.5221445221445,280.26689976689977,501.33575268817197,281.31129032258065,nan,nan,nan,nan,18.578270413808532,14.456589167365387,-0.011054669825936315,nan,nan,nan,nan
621,20.703796771826852,0,445.5221445221445,280.26689976689977,501.33575268817197,281.31129032258065,nan,nan,nan,nan,18.578270413808532,14.456589167365387,-0.011054669825936315,nan,nan,nan,nan
622,20.73713621912448,0,445.5221445221445,280.26689976689977,501.33575268817197,281.31129032258065,nan,nan,nan,nan,18.578270413808532,14.456589167365387,-0.011054669825936315,nan,nan,nan,nan
623,20.770475666422108,0,445.5221445221445,280.26689976689977,501.33575268817197,281.31129032258065,nan,nan,nan,nan,18.578270413808532,14.456589167365387,-0.011054669825936315,nan,nan,nan,nan
624,20.803815113719736,0,445.55100261551877,280.2929380993897,501.4158549783549,281.288961038961,nan,nan,nan,nan,18.58147403771965,14.456500865032115,-0.010084556628040418,nan,nan,nan,nan
625,20.837154561017364,0,445.5240579710145,280.27681159420285,501.4158549783549,281.288961038961,217.75456621004565,315.89693411611216,235.56124383769432,241.75066363291617,18.58067625841698,14.457010401445277,-0.010392002892292912,4.0573885325701315,12.123299439761576,4.450899235873461,16.86621365658295
626,20.870494008314992,0,445.5240579710145,280.27681159420285,501.4158549783549,281.288961038961,229.7205977907732,276.4769330734243,247.27250744047618,204.796875,18.58067625841698,14.457010401445277,-0.010392002892292912,4.406936005078651,14.597400684157828,4.830440299448604,19.384703474131058
627,20.90383345561262,0,445.5240579710145,280.27681159420285,501.4158549783549,281.288961038961,251.52882205513785,240.45630743525479,267.5970571590266,168.88549330315033,18.58067625841698,14.457010401445277,-0.010392002892292912,5.3816212873559275,16.96239819521384,5.7654461306750555,21.945448030312555
628,20.93717290291025,0,445.60606060606057,280.1014865637507,501.33575268817197,281.31129032258065,281.1034245396661,208.98347960764067,293.7632468996618,138.9520856820744,18.580587418043784,14.46191620717013,-0.014345276628793273,6.899872259563767,19.118378285735407,7.154667035874423,24.17411455196644
629,20.970512350207876,0,445.6695427092321,280.13459879206215,501.4158549783549,281.288961038961,312.0150649350649,182.72935064935064,321.02484954377786,112.66278392545136,18.584805701033403,14.461610541634766,-0.013245618922915989,8.592583680953542,20.984722572976906,8.691257374269634,26.205055314000727
630,21.003851797505504,0,445.6695427092321,280.13459879206215,501.4158549783549,281.288961038961,336.81745098039215,160.77960784313726,343.10273224043715,91.34032786885246,18.584805701033403,14.461610541634766,-0.013245618922915989,9.98565694616491,22.5910896231254,9.973712670759518,27.902905988623207
631,21.037191244803132,0,445.6943722943723,280.1818181818182,501.4158549783549,281.288961038961,351.90500752202877,142.86266924564796,357.1974779919105,74.36688079942898,18.58556598676776,14.460103365058679,-0.012325090769011173,10.827512370189057,23.93077454354481,10.792320351755464,29.28462464505968
632,21.07053069210076,0,445.6943722943723,280.1818181818182,501.4158549783549,281.288961038961,365.6075977162933,129.37263943785683,371.3099244086808,61.25822970007315,18.58556598676776,14.460103365058679,-0.012325090769011173,11.622161821392371,24.961368212239126,11.650047286452374,30.37617131341132
633,21.10387013939839,0,445.60606060606057,280.1014865637507,501.33575268817197,281.31129032258065,382.27559765448797,120.90911141181776,386.78080415045395,54.05291828793774,18.580587418043784,14.46191620717013,-0.014345276628793273,12.641676765968143,25.62432363111669,12.639945780316701,30.99275129989134
634,21.137209586696017,0,445.58700564971747,279.94039548022596,501.33575268817197,281.31129032258065,395.949704901206,118.42725173210161,399.8942731277533,51.204405286343615,18.57990680088937,14.467077009328632,-0.017510320269673797,13.503624212456597,25.828221966851206,13.499738946682474,31.24600728818011
635,21.17054903399364,0,445.60606060606057,280.1014865637507,501.27742108079184,281.3073836276084,405.7985611510791,120.64188649080735,409.54177817424915,54.32500743383883,18.578884196923234,14.462025342666976,-0.014293153566823771,14.140146562464965,25.666403254642436,14.15324125650037,30.995146865768383
636,21.20388848129127,0,445.60606060606057,280.1014865637507,501.27742108079184,281.3073836276084,414.3642640154653,125.02098867716099,417.5485611510791,58.41726618705036,18.578884196923234,14.462025342666976,-0.014293153566823771,14.700155600636874,25.337591377381386,14.698723846028805,30.66238588826387
637,21.237227928588897,0,445.60606060606057,280.1014865637507,501.27742108079184,281.3073836276084,423.47857142857146,129.4084656084656,425.58804185351266,62.84245142002989,18.578884196923234,14.462025342666976,-0.014293153566823771,15.29233117444842,25.010216405280413,15.24475460632861,30.303643478938728
638,21.270567375886525,0,445.60606060606057,280.1014865637507,501.17860934182585,281.3168789808917,431.8588235294118,134.4392156862745,433.60699216395415,68.36528028933093,18.57599703695942,14.46169335684283,-0.014523255618022122,15.836665566967293,24.63495143576484,15.789380632407381,29.856338159419597
639,21.303906823184153,0,445.60606060606057,280.1014865637507,501.17860934182585,281.3168789808917,438.49356340728565,140.62174746644754,439.951053283767,74.52942998760842,18.57599703695942,14.46169335684283,-0.014523255618022122,16.27007575662405,24.17347407053644,16.221734060148705,29.35777258747463
640,21.33724627048178,0,445.56804733727813,279.9120879120879,501.17860934182585,281.3168789808917,442.5868144359193,146.87553282182438,444.02858092389494,81.0993685609837,18.574741802049992,14.467756792034564,-0.01824685167599277,16.540645085140355,23.707760602598974,16.503244500023982,28.827646430869336
641,21.37058571777941,0,445.56804733727813,279.9120879120879,501.1015295358649,281.3006329113924,445.4189147286821,153.27906976744185,446.7894923677671,87.44479943201986,18.572492496340683,14.468256533786214,-0.01796393919213358,16.73045683961532,23.233253925277047,16.696197319127688,28.318434419770746
642,21.403925165077037,3,445.56804733727813,279.9120879120879,501.1015295358649,281.3006329113924,448.5815106445027,159.54009915427235,450.50766666666664,94.034,18.572492496340683,14.468256533786214,-0.01796393919213358,16.939258960107725,22.773047531998284,16.95031887029194,27.794645354289845
643,21.437264612374666,3,445.56804733727813,279.9120879120879,501.27742108079184,281.3073836276084,453.865811965812,165.6769230769231,455.20590951061865,100.48230224684518,18.577628962013804,14.468088777858712,-0.01801034352813559,17.278444368127474,22.326956719167462,17.265676340291346,27.287094741474842
644,21.470604059672294,3,445.4970212765957,279.8417021276596,501.27742108079184,281.3073836276084,457.0474033816425,171.64734299516908,458.4414875469123,107.00784715114294,18.575503828766912,14.470326622210031,-0.019360906538103587,17.484579647952213,21.89439505400513,17.484363912987362,26.775964888277002
645,21.50394350696992,3,445.5065303804656,279.84696195343554,501.1632383966244,281.3971518987342,459.070553064275,177.70104633781762,460.45837580699964,112.93747876316682,18.572439288082553,14.467249548312054,-0.021093213967988925,17.61776882377529,21.45789252732018,17.622252630207775,26.314099414029382
646,21.53728295426755,3,445.5065303804656,279.84696195343554,501.1632383966244,281.3971518987342,463.55771944679645,183.97177533163983,464.46103673189145,119.27051150017164,18.572439288082553,14.467249548312054,-0.021093213967988925,17.90211638002019,21.01077033111057,17.886837072529406,25.826140219046554
647,21.570622401565178,3,445.5496183206107,279.8911506926774,501.1632383966244,281.3971518987342,467.30643166357453,191.33333333333331,468.51147653305924,125.76498800959232,18.57372966762687,14.465844182830295,-0.020244518032386475,18.14013130351767,20.48877787650155,18.152654341365572,25.329472747869264
648,21.603961848862802,3,445.4210826210826,280.08404558404555,500.9365942028985,281.3105590062112,465.7698486252703,197.32962619709608,467.7691511387164,131.543823326432,18.563524462307612,14.462336853324343,-0.014767907007021895,18.05180244260671,20.063472201845187,18.111060187193363,24.88685348264222
649,21.63730129616043,3,445.49282845668387,280.13453815261045,500.9365942028985,281.3105590062112,463.5,203.5,466.3679435483871,138.16935483870967,18.56565486343775,14.460737677986408,-0.0137991849236599,17.919597639824616,19.62844490254104,18.028889997183253,24.382712521850706
650,21.67064074345806,3,445.49282845668387,280.13453815261045,500.9365942028985,281.3105590062112,466.22470238095235,209.39166666666665,468.4229208924949,144.89790398918186,18.56565486343775,14.460737677986408,-0.0137991849236599,18.09131015541281,19.219437457580497,18.16549375063504,23.877841249772764
651,21.703980190755686,3,445.49282845668387,280.13453815261045,500.9365942028985,281.3105590062112,467.59505941213257,215.60913070669167,470.22256305385133,150.86707566462167,18.56565486343775,14.460737677986408,-0.0137991849236599,18.18020028348316,18.789719101069014,18.28430256128396,23.433278743471977
652,21.737319638053314,3,445.49282845668387,280.13453815261045,500.9365942028985,281.3105590062112,465.4404873477038,221.3739456419869,468.9015873015873,155.86137566137566,18.56565486343775,14.460737677986408,-0.0137991849236599,18.055466982233472,18.391679978021557,18.205898021679918,23.06137730217558
653,21.770659085350943,3,445.5744199207696,279.96293152235427,500.8629115226337,281.25771604938274,467.2552686257049,225.61976847729298,470.3410852713178,160.72025615099426,18.565753497797843,14.467938112067817,-0.016222875577459613,18.168792893786218,18.102493760662387,18.30034002814774,22.70392279040343
654,21.80399853264857,3,445.64571109248385,279.79379715004194,500.8629115226337,281.25771604938274,472.2220274612912,230.93865030674846,474.6018131101813,165.4560669456067,18.567700104012793,14.473382826729505,-0.019619699729044413,18.471597396088082,17.743921828673773,18.56999647695794,22.359772004638724
655,21.8373379799462,3,445.64571109248385,279.79379715004194,500.8629115226337,281.25771604938274,472.2082960310355,235.28618322888687,474.7047003946896,169.7524219590958,18.567700104012793,14.473382826729505,-0.019619699729044413,18.47395931363967,17.44974419838484,18.579412416714963,22.04616807395918
656,21.870677427243827,3,445.5744199207696,279.96293152235427,500.8629115226337,281.25771604938274,470.38843721770553,239.390243902439,474.2053729232944,174.0367621067515,18.565753497797843,14.467938112067817,-0.016222875577459613,18.36828359928656,17.172220750749158,18.55142284776889,21.734548587886973
657,21.904016874541455,3,445.67373480350574,279.95165394402034,500.882277176713,281.26043276661517,472.5581462291306,243.7210708117444,476.09406751884626,178.22779416584726,18.569204849464985,14.468245625630027,-0.016538511410761438,18.500936149308853,16.88335892442429,18.671251840219156,21.433080264706764
658,21.937356321839083,3,445.5998858447488,280.0784817351598,500.882277176713,281.26043276661517,474.6652097902098,247.74912587412587,477.9489831092726,181.963116166839,18.56715089266104,14.464157784583126,-0.013984278446677713,18.629038494182403,16.615986045585306,18.788159381125993,21.1657465515367
659,21.97069576913671,3,445.67145674837974,279.90645252183714,500.9365942028985,281.3105590062112,473.05749418411426,250.5460285809239,476.56288659793813,185.78865979381445,18.57068393209581,14.468101876850898,-0.018406622904384436,18.535410778362742,16.429144175012354,18.704945984997345,20.890656507162007
660,22.00403521643434,3,445.67145674837974,279.90645252183714,500.882277176713,281.26043276661517,472.34780860474467,252.51467631684758,476.23309303123926,189.27978029522828,18.56910336160769,14.469694726368889,-0.0174364968702077,18.49470046050837,16.29825192618516,18.68682193661664,20.64140334282264
661,22.037374663731963,3,445.67145674837974,279.90645252183714,500.9365942028985,281.3105590062112,472.52803261977573,254.41233435270132,476.3525575008582,193.21558530724337,18.57068393209581,14.468101876850898,-0.018406622904384436,18.506721986695467,16.17288285692586,18.69660894889285,20.361984950479723
662,22.07071411102959,3,445.5998858447488,280.0784817351598,500.882277176713,281.26043276661517,470.88448155880303,255.9617258176757,474.8745774171737,196.9445571331981,18.56715089266104,14.464157784583126,-0.013984278446677713,18.41058325492565,16.069638658156176,18.608462842952957,20.0972667208635
663,22.10405355832722,3,445.366073948631,281.5289302850691,500.72667175184336,283.12763793541825,468.9566210045662,258.55631659056314,473.06824712643675,199.50646551724137,18.55671059643204,14.357740918825371,-0.022236194154616223,18.298674619774243,15.897661674023698,18.499803379676592,19.915501004917406
664,22.137393005624848,3,444.71851174138453,284.24031716986883,500.4827408552292,285.08861411643477,468.53470633104496,260.5949656750572,472.6698513800425,201.6939136588818,18.532659444430656,14.208113912305896,-0.007279701366945009,18.275452587818943,15.763546077379075,18.477090058806592,19.76156635149159
665,22.170732452922476,3,444.66846846846846,286.0501501501501,500.49312328082016,287.69792448112025,469.02822273073986,262.5446224256293,473.48723329835605,203.35431969220005,18.53264656615834,14.067165808386612,-0.022980218191179683,18.306156263447953,15.63610352907081,18.528153728354027,19.64578415104523
666,22.204071900220104,3,444.5751748251748,287.78991841491836,500.4661266568483,289.9300441826215,469.2450748620961,264.54767533490934,473.5313704872064,205.3750438135296,18.53027822671588,13.940759940454386,-0.03258644325664533,18.320549709795923,15.50528657186856,18.53228078515035,19.504494043974308
667,22.23741134751773,3,444.53098106712565,289.8654618473895,500.3880706921944,291.9756995581738,469.66040688575896,266.57511737089203,474.02319141571473,207.4842506057459,18.52814018125179,13.809891974837914,-0.03203644819189912,18.34660141437738,15.373287460611882,18.563689080854747,19.35768344928805
668,22.27075079481536,3,444.71372217526056,291.6379261763877,500.50088450846596,295.58327015415716,470.7325757575757,268.8212121212121,474.4612970711297,209.6112273361227,18.537706426271246,13.639667298069957,-0.06786774092741693,18.411340132535273,15.227751854480825,18.591770581506427,19.20995342643818
669,22.304090242112988,3,444.9936397802833,293.4434807747904,500.5872899926954,298.76211346481614,472.81765134938,271.18307804522243,475.71111111111105,212.02985074626866,18.54936872816831,13.482462580823181,-0.09479237092148332,18.53541887223737,15.075648440508331,18.66921855988359,19.04292610989213
670,22.337429689410616,3,444.9578947368421,295.3140350877193,500.3783651492902,302.41458639255995,473.65791567223545,274.4351630867144,476.38539553752537,215.1997971602434,18.54335362868348,13.308663219475196,-0.1294944160587479,18.586835193793203,14.865691231955372,18.71203993028689,18.824036208902687
671,22.370769136708244,3,444.67252489748097,297.4103690685413,499.87154832347136,306.0059171597633,474.1533646322378,276.9280125195618,476.593,217.96533333333332,18.521755669572016,13.130108425318125,-0.1586275423357985,18.617431094075226,14.705174795145535,18.726256145660052,18.633456014596288
672,22.404108584005872,3,443.930823117338,299.37244600116753,498.66272189349115,309.6582840236686,474.4707903780068,280.2774914089347,475.86328871892925,220.8865519439133,18.466779081125758,12.954171987684056,-0.19218203744712528,18.6380799750771,14.48999796599849,18.68394073940352,18.432159007291013
673,22.4374480313035,3,442.6908931698774,301.54057209573847,497.3855392156862,313.0615196078431,474.64764267990074,282.6617038875103,475.7147239263804,223.30674846625766,18.39585612038885,12.779948076795613,-0.21541293900222908,18.64986974443164,14.33728870979636,18.67647633893996,18.26620865557009
674,22.470787478601125,3,441.97274633123686,303.36717580113805,496.0794110547912,316.5860487569394,473.8257756563246,285.3715194908512,475.2146949780923,226.2618806875632,18.33905171202298,12.61334407215201,-0.24942792404343872,18.60369602203026,14.163652875705347,18.648217402878508,18.063990517028994
675,22.504126925898753,3,440.75350877192983,305.48362573099416,494.39909781576443,319.9199905033238,474.2038369304556,288.42605915267785,474.4823529411765,228.7081699346405,18.257579397342795,12.443883237566698,-0.2739041126782833,18.627612293781137,13.969264428127198,18.605764599389484,17.89690199560974
676,22.53746637319638,3,439.041847041847,307.617316017316,492.56173743289406,322.7503660322108,472.986475735879,290.85998408910103,474.1715145436309,231.57505850885988,18.157756824681478,12.289689907697491,-0.28703215870082643,18.558491570761877,13.814023478088524,18.589003013669082,17.702044068901547
677,22.57080582049401,3,437.4756974403221,309.80989358642506,490.5917926565875,326.2241420686345,472.2353395061728,293.6813271604938,473.3365292425695,233.9316075423458,18.058689324407265,12.114462257611812,-0.3122016737489442,18.516840318466844,13.634954435660575,18.540552471613456,17.5419754040025
678,22.604145267791637,3,435.9297793063915,312.2476354256234,488.45515108256006,329.72567213894837,470.7921662669864,296.7513988808953,472.47176508551144,236.4436915133914,17.956007030481537,11.931348181672611,-0.33441208728538224,18.435473409968328,13.440408403971743,18.490564492581253,17.371837844075706
679,22.637484715089265,3,433.0064724919094,315.04471903501025,485.9400668576886,332.9825692454632,468.5109489051095,299.7307380373074,470.5772108843537,239.66836734693877,17.80388059091539,11.74475542536237,-0.3396147507710646,18.305935089349287,13.251794182698767,18.379772997020318,17.15366001125323
680,22.670824162386893,3,429.8044982698962,318.3549596309112,482.83908856001875,336.2976274371623,466.42620590352766,303.13966882649385,467.97740637573503,242.5422469823584,17.62824533024031,11.541066641325994,-0.3384380449929248,18.188526174445204,13.037033762137765,18.227069736691245,16.959330839960188
681,22.70416360968452,3,426.1140728002293,321.7821725422757,479.2879944482998,339.57483229238954,462.4970501474926,306.0066371681416,465.24795211090105,245.13484562066793,17.426753451607926,11.335475466235934,-0.33427307878408513,17.964980380297213,12.855948394512366,18.066900612823947,16.78434521117035
682,22.73750305698215,3,423.5607101947308,324.9392898052692,476.7545476021734,343.1441058351051,460.60709219858154,309.35035460992907,463.9124960654706,248.7097891092225,17.286812106416715,11.130643709132485,-0.34079422085892996,17.859755610783008,12.64686030635284,17.991016903078417,16.545436740225192
683,22.770842504279777,3,422.0486348122867,327.64704209328784,474.25789229340756,347.8091922005571,460.2429261559696,313.2249827467219,463.0450191570881,252.3943167305236,17.177785209574864,10.907808063421069,-0.38044656692637707,17.842901419394583,12.406452606143171,17.943285397183107,16.300538723181074
684,22.804181951577405,3,420.2366637194223,331.31329207191277,471.9670304683947,352.66757617098676,459.172255095332,317.7100591715976,462.30803714377197,256.52417547230226,17.067648205180863,10.651116987507704,-0.4033243515753413,17.786388499495683,12.129121058822879,17.90393344206491,16.02740015243676
685,22.837521398875033,3,418.38487680543756,335.4916454262248,469.75418362731796,357.7401628222524,457.68590937306016,321.8653010552452,461.26332094175956,260.44640644361834,16.959753713341062,10.373878455527151,-0.42008811488545905,17.706093483382332,11.873163051810225,17.846394751771623,15.768968479701261
686,22.87086084617266,3,416.09722222222223,340.0416666666667,467.3284574468085,362.8003102836879,455.9920634920635,326.5952380952381,459.88707613563656,264.97696737044146,16.83461859859713,10.087110468421491,-0.4285978612109605,17.61502927530838,11.583224690570301,17.77027904831796,15.471782561315537
687,22.904200293470286,3,413.94547498594716,344.93282743114105,465.1015765765765,368.50945945945944,454.2756083757781,331.737973967176,458.8394366197183,269.81784037558685,16.7201711973633,9.77279562402953,-0.44154703234837117,17.523651992858184,11.269743902588097,17.714187260612988,15.156166242298088
688,22.937539740767914,3,412.4130741053818,349.7120315581854,462.88130630630627,374.4081081081081,453.56470588235294,337.0677871148459,457.78736710444025,274.691994996873,16.62386533263748,9.458254998576871,-0.4639701391014651,17.489864983672,10.947198321517048,17.658179994299793,14.840114385312125
689,22.970879188065542,3,410.50041562759765,354.69631476863395,460.7176757595919,379.9656243069416,452.26625386996903,342.4251805985552,456.8554735547355,279.53259532595325,16.519152541307406,9.149228019301594,-0.47400727455672875,17.42318787780384,10.624591587639998,17.60944948893552,14.52800790558602
690,23.00421863536317,3,408.1048814504881,359.586889818689,457.91392182696524,385.9582784365393,450.2343434343434,348.1444444444444,455.2455974842767,284.8147798742138,16.384045034324338,8.83202703433135,-0.49354928303160567,17.316148205753684,10.281972898712816,17.522081680235065,14.189027292716275
691,23.037558082660798,3,405.3998344370861,364.38631346578364,455.24093264248705,391.5684369602763,448.56976154236423,353.67833587011665,453.94897959183675,290.32374768089056,16.244392781610475,8.530199131927692,-0.5046059361219948,17.230096086268976,9.952605001340851,17.453684741794838,13.837829077613446
692,23.070897529958426,3,403.0843214756258,368.9752305665349,452.17800599058614,397.59606332905435,447.35474452554746,358.84963503649635,452.7544342507645,295.2183486238532,16.10560854747943,8.224388991218563,-0.5316864643684015,17.169166099837234,9.646732645856282,17.39080730814351,13.52757725186923
693,23.104236977256054,3,400.9976152623211,373.2522522522522,449.117202268431,403.6511237135055,446.1466302367941,364.6830601092896,451.6551200243087,300.353388027955,15.973607944475871,7.928644815030813,-0.5656184128591863,17.10988664358466,9.30379365439092,17.334082457387368,13.203973019624353
694,23.137576424553682,3,398.9692227438706,377.64084507042253,445.9266247379454,409.4771488469601,445.12645281264525,370.0688052068805,451.0934664246824,305.64035087719293,15.840437425836312,7.637735481024663,-0.5960879547009335,17.060770766517187,8.989103068762875,17.308796957736803,12.872999860537247
695,23.17091587185131,3,397.49056603773585,381.6179245283019,442.95137157107234,415.2992518703242,444.4095744680851,375.9711879432624,450.2883046237534,310.8857660924751,15.728408718083422,7.360488846280365,-0.6357381112689959,17.02947031866842,8.646446593847166,17.269641892359203,12.546397216859223
696,23.20425531914894,3,395.18846056941294,385.71302595112115,439.3351504138905,421.18009287300623,443.31696813092157,381.4151593453919,449.25386715195634,315.7843494085532,15.57726374378262,7.079472310274582,-0.6723330010926106,16.976963880755918,8.332129898970646,17.217126601293263,12.24294413573478
697,23.237594766446566,3,392.88391248391247,389.1137709137709,435.98110580747806,426.7850039777247,442.6257982120051,386.933588761175,448.3532513181019,320.83216168717047,15.43272341791793,6.8273544331920135,-0.7110974443939913,16.946960263492333,8.01551230986206,17.17273220938599,11.932027455626866
698,23.270934213744194,3,391.4243125160627,392.42225648933436,433.26587064676613,431.53233830845767,442.23083230832304,391.9364493644936,447.63770739064853,325.17466063348417,15.328342047451361,6.602759748174325,-0.7420060978703373,16.932622921406537,7.730143830703155,17.13810529991839,11.665950675769059
699,23.304273661041822,3,390.23970324891275,395.2987976464569,430.0219956008798,435.85402919416117,441.2057356608479,396.2227763923524,446.9219730941704,329.02511210762333,15.216761678222671,6.402890505380567,-0.7824947906026949,16.88279417104812,7.4865879864559,17.102925997661472,11.431035461139308
700,23.337613108339447,3,387.9437627811861,398.08742331288346,427.2349280435628,439.3693115519253,440.1049457177322,399.91073582629673,445.506455399061,332.43221830985914,15.08668120125878,6.227973562475128,-0.7956486101692894,16.82814313429089,7.277832740735017,17.027607635518056,11.223627412903094
701,23.370952555637075,3,386.4447852760736,399.5437116564417,425.1673541543901,441.53290119819286,439.1488673139158,402.6415857605177,444.5392330383481,334.3188790560472,14.994687753183413,6.127866986232518,-0.8099120324563688,16.780118748666723,7.123726807511234,16.97564351553489,11.109025945639504
702,23.404292002934703,3,385.9331864904552,400.22320117474305,423.9423305588585,442.9231074118113,438.3963553530752,403.67046317387997,444.1237507348618,335.38271604938274,14.950351972617707,6.070954519943665,-0.826345194445405,16.740663922375024,7.065644847061773,16.953737054785357,11.04456930592646
703,23.43763145023233,3,385.8522866226461,400.11640988016626,423.8405017921147,443.00159299084027,438.5297276563099,403.5067126965861,444.0768558951965,335.44919941775834,14.945338671812795,6.071815143222716,-0.8286495955544599,16.747682625595107,7.0748892842141125,16.951185209199245,11.040534115547603
704,23.47097089752996,3,385.74228057379037,400.1638706540238,423.87931034482756,442.9242964724534,438.5527996993611,403.15257422021796,444.1588946459413,334.5607369027058,14.943376397856046,6.072549771076876,-0.8253926028571159,16.748388217773368,7.094795443139924,16.954485214352424,11.094234846111235
705,23.504310344827587,3,385.836596567561,400.1324631375393,423.77130852340935,442.86474589835933,438.3934599156118,402.1040787623066,444.47129391602397,333.00714081690944,14.942957529481804,6.0750405018170515,-0.8276225568997189,16.738052225690357,7.153695138725494,16.969830541147374,11.188339367124359
706,23.537649792125215,3,385.9129589107707,400.1507415511792,423.7927120669056,442.9275189167662,438.6479166666666,400.2654761904762,445.51475694444446,330.8489583333333,14.94569793165037,6.072849805812901,-0.8288122832139287,16.749070075589586,7.257320819347828,17.02574739032048,11.319611153998647
707,23.570989239422843,3,385.67579908675793,400.0694544580629,423.7669294521932,442.97837072973516,440.999757751938,397.2017926356589,448.27129859387924,326.4006065618969,14.938469717972339,6.073721412200232,-0.8275995870263363,16.87298575168804,7.43112278111736,17.175855618912937,11.591454880955837
708,23.60432868672047,3,385.84339393939393,400.1190303030303,423.7669294521932,442.97837072973516,446.4995452478399,390.8733515234197,453.45689885241524,319.8366693354684,14.943113224708345,6.072355311246037,-0.8291655514749577,17.165496877189927,7.792189278631229,17.46250745238704,11.995585964082613
709,23.6376681340181,3,385.89605994682137,400.1165095479816,423.7669294521932,442.97837072973516,454.6922060766182,380.63694407749887,460.4458598726115,308.60721868365175,14.94454473620398,6.072435500462701,-0.8298625388974155,17.60405865220633,8.381231829147266,17.849726014934713,12.692969846483177
710,23.671007581315727,3,385.92456013497224,400.1335261508797,423.7669294521932,442.97837072973516,462.8544807370184,365.70100502512565,467.16207710464204,293.275111460792,14.94534747292055,6.0719615173498145,-0.8300336990443854,18.04158032718809,9.251028050476654,18.222626097994578,13.65794923275229
711,23.704347028613356,3,385.9411484393614,400.08482249225636,423.84013812715824,442.9977655900873,468.10650623885914,347.4770499108734,471.53640167364017,274.8504881450488,14.947698942796777,6.0728230087765,-0.8300933689653581,18.3202753716706,10.32952257674221,18.462912708888155,14.837669270095166
712,23.737686475910984,3,385.8736289938006,400.16165951359085,423.81334149326807,443.0752753977968,468.4988769092542,326.8292902066487,471.437887361897,255.54432767448125,14.945333997336986,6.0685547091201375,-0.8295588915081308,18.326535573135725,11.574842723303645,18.443012062006293,16.09750044834024
713,23.771025923208608,3,385.88243626062325,400.1215769593956,423.90727272727275,443.02585858585854,464.2712833545108,306.7676831850911,466.5627268014515,236.95256609642303,14.947974650165321,6.071030397914329,-0.8284121092264166,18.067733542272293,12.809406245112127,18.13763058090638,17.33374908998745
714,23.804365370506236,3,385.88243626062325,400.1215769593956,423.79130966952266,443.0973072215422,449.73313008130077,289.5829268292683,452.74234110653856,220.37265660722449,14.944945283557052,6.069087300888448,-0.8306349550846307,17.208204114503673,13.88257049393627,17.288468959323115,18.451768004915298
715,23.837704817803864,3,385.88243626062325,400.1130783758262,423.79130966952266,443.0973072215422,423.74665903016415,277.3673157693776,429.20905459387484,209.07256990679093,14.944932299002224,6.06932651931648,-0.8307300700858521,15.674511681887756,14.648615147347424,15.844808393725133,19.2156489171579
716,23.871044265101492,3,385.88243626062325,400.1130783758262,423.81820028437943,443.0197034328661,393.3744234800838,270.3085953878406,401.90246741154556,202.6627094972067,14.94557682476918,6.071422679528193,-0.8295449071557751,13.881697331268295,15.086761213049925,14.169912771794099,19.643000572758748
717,23.90438371239912,3,385.95726495726495,400.13081671415,423.81820028437943,443.0197034328661,369.0521586675432,270.9031339031339,379.71881390593046,203.80598159509202,14.947643304023035,6.070936503045608,-0.8302959352098666,12.463221261851059,15.034390356077896,12.827356718435524,19.54734340790083
718,23.93772315969675,3,385.95726495726495,400.13081671415,423.81820028437943,443.0197034328661,350.63519965277777,279.57118055555554,361.1796992481203,212.5020050125313,14.947643304023035,6.070936503045608,-0.8302959352098666,11.42893854707296,14.466542603847362,11.74370979715437,18.93082109720888
719,23.971062606994376,3,386.023211294568,400.286432160804,423.81820028437943,443.0197034328661,331.85516242499483,294.5613490585558,342.7014534191089,226.72337383845604,14.949678033936655,6.066568195526327,-0.8293857965355432,10.416995644454376,13.505341773031438,10.704090446636808,17.944795462903453
720,24.004402054292004,3,385.9596541786743,400.29370797310276,423.81820028437943,443.0197034328661,310.14539007092196,312.07190701339636,322.2254281022754,243.88927984987095,14.947957091296203,6.066352295232374,-0.8284952305353835,9.269896323070808,12.403558910764989,9.580772212119287,16.77803900233857
721,24.037741501589633,3,386.0150303030303,400.2630303030303,423.9128393549704,442.96223719126345,289.60854597002833,332.0340218712029,302.94233576642335,264.154501216545,14.951892591752179,6.068788523488141,-0.8277328785695289,8.22681654764269,11.17610999614231,8.569248465624181,15.43372727574822
722,24.07108094888726,3,386.0150303030303,400.2630303030303,423.84013812715824,442.9977655900873,273.1530088313822,353.56438693776954,287.56346381969155,285.45836298932386,14.949984494629785,6.0678200429438505,-0.8290299105401407,7.4439969074205,9.885100066998648,7.813328763375749,14.056868542010477
723,24.10442039618489,0,385.93328533717295,400.1787856971442,423.82286535303774,442.95566502463055,257.2759967118783,375.72441430332924,272.5216049382716,307.20512820512823,14.94712683199896,6.071309450617803,-0.8286899762112595,6.715505349338538,8.58819910015839,7.097731845703048,12.685669610928407
724,24.137759843482517,0,386.11975041996635,400.1667866570674,423.7669294521932,442.97837072973516,240.01881720430106,397.34511993382955,256.890603085554,328.46984572230014,14.950717902045122,6.071059549931869,-0.8321474164762197,5.92559606629385,7.351847383564886,6.3627675716614975,11.376378558009593
725,24.171099290780145,0,385.99501424501426,400.17663817663816,423.83891935811494,442.9429209831403,224.02801302931596,417.8705754614549,243.01737160120845,348.1251258811682,14.949222573841084,6.071726670543149,-0.8291584933250629,5.213492350578951,6.204496116638645,5.730661100881068,10.193611711003307
726,24.20443873807777,0,386.04741784037554,400.08849765258213,423.83891935811494,442.9429209831403,213.62478070175436,436.22017543859647,234.02886546184737,365.47088353413653,14.950516293704354,6.0742168114896975,-0.83081577368467,4.796490292531019,5.200858660336086,5.363363008977896,9.172101574184175
727,24.237778185375397,0,386.1806831566549,400.031566548881,423.9590608067429,442.7702187437286,207.5285620485883,453.81527686583496,227.82878669784358,382.2624058196934,14.957106991293816,6.0805173679977855,-0.829753851129212,4.608098674743478,4.257374374473798,5.150858681648402,8.202189046778946
728,24.271117632673025,0,386.0805004721435,400.1225212464589,424.0019677292404,442.6086186540732,203.88720316622693,466.8946789797713,223.9914938862307,394.5271132376395,14.955508268931482,6.082304237085706,-0.8251291432165978,4.516757992241986,3.567167210371927,5.035524761237666,7.504846952722496
729,24.304457079970653,0,386.0123721151558,400.06590530573396,424.08298918387413,442.4084562438544,nan,nan,nan,nan,14.955540158584196,6.089297327579899,-0.8216741041295562,nan,nan,nan,nan
730,24.33779652726828,0,386.0535418147358,400.0919213456526,424.1588785046729,442.2570093457944,nan,nan,nan,nan,14.958586331220783,6.092669426873069,-0.8192639414651215,nan,nan,nan,nan
731,24.37113597456591,0,385.9162479061976,400.0770519262981,424.1467136150235,442.3474178403756,nan,nan,nan,nan,14.95458216600445,6.090622751596904,-0.8188608871439413,nan,nan,nan,nan
732,24.404475421863538,0,386.01950987389955,400.0580537711158,424.2511574074074,442.2858796296296,nan,nan,nan,nan,14.96010001396413,6.092851213747888,-0.8184016843673653,nan,nan,nan,nan
733,24.437814869161166,0,386.0335714285714,400.05619047619047,424.1467136150235,442.3474178403756,nan,nan,nan,nan,14.957747962751352,6.091230570017334,-0.820581754249737,nan,nan,nan,nan
734,24.471154316458794,0,386.19206579583937,400.13134978229317,424.1467136150235,442.3474178403756,nan,nan,nan,nan,14.96218227352686,6.089142713662552,-0.8217336612997506,nan,nan,nan,nan
735,24.50449376375642,0,386.2054628958182,400.12859560067676,424.2207943925234,442.3119158878505,nan,nan,nan,nan,14.964488981861514,6.090191228078126,-0.8206165846117457,nan,nan,nan,nan
736,24.53783321105405,0,385.85661764705884,400.128431372549,424.2207943925234,442.3119158878505,nan,nan,nan,nan,14.95498125801571,6.090134683159141,-0.816210066588301,nan,nan,nan,nan
737,24.571172658351678,0,386.0649926144756,400.2897587395371,424.1088476133413,442.29938086678646,nan,nan,nan,nan,14.957903441886247,6.08595254126671,-0.8182376981305399,nan,nan,nan,nan
738,24.604512105649306,0,385.92642306736263,400.2756649266716,423.9890153784701,442.3856600758937,nan,nan,nan,nan,14.95098564489232,6.083979632853839,-0.8191001998203766,nan,nan,nan,nan
739,24.63785155294693,0,385.8975124378109,400.2917910447761,424.0804736102749,442.376680714429,nan,nan,nan,nan,14.952657441369421,6.083776263908148,-0.8173145780138008,nan,nan,nan,nan
740,24.67119100024456,0,385.8975124378109,400.2917910447761,424.11474087517644,442.29017947166767,nan,nan,nan,nan,14.953491168410864,6.086115128415948,-0.8159174494140735,nan,nan,nan,nan
741,24.704530447542187,0,385.98168770106406,400.2907696114823,424.2756604154063,442.3059084492841,nan,nan,nan,nan,14.960097974324263,6.085757595465793,-0.8151791426169279,nan,nan,nan,nan
742,24.737869894839815,0,385.97555555555556,400.2646913580246,424.2756604154063,442.3059084492841,nan,nan,nan,nan,14.959891059710195,6.086490452256646,-0.8154014772647747,nan,nan,nan,nan
743,24.771209342137443,0,385.9480712166172,400.2702769535113,424.2756604154063,442.3059084492841,nan,nan,nan,nan,14.959150580655347,6.0863284365687935,-0.8149908627445616,nan,nan,nan,nan
744,24.80454878943507,0,385.98644986449864,400.2458733678246,424.11474087517644,442.29017947166767,nan,nan,nan,nan,14.955844788685319,6.0874230048490405,-0.8175697137055185,nan,nan,nan,nan
745,24.8378882367327,0,385.84744525547444,400.0343065693431,424.18946301925024,442.3061803444782,nan,nan,nan,nan,14.953744862425992,6.09293280415479,-0.8174927312780563,nan,nan,nan,nan
746,24.871227684030327,0,385.96029411764704,400.1823529411765,424.16422466422466,442.2557997557997,nan,nan,nan,nan,14.956324667619034,6.090141064453331,-0.8169684212248715,nan,nan,nan,nan
747,24.904567131327955,0,385.99871200412156,400.04791344667694,424.18946301925024,442.3061803444782,nan,nan,nan,nan,14.957888454566799,6.0925762999430155,-0.8192450885618238,nan,nan,nan,nan
748,24.937906578625583,0,385.8630208333333,400.07890625,423.86520833333327,442.73375,nan,nan,nan,nan,14.945979698081647,6.080098978795878,-0.8259489304713159,nan,nan,nan,nan
749,24.97124602592321,0,386.07823392718825,399.9395817195972,423.91518612521145,442.8261421319797,nan,nan,nan,nan,14.953055402738324,6.081574450005796,-0.8306458720951393,nan,nan,nan,nan
750,25.00458547322084,0,385.72658294086864,400.24568288854005,423.84186939820745,442.8738796414853,nan,nan,nan,nan,14.94202586160931,6.071598467637251,-0.8241772167795026,nan,nan,nan,nan
751,25.037924920518467,0,385.6121351766513,400.1648745519713,423.99003682044616,442.8475200346545,nan,nan,nan,nan,14.942715863489653,6.074585067496011,-0.8215277471879744,nan,nan,nan,nan
752,25.07126436781609,0,385.4671775223499,400.35402298850573,424.03024453024454,442.96074646074646,nan,nan,nan,nan,14.940236543369561,6.066188981809349,-0.8183310300571125,nan,nan,nan,nan
753,25.10460381511372,0,385.2136222910217,400.5183178534571,423.8072883172561,443.06902465166127,nan,nan,nan,nan,14.927727365068233,6.058569914184465,-0.8172300704421916,nan,nan,nan,nan
754,25.137943262411348,0,385.16523994811934,400.59247730220494,423.83546734955183,443.118437900128,nan,nan,nan,nan,14.927322557642542,6.055146888469231,-0.8159883737070817,nan,nan,nan,nan
755,25.171282709708976,0,385.2543589743589,400.42128205128205,423.7522522522523,443.15122265122267,nan,nan,nan,nan,14.927296470456614,6.059083390282415,-0.8204229847200185,nan,nan,nan,nan
756,25.204622157006604,0,385.28181586330015,400.32848763070643,423.8951946075233,443.10611002391823,nan,nan,nan,nan,14.931676890326731,6.062936308818687,-0.8195640548885232,nan,nan,nan,nan
757,25.237961604304232,0,386.48746666666665,399.3352,425.11712873414996,442.06361487212547,nan,nan,nan,nan,14.99468682621972,6.119413243726987,-0.8193684032219288,nan,nan,nan,nan
758,25.27130105160186,0,388.1140979689367,393.4465352449223,429.45092718227045,432.9613297150611,nan,nan,nan,nan,15.1380287577051,6.533568493618157,-0.7517351322230525,nan,nan,nan,nan
759,25.304640498899488,0,391.9644268774704,385.53985507246375,437.4914215686274,420.78088235294115,nan,nan,nan,nan,15.43830967952302,7.094537818420989,-0.6543121404616575,nan,nan,nan,nan
760,25.337979946197116,0,398.79314159292034,373.82595870206484,449.04421498543815,402.4418850939899,nan,nan,nan,nan,15.910676893507382,7.9455820337189245,-0.5201336470595639,nan,nan,nan,nan
761,25.371319393494744,0,408.7293233082707,357.5964912280702,462.81652553246084,379.2874005645368,nan,nan,nan,nan,16.531034703803403,9.083255679869797,-0.38779073028318906,nan,nan,nan,nan
762,25.404658840792372,0,419.16047801963293,341.0388390951771,475.28732106339464,356.25102249488754,nan,nan,nan,nan,17.14233694127136,10.252355721049842,-0.2708598428834432,nan,nan,nan,nan
763,25.43799828809,0,428.8495460440986,324.8845654993515,486.46737750698145,334.68926123381567,nan,nan,nan,nan,17.710121702498178,11.390289043210608,-0.1716774241075019,nan,nan,nan,nan
764,25.47133773538763,0,437.30882352941177,308.9738562091503,495.29939209726444,315.9888551165147,nan,nan,nan,nan,18.18752576375935,12.455727935405683,-0.12121760825992867,nan,nan,nan,nan
765,25.504677182685253,0,443.23438064283135,295.3275550740339,500.7596371882086,300.31015369110605,nan,nan,nan,nan,18.50479755156629,13.373907442824352,-0.08497930116317107,nan,nan,nan,nan
766,25.53801662998288,0,446.9207277452891,286.6559454191033,503.90080290080283,290.0872830872831,nan,nan,nan,nan,18.69731943908238,13.973401908492612,-0.056515548404641264,nan,nan,nan,nan
767,25.57135607728051,0,449.43994861913933,281.74662813102117,506.3559623696923,283.39740655987794,nan,nan,nan,nan,18.839731255727898,14.344813059763826,-0.022375088726083008,nan,nan,nan,nan
768,25.604695524578137,0,451.09923664122135,278.50954198473283,507.6484375,280.078125,nan,nan,nan,nan,18.92429768804301,14.555885440022546,-0.02095181228223543,nan,nan,nan,nan
769,25.638034971875765,0,450.9722482070471,278.24477705020263,507.5,279.5,nan,nan,nan,nan,18.916198940708483,14.582895485954435,-0.014863863132585657,nan,nan,nan,nan
770,25.671374419173393,0,449.0006325110689,278.5132827324478,505.6032769272092,279.64007520816546,nan,nan,nan,nan,18.803362647561137,14.568684937088106,-0.012340020549880513,nan,nan,nan,nan
771,25.70471386647102,0,446.5739299610895,280.57587548638134,501.76590129321715,282.1000263921879,nan,nan,nan,nan,18.621618614849037,14.421806468684586,-0.020840028889353494,nan,nan,nan,nan
772,25.73805331376865,0,442.9361914257228,282.6686606846128,499.09595119245694,285.1087077093732,nan,nan,nan,nan,18.439133670996014,14.256811451543644,-0.03821317546805892,nan,nan,nan,nan
773,25.771392761066277,0,440.92196007259525,285.4764065335753,497.17699609156887,287.07091010608593,nan,nan,nan,nan,18.3268744572242,14.103502994519689,-0.02169173854418957,nan,nan,nan,nan
774,25.804732208363905,0,440.3509803921569,286.3627450980392,495.7246974697469,287.33498349834986,nan,nan,nan,nan,18.26876451304288,14.066303338371124,-0.00988930419421253,nan,nan,nan,nan
775,25.838071655661533,0,439.3336633663366,286.76963696369637,495.7678027154336,287.7276253809919,nan,nan,nan,nan,18.240821282410945,14.040580137380847,-0.00925842316922474,nan,nan,nan,nan
776,25.87141110295916,0,438.7328744673877,288.6542117338577,495.6418803418803,288.4076923076923,nan,nan,nan,nan,18.221355278479848,13.958821476040521,0.0140404597901804,nan,nan,nan,nan
777,25.90475055025679,0,438.7336585365854,288.7021138211382,495.59743160245665,288.97878280290337,nan,nan,nan,nan,18.22010979140496,13.939121754129658,0.003965058615463262,nan,nan,nan,nan
778,25.938089997554414,0,438.68576051779934,288.6750809061488,495.6525423728813,288.84209039548017,nan,nan,nan,nan,18.2203037652894,13.944329427220858,0.00608350925935787,nan,nan,nan,nan
779,25.971429444852042,0,438.62137504072984,288.59693711306613,495.6525423728813,288.84209039548017,nan,nan,nan,nan,18.218367852327894,13.946793834806313,0.004588441937783337,nan,nan,nan,nan
780,26.00476889214967,0,438.6490196078431,288.6372549019608,495.69913960588394,288.0621704135442,nan,nan,nan,nan,18.22058527205844,13.970349699296992,0.02033922511985721,nan,nan,nan,nan
781,26.038108339447298,0,439.1950495049505,286.76666666666665,495.7146023829315,287.0942089221391,nan,nan,nan,nan,18.235267682509374,14.06080053178303,0.002993002717582171,nan,nan,nan,nan
782,26.071447786744926,0,439.0987301587301,286.54984126984124,495.65342163355405,285.54415011037526,nan,nan,nan,nan,18.230550313767154,14.11709673438492,0.028858025295806583,nan,nan,nan,nan
783,26.104787234042554,0,438.6418811566571,286.3654273911662,495.5902244955953,284.9133276499005,nan,nan,nan,nan,18.215302629030276,14.142970029985023,0.03733041838513249,nan,nan,nan,nan
784,26.138126681340182,0,438.4949983865763,286.35366247176506,495.5902244955953,284.9133276499005,nan,nan,nan,nan,18.21102752783436,14.143304700878923,0.037033063169922685,nan,nan,nan,nan
785,26.17146612863781,0,438.6535087719298,286.20206766917295,495.6525423728813,284.84209039548017,nan,nan,nan,nan,18.217314210596694,14.150467539190867,0.0355392969560353,nan,nan,nan,nan
786,26.20480557593544,0,438.5637898686679,286.1332082551595,495.6599326599327,284.9306958473625,nan,nan,nan,nan,18.214860634278377,14.149807562245986,0.03247169776799673,nan,nan,nan,nan
787,26.238145023233066,0,438.55575539568343,285.58992805755395,495.6599326599327,284.9306958473625,531.8009259259259,209.80787037037035,554.2559523809524,145.29910714285714,18.21414644145139,14.167112231943577,0.022047912727812882,22.079980537248336,19.236544298166674,23.59170344577358,23.9212135074608
788,26.271484470530694,0,438.5,285.5,495.6599326599327,284.9306958473625,nan,nan,nan,nan,18.212447208950188,14.169962807522928,0.020311823077147934,nan,nan,nan,nan
789,26.304823917828323,0,438.55575539568343,285.58992805755395,495.721059972106,285.007810320781,nan,nan,nan,nan,18.215925183651155,14.164665796853129,0.02055378889551717,nan,nan,nan,nan
790,26.33816336512595,0,438.8837412587413,285.48717948717945,495.6526054590571,285.06148331954785,nan,nan,nan,nan,18.223365402940733,14.166296508569513,0.01761091775801986,nan,nan,nan,nan
791,26.371502812423575,0,438.5595977521443,285.578231292517,495.513854595336,285.0636488340192,nan,nan,nan,nan,18.209986995343726,14.16319940807158,0.01929414953222142,nan,nan,nan,nan
792,26.404842259721203,0,438.623019431988,285.71569506726456,495.13296325667454,285.00502246893996,nan,nan,nan,nan,18.200853804294063,14.160604775339788,0.023175835052245353,nan,nan,nan,nan
793,26.43818170701883,0,438.86043123543124,285.5719696969697,495.25205843293486,285.01221779548473,nan,nan,nan,nan,18.211093023349974,14.165051901202133,0.02027232000046337,nan,nan,nan,nan
794,26.47152115431646,0,439.21196725938466,285.4493367202935,495.13296325667454,285.00502246893996,nan,nan,nan,nan,18.217727049772385,14.169253108169501,0.01810224886400178,nan,nan,nan,nan
795,26.504860601614087,0,439.1550322399776,285.3655733109055,495.13296325667454,285.10018503832936,nan,nan,nan,nan,18.215997472080268,14.16886803189698,0.014587841028074084,nan,nan,nan,nan
796,26.538200048911715,0,439.3952850877193,285.52713815789474,494.8680718188915,284.9737184491283,nan,nan,nan,nan,18.215402453919367,14.16775087575563,0.020328807303428065,nan,nan,nan,nan
797,26.571539496209343,0,439.3952850877193,285.52713815789474,494.8680718188915,284.9737184491283,nan,nan,nan,nan,18.215402453919367,14.16775087575563,0.020328807303428065,nan,nan,nan,nan
798,26.60487894350697,0,439.3952850877193,285.52713815789474,494.8680718188915,284.9737184491283,nan,nan,nan,nan,18.215402453919367,14.16775087575563,0.020328807303428065,nan,nan,nan,nan
799,26.6382183908046,0,439.3952850877193,285.52713815789474,494.8680718188915,284.9737184491283,nan,nan,nan,nan,18.215402453919367,14.16775087575563,0.020328807303428065,nan,nan,nan,nan
800,26.671557838102228,0,439.3952850877193,285.52713815789474,494.8673390224981,285.05456426170156,nan,nan,nan,nan,18.215379552540725,14.165168509278217,0.018729389356759617,nan,nan,nan,nan
801,26.704897285399856,0,439.4392574392574,285.5722085722085,494.8673390224981,285.05456426170156,nan,nan,nan,nan,18.216696186220755,14.16374418660494,0.01962774197742962,nan,nan,nan,nan
802,26.738236732697484,0,439.4392574392574,285.5722085722085,495.35120498239905,285.1148118061197,nan,nan,nan,nan,18.23079328568695,14.161952478547388,0.018356442832111974,nan,nan,nan,nan
803,26.77157617999511,0,439.47374149659856,285.5319727891156,495.3858798167609,285.0474265696577,nan,nan,nan,nan,18.23277214040391,14.165405713148493,0.018890625682592498,nan,nan,nan,nan
804,26.804915627292736,0,439.4392574392574,285.5722085722085,495.4203480589022,284.9571619812583,nan,nan,nan,nan,18.232812339224846,14.167006600127264,0.021436081560019,nan,nan,nan,nan
805,26.838255074590364,0,439.47374149659856,285.5319727891156,495.4203480589022,284.9571619812583,nan,nan,nan,nan,18.233779016935244,14.168298228778607,0.02065553047617648,nan,nan,nan,nan
806,26.871594521887992,0,439.47374149659856,285.5319727891156,495.4203480589022,284.9571619812583,nan,nan,nan,nan,18.233779016935244,14.168298228778607,0.02065553047617648,nan,nan,nan,nan
807,26.90493396918562,0,439.47374149659856,285.5319727891156,495.4203480589022,284.9571619812583,nan,nan,nan,nan,18.233779016935244,14.168298228778607,0.02065553047617648,nan,nan,nan,nan
808,26.93827341648325,0,439.47374149659856,285.5319727891156,495.4203480589022,284.9571619812583,nan,nan,nan,nan,18.233779016935244,14.168298228778607,0.02065553047617648,nan,nan,nan,nan
809,26.971612863780877,0,439.44653573376974,285.505728314239,495.57666397197517,284.9568849366747,261.60817547357925,304.59554669325354,272.6297723935389,234.1824522760646,18.237520868671712,14.169178853528607,0.020111788653664166,6.457592727096815,12.842016464323697,6.580857234564999,17.395543861032706
810,27.004952311078505,0,439.5,285.5,495.57666397197517,284.9568849366747,293.33556126820906,273.4808911739503,300.51407163742687,202.94170321637424,18.239069002225733,14.16937598375659,0.020010076978639484,8.069163796063464,14.825216438534046,8.027526537966153,19.551331547268187
811,27.038291758376133,0,439.5,285.5,495.54298887984805,285.04773528614044,320.36562001064397,241.43870853290755,324.6254616132167,171.14927113702623,18.238084983782315,14.166464962340338,0.018237261905670765,9.456615290297472,16.940139357790915,9.293568299323654,21.826397332222946
812,27.07163120567376,0,439.47374149659856,285.5319727891156,495.50885799945485,285.1155628236577,340.6902637319056,210.55145746579416,343.773639561349,141.06765983860956,18.236353502220343,14.163263265340309,0.01753523533325084,10.49866171162055,19.051390357855414,10.307133001947625,24.05835201473957
813,27.10497065297139,0,439.4392574392574,285.5722085722085,495.4275656647711,285.17492553479553,358.2827784628031,182.85593916974926,361.2276369937188,113.4894953432965,18.233016520321513,14.160053625152061,0.017165861020487387,11.42720686909229,21.01071041281917,11.263477374327694,26.178372450226163
814,27.138310100269017,0,439.4392574392574,285.5722085722085,495.14206349206347,285.01243386243385,374.6337935568705,160.52268244575936,377.24042950513535,92.07399626517272,18.224701967102856,14.165164982537924,0.02040728663147831,12.333390871494851,22.640581285356927,12.188582125209926,27.878291883827995
815,27.171649547566645,0,439.4392574392574,285.5722085722085,495.14206349206347,285.01243386243385,396.5030549898167,146.55035075809005,396.6652532391048,78.38939929328622,18.224701967102856,14.165164982537924,0.02040728663147831,13.643480153454131,23.692977531308514,13.394436319367427,28.998578348147262
816,27.204988994864273,0,439.4392574392574,285.5722085722085,495.14206349206347,285.01243386243385,414.782729103726,140.377139979859,412.6336311941511,72.50907121581369,18.224701967102856,14.165164982537924,0.02040728663147831,14.773163786605492,24.17140177579371,14.420215704143102,29.494242318652503
817,27.2383284421619,0,439.4392574392574,285.5722085722085,495.14206349206347,285.01243386243385,427.18930714675395,139.34779050736498,424.40727902946276,71.98700173310225,18.224701967102856,14.165164982537924,0.02040728663147831,15.553309028898918,24.25967979671604,15.192899740980621,29.549347172392068
818,27.271667889459525,0,439.4392574392574,285.5722085722085,495.1566771819137,284.9637223974763,437.6462751495377,141.95731375747687,434.02661714639424,75.90683998761992,18.22512894700216,14.166724855707809,0.021363916238173426,16.219416100268887,24.07224896797649,15.835636478929965,29.239214860827612
819,27.305007336757154,0,439.4392574392574,285.5722085722085,495.0804597701149,284.9341692789969,442.79050116550115,148.60868298368297,438.68305473615203,82.36119305145853,18.222908704792033,14.167647970235329,0.02196327753306133,16.556781318332682,23.578506520906803,16.15600644016152,28.720040107697923
820,27.33834678405478,0,439.4392574392574,285.5722085722085,495.11578400830734,284.84735202492215,441.7174574209246,157.1818734793187,438.5678391959799,91.77051926298157,18.22394004957924,14.170430931934355,0.023666717872642334,16.506003213436742,22.94132336204072,16.169482036024768,27.96347967889314
821,27.37168623135241,0,439.4392574392574,285.5722085722085,494.96666666666664,284.8430769230769,441.6642771804062,166.3721624850657,438.78479293957906,100.48099117447386,18.219594724118547,14.170526657847379,0.023789592967142507,16.520374345938635,22.266367206934007,16.20275493276601,27.271235602402033
822,27.405025678650038,0,439.4392574392574,285.5722085722085,494.87430025445286,284.8404580152672,440.981077147016,176.43377001455605,438.61036269430053,111.3447322970639,18.216903143650406,14.170585020185683,0.02386545825237287,16.497291311780486,21.535297093733718,16.215155799891352,26.417761139197236
823,27.438365125947666,0,439.46465470364325,285.5222947253942,494.87430025445286,284.8404580152672,439.60006283380454,185.60446120012566,438.47695930036997,120.9757820383451,18.217597428092144,14.172182601420165,0.022885131580948747,16.429861959862578,20.875901902397388,16.227369352955918,25.67057495826917
824,27.471704573245294,0,439.46465470364325,285.5222947253942,494.87430025445286,284.8404580152672,443.3566578092707,194.10008857395925,442.009,129.22,18.217597428092144,14.172182601420165,0.022885131580948747,16.676182660123914,20.275066589229837,16.469546055640343,25.041154584761333
825,27.505044020542922,4,439.5,285.5,494.9650174912543,284.5914542728636,447.6162079510703,201.96238532110092,445.5807392996109,136.77075226977948,18.221253523926766,14.180883277143488,0.027358788784958916,16.94973287845661,19.724746223872824,16.71060760348963,24.470346243569953
826,27.53838346784055,4,439.46590909090907,285.46022727272725,494.9650174912543,284.5914542728636,450.3701357466063,209.9390648567119,448.2934888241011,144.37738905085843,18.220228550853903,14.182141563182991,0.026562639580550735,17.1296959778148,19.170296004325504,16.895482607622313,23.89966632643856
827,27.571722915138178,4,439.46590909090907,285.46022727272725,494.9650174912543,284.5914542728636,451.7764112267423,217.38189845474614,449.90973630831644,151.84550371872885,18.220228550853903,14.182141563182991,0.026562639580550735,17.22587675667609,18.65666549485029,17.009669045774274,23.34345976862524
828,27.605062362435806,4,439.46590909090907,285.46022727272725,494.954248366013,284.6734539969834,451.60083407804586,224.3723562704796,450.14749837556855,158.67706302794022,18.219912999250106,14.17951847668942,0.024943906918160487,17.225440602575834,18.177200182208182,17.035690477993636,22.83792531259625
829,27.638401809733434,4,439.46590909090907,285.46022727272725,494.954248366013,284.6734539969834,449.34878193701724,231.98752228163994,448.3291384317522,166.51500484027105,18.219912999250106,14.17951847668942,0.024943906918160487,17.101528616691766,17.657890456489337,16.935190572971205,22.261268010713547
830,27.671741257031062,4,439.5,285.5,494.94102948525733,284.75337331334333,447.58395989974935,239.32926065162906,446.8228388473853,173.4108858057631,18.22055110048779,14.175703138552205,0.024160930328500203,17.007328630959112,17.1617869357135,16.853338079615323,21.7584414168122
831,27.705080704328687,4,439.5,285.5,494.94102948525733,284.75337331334333,448.9800181653043,245.4589766878595,448.2386286490156,179.5427698574338,18.22055110048779,14.175703138552205,0.024160930328500203,17.099838201449487,16.75256047967839,16.95119350833151,21.316893317833067
832,27.738420151626315,4,439.5,285.5,494.95181321410826,284.6713859910581,448.37180591444155,252.01607809359743,447.0134436401241,186.08307480179246,18.220867045725704,14.178325599237818,0.0257809032286554,17.07363587887501,16.316611238521933,16.8865854682765,20.847325385772972
833,27.771759598923943,4,439.5,285.5,494.95181321410826,284.6713859910581,446.53727008712485,256.5537270087125,446.4880464480874,191.6267076502732,18.220867045725704,14.178325599237818,0.0257809032286554,16.97211957957514,16.015961706079825,16.86366041124982,20.452520280378018
834,27.80509904622157,4,439.5,285.5,494.95181321410826,284.6713859910581,446.9377104377104,258.5433501683501,446.6029510395707,195.85412474849093,18.220867045725704,14.178325599237818,0.0257809032286554,16.99885469333777,15.885347194465798,16.877801091493524,20.15354700707943
835,27.8384384935192,4,439.5,285.5,494.95181321410826,284.6713859910581,447.7830508474576,260.64124293785306,447.6566466265865,200.05945223780893,18.220867045725704,14.178325599237818,0.0257809032286554,17.051915068148617,15.748188543410489,16.94909953046185,19.85826621529691
836,27.871777940816827,4,439.57155025553664,288.07893242475865,494.9719557195572,286.180073800738,448.4551407989522,263.2992796332678,448.5,203.5,18.22573966577466,14.048112395122537,0.04687363155090528,17.09548963834771,15.574627229309487,17.006036996851382,19.617728386215454
837,27.905117388114455,4,439.27894002789395,291.007810320781,494.9160457029309,288.1885245901639,449.2956465237167,265.6328784925276,448.57316649287446,205.4289190128606,18.218131697655345,13.891096223829777,0.06466278454127088,17.148359545228956,15.422816820313175,17.013556376041077,19.483002714963455
838,27.938456835412083,4,439.28817386395707,293.47812588202083,494.6310875599293,289.50164017158716,450.47435897435895,267.6410256410256,450.27721433400944,207.39858012170384,18.212233054263606,13.77111391054012,0.0876093641844414,17.220485393640633,15.292753747227785,17.12019358586943,19.34688998673464
839,27.97179628270971,4,439.38324873096445,295.48815566835873,495.54286416113973,290.91795627609923,452.3216145833333,269.57291666666663,452.04009277667325,209.43041749502981,18.243178319967896,13.66297836652696,0.09782355556679555,17.331560139213106,15.168307963621409,17.230258862536136,19.2067954759397
840,28.00513573000734,4,440.5310006138735,297.8732351135666,496.1309523809523,291.5534447821682,453.02443991853363,271.37202987101153,452.51053540587213,211.48842832469774,18.295405762738078,13.568194983230228,0.13255551177987793,17.375174337362775,15.052063096134274,17.261771952801574,19.064301407950108
841,28.038475177304967,4,441.1357479387514,300.72968197879857,496.7861825516893,292.57715582450834,453.7692852087756,273.51380042462847,453.673576834485,213.82889108259295,18.334204494946142,13.44641640291809,0.16746765972859629,17.421608258841424,14.91392409551013,17.335537792581437,18.903090755777576
842,28.071814624602595,4,442.6272120684653,303.1842181607194,498.08093797276854,293.50932929904184,454.3950039032006,276.6518345042935,454.4730558244595,216.46692481445626,18.416661246832046,13.340803978000558,0.1968320434666645,17.462240713259924,14.711850655609766,17.387535363909524,18.721540719009646
843,28.105154071900223,4,443.840412979351,306.12713864306784,498.9093434343434,294.32904040404037,456.15942028985506,278.67149758454104,456.2010741859684,219.37092984222892,18.47783921071719,13.22355814702519,0.23801048739273337,17.567794714543602,14.582923783749804,17.49576850161652,18.5228890625519
844,28.138493519197848,4,445.4574874963224,308.5881141512209,500.0297664870413,295.32460867333845,457.5900178253119,281.32620320855614,456.8633165829146,221.85695142378557,18.558546150044137,13.116220451020627,0.2672086709035913,17.65439843630214,14.413388004023313,17.538902266231368,18.35279003342943
845,28.171832966495476,4,447.57083703046436,311.59775214433597,502.1647655259822,297.02408111533583,457.71415770609315,284.1299283154122,458.3798900743614,224.64274167474943,18.68300453034069,12.970302672269202,0.29084537228611584,17.66488682678309,14.234102589605829,17.633697190614043,18.163265266983647
846,28.205172413793104,4,450.03095238095233,314.74910714285716,503.9632642998027,298.2058678500986,459.06287683031866,286.68992248062017,459.8344827586207,227.42331691297207,18.807519976447267,12.836689871926168,0.32968991853298246,17.74623036107283,14.07155771472758,17.724467842539173,17.97464247175099
847,28.238511861090732,4,452.9419410745234,317.6741767764298,506.32842053549496,300.2490788504053,460.2020484171322,290.08379888268155,461.19807213930346,230.5323383084577,18.96068334336854,12.683584898627114,0.34808833546070017,17.816081351358704,13.856408013446517,17.80986293162209,17.764258054072652
848,28.27185130838836,4,455.3461423890378,320.4396782841823,508.7341329335332,302.36531734132933,462.2455197132616,292.5743727598566,462.59230520530224,232.5897187196896,19.10004991744934,12.53338157044233,0.35907032400858024,17.937136897525683,13.699668289797444,17.895681681414995,17.625758886603492
849,28.305190755685988,4,457.71755288736415,323.4845626072041,510.835061728395,304.1861728395062,463.41645244215937,295.32904884318765,464.409993155373,235.45071868583162,19.229570328079614,12.384172554722312,0.3817515586875367,18.00763854911821,13.526214689919243,18.00745105373495,17.43360519553822
850,28.338530202983616,4,460.11831626848686,326.0011376564277,512.61712043169,305.73853323522195,464.23783287419644,298.35537190082647,465.9894964473277,238.24003707136237,19.35020640223776,12.259789083281253,0.40209085521956234,18.057991057653823,13.336006567017021,18.104573035354413,17.24672607638156
851,28.371869650281244,4,462.4814814814814,328.7968660968661,514.8750610053684,307.9058077110786,466.25982905982903,300.7350427350427,467.78689510069125,240.4250075142771,19.483150501297814,12.10813093583795,0.41298291017363353,18.176856976526768,13.187590974185317,18.213863186552675,17.101095082827104
852,28.405209097578872,4,465.4264416315049,331.582841068917,517.5087073828795,310.252391464312,468.80963855421686,303.1759036144578,470.0938007140539,243.00778967867575,19.642991586201735,11.951819194280471,0.42191291224951244,18.325887438987742,13.035989407343157,18.35357605266816,16.92951153356829
853,28.4385485448765,4,467.9607023411371,334.05574136008914,520.3269466961434,312.63497912060916,470.64437984496124,305.9903100775193,472.37508218277446,245.50525969756737,19.795941005165872,11.80422773356751,0.4206922226562159,18.43365655786196,12.861103944668672,18.49131149067697,16.76408439332808
854,28.47188799217413,4,470.5463804018717,337.08230112854386,522.8265306122449,315.1693391642371,472.4128686327078,308.6970509383378,474.59176029962543,247.66394279877426,19.94094370422117,11.635543173718712,0.42882006110390974,18.5372259976793,12.69340260161877,18.624617978884572,16.621610083431666
855,28.505227439471756,4,473.5385259631491,339.9402568397543,525.3447374673319,317.46756949394154,474.35752688172045,312.02240143369175,477.64500154750846,251.12751470133085,20.097608316118457,11.479795196249711,0.44084770833772075,18.65098116873242,12.48791781971074,18.80799011984314,16.393394205383988
856,28.538566886769384,4,476.56615120274915,343.54238258877433,528.6039131472202,320.55810069195894,477.76333333333326,314.80583333333334,479.97991967871485,254.06271238801355,20.27583581651693,11.277979260088106,0.446644662058577,18.847738213759683,12.317351660592484,18.94788883919108,16.20050815838496
857,28.57190633406701,4,480.5849590048063,347.0339270568278,532.6154575628259,323.9198672356567,480.6029668411867,318.70942408376965,483.54761904761904,256.91483516483515,20.50266934506162,11.072246473933628,0.44766922972237694,19.012000130020407,12.078023572328219,19.160243108019912,16.014450723704723
858,28.605245781364637,4,484.7823240589198,351.0109110747408,536.7806770098731,327.7247296661965,484.5213228894691,322.4995648389904,487.5320399764843,260.4926513815402,20.73788480155613,10.839348772915528,0.4494414348502415,19.23710786392052,11.847143833481905,19.396723488042262,15.78155466048225
859,28.638585228662265,4,488.928650137741,355.28732782369144,540.6402946067949,331.61297220242335,488.92269326683294,326.2369077306733,491.4640350877193,264.54035087719296,20.96199551106682,10.595898304703685,0.4566022324532469,19.488839623856972,11.620617718735957,19.629248371601733,15.51880141446814
860,28.671924675959893,4,492.7521654093322,359.49427214305666,544.4601626016259,335.1962833914053,491.9726134585289,330.4804381846635,494.7407082235879,268.4980977465613,21.17524297475559,10.36466743300884,0.4654696532982994,19.66279885454802,11.363553893071714,19.822231513312644,15.262656224029651
861,28.70526412325752,4,497.0269905533063,363.93225371120104,548.6678420310296,339.9033850493653,495.8016591251885,334.75263951734536,498.2867513611615,272.48790078644885,21.41029514693188,10.093883340575257,0.4601250576412113,19.880177411577513,11.106248454287002,20.030200844442927,15.005675716565824
862,28.73860357055515,4,500.1710382513661,368.39262295081966,552.028106852497,344.18443670150987,498.6154417223459,339.17074981440237,501.55977620730266,276.4711425206125,21.589149813664754,9.836073575243784,0.4600528159434482,20.0391158972715,10.840831113654016,20.221294974044536,14.750058632627821
863,28.771943017852777,4,503.44249022892234,373.535734226689,555.1419279907085,348.2594657375145,501.7752234993614,343.8135376756066,504.0614592794429,280.7302452316076,21.763879375570607,9.565715498176072,0.47683386974590014,20.21680528882117,10.563321339241922,20.36639717939037,14.47738701138107
864,28.805282465150405,4,506.8854337152209,378.7847790507365,558.1282574212554,352.668252889191,503.75,349.468487394958,507.4901960784313,286.48873280655545,21.93859679334747,9.283673205654324,0.49206449526453666,20.32658678949147,10.226303505562335,20.564224591107937,14.110736481105645
865,28.838621912448033,4,510.96169858451293,384.8115459339439,561.9074198610176,357.7583501457072,506.0771241830065,355.29869281045745,510.8981481481481,291.740162037037,22.151349547358528,8.960839580231331,0.507114822262447,20.455429645324692,9.881056223078497,20.759902056961042,13.778496642955265
866,28.87196135974566,4,514.3641110195108,390.6688650728222,565.2787280701754,363.10153508771924,508.9210858585858,361.04103535353534,513.5247440273038,297.0079635949943,22.33267473514025,8.63702775386382,0.5134290536606724,20.612450230119418,9.543292456308684,20.909195027485666,13.4466758284413
867,28.90530080704329,4,517.9562482909488,396.95050587913585,568.1701434159062,368.09604519774007,511.2785714285714,367.0940476190476,515.6393345216874,302.47355912061795,22.50499731239797,8.313178407766532,0.5367794114079991,20.74123139573988,9.189169705636797,21.027921454922197,13.104061222631943
868,28.938640254340918,4,521.0373632239124,402.856151587937,570.7561132561133,373.071643071643,513.8037492677211,372.51376684241353,518.037712895377,308.367700729927,22.653973006310398,8.002201058197247,0.5530130386367215,20.878904812002396,8.87414726223941,21.161971948991457,12.736895904577114
869,28.971979701638546,4,523.620363062352,408.4596158905551,572.9590792838875,377.6687979539642,514.363321799308,378.5905420991926,519.6334478808704,312.7749140893471,22.7784266083666,7.712220129574968,0.569322157237147,20.906359307111813,8.522148227063914,21.250297693795694,12.463771451200293
870,29.00531914893617,4,525.4295900178253,412.9803921568627,574.0493748675567,381.21784276329726,515.6721044045677,383.0723219140837,520.6135746606335,316.7496229260935,22.85198221242684,7.483811589601102,0.5884521047274841,20.97607687752052,8.264312392921966,21.30327701186547,12.218330190825991
871,29.038658596233798,4,526.6937077483099,416.304992199688,575.0458519940286,383.67946257197696,515.7684154742977,386.8420773714891,521.4868421052631,320.3540935672514,22.909643347320216,7.3207434511316976,0.6021172827070407,20.978993110513336,8.047989585794726,21.350235225850724,11.996649597860156
872,29.071998043531426,4,527.4174041297935,418.4041297935103,575.3033013844515,385.03237486687965,516.0754030161206,388.8923556942278,521.5097185958805,322.5105889178996,22.933874448699875,7.223739647854553,0.6163142692711607,20.994619449696554,7.930789036394841,21.349683037745468,11.864191967107367
873,29.105337490829054,4,527.7677291821102,419.6785273041759,575.3869239013933,385.89131832797426,515.6076134699854,390.07662274280136,521.4661040787622,323.33699015471166,22.944085936969614,7.163827919701681,0.624248024692603,20.968065534164552,7.862968753766201,21.346478690220735,11.813489210605974
874,29.138676938126682,4,527.879777455249,419.98234155781324,575.5065296510382,386.0344679940055,515.6937198067633,390.0971014492754,521.483164983165,323.3044332210998,22.950127310676635,7.151347529716454,0.6262817781364215,20.972799498860788,7.861831412214761,21.347481576339984,11.8154931736735
875,29.17201638542431,4,527.9514586322333,419.99832615973213,575.4178976664525,386.03575251552127,515.9585635359116,389.9498158379373,521.4416449464234,322.73732985809437,22.949609431282845,7.150863165024649,0.6280353505055162,20.987494618087833,7.87033743059603,21.34559654528568,11.850249155282288
876,29.20535583272194,4,527.9107402031931,419.9470246734398,575.4178976664525,386.03575251552127,515.5175019888624,389.08790771678594,520.1124708624708,321.01573426573424,22.948528267906045,7.152276596454877,0.6269530067846045,20.963720409495817,7.9194066304367325,21.271035542199357,11.95531078343973
877,29.238695280019567,4,528.0166310287478,419.8883345212639,575.4178976664525,386.03575251552127,515.0002960331557,386.8087625814091,517.544925124792,317.47088186356075,22.951431988681676,7.153918365799874,0.6271810236823484,20.93659671436388,8.049611234954398,21.126788688489658,12.172318543981195
878,29.272034727317195,4,528.0206847360913,419.8994293865906,575.4444444444445,385.95370370370364,508.92582722629356,382.01354652453915,510.77342209072975,311.13486193293886,22.952369489120375,7.155972651650206,0.6282357733798535,20.603321023890903,8.322665459518266,20.742150082065805,12.561127318676627
879,29.305374174614823,4,528.0438533429187,419.9451234124131,575.4444444444445,385.95370370370364,492.37794147738896,373.9379987722529,495.7938410907381,303.29901269393514,22.95297671826088,7.154711526278626,0.629074147524942,19.68753132752824,8.782971058341849,19.881800245950988,13.04213339627523
880,29.33871362191245,4,528.0563918757467,419.8482676224611,575.4444444444445,385.95370370370364,472.83444782168186,365.74083080040526,477.5518544767304,295.1783605008268,22.953363759161878,7.157394732712974,0.6278906999581982,18.59762792442754,9.252746871490142,18.82565051897913,13.543183711165833
881,29.37205306921008,4,528.0563918757467,419.8482676224611,575.4444444444445,385.95370370370364,455.6868365180467,359.3596602972399,461.6296025359668,289.0017069007559,22.953363759161878,7.157394732712974,0.6278906999581982,17.635278814144566,9.62017045323339,17.89779015279959,13.925884771133179
882,29.405392516507707,4,527.9784104389087,419.8604982206406,575.4444444444445,385.95370370370364,442.1628065395095,356.17370572207085,447.3194339145817,286.47131665403083,22.95124013353245,7.157043524098537,0.6273043193968822,16.8750745282987,9.802347665916972,17.06359787826294,14.079099299526511
883,29.43873196380533,4,527.9834397918145,419.8126330731015,575.2833224614046,385.93194172646224,427.24567099567093,358.2616883116883,431.2717497556207,288.48435972629517,22.946961993618363,7.158964029635165,0.6285897610676405,16.045221973074632,9.672977045166206,16.135768413145744,13.942382088611488
884,29.47207141110296,4,528.0955082742316,419.94089834515364,575.4741509842094,385.89855072463763,408.0037810945273,365.2539303482587,412.3507565337001,295.1678129298487,22.955269909708587,7.1564260794293055,0.6299794205640219,14.989230033747985,9.254924793430368,15.056557467496454,13.50948107219107
885,29.505410858400587,4,527.966783625731,419.87532163742685,575.4741509842094,385.89855072463763,387.1690682036503,375.96733909702203,391.68594104308386,305.5739229024943,22.951805698462188,7.158220526764454,0.6278572052374051,13.865420907250156,8.624440557113918,13.897992404917584,12.846996983307124
886,29.538750305698215,4,527.9470121381886,419.94747899159665,575.4741509842094,385.89855072463763,364.3967432950191,389.08371647509574,369.5784444444444,318.66866666666664,22.951234203131946,7.156219890847106,0.628636646948479,12.657945773341522,7.8639784943452415,12.68183631777217,12.02678378505993
887,29.572089752995844,4,527.9978902953586,419.9901547116737,575.4400956729723,385.95672972385296,339.7063758389262,403.9440715883669,346.52412868632706,332.91130473637173,22.951582886348586,7.1533699145395495,0.6292376376197104,11.371507936425076,7.016227710865957,11.435830463893058,11.149216402496231
888,29.60542920029347,4,527.9908707865169,419.96816479400746,575.5158469945355,385.9446994535519,316.03884424033674,418.4085342518178,324.2610925306577,346.89163879598664,22.95351560007802,7.154337108349435,0.6282960930777598,10.159240880649579,6.204524400074323,10.252994808720427,10.301865888456113
889,29.6387686475911,4,527.9265969802555,419.94425087108016,575.5643715846994,385.97486338797813,295.09482923106276,433.24766265979775,304.74267027514657,361.1123139377537,22.953090073732398,7.154131669063043,0.6264700363494822,9.11353413910032,5.386135508163051,9.242333092774382,9.454996414354966
890,29.672108094888728,4,527.9908707865169,419.96816479400746,575.5304328718962,386.0340584486926,273.2102251753414,447.9872646733112,284.4687774846086,374.9689973614776,22.953813516613373,7.151774161565032,0.626928972395106,8.034131487822195,4.585844915868966,8.203953645372994,8.64221821280772
891,29.705447542186356,4,527.9524475524476,419.9123543123543,575.5643715846994,385.97486338797813,nan,nan,nan,nan,22.953807348228814,7.155018786879677,0.6262889716163464,nan,nan,nan,nan
892,29.738786989483984,4,527.9870099744838,419.8645325910461,575.5643715846994,385.97486338797813,nan,nan,nan,nan,22.95476887048129,7.1563481982219965,0.6259767986860924,nan,nan,nan,nan
893,29.772126436781612,4,528.0163331032896,419.79319070623416,575.6514459665144,386.0167427701674,nan,nan,nan,nan,22.957961785330895,7.1571418877374136,0.6238707720200888,nan,nan,nan,nan
894,29.80546588407924,4,527.9122562674095,419.830547818013,575.6363833008868,385.9284014709063,nan,nan,nan,nan,22.954805210933248,7.158624511527087,0.6247383509417775,nan,nan,nan,nan
895,29.838805331376868,4,527.969446358833,419.80909717436253,575.5607919087583,385.9403916505272,nan,nan,nan,nan,22.954260271288714,7.158869136277944,0.6255697445347155,nan,nan,nan,nan
896,29.872144778674492,4,527.9729295710025,419.70864877265427,575.5607919087583,385.9403916505272,nan,nan,nan,nan,22.95440302873663,7.161650717685782,0.6242484080825959,nan,nan,nan,nan
897,29.90548422597212,4,527.9850780532598,419.7107438016529,575.4858317110102,385.9465714903742,nan,nan,nan,nan,22.952648027941727,7.161403157223219,0.6250407433230389,nan,nan,nan,nan
898,29.93882367326975,4,527.9850780532598,419.7107438016529,575.4858317110102,385.9465714903742,nan,nan,nan,nan,22.952648027941727,7.161403157223219,0.6250407433230389,nan,nan,nan,nan
899,29.972163120567377,4,527.9850780532598,419.7107438016529,575.4858317110102,385.9465714903742,nan,nan,nan,nan,22.952648027941727,7.161403157223219,0.6250407433230389,nan,nan,nan,nan
900,30.005502567865005,4,527.9850780532598,419.7107438016529,575.4858317110102,385.9465714903742,nan,nan,nan,nan,22.952648027941727,7.161403157223219,0.6250407433230389,nan,nan,nan,nan
901,30.038842015162633,4,528.0239907727797,419.638985005767,575.4560723514212,386.0015073212747,nan,nan,nan,nan,22.95284971359385,7.161813416743971,0.6239775641489697,nan,nan,nan,nan
902,30.07218146246026,4,527.9526132404181,419.61370499419274,575.5607919087583,385.9403916505272,nan,nan,nan,nan,22.953896754401853,7.164276305867421,0.6227708297350668,nan,nan,nan,nan
903,30.10552090975789,0,527.8826458036984,419.6593172119488,575.5492866407263,386.0177258971033,nan,nan,nan,nan,22.951563979552432,7.160779372853996,0.6217652498000915,nan,nan,nan,nan
904,30.138860357055517,0,528.0061162079511,419.6939543636791,575.4384010484928,385.9510703363914,nan,nan,nan,nan,22.951908175977827,7.161733341702256,0.6254185218821696,nan,nan,nan,nan
905,30.172199804353145,0,527.8766762452107,419.67480842911874,575.4153981910434,385.9355834987866,nan,nan,nan,nan,22.947782967203327,7.162682845361702,0.6243547929687809,nan,nan,nan,nan
906,30.205539251650773,0,527.8748469262797,419.7188341905461,575.4153981910434,385.9355834987866,nan,nan,nan,nan,22.947712234221452,7.161463575654819,0.6249319480628471,nan,nan,nan,nan
907,30.2388786989484,0,527.9116198916789,419.7754800590842,575.3611294948157,385.83366424001764,nan,nan,nan,nan,22.94730128532175,7.162817651191952,0.6279808659866551,nan,nan,nan,nan
908,30.27221814624603,0,527.9116198916789,419.7754800590842,575.3257928587269,385.89265912619203,nan,nan,nan,nan,22.946252403667806,7.16111692869141,0.62751778546317,nan,nan,nan,nan
909,30.305557593543654,0,527.9644444444444,419.84592592592594,575.3257928587269,385.89265912619203,nan,nan,nan,nan,22.947653255635416,7.159175222016223,0.6289766139858304,nan,nan,nan,nan
910,30.33889704084128,0,527.9211761798863,419.80973560662216,575.3257928587269,385.89265912619203,nan,nan,nan,nan,22.94649553579853,7.160170110520095,0.6280716334558779,nan,nan,nan,nan
911,30.37223648813891,0,527.9211761798863,419.80973560662216,575.3257928587269,385.89265912619203,nan,nan,nan,nan,22.94649553579853,7.160170110520095,0.6280716334558779,nan,nan,nan,nan
912,30.405575935436538,0,527.9116198916789,419.7754800590842,575.3257928587269,385.89265912619203,nan,nan,nan,nan,22.946252403667806,7.16111692869141,0.62751778546317,nan,nan,nan,nan
913,30.438915382734166,0,527.9473813020068,419.7107195301028,575.3799019607843,385.87321746880565,nan,nan,nan,nan,22.94877669471131,7.163484145327571,0.6267248499050048,nan,nan,nan,nan
914,30.472254830031794,0,527.9751824817519,419.7720194647202,575.3683743623864,385.9487691284098,nan,nan,nan,nan,22.949093423517986,7.159619883915834,0.626894112639437,nan,nan,nan,nan
915,30.505594277329422,0,527.9751824817519,419.7720194647202,575.3799019607843,385.87321746880565,nan,nan,nan,nan,22.949502356284757,7.161791466619402,0.6278194408248462,nan,nan,nan,nan
916,30.53893372462705,0,528.00147275405,419.92930780559647,575.4452619843923,385.9364548494983,nan,nan,nan,nan,22.951876540814887,7.1556378856313945,0.628681176418394,nan,nan,nan,nan
917,30.572273171924678,0,528.1362853628536,419.8865928659286,575.7094305649335,386.0956560882286,nan,nan,nan,nan,22.962686803782358,7.152320848570981,0.6246291856306522,nan,nan,nan,nan
918,30.605612619222306,0,527.9839980305268,419.79320531757753,575.5942715381145,386.0137573297248,nan,nan,nan,nan,22.955503340945945,7.157211228720213,0.6241600970011983,nan,nan,nan,nan
919,30.638952066519934,0,527.9907476869217,419.7881970492623,575.6301031852848,386.0890533871691,nan,nan,nan,nan,22.956592101324066,7.155195929307168,0.6227716291088231,nan,nan,nan,nan
920,30.672291513817562,0,528.0445292620865,420.1145038167939,575.7318161535029,386.32864792503347,nan,nan,nan,nan,22.960428228729096,7.139313645701143,0.6234049701846038,nan,nan,nan,nan
921,30.70563096111519,0,527.9992236024844,420.1345755693581,575.63367003367,386.0996632996633,nan,nan,nan,nan,22.956742308134118,7.145305519353085,0.6273375404079045,nan,nan,nan,nan
922,30.738970408412815,0,528.1267175572519,420.34809160305343,575.523938572719,386.0756549232159,nan,nan,nan,nan,22.957090309572656,7.140086302293186,0.6328300406904409,nan,nan,nan,nan
923,30.772309855710443,0,527.9656596953266,420.32300542215336,575.669616519174,386.2881778987973,nan,nan,nan,nan,22.95651212292276,7.134680978764083,0.6266159155578691,nan,nan,nan,nan
924,30.80564930300807,0,526.2848009299622,421.18570183086314,573.3086335825968,386.5497394062995,nan,nan,nan,nan,22.844792271377145,7.102601446387329,0.6416076653692272,nan,nan,nan,nan
925,30.8389887503057,0,522.3661347517731,425.66193853427893,567.0284444444444,388.1015555555555,nan,nan,nan,nan,22.561148158327505,6.932866913444684,0.7045642659662185,nan,nan,nan,nan
926,30.872328197603327,0,518.8717730496453,430.01078014184395,561.0768725361366,389.8929040735874,nan,nan,nan,nan,22.2987048689917,6.76057946587755,0.7639899470465534,nan,nan,nan,nan
927,30.905667644900955,0,516.0192528735631,435.3008620689655,555.9389201584323,392.1907442151345,nan,nan,nan,nan,22.076060888837354,6.549107984628504,0.8259870193618437,nan,nan,nan,nan
928,30.939007092198583,0,514.441995947315,438.4354103343465,552.6937934027777,393.953125,nan,nan,nan,nan,21.941685741439702,6.412836931782361,0.861751087228945,nan,nan,nan,nan
929,30.97234653949621,0,514.5798908807483,439.01454923356715,551.9919913419914,394.0064935064935,nan,nan,nan,nan,21.925843044156835,6.395491702332135,0.8780070733389863,nan,nan,nan,nan
930,31.00568598679384,0,514.604834605598,439.2417302798982,552.108978460226,393.86841544039237,nan,nan,nan,nan,21.92978787637181,6.3932818394669955,0.8806570616657874,nan,nan,nan,nan
931,31.039025434091467,0,514.7420960916106,439.17226786158824,552.0286624203821,393.9203821656051,nan,nan,nan,nan,21.931239510471443,6.393693269914776,0.8821461454233548,nan,nan,nan,nan
932,31.072364881389095,0,514.7209821428571,439.07440476190476,551.8898089171975,393.95987261146496,nan,nan,nan,nan,21.926840988494224,6.395196486592174,0.8822368284775174,nan,nan,nan,nan
933,31.105704328686723,0,514.7440432326209,439.10316875460575,551.937618147448,393.9645032556185,nan,nan,nan,nan,21.928765974420784,6.394296342055389,0.8821592811938765,nan,nan,nan,nan
934,31.13904377598435,0,514.6920987654321,439.09432098765427,551.937618147448,393.9645032556185,nan,nan,nan,nan,21.927372574179472,6.394528718412137,0.8814100454750113,nan,nan,nan,nan
935,31.172383223281976,0,514.7837506136475,439.08198330878736,551.8521126760563,393.89052496798973,nan,nan,nan,nan,21.927544910320663,6.396966683317336,0.8843408802665929,nan,nan,nan,nan
936,31.205722670579604,0,514.7389822254687,439.0370099829559,551.867269984917,393.82611506140915,nan,nan,nan,nan,21.926826341849214,6.400016116002484,0.8837951826146693,nan,nan,nan,nan
937,31.239062117877232,0,514.5456077015643,438.99903730445243,552.5117178612059,394.1922639362912,nan,nan,nan,nan,21.93909030298932,6.390716351467107,0.8687401240045319,nan,nan,nan,nan
938,31.27240156517486,0,514.7873860556787,439.19980290711993,553.0498347317568,395.47648105771674,nan,nan,nan,nan,21.959261877438934,6.348891783932281,0.8529439191893735,nan,nan,nan,nan
939,31.305741012472488,0,512.3919909757473,441.54483925549914,551.6088,398.2432,nan,nan,nan,nan,21.852319532698743,6.206246503351092,0.8362646977887825,nan,nan,nan,nan
940,31.339080459770116,0,505.9980539338337,446.4917987211565,544.698468786808,401.98586572438165,244.49107142857142,471.6568223443223,255.00055694792533,400.3492063492063,21.48723093156773,5.964757430059981,0.856766664454205,6.671666303670228,3.3285547419026225,6.758344721356439,7.1883772631746075
941,31.372419907067744,0,504.4596774193548,437.74764784946234,547.2021347565044,396.5726039581943,nan,nan,nan,nan,21.52017261488806,6.3546065747683045,0.7721647604412037,nan,nan,nan,nan
942,31.405759354365372,0,504.35984848484844,425.3094696969697,550.1251221896383,387.7636852394917,nan,nan,nan,nan,21.606906129512065,6.946255385455373,0.6965583325083152,nan,nan,nan,nan
943,31.439098801663,0,504.4053333333333,410.61422222222217,554.0441355766885,377.73713728358933,nan,nan,nan,nan,21.727490246331087,7.643051079115291,0.5988049290852682,nan,nan,nan,nan
944,31.47243824896063,0,503.7939939939939,391.9765765765766,558.119066560594,364.5836648103951,nan,nan,nan,nan,21.839266737235313,8.552806851238085,0.484996072862953,nan,nan,nan,nan
945,31.505777696258257,0,505.47152194211014,374.3253968253968,561.5541859270672,352.03646635850026,nan,nan,nan,nan,21.99734663552372,9.431994511325344,0.3985356672986628,nan,nan,nan,nan
946,31.539117143555885,0,504.90878214458996,356.98156234837455,562.642329778507,339.49029258955426,nan,nan,nan,nan,22.02836080163499,10.315723609143989,0.3153394594961546,nan,nan,nan,nan
947,31.572456590853513,0,504.0076121794872,340.6594551282051,562.4077847439916,326.44670846394985,nan,nan,nan,nan,22.01273407172973,11.19810831937913,0.2602703646622537,nan,nan,nan,nan
948,31.605796038151137,0,502.77471517824324,325.2484380742374,561.5169859514687,313.85108556832694,nan,nan,nan,nan,21.96785123611142,12.05269996976134,0.21285120970763155,nan,nan,nan,nan
949,31.639135485448765,0,500.9205387205387,312.09360269360263,560.335435645877,303.9439383321654,nan,nan,nan,nan,21.892867021490794,12.765801052533883,0.15543187819882956,nan,nan,nan,nan
950,31.672474932746393,0,499.5869565217391,302.67391304347825,558.4841849148418,296.7992700729927,nan,nan,nan,nan,21.809255466001687,13.283372579222622,0.11661263276809611,nan,nan,nan,nan
951,31.70581438004402,0,496.35451713395634,296.401246105919,555.1244204018548,291.47398248325607,nan,nan,nan,nan,21.623906746139156,13.647511428232782,0.10006010845910343,nan,nan,nan,nan
952,31.73915382734165,0,492.23818181818183,293.8512121212121,550.7736909323116,289.4066411238825,nan,nan,nan,nan,21.379871389924524,13.791541094705181,0.0917307041332926,nan,nan,nan,nan
953,31.772493274639277,0,487.59255925592555,293.3846384638464,545.9320053120849,289.4440903054449,nan,nan,nan,nan,21.104011766177816,13.80256547364862,0.08270531169640967,nan,nan,nan,nan
954,31.805832721936905,0,482.7509259259259,293.7675925925926,541.1918388977211,289.36804451510335,nan,nan,nan,nan,20.82566329011099,13.790306430835653,0.0910874028640713,nan,nan,nan,nan
955,31.839172169234534,0,478.4297597042514,295.57948243992604,535.9392953929539,291.17642276422765,nan,nan,nan,nan,20.54664849488828,13.673017346504032,0.09236662036382814,nan,nan,nan,nan
956,31.87251161653216,0,473.8390694710006,297.5172084130019,531.0347682119206,293.5115894039735,nan,nan,nan,nan,20.270303457833926,13.535359227067271,0.08518555124034402,nan,nan,nan,nan
957,31.90585106382979,0,469.6452745849297,299.3390804597701,526.8368910782704,295.5853858784893,nan,nan,nan,nan,20.026727634076195,13.410246661966848,0.08031716299421328,nan,nan,nan,nan
958,31.939190511127418,0,465.69925782510484,299.6124556308486,522.8990476190476,297.36272108843536,nan,nan,nan,nan,19.79785599187585,13.3434939123069,0.051776020848721176,nan,nan,nan,nan
959,31.972529958425046,0,462.059245400686,299.28094792641093,518.5254571026722,298.23853727144865,nan,nan,nan,nan,19.565556894635698,13.324210912157973,0.029099149736328173,nan,nan,nan,nan
960,32.00586940572267,0,460.48187022900765,298.47678117048343,515.9765536723163,296.9709039548022,nan,nan,nan,nan,19.44624549435629,13.388357579977455,0.03857419717232004,nan,nan,nan,nan
961,32.0392088530203,0,460.19747235387047,297.775355450237,515.6393538913362,296.359765051395,nan,nan,nan,nan,19.428104459653145,13.429535969190106,0.03685969102141302,nan,nan,nan,nan
962,32.072548300317926,0,459.72211476466794,297.3936170212766,515.6958512160229,296.1765379113018,nan,nan,nan,nan,19.41587060081025,13.44722241775144,0.0327489549761396,nan,nan,nan,nan
963,32.105887747615554,0,459.62780813600483,297.327868852459,515.6958512160229,296.1765379113018,nan,nan,nan,nan,19.41311060952705,13.44926715983027,0.031434323940441114,nan,nan,nan,nan
964,32.13922719491318,0,458.7019020891799,297.46055503585904,515.6958512160229,296.1765379113018,nan,nan,nan,nan,19.386435160789468,13.444848782686094,0.03360257956092012,nan,nan,nan,nan
965,32.17256664221081,0,458.5131498470948,297.46422018348625,515.5375450263231,295.8952618453865,nan,nan,nan,nan,19.376493633649147,13.45352296572986,0.039032223404900125,nan,nan,nan,nan
966,32.20590608950844,0,458.4973194575843,297.0971302428256,514.726406926407,295.38412698412696,nan,nan,nan,nan,19.352485763007277,13.481004149788141,0.04226249526398211,nan,nan,nan,nan
967,32.23924553680607,0,458.44736842105266,297.01691729323306,514.4434401533827,295.5362914270063,nan,nan,nan,nan,19.34274122536707,13.478634617238976,0.0378836504947355,nan,nan,nan,nan
968,32.272584984103695,0,458.56439757110894,296.57782038990086,514.2552653748947,295.3805110923897,nan,nan,nan,nan,19.340472303329427,13.49736559752905,0.03251606312178933,nan,nan,nan,nan
969,32.30592443140132,0,458.3175205566097,296.80170777988616,514.2847109670448,295.402755267423,nan,nan,nan,nan,19.33430978111251,13.489554041598677,0.036317798939251494,nan,nan,nan,nan
970,32.33926387869895,0,458.28164160400996,296.6895363408521,514.4346666666667,295.4072,nan,nan,nan,nan,19.337557107259634,13.492976672162985,0.033969230466940094,nan,nan,nan,nan
971,32.37260332599658,0,458.35132575757575,296.58743686868684,514.6525379382522,295.31946624803766,nan,nan,nan,nan,19.345861141903356,13.499040495136704,0.03362972211486261,nan,nan,nan,nan
972,32.40594277329421,0,458.3246753246753,296.8494124922696,514.6797235023041,295.3604710701485,nan,nan,nan,nan,19.346012721607963,13.489493922243359,0.03786821707671209,nan,nan,nan,nan
973,32.439282220591835,0,458.31399214264127,297.148080991236,514.5283498601576,295.5553012967201,nan,nan,nan,nan,19.341417020376053,13.473892123977041,0.03993966524243282,nan,nan,nan,nan
974,32.47262166788946,0,458.34233423342334,297.2406240624062,514.4065961732124,295.43831822759313,nan,nan,nan,nan,19.338795921657585,13.47464971148965,0.04408847407205977,nan,nan,nan,nan
975,32.50596111518709,0,458.04456171210785,297.32629727352685,514.5283498601576,295.5553012967201,nan,nan,nan,nan,19.333733685526195,13.468211709156027,0.043221293669950527,nan,nan,nan,nan
976,32.53930056248472,0,457.78944298629335,297.4893554972295,514.6150024838549,295.4033780427223,nan,nan,nan,nan,19.329020142907105,13.467835539478774,0.049043872420469405,nan,nan,nan,nan
977,32.57264000978235,0,458.0247349823322,297.40989399293284,514.6150024838549,295.4033780427223,367.2554517133956,177.1744548286604,395.4756097560976,117.27235772357722,19.33577166144048,13.470397773403308,0.04768484930538523,11.951642063019333,21.424873984635518,13.468941746665429,25.91705017215325
978,32.605979457079975,0,458.1813073055309,297.38627624963027,514.6150024838549,295.4033780427223,nan,nan,nan,nan,19.340281234879082,13.471182047000116,0.04733718714085887,nan,nan,nan,nan
979,32.6393189043776,0,458.0543859649123,297.4982456140351,514.6150024838549,295.4033780427223,nan,nan,nan,nan,19.336678130509362,13.467625080853736,0.04940123466259633,nan,nan,nan,nan
980,32.67265835167523,0,458.0543859649123,297.4982456140351,514.6150024838549,295.4033780427223,nan,nan,nan,nan,19.336678130509362,13.467625080853736,0.04940123466259633,nan,nan,nan,nan
981,32.70599779897285,0,458.0543859649123,297.4982456140351,514.5467266366816,295.4552723638181,nan,nan,nan,nan,19.334680870701142,13.465967551959519,0.048449996642258436,nan,nan,nan,nan
982,32.73933724627048,0,458.0543859649123,297.4982456140351,514.5467266366816,295.4552723638181,nan,nan,nan,nan,19.334680870701142,13.465967551959519,0.048449996642258436,nan,nan,nan,nan
983,32.77267669356811,0,458.0543859649123,297.4982456140351,514.5467266366816,295.4552723638181,nan,nan,nan,nan,19.334680870701142,13.465967551959519,0.048449996642258436,nan,nan,nan,nan
984,32.80601614086574,0,458.1220947337452,297.45425125036775,514.5467266366816,295.4552723638181,nan,nan,nan,nan,19.336611842529308,13.467369747074411,0.047650438803385674,nan,nan,nan,nan
985,32.839355588163365,0,458.221351900203,297.6289527125036,514.5467266366816,295.4552723638181,nan,nan,nan,nan,19.33957730214229,13.46189831047133,0.051085787141123135,nan,nan,nan,nan
986,32.87269503546099,0,458.1490919742237,297.5079086115993,514.5467266366816,295.4552723638181,nan,nan,nan,nan,19.33742194290877,13.46568824278004,0.04870198165867547,nan,nan,nan,nan
987,32.90603448275862,0,458.3547237076649,297.3606654783125,514.5467266366816,295.4552723638181,nan,nan,nan,nan,19.343279173641577,13.470375954332056,0.046000933590903716,nan,nan,nan,nan
988,32.93937393005625,0,458.30375628512274,297.4111209701272,514.5112428959723,295.30442302940446,nan,nan,nan,nan,19.340856291502206,13.473531269270886,0.04988747103215938,nan,nan,nan,nan
989,32.97271337735388,0,458.1918294849023,297.37892243931316,514.5112428959723,295.30442302940446,nan,nan,nan,nan,19.337604925310686,13.474515349713963,0.04918582267308149,nan,nan,nan,nan
990,33.006052824651505,0,458.26124515936846,297.32112004766157,514.5112428959723,295.30442302940446,nan,nan,nan,nan,19.339577678447753,13.476352791479199,0.048119294204052934,nan,nan,nan,nan
991,33.03939227194913,0,458.301644245142,297.2792227204783,514.4427044494158,295.3435247327865,214.86383442265796,327.40849673202615,241.29065223925457,260.72317403065824,19.33872056922579,13.476428529440723,0.04662612775920178,3.992047426471295,11.421108780057244,4.946780175918219,15.620936967206864
992,33.07273171924676,0,458.26124515936846,297.32112004766157,514.4427044494158,295.3435247327865,238.5650466372116,293.56946489936183,261.4008746355685,227.12779397473273,19.33757702648348,13.475099202136123,0.0474091656333833,5.056879770609771,13.51871072557762,5.859880766433122,17.863888924747815
993,33.10607116654439,0,458.2986049272781,297.366874443455,514.4427044494158,295.3435247327865,267.0404282518376,262.186481303931,284.98971328518275,195.09411249726415,19.338681986819616,13.473668892379962,0.048319636530696645,6.460302025090265,15.54076680477119,7.032176641806315,20.089229538668015
994,33.13941061384202,0,458.30375628512274,297.4111209701272,514.4931947537738,295.3041326404355,295.6500310945273,225.1660447761194,308.4796901172529,158.22634003350083,19.340332968440396,13.473535673835736,0.04990620133513637,7.885750687430365,18.0194428030259,8.211208301473613,22.755348338117848
995,33.172750061139645,0,458.30375628512274,297.4111209701272,514.4244461040577,295.3313417973612,326.5569723720778,189.01160699689387,334.56734337480896,123.20148439205413,19.338330168583397,13.472657784747486,0.049428439702873264,9.520117414051745,20.548947918461007,9.620696704565749,25.40491069410346
996,33.20608950843727,0,458.30375628512274,297.4111209701272,514.4244461040577,295.3313417973612,357.84063880394154,160.61552837240907,360.44826067811533,95.37340378687801,19.338330168583397,13.472657784747486,0.049428439702873264,11.290049429582497,22.620147370925526,11.118341681741471,27.599301809700254
997,33.2394289557349,0,458.30375628512274,297.4111209701272,514.4244461040577,295.3313417973612,381.0708582834331,144.71417165668663,380.31277860326895,78.8774145616642,19.338330168583397,13.472657784747486,0.049428439702873264,12.667338562964385,23.817087916849992,12.327177776891668,28.942140439832382
998,33.27276840303253,0,458.30375628512274,297.4111209701272,514.4244461040577,295.3313417973612,394.829980532122,138.46203763789748,393.3506251662676,71.43469007714818,19.338330168583397,13.472657784747486,0.049428439702873264,13.508246949432262,24.298388224339185,13.148933641519653,29.561861015986405
999,33.30610785033016,0,458.30375628512274,297.4111209701272,514.4244461040577,295.3313417973612,411.14739084132054,136.56954206602768,408.765495363592,68.05173255246461,19.338330168583397,13.472657784747486,0.049428439702873264,14.531964359312779,24.4554709547639,14.150343286063027,29.85569745681756
1000,33.339447297627785,0,458.30375628512274,297.4111209701272,514.4244461040577,295.3313417973612,430.3853680231265,140.13742494996666,426.3553299492386,71.40029006526468,19.338330168583397,13.472657784747486,0.049428439702873264,15.757059892856754,24.20294051563251,15.319454664840858,29.599456553012136
1001,33.37278674492541,0,458.2879596678529,297.3760379596678,514.4244461040577,295.3313417973612,442.6660724896019,141.51782531194297,438.6997656707674,74.50087873462215,19.337854144925746,13.473757804745576,0.04873850102585997,16.535299279412314,24.109627478163453,16.139398243962138,29.358794873129778
1002,33.40612619222304,0,458.2986049272781,297.3653903235381,514.4405209115953,295.50463310793884,443.2464765650606,141.84496886266797,440.84147557328015,76.34363575938849,19.33856448059621,13.468625147567755,0.0451680501816255,16.572561772602484,24.085519369810815,16.28422380268353,29.210717201233653
1003,33.43946563952067,0,458.2986049272781,297.3653903235381,514.3974358974359,295.5530417295123,448.61884183232496,147.85335638144625,447.4650959860384,84.03228621291449,19.337299107572505,13.467084576735367,0.0442561430815715,16.92190052283127,23.639811747734868,16.733877333861944,28.593995623185275
1004,33.4728050868183,0,458.3389931486446,297.325290437891,514.3974358974359,295.5530417295123,458.5127978817299,159.67666960870844,456.39302544769083,94.50329877474081,19.338443344430537,13.468357262388833,0.0435043245897207,17.559984626468662,22.771105987913515,17.333627382722135,27.76305853987045
1005,33.506144534115926,0,458.27191413237927,297.3103756708408,514.3270106221548,295.594334850784,464.53467954345916,172.81533508925958,461.9059742023082,107.29938900203666,19.334441425867702,13.467486200975223,0.04241516498620373,17.95050470330068,21.81551399821622,17.708249798254247,26.756389235995066
1006,33.539483981413554,0,458.27191413237927,297.3103756708408,514.3270106221548,295.594334850784,468.8459483526269,185.14217868803797,466.26547500827536,119.76663356504469,19.334441425867702,13.467486200975223,0.04241516498620373,18.229093259957878,20.93103685398464,18.00295004631902,25.78944037171481
1007,33.572823428711175,0,458.27191413237927,297.3103756708408,514.3270106221548,295.594334850784,472.5106571936057,197.58525754884548,470.04757281553395,132.30776699029127,19.334441425867702,13.467486200975223,0.04241516498620373,18.464291056949328,20.050364193209727,18.256644181468694,24.830681709296883
1008,33.6061628760088,0,458.27191413237927,297.3103756708408,514.3270106221548,295.594334850784,475.64062042727534,208.82118817676323,473.39859245041583,143.34932821497122,19.334441425867702,13.467486200975223,0.04241516498620373,18.662914297796817,19.265727791020083,18.478222951351054,23.998360943864327
1009,33.63950232330643,0,458.27191413237927,297.3103756708408,514.3974358974359,295.5530417295123,478.73252455228186,218.93240901213173,476.3969230769231,153.29504273504273,19.33649715285072,13.468809150588575,0.04317456665298366,18.856128074720036,18.568362563727288,18.67408408144256,23.257883954611337
1010,33.67284177060406,0,458.1918294849023,297.37566607460036,514.3974358974359,295.5530417295123,480.1537317870948,228.03746654772524,478.33591481122943,162.27686350435624,19.33422039345221,13.466733221985683,0.044388077272455896,18.946275340239257,17.946285086735177,18.800982517283103,22.595952792375623
1011,33.70618121790169,0,458.1918294849023,297.37566607460036,514.4405209115953,295.50463310793884,481.1520310633214,235.80884109916366,480.07684824902725,170.0226977950713,19.335485766475912,13.46827379281807,0.045298146377289336,19.009630159098034,17.42024708402199,18.913624260457983,22.030748265803133
1012,33.739520665199315,0,458.1918294849023,297.37566607460036,514.3706223230032,295.54547745023933,481.38392050587174,243.03342366757002,480.6583172768144,176.58606294155425,19.333445372124785,13.466965084255051,0.044551548672025924,19.026523575804266,16.934909930928757,18.952911265866508,21.555122763388816
1013,33.77286011249694,0,458.2186855290303,297.4300029472443,514.5095842668658,295.45232760766737,482.6414613423959,248.87227414330215,482.2102908277405,182.26398210290827,19.33831223032339,13.468241348833306,0.04733105306694438,19.10366993823659,16.54621308752486,19.051422477650195,21.14740543823765
1014,33.80619955979457,5,458.2186855290303,297.4300029472443,514.4503097893432,295.41239157372985,484.6771436448856,254.48690377722633,484.14579256360076,187.883887801696,19.33660656608712,13.469487371615491,0.048144554093333146,19.22634252265006,16.175329126068622,19.17287329422242,20.74678553633687
1015,33.8395390070922,5,458.1918294849023,297.37566607460036,514.4503097893432,295.41239157372985,485.1719508711796,258.6261068266209,484.5485188968335,191.66870956758595,19.335800182370846,13.471190445099403,0.047077053881055424,19.256829498092234,15.902777096025938,19.19890207753431,20.47776917726272
1016,33.87287845438983,5,458.2186855290303,297.4300029472443,514.5095842668658,295.45232760766737,485.1767139479905,261.9494680851064,484.6687719298245,195.38947368421051,19.33831223032339,13.468241348833306,0.04733105306694438,19.258046871569746,15.684622904224133,19.207485852775875,20.214253052738453
1017,33.906217901687455,5,458.1918294849023,297.37566607460036,514.5095842668658,295.45232760766737,485.43065920398004,265.3193407960199,486.17630331753554,198.27235387045812,19.337505846607115,13.46994442231722,0.04626499069764251,19.273946930344444,15.464389190960492,19.30064596783124,20.011889283607104
1018,33.93955734898508,5,458.2986049272781,297.3653903235381,514.5095842668658,295.45232760766737,486.77558407370844,266.39815728858173,486.62072336265885,200.28054740957967,19.34058456072741,13.470295777066902,0.04613689734264515,19.3533970967452,15.39479618847247,19.328341612182083,19.870876941358674
1019,33.97289679628271,5,458.2986049272781,297.3653903235381,514.5095842668658,295.45232760766737,487.52031643293776,267.2758000719166,487.96322067594434,201.4625579854208,19.34058456072741,13.470295777066902,0.04613689734264515,19.397409314586916,15.338035828163552,19.410631364984166,19.788808400150497
1020,34.00623624358034,5,458.2986049272781,297.3653903235381,514.5095842668658,295.45232760766737,487.9992500937383,267.65804274465694,488.2983518331651,203.43995963673058,19.34058456072741,13.470295777066902,0.04613689734264515,19.42565744716022,15.31342130744905,19.431477108311086,19.650385459454725
1021,34.03957569087797,5,458.2986049272781,297.3653903235381,514.5095842668658,295.45232760766737,487.70923797360575,268.6228182205194,488.4006379585327,204.6086124401914,19.34058456072741,13.470295777066902,0.04613689734264515,19.40878801572708,15.25047092869518,19.437935362639777,19.568656443384747
1022,34.072915138175595,5,458.2986049272781,297.3653903235381,514.5095842668658,295.45232760766737,487.39176245210723,269.18438697318004,488.40252182347234,206.13191076624636,19.34058456072741,13.470295777066902,0.04613689734264515,19.390240245872068,15.21377500682133,19.438333648389236,19.462197412292603
1023,34.10625458547322,5,458.30926916221034,297.3562091503268,514.5095842668658,295.45232760766737,487.369554576603,269.4273127753304,488.21939736346513,206.53829252981794,19.340887473362137,13.470587533789192,0.04596647112843576,19.388985378994317,15.197974700185373,19.42725693488935,19.433698057809753
1024,34.13959403277085,5,458.2986049272781,297.366874443455,514.5095842668658,295.45232760766737,487.48955223880597,269.53084577114424,488.3211133740665,207.41853360488798,19.340585394098767,13.47024906654357,0.046165574534985064,19.39605754269271,15.191316760798902,19.43361740370843,19.372366297318397
1025,34.17293348006848,5,458.2986049272781,297.366874443455,514.5095842668658,295.45232760766737,487.58860398860395,270.37834757834753,488.47176508551144,208.4436915133914,19.340585394098767,13.47024906654357,0.046165574534985064,19.402046726523242,15.136335219263623,19.44297512173078,19.301038173828914
1026,34.20627292736611,5,458.27191413237927,297.31186642814544,514.5095842668658,295.45232760766737,487.6555555555555,270.50116959064326,488.4894863840055,209.48776284039985,19.33978344378504,13.471973428697565,0.045085554334379496,19.40600303278515,15.128401704508953,19.444243437243983,19.22838497856255
1027,34.239612374663736,5,458.26124515936846,297.32112004766157,514.5095842668658,295.45232760766737,488.3716258631512,271.5442561205273,488.51947637292466,210.54629629629628,19.33948043376263,13.471679376299731,0.04525744727680195,19.448237113589048,15.061152230984478,19.446258289350077,19.154823103121085
1028,34.272951821961364,5,458.4496826835902,298.14717437292234,514.4492322932144,297.51807825656266,487.8732943469786,272.96361273554254,488.56702025072326,212.38219222115075,19.34295214054414,13.380537365517949,0.021273679833939504,19.419257610660264,14.968925478881157,19.449475668126667,19.02744850162096
1029,34.30629126925899,5,457.8438463694981,299.72553966918974,514.2055933484505,299.9019904257999,488.34692417739626,274.4306151645207,488.5283203125,214.2021484375,19.318519773603008,13.255682224671705,0.005588597294234114,19.44728987622854,14.874319465877873,19.44745430275294,18.90138582705594
1030,34.33963071655662,5,457.47182101387705,301.47182101387705,513.4882308276385,302.2333586433814,487.20391271632803,276.7125658389767,488.41274415626,216.2993916106308,19.287303668718035,13.127435997344097,-0.00582849560411709,19.3807925311989,14.726401416876428,19.440831776796987,18.75639505162121
1031,34.37297016385425,5,456.795423214778,303.362558588365,512.9500249875061,305.78010994502745,487.11177248677245,279.0661375661375,487.7879913339523,218.2779325286289,19.25228145299749,12.956949293589998,-0.037803943153267426,19.375902283100192,14.574849178779424,19.403403752006483,18.619579380816628
1032,34.406309611151876,5,455.858361774744,305.66211604095565,512.5343347639486,308.2782546494993,485.7142857142857,281.53523809523807,486.36672967863893,220.6014492753623,19.213945470727687,12.8068768475746,-0.041166774267690526,19.29486513987126,14.415562900155802,19.318027594773994,18.458844677458107
1033,34.4396490584495,5,455.7056646740677,307.5912325647594,511.88402625820567,311.96814976902505,483.62571839080454,284.24856321839076,484.5849506298944,223.68879809329246,19.190927614767947,12.631872068286686,-0.07536537943975698,19.173860320987416,14.240732625291553,19.211379411078305,18.246021514419507
1034,34.472988505747125,5,455.28715728715724,309.3197691197691,511.05474452554745,315.15839416058395,482.49164851125636,286.5954974582425,483.7325440194292,226.17880995749846,19.15525267635597,12.47902068774858,-0.10398565065519111,19.108627795871204,14.09031377237715,19.160842397873434,18.075325847898405
1035,34.50632795304475,5,454.1928187729714,311.31241164828947,510.04528853177504,317.57316776235695,481.3470715835141,288.88430947216193,482.1785490931832,228.35272045028142,19.095512720865496,12.342119898552795,-0.11178507819230554,19.04293435031957,13.943982667799022,19.068152176550623,17.92616720244454
1036,34.53966740034238,5,452.3918880319908,313.49414453013424,508.3621581670362,319.7632421778763,479.27078891258,290.9225302061123,480.6251993620414,230.504625199362,18.996592254652043,12.206282818478032,-0.11160054334255068,18.923223907512106,13.813423960257039,18.975728043991595,17.77888444935482
1037,34.57300684764001,5,451.3537180591444,315.07637094458795,507.5671532846715,321.6883211678832,478.9099099099099,292.98267498267495,480.54198717948714,232.35929487179487,18.944759992642155,12.097809452537497,-0.11748453935015044,18.90325086903671,13.682696881693246,18.971565193230937,17.653063699329273
1038,34.60634629493764,5,450.875106202209,316.0648541489663,506.9144477317554,323.1952662721894,478.72587719298247,293.8143274853801,480.30459200528577,233.18764453254045,18.91276945319087,12.02082897972373,-0.1276028238559991,18.892978637904957,13.62998842811942,18.95770469934194,17.596824183368177
1039,34.639685742235265,5,450.59925735504135,317.193373321908,506.3791235844411,324.88084687346134,478.9706884798909,295.19154737559643,480.492781520693,234.5338466474174,18.89002463368533,11.934259883690789,-0.13868310930631947,18.907810505507932,13.543100237362419,18.969592518392044,17.505912298912126
1040,34.67302518953289,5,450.11139169472494,318.1487093153759,506.13769192669633,326.4031698860822,478.7886178861788,296.50554323725055,480.5324119776242,235.6360644948996,18.869554705194727,11.858158898110842,-0.14860353995764944,18.897890674135127,13.460103994589813,18.97246027138224,17.431506253581265
1041,34.70636463683052,5,449.70033388981636,319.67000556483026,505.7793462109955,327.5802377414562,478.448252688172,297.3931451612903,480.4142300194932,236.7712800519818,18.84842287161841,11.77529903161658,-0.14194041901806656,18.87862649041349,13.403994509854478,18.965897275831257,17.35486765636471
1042,34.73970408412815,5,449.2052376885852,321.14830629091944,505.412147505423,329.4391419619185,477.9645390070922,299.13475177304963,480.58389477061274,238.46743663779273,18.824522532324174,11.67310053637128,-0.14860351032549532,18.85152118523441,13.294156811056066,18.97680278599819,17.240766203440845
1043,34.77304353142578,5,448.382361228515,322.92054099746406,504.36459096459095,331.6830280830281,477.7206666666666,301.2246666666666,480.5473684210526,240.4663476874003,18.77213410518968,11.5501682085721,-0.15788981240825756,18.838487736866835,13.16280656379247,18.975509324569458,17.106428419863217
1044,34.806382978723406,5,447.58411082838563,324.67458297992647,503.3817787418655,334.60761629308263,477.3636363636364,303.39730639730635,480.4971428571429,242.5952380952381,18.72228788561658,11.407479588201607,-0.1800163241130345,18.81900419911588,13.026524293921524,18.973459694992215,16.96368286118911
1045,34.839722426021034,5,446.98893499308434,326.60885200553247,502.4165467625899,337.51702637889684,477.3787575150301,305.86038744154973,480.4207650273224,245.25393764063,18.678974189046887,11.260195145800495,-0.1991150730219601,18.82114126864127,12.87263147642212,18.97009399340769,16.785887280003646
1046,34.87306187331866,5,445.55405784891883,329.32799775344,501.08595238095234,341.14690476190475,476.9237905897945,308.9277667329357,480.07184705519575,248.3305581251927,18.602111826325228,11.067519103067344,-0.2151370211617119,18.796567861261924,12.681322269585893,18.950726068013175,16.58064955122656
1047,34.90640132061629,5,444.44946957007255,332.40536013400333,499.79444055127306,344.7082457369773,475.96146435452795,312.13551701991,479.04320403658147,250.97067171239357,18.536251334406224,10.866810936575387,-0.2243646948775174,18.74304957806175,12.481704955933026,18.890881727407194,16.404653335597132
1048,34.93974076791392,5,443.4444444444444,335.2717569786535,498.5679962677863,348.2192675530674,475.56424581005587,315.42396027312225,478.9304779639975,254.03848541278708,18.475120766835026,10.674737720652509,-0.2366529043346539,18.722123695878604,12.278088180640736,18.88570303629819,16.201471693962276
1049,34.973080215211546,5,442.5566666666667,338.1386111111111,497.65686274509807,352.0924369747899,475.3915737298637,318.58364312267656,478.75654367707347,257.32923368022705,18.42635574964102,10.472659844756105,-0.25451831502850814,18.71403369108405,12.083234096761378,18.87703279950787,15.98427271083954
1050,35.006419662509174,5,441.39616346955796,341.3655824298026,496.2523212627669,356.1487929433612,474.8554517133956,322.18380062305295,478.01031894934334,260.9612257661038,18.356524508629967,10.254948244693466,-0.2700283622671103,18.68548940966157,11.861868942262438,18.834792907813487,15.74515377167148
1051,35.0397591098068,5,439.5028997514499,345.2455122894228,494.3643088303282,360.51803051317614,473.61983980283424,326.35613062230436,477.0795559666975,264.3330249768733,18.253362489302642,10.009125695665388,-0.2781337052432689,18.617586673509393,11.606117538576703,18.781716581323476,15.523903087547003
1052,35.07309855710443,5,437.46871539313395,349.06810631229234,492.48054607508533,364.9360637087599,471.998191681736,329.9698613622664,476.23351990049747,268.3827736318408,18.146779380476307,9.764652794311951,-0.2872791935234333,18.52770254778552,11.385292770958422,18.734211297583673,15.25943842626327
1053,35.10643800440206,5,436.12240437158465,352.74590163934425,490.7944708814865,369.08520280987983,471.36461888509666,334.0392491467577,475.34534534534527,271.8414414414414,18.06530117471082,9.533591221087546,-0.2967014118903117,18.494494678321335,11.138219941208686,18.6840978071453,15.034432367996684
1054,35.139777451699686,5,434.6301783264746,356.6727023319616,489.2560585276634,373.9910836762689,470.4010067114094,338.13255033557044,474.8373983739837,275.76211984342063,17.98445999051161,9.274197301680514,-0.3132718645465605,18.442787346850213,10.890645087163245,18.65671777858638,14.780709693852465
1055,35.173116898997314,5,432.76812770562765,360.55357142857144,487.35292792792785,378.5876126126126,468.8610662358643,342.27517501346256,473.84376863446624,280.1279069767442,17.883521851297083,9.026175821521207,-0.32509071619779745,18.358831070141783,10.640953618207213,18.6013855995972,14.499249692905147
1056,35.20645634629494,5,431.61079774375503,364.18479720655387,485.6130346232179,383.3179452364788,468.5311004784689,346.6900584795321,473.4758909853249,284.0829589697514,17.80695155138838,8.782926054245495,-0.34645942082178444,18.34356637226232,10.376662669312122,18.58249321014273,14.245747273045113
1057,35.23979579359257,5,430.0228237791932,367.9108280254777,483.5595081247255,388.9453227931489,467.8374613003096,351.015479876161,473.23143196672606,288.0656565656565,17.710350165370436,8.512245812144304,-0.38034747657752954,18.30788505749133,10.118779238495698,18.570874358234462,13.991664166922465
1058,35.2731352408902,5,428.4217795484727,371.7683930942895,481.5068072024593,393.852876592007,467.0359937402191,355.7788210745957,472.6725978647687,292.4092526690391,17.613905605611848,8.259583782516152,-0.3997825327067385,18.266676681904748,9.836154045820207,18.541319294393343,13.715675125532302
1059,35.30647468818782,5,426.3715250714471,375.5827487659132,479.0680766688698,399.1601674377616,466.3369397217929,360.4708912931479,471.71946902654867,297.2418879056047,17.494961668598513,7.997915960911207,-0.4257238082456511,18.231341441432157,9.559202507380748,18.489443654634616,13.409995556983146
1060,35.33981413548545,5,424.8312101910828,379.3967622080679,476.4253098499674,404.5553381169819,465.3176930596285,365.4291300097752,471.14854426619127,301.6131907308378,17.38512911309281,7.7351541354108555,-0.458082226745081,18.178563426441176,9.267931131581099,18.45955552373803,13.135053514767364
1061,35.373153582783075,5,422.6806656101426,383.81695721077654,473.93009377664106,410.1048593350384,463.88983855650514,370.5232668566002,470.18934040047105,306.4520023557126,17.26373422375636,7.4519321751917085,-0.4773026153380515,18.103478240942884,8.970127463833,18.4078156166378,12.832081153758711
1062,35.4064930300807,5,420.72100313479626,389.02716823406473,471.57844415471527,415.9639287266406,462.57367475292,375.70844564240787,469.12374185908817,311.447306098283,17.153050807447325,7.139161936577466,-0.48918967590283197,18.035072162415123,8.66871573004211,18.350367488585594,12.520963707463617
1063,35.43983247737833,5,419.04355623879064,394.3092492954138,469.9618448637316,421.6406708595388,461.2377227292481,380.8405041286397,468.40099589923835,315.96748681898066,17.070647380147033,6.8313792758758245,-0.49348195794832334,17.965899340755424,8.372013279010405,18.312473543067078,12.241026180685491
1064,35.47317192467596,5,417.022629036359,399.20569539791506,468.37783271528633,427.0881747012773,459.91001267427123,385.6358259400084,467.17295597484275,320.88564894225266,16.97971773661336,6.542466114018504,-0.49703070155193596,17.897228384912683,8.096206987881239,18.24625226727123,11.937798422612795
1065,35.50651137197359,5,415.65751051719866,404.0569166048008,466.5763846622033,432.3968350578211,458.4827004219409,390.68312236286914,466.33333333333326,325.6127118644068,16.901186985626964,6.260254066692168,-0.5062693300262745,17.823685273819205,7.807407940616784,18.202331063653656,11.648050847849408
1066,35.539850819271216,5,413.93833580980686,408.87592867756314,464.92860032362455,437.623786407767,457.0763723150358,395.55369928400955,465.1532234749927,330.18097716102915,16.81751071603472,5.982615164718547,-0.5105320722423993,17.751499143419174,7.530168088752505,18.139167763700602,11.369280407832376
1067,35.573190266568844,5,412.1767488175255,413.7854119990042,463.04977560179515,442.92084863321094,455.1385858585858,400.280404040404,463.8019858156028,334.78865248226947,16.72707201142484,5.70198075262539,-0.5159752672083529,17.650466701999445,7.262275186290349,18.06666342612708,11.089435610633252
1068,35.60652971386647,5,410.0143884892086,419.20335731414866,461.22954091816365,448.23393213572854,453.45179063360877,405.3848878394333,462.3257062146892,339.5731638418079,16.628444504566396,5.4083007038058195,-0.5102949090513461,17.564057901396307,6.9746116370037505,17.987627528770822,10.8003016675233
1069,35.6398691611641,5,407.74066091954023,424.26149425287355,459.17279557137203,453.70739422696715,451.442053605134,410.18308795771986,460.73947001394697,344.4496513249651,16.52071830979084,5.121803402949697,-0.5132313514492147,17.46018507389322,6.7054704564047825,17.90289945667474,10.507118293282222
1070,35.67320860846173,5,405.9712110397335,429.0530573399952,457.13443396226415,458.9431996855346,449.86930320150657,415.109604519774,459.5935360175294,348.57436318816764,16.427179126594584,4.85054324635982,-0.5206239029070325,17.38070095886758,6.4307049182677005,17.84258480790849,10.260427243460525
1071,35.706548055759356,5,404.0690459528808,433.431537205505,455.1750782472613,463.40492957746477,448.4563359345968,419.11408398364915,458.341328921974,352.50592776399225,16.331753176828816,4.612367584314521,-0.5211807010778314,17.30910914507853,6.208361277604976,17.776375288439844,10.026241628852288
1072,35.739887503056984,5,402.67921401515144,436.959043560606,453.97447619047614,467.1306666666666,447.31538461538463,422.2802197802198,457.64568002180425,355.5971654401744,16.269063585998254,4.417887549174398,-0.5215425026335194,17.25143120644217,6.033215711186014,17.740689486149567,9.842930111618188
1073,35.77322695035461,5,402.18152499424093,438.7744759272057,452.887215140981,469.519505600618,447.0282849982098,424.6831364124597,457.0612300933552,357.77896760021963,16.230574841884845,4.305666742309973,-0.5341033745286164,17.23902613230551,5.9008587687637535,17.710347440894335,9.713875500802043
1074,35.80656639765224,5,401.64947271893624,439.67193947730397,452.3736717827627,470.6322314049587,446.75982996811905,425.7956075097414,456.9009381898454,358.42218543046357,16.20453009420652,4.252031533699563,-0.5367030615799836,17.225981800315253,5.839650335548365,17.70208723193167,9.675891653632117
1075,35.83990584494987,5,401.5791037951531,439.7798353909465,452.313736903376,470.87485448195577,446.729586426299,425.7875574407918,456.94907789705474,358.42829617396086,16.201336743389174,4.242730776453391,-0.5384573093526046,17.224339847996635,5.840082891411876,17.70478490881934,9.675551644901601
1076,35.873245292247496,5,401.52529358626913,439.6646341463415,452.313736903376,470.87485448195577,446.7262647262647,425.75086625086624,456.99478737997254,358.2224965706447,16.199754078026324,4.245837573459688,-0.5396139356143319,17.224112963752493,5.842096715172739,17.70711570483357,9.687699451239094
1077,35.906584739545124,5,401.4842011570983,439.75634178905204,452.3400926998841,470.9461181923523,446.5337341349365,425.2832331329325,456.9426433915212,357.49459684123025,16.199504938365248,4.241485888363888,-0.5387333867892276,17.21311619500037,5.86772244954925,17.70340547812255,9.730597434228006
1078,35.93992418684275,5,401.48073925629035,439.74638165219324,452.3400926998841,470.9461181923523,447.2193862048009,424.7332117897295,457.77204477204475,356.2751842751843,16.199399912055224,4.241754664099134,-0.5388435094988316,17.24940563226161,5.89816620573756,17.748489512153906,9.802922129327726
1079,35.97326363414038,5,401.4070836135395,439.8235821564671,452.3400926998841,470.9461181923523,450.6897163120567,423.91894630192496,461.166147455867,353.60929387331254,16.197528426728617,4.239656715716912,-0.5371245539685268,17.435763080156757,5.944046944535162,17.935873659368443,9.962048432582915
1080,36.00660308143801,5,401.42002688172045,439.9585573476702,452.2681660899654,470.9878892733564,458.3474576271187,419.9762241054613,467.9525593008739,348.7478152309613,16.196170083913437,4.234905148835347,-0.5365246584605042,17.84553269579697,6.163901644635061,18.312597531168816,10.253720977352891
1081,36.03994252873564,5,401.458446866485,439.9552679382379,452.2681660899654,470.9878892733564,468.4504748982361,412.44436906377206,475.97074781788154,340.22835574427927,16.197192638387598,4.234999699713503,-0.5369016456636512,18.387274111169784,6.5850909124457235,18.758899099652456,10.767025575161181
1082,36.073281976033265,5,401.37817938420346,439.9600624721106,452.2681660899654,470.9878892733564,480.6713562183455,400.79647345713744,485.9403278688525,327.08874316939887,16.195053700515857,4.23485832546511,-0.536143759481283,19.047644386983936,7.24214427700591,19.319179125906295,11.567231506469765
1083,36.10662142333089,5,401.3882931188561,439.9195710455764,452.2681660899654,470.9878892733564,493.27859292701277,383.6365688487585,496.26182316655246,309.111948823395,16.19527308580528,4.235954330523262,-0.5368009748770683,19.737665000148585,8.223410691059172,19.90832788884165,12.67958978745694
1084,36.13996087062852,5,401.42863564846033,440.0152843335581,452.2024904214559,471.00689655172414,502.47882986913004,363.2657813702848,502.97498104624714,289.11346980035376,16.19475000505743,4.232866251879768,-0.5366200859599729,20.25140638033111,9.40987804172964,20.300390276233408,13.941086325674823
1085,36.17330031792615,5,401.4139784946237,439.7965949820788,452.2681660899654,470.9878892733564,507.4984634296251,342.6263060848187,505.6338141025641,268.85737179487177,16.19580498349427,4.2392825365094025,-0.5387519282386019,20.540474728201946,10.637060545223555,20.46292147152868,15.245590909223043
1086,36.20663976522377,5,401.4139784946237,439.7965949820788,452.3400926998841,470.9461181923523,508.3029315960912,323.0445168295331,505.00290084388183,249.27215189873417,16.19767878272632,4.240387313298013,-0.5375631883201569,20.59470410730816,11.825122209466524,20.433166493964745,16.533447764359053
1087,36.2399792125214,5,401.4585289514867,439.85826067516206,452.3400926998841,470.9461181923523,502.0737992166563,306.7402597402597,497.3985877769661,234.30362795227657,16.198946824216687,4.238726778938497,-0.5370789090508625,20.243267378441594,12.830276133418872,19.982817631419895,17.53243714075841
1088,36.273318659819026,5,401.4812834224599,439.80971479500886,452.3798807462973,470.8901711867667,494.50569216757737,296.615664845173,488.1138910607245,224.54808444096952,16.20051260734668,4.241515156207701,-0.5368445807680572,19.807658083708233,13.461421509518154,19.424324743873267,18.189618738650427
1089,36.306658107116654,5,401.48988214365124,439.83766955748274,452.3400926998841,470.9461181923523,487.55481580115395,290.0366178428762,478.6116295764537,219.36611629576453,16.199758861249748,4.239288031538226,-0.537638528769063,19.403962565587022,13.874102751270932,18.84904831732742,18.53845604420468
1090,36.33999755441428,5,401.503494975972,439.93250327654,452.5857439969748,470.9599168084704,472.72700971275054,289.86340152924157,462.86808322266484,220.1044710048694,16.206726955245962,4.2363954477788965,-0.5345356542723544,18.542767790751228,13.87712856129685,17.898980907462512,18.477036497133888
1091,36.37333700171191,5,401.503494975972,439.93250327654,452.5857439969748,470.9599168084704,446.9736366919465,297.12964969302993,438.16283881647007,227.3130560728326,16.206726955245962,4.2363954477788965,-0.5345356542723544,17.0593998131397,13.404101442180549,16.422842999473712,17.967799331843104
1092,36.40667644900954,5,401.4383771929824,439.96776315789475,452.5857439969748,470.9599168084704,416.55240098142303,310.2395723799509,409.8750750750751,240.178978978979,16.205031090299997,4.235432794458143,-0.5334839430726802,15.335683478864409,12.569635919884881,14.762853066028413,17.080843964323904
1093,36.440015896307166,5,401.4383771929824,439.96776315789475,452.5857439969748,470.9599168084704,383.04054283290924,328.51908396946567,379.3548203080434,257.4675793877163,16.205031090299997,4.235432794458143,-0.5334839430726802,13.481053856950593,11.431997235449078,13.014302724745018,15.915596357574595
1094,36.473355343604794,5,401.4383771929824,439.96776315789475,452.6214624881291,470.8913580246913,345.57029702970294,348.952805280528,346.0832863320173,277.3733784545967,16.20593574818613,4.2372357704143235,-0.5322331485983889,11.453614638702144,10.188663367402647,11.154356823861193,14.604810281265179
1095,36.50669479090242,0,401.4673698088332,439.94682487365407,452.49837817210454,470.9813012783819,309.4674369747899,369.76085434173666,314.4467821782178,298.0911716171617,16.20348739501089,4.235431062201581,-0.5350580766502085,9.550850887932661,8.953108094798175,9.43634945524742,13.274690809011098
1096,36.54003423820005,0,401.4697971781305,439.8882275132275,452.49837817210454,470.9813012783819,280.3000358037952,389.8542785535266,288.78117386489475,317.749723145072,16.203478693396264,4.2370153992968795,-0.5359029581406718,8.066111565462043,7.789432683977796,8.090870789004747,12.044121144102307
1097,36.57337368549768,0,401.4314631463146,439.87106710671065,452.49837817210454,470.9813012783819,259.1985407066052,410.16129032258067,270.1408703454464,337.45020188425303,16.20243271427922,4.237473664415357,-0.5358159016867358,7.050259808796648,6.642226172907243,7.169124991421894,10.841575260876631
1098,36.606713132795306,0,401.5186905551869,439.85578411855784,452.5377142857143,470.8577142857143,246.0889281507656,427.97094621122886,258.2995098039216,354.3600490196078,16.205714610714605,4.241146588868362,-0.5347323840739112,6.465549897740925,5.6582266010387965,6.624676125252244,9.831990311722844
1099,36.640052580092934,0,401.5186905551869,439.85578411855784,452.57347876004593,470.7881745120551,236.03697148475908,441.87059980334317,250.28505913589183,368.88631426502536,16.2066199467001,4.242975492460568,-0.5334654964135004,6.026287560433566,4.903041278903067,6.28371753001234,8.980351464027743
1100,36.67339202739056,0,401.63612565445027,439.5628272251309,452.57347876004593,470.7881745120551,226.46359676415682,452.8326073428749,242.8403943511857,380.2509992006395,16.20939109078795,4.250913536593998,-0.5385927076279148,5.5976331471214005,4.314704503141904,5.956412276947711,8.322859504816075
1101,36.70673147468819,0,401.6328947368421,439.66052631578947,452.572,470.6977142857143,222.4743505784763,461.0464963981663,239.66666666666666,388.74733281290656,16.209339024335293,4.250644513586934,-0.5359503380740412,5.446651178742172,3.8790983798398773,5.844565536026506,7.837413611350004
1102,36.74007092198582,0,401.58395312147843,439.6348884381339,452.5803673938002,470.60907003444316,222.26623376623377,467.8458874458874,239.54173397953684,395.0290791599354,16.208171283742164,4.253657602870453,-0.5345905930100946,5.484362562582657,3.522053830854378,5.883092628636247,7.482086311007687
1103,36.77341036928345,0,401.66867335562983,439.48205128205126,452.62572087658594,470.5472895040369,222.2834806254249,473.0043054611375,239.60596026490066,399.8496136865342,16.211406697406147,4.259429970285535,-0.5362284623497052,5.5219339074403,3.2528373600797247,5.921156341034938,7.21103498871905
1104,36.806749816581075,0,401.6804054054054,439.3315315315315,452.5803673938002,470.60907003444316,220.4192159528665,475.3455699070926,238.18804780876494,402.64090305444887,16.210369031995068,4.261875667422713,-0.5396844721393896,5.44142587783326,3.1306465636022947,5.864440184745352,7.054200106502995
1105,36.8400892638787,0,401.67320703653587,439.35295444294087,452.60918231834563,470.4909884272434,216.30961791831356,477.22156346069386,234.50182863113895,404.8150470219436,16.210899270183475,4.264397558459871,-0.5374428452853364,5.240976681940464,3.0323192870162363,5.68097024285797,6.931479753572618
1106,36.87342871117633,0,401.6655374887082,439.3728545618789,452.64285714285717,470.556,209.57342047930283,479.2732026143791,228.4908396946565,407.4521628498727,16.211642708084153,4.262156339594387,-0.53771244186797,4.905758871269737,2.924480955746698,5.376017397814004,6.782504359262797
1107,36.90676815847396,0,401.67437641723353,439.42947845804986,452.61717861205915,470.48407281001136,200.40651494868362,481.4152164212405,221.0347330222913,409.4839294971487,16.211233595220072,4.262510549518822,-0.5362126472385491,4.445905225153439,2.8116576413546377,4.989609140885307,6.667085988710661
1108,36.94010760577159,0,401.6183939601922,439.46099290780137,452.6622857142857,470.4222857142857,194.58587257617728,482.1786703601108,216.4610281923715,410.0737976782753,16.210932913654005,4.263277321637088,-0.5340507914370995,4.149906781802916,2.7709146077036877,4.747981077920848,6.632827122987626
1109,36.973447053069215,0,401.6765381083562,439.43273645546367,452.6313503305004,470.41510859301223,189.93703967688285,481.90995485863624,212.56440677966103,410.30169491525425,16.211631795079104,4.264234517542011,-0.5351079233155043,3.906817982607917,2.783675092228902,4.540131234503601,6.618889689944144
1110,37.00678650036684,0,401.75784856879034,439.4254385964912,452.6763422500474,470.3532536520584,192.62709181365898,484.14834916327453,214.8049905071874,412.1619202603743,16.21494928673625,4.266073033979862,-0.5346677727502012,4.0636807832479676,2.669023643182098,4.675075080447714,6.516574373573659
1111,37.04012594766447,0,401.7599356765449,439.3370089593384,452.6763422500474,470.3532536520584,203.6926000447127,486.36507936507934,223.36309057687285,413.99216914643694,16.2148943414786,4.2684650583261785,-0.5359328790816834,4.6534494247820195,2.5576476143173057,5.148829460824558,6.418169757126949
1112,37.07346539496209,0,401.7599356765449,439.3370089593384,452.6763422500474,470.3532536520584,214.34573643410852,487.07574750830565,231.0410094637224,414.4153522607781,16.2148943414786,4.2684650583261785,-0.5359328790816834,5.210060614508552,2.523607411939461,5.56439072486595,6.397302257677826
1113,37.10680484225972,0,401.75788988712276,439.3876986869385,452.69434832756633,470.41291810841983,222.2794477844578,487.18058338900016,237.05224078493765,414.38875629806415,16.215410456204676,4.265530020290141,-0.5358773544687937,5.621536789545708,2.5200422487171044,5.887173571029584,6.4007389263121075
1114,37.14014428955735,0,401.7370729455216,439.2412280701754,452.6801775718973,470.48311136846166,228.9926372155288,487.11624274877283,241.78869047619045,414.46834415584414,16.214334829164972,4.267644725758778,-0.5388507044201916,5.968748093092058,2.5248819121522788,6.142277120192166,6.397891422742939
1115,37.173483736854976,0,401.7571789570411,439.3133471169308,452.6801775718973,470.48311136846166,234.2230645531817,486.9577303009419,245.80758807588074,414.4756097560976,16.214962640583774,4.265696907372684,-0.5380108825037477,6.238632325530581,2.534219610193186,6.358346614414422,6.398805331783244
1116,37.206823184152604,0,401.8156565656565,439.235766758494,452.6984681016094,470.4015900717471,238.18993080410402,486.4979718444285,248.4693762348292,414.40417725091726,16.216866979998212,4.269945889579258,-0.5383202415823496,6.441151024862083,2.55874787888889,6.5009557182660345,6.403624680642903
1117,37.24016263145023,0,401.8156565656565,439.235766758494,452.712630359212,470.3314020857474,240.7845557976277,486.56983781166787,250.52879432624113,414.4164539007092,16.217202489032708,4.271789927333382,-0.5372269738855399,6.576113775912311,2.5556514559681855,6.611767090683892,6.403620544664512
1118,37.27350207874786,0,401.8156565656565,439.235766758494,452.6984681016094,470.4015900717471,242.6095711916607,486.02914001421465,251.94729802033171,413.60807918673083,16.216866979998212,4.269945889579258,-0.5383202415823496,6.667217144010539,2.5838625065668164,6.6826148613159635,6.4487869235214985
1119,37.30684152604549,0,401.764052741152,439.21767291232936,452.712630359212,470.3314020857474,242.79943899018232,485.82912575970073,251.9967663702506,413.4012395580706,16.215800308745706,4.272271783941828,-0.5370380485488223,6.675767278439193,2.594190741629294,6.683887096709847,6.460247059842283
1120,37.34018097334312,0,401.7293588833688,439.36881949373077,452.6170212765957,470.13120567375887,242.72456633849038,485.82161275199246,251.9443008900373,414.12259546368074,16.212431386807133,4.273421543999229,-0.5326308230421427,6.671835686115444,2.594559812618556,6.6859080254988585,6.420329726701568
1121,37.373520420640745,0,401.63296432964324,439.46592865928653,452.49101796407183,470.3089820359281,242.61103082851636,486.2114643545279,251.9773574089997,414.0470048724563,16.206749297641384,4.266098230110163,-0.533974677276677,6.668474369389336,2.5744897819492762,6.687178507856412,6.424520296884597
1122,37.40685986793837,0,401.5447335811648,439.52242874845103,452.57526558428543,470.52936460212464,242.60187185025197,486.163906887449,251.74936061381075,414.3429951690821,16.206804023548788,4.258783837967282,-0.5347755299331122,6.667691293021274,2.5769323778292654,6.676904400884848,6.408080873476785
1123,37.440199315236,0,401.39707734945824,439.6631393298059,452.651497005988,470.69580838323355,242.47816593886463,486.370936438622,251.53254102999432,414.4320882852292,16.205135224086796,4.2505992621209625,-0.5332034558610982,6.6626191400727555,2.566262345371799,6.665844009729736,6.403085086673631
1124,37.47353876253363,0,401.3963414634146,439.8643292682927,452.60770156438025,470.76293622142,241.8917477978674,487.2909133055169,251.3482671174979,414.400112707805,16.20424982922087,4.243393015403356,-0.531665142649004,6.638190767136646,2.5188666858026214,6.655720342060453,6.404792177809227
1125,37.50687820983126,0,401.2601990049751,439.73980099502484,452.52366805307975,470.8389780154486,241.7319540229885,487.44068965517243,251.06437167646232,414.45256087321576,16.198280105917416,4.244733988842018,-0.534015338511309,6.630882908778941,2.511139949899294,6.640808120471971,6.40180019655782
1126,37.540217657128885,0,401.2837197706307,439.8184991273996,452.4523101328574,470.9922665080309,241.6710164835165,487.4658882783882,251.02398884239886,414.45774058577405,16.19720951489449,4.238579641006895,-0.5358303070559138,6.6278890147586305,2.509832321618182,6.638671644729984,6.40150068083076
1127,37.57355710442651,0,401.30547263681586,440.0544776119403,452.1620145631068,471.25566343042067,241.63489902427952,487.47288404810524,250.8434976329713,414.4358117516012,16.19057743466815,4.225259387462556,-0.5388028847174525,6.626063004862626,2.5094649072874544,6.628819011105065,6.402653634944759
1128,37.60689655172414,0,401.27679713481706,440.0611409567664,451.82114333753674,471.7318200924758,241.52345343303875,487.47903920235666,250.73607612650432,414.49342289392666,16.181095910019756,4.212548726992065,-0.5479502604853669,6.620328394438836,2.509123427450146,6.6234315040654765,6.39943423530686
1129,37.64023599902177,0,405.45253863134656,442.087669504888,456.96177663890666,472.9135169762973,241.36415137094943,487.5660548379787,250.63375174337517,414.50348675034866,16.431208104276834,4.1281262195910955,-0.5282137521899485,6.612640024104633,2.504619979399314,6.617997673451814,6.398844518253218
1130,37.6735754463194,0,407.0469208211144,440.24861518409904,458.43397055592175,470.83256427158864,241.324092855533,487.5778679287807,250.5538762944304,414.50097956898964,16.50943364033499,4.2327430244358055,-0.5264211786775637,6.610641317861632,2.504004419215861,6.61368610085554,6.398956938243759
1131,37.706914893617025,0,405.267258382643,436.8313609467456,458.78747060081247,464.0062005559119,241.20805218173638,487.54003598740434,250.49538203190596,414.4808284354884,16.46391539996617,4.5047716417812325,-0.46158116550482003,6.60438282984331,2.505919958105463,6.6104050454678065,6.400051524538082
1132,37.74025434091465,0,407.4133473095737,428.3581411600279,462.83677090263916,450.5533377689066,241.11848341232226,487.5930941096818,250.44500279173644,414.46677833612506,16.612964817387702,5.094293118258643,-0.3759193005830991,6.600087378202888,2.503175835377494,6.607601444526516,6.400811579831373
1133,37.77359378821228,0,413.51529598728644,414.5534366309098,471.0682302771855,432.3944562899787,nan,nan,nan,nan,16.975542455941955,5.967757995324986,-0.2983832297858693,nan,nan,nan,nan
1134,37.80693323550991,0,423.2843450479233,400.1416400425985,482.49651022864015,411.0279181708784,nan,nan,nan,nan,17.530228371434504,6.963835826820985,-0.1801049432112276,nan,nan,nan,nan
1135,37.84027268280754,0,434.0234411626816,380.69292076887007,493.81845444059974,388.20023068050745,nan,nan,nan,nan,18.11519546432075,8.166117723264174,-0.12284880649165816,nan,nan,nan,nan
1136,37.873612130105165,0,442.0662162162162,360.21486486486486,502.5494661921708,365.802846975089,nan,nan,nan,nan,18.56527748740301,9.412694038009509,-0.08944509098061615,nan,nan,nan,nan
1137,37.90695157740279,0,448.3178571428571,342.44761904761907,507.51749271137027,346.14310009718173,nan,nan,nan,nan,18.870381849292542,10.523950053415009,-0.05835446718140888,nan,nan,nan,nan
1138,37.940291024700414,0,453.30262671106175,326.5808361080281,511.99674674674674,329.2282282282282,nan,nan,nan,nan,19.132149717926843,11.515953821755101,-0.04002694003249393,nan,nan,nan,nan
1139,37.97363047199804,0,455.697265625,315.142578125,514.1895043731779,316.25194363459667,nan,nan,nan,nan,19.260044896196696,12.265808875218124,-0.011875725790548393,nan,nan,nan,nan
1140,38.00696991929567,0,455.4021739130435,306.6171497584541,513.666412601626,308.4176829268293,nan,nan,nan,nan,19.233955947384082,12.772935493163176,-0.02466905090053136,nan,nan,nan,nan
1141,38.0403093665933,0,453.9335727109515,303.0430879712747,511.6092999747283,304.345969168562,nan,nan,nan,nan,19.131441833603688,13.010692342121036,-0.015622085444795299,nan,nan,nan,nan
1142,38.07364881389093,0,452.08731563421827,301.5619469026549,509.7009222661396,301.7731225296443,nan,nan,nan,nan,19.02290583878004,13.136680966952504,0.0049608995021600075,nan,nan,nan,nan
1143,38.106988261188555,0,448.59106858054224,300.8003189792663,507.0108616944243,300.07192855418776,nan,nan,nan,nan,18.844280664894402,13.21235957294995,0.022531058492907947,nan,nan,nan,nan
1144,38.14032770848618,0,446.2618013321749,300.0524181870837,503.7064102564102,300.21,nan,nan,nan,nan,18.681034058664117,13.230012954523282,0.00600116575245217,nan,nan,nan,nan
1145,38.17366715578381,0,442.941381495564,300.22243346007605,500.82505729564554,300.0010185892539,nan,nan,nan,nan,18.502193066889134,13.229638149341262,0.013145114671256132,nan,nan,nan,nan
1146,38.20700660308144,0,441.8356290174472,299.80838689929595,498.7801932367149,298.74589371980676,nan,nan,nan,nan,18.41097983449417,13.281271184767174,0.02930845807481617,nan,nan,nan,nan
1147,38.24034605037907,0,440.2336706531739,299.13155473781046,496.2788486250321,297.75918786944226,nan,nan,nan,nan,18.291928442359385,13.332504705220167,0.03568449295444792,nan,nan,nan,nan
1148,38.273685497676695,0,437.8251663641863,298.7434966727163,493.6207926167209,297.5,nan,nan,nan,nan,18.145233865514523,13.35153188679932,0.03330560854920796,nan,nan,nan,nan
1149,38.30702494497432,0,436.55995203836926,297.3848920863309,492.6381617219313,296.32315299592784,nan,nan,nan,nan,18.07906846053578,13.430740841009722,0.029704273241141648,nan,nan,nan,nan
1150,38.34036439227195,0,436.3234841489689,296.90858725761774,492.63577097505663,295.53061224489795,nan,nan,nan,nan,18.0717292869111,13.470672110142154,0.03576292865401573,nan,nan,nan,nan
1151,38.37370383956958,0,436.72529644268775,296.8442028985507,493.20803990610324,294.55428403755866,nan,nan,nan,nan,18.099838369148976,13.503793229613535,0.05329314738987797,nan,nan,nan,nan
1152,38.40704328686721,0,436.7543859649122,296.39556438265475,493.42105263157896,294.1872303710095,nan,nan,nan,nan,18.106445006627805,13.529582689882279,0.05160246623955332,nan,nan,nan,nan
1153,38.440382734164835,0,436.7958291288261,296.5055499495459,493.3579188107489,294.2587192681532,nan,nan,nan,nan,18.10591105580123,13.523853766918972,0.0524176377949823,nan,nan,nan,nan
1154,38.47372218146246,0,436.95348837209303,296.21599718111344,493.42105263157896,294.1872303710095,nan,nan,nan,nan,18.112031908784104,13.535289575795845,0.04829231904629483,nan,nan,nan,nan
1155,38.50706162876009,0,436.64606181455633,296.1708208707212,493.480089111668,293.7875243664717,nan,nan,nan,nan,18.104824115184165,13.549287366851239,0.054846420083183536,nan,nan,nan,nan
1156,38.54040107605772,0,436.91383898868924,294.92149035262804,493.77787068004454,293.1655518394649,nan,nan,nan,nan,18.12006511420768,13.608491633363553,0.04284373923115597,nan,nan,nan,nan
1157,38.57374052335535,0,436.7669934640523,294.79640522875815,493.4462690867185,293.04004609622586,nan,nan,nan,nan,18.106090030109563,13.616282698563623,0.04296766156899789,nan,nan,nan,nan
1158,38.607079970652975,0,436.51827136955825,294.6533206228154,492.878679750223,292.40767172167705,nan,nan,nan,nan,18.08230055006935,13.640604881943245,0.05264464404141011,nan,nan,nan,nan
1159,38.6404194179506,0,436.51827136955825,294.6533206228154,492.80526004728125,292.4890661938534,nan,nan,nan,nan,18.080171314822294,13.638007014859838,0.051122781753470584,nan,nan,nan,nan
1160,38.67375886524823,0,436.53358802929,294.626870423432,492.649752114319,292.3884514435696,nan,nan,nan,nan,18.076076225508537,13.641991160919508,0.052694629547796884,nan,nan,nan,nan
1161,38.70709831254586,0,436.3902129011757,294.6533206228154,492.94129268981084,292.4493367202935,nan,nan,nan,nan,18.080417017816572,13.639267956437106,0.05169395865411686,nan,nan,nan,nan
1162,38.74043775984349,0,436.435602428891,294.4221796100991,492.68300110741967,292.3779069767442,nan,nan,nan,nan,18.074022697042057,13.648766539749344,0.048834962046651095,nan,nan,nan,nan
1163,38.773777207141116,0,436.5,294.6566924066924,492.21007943029304,292.3662010408107,nan,nan,nan,nan,18.062374552758317,13.64162904492472,0.05403086408899668,nan,nan,nan,nan
1164,38.80711665443874,0,436.5,294.6566924066924,492.3030548796972,292.28196809948633,nan,nan,nan,nan,18.06507049148034,13.644322369799053,0.05560367164768846,nan,nan,nan,nan
1165,38.840456101736365,0,436.4052849411015,294.47182425978986,492.5199261018738,292.51016099234624,nan,nan,nan,nan,18.068462236638247,13.642959209641667,0.04731896718686569,nan,nan,nan,nan
1166,38.87379554903399,0,436.40112994350284,294.65128688010043,492.61819129528277,292.5710190252802,nan,nan,nan,nan,18.071357745684246,13.635394649284276,0.04954430105280601,nan,nan,nan,nan
1167,38.90713499633162,0,436.31541550818656,294.86221810318193,492.5445468509985,292.46620583717356,nan,nan,nan,nan,18.06693445361345,13.632018700404718,0.055654534785301475,nan,nan,nan,nan
1168,38.94047444362925,0,436.46909090909094,294.59818181818184,492.7950819672131,292.17809239940385,nan,nan,nan,nan,18.07840014797518,13.649582616452644,0.05605466433320889,nan,nan,nan,nan
1169,38.97381389092688,0,436.31541550818656,294.86221810318193,492.8193403298351,292.25712143928035,nan,nan,nan,nan,18.074904764095738,13.638715659269666,0.059466303931528276,nan,nan,nan,nan
1170,39.007153338224505,0,436.29984779299843,295.05418569254186,492.6145038167939,292.4312977099237,nan,nan,nan,nan,18.068688910285566,13.627085018555022,0.059969563254987264,nan,nan,nan,nan
1171,39.04049278552213,0,436.29984779299843,295.05418569254186,492.6755251834978,292.5039230574538,nan,nan,nan,nan,18.070460651949933,13.62480084470157,0.05850909173904212,nan,nan,nan,nan
1172,39.07383223281976,0,436.29984779299843,295.05418569254186,492.80677794638336,292.39529590288316,nan,nan,nan,nan,18.074267392873903,13.628276755300417,0.06049172912897504,nan,nan,nan,nan
1173,39.10717168011739,0,436.29984779299843,295.05418569254186,492.80677794638336,292.39529590288316,nan,nan,nan,nan,18.074267392873903,13.628276755300417,0.06049172912897504,nan,nan,nan,nan
1174,39.14051112741502,0,436.29984779299843,295.05418569254186,492.80677794638336,292.39529590288316,nan,nan,nan,nan,18.074267392873903,13.628276755300417,0.06049172912897504,nan,nan,nan,nan
1175,39.173850574712645,0,436.29984779299843,295.05418569254186,492.8180909545227,292.5584707646177,nan,nan,nan,nan,18.074597901831066,13.623111145453738,0.057331543719977514,nan,nan,nan,nan
1176,39.20719002201027,0,436.29984779299843,295.05418569254186,492.75593898474614,292.538384596149,nan,nan,nan,nan,18.072794336955567,13.623730760746461,0.05777278489932652,nan,nan,nan,nan
1177,39.2405294693079,0,436.29984779299843,295.05418569254186,492.68842210552634,292.66591647911974,nan,nan,nan,nan,18.070837414911203,13.619673708969046,0.055363148886498494,nan,nan,nan,nan
1178,39.27386891660553,0,436.29984779299843,295.05418569254186,492.6880503144654,292.5854088050314,nan,nan,nan,nan,18.070825353742183,13.62222329432027,0.056921396817165036,nan,nan,nan,nan
1179,39.30720836390316,0,436.77291301809686,295.05137186223,492.69982282966333,292.6679321690711,nan,nan,nan,nan,18.08483406785293,13.619826321549898,0.055649522319557124,nan,nan,nan,nan
1180,39.340547811200786,0,436.77291301809686,295.05137186223,492.69982282966333,292.6679321690711,nan,nan,nan,nan,18.08483406785293,13.619826321549898,0.055649522319557124,nan,nan,nan,nan
1181,39.373887258498414,0,436.77291301809686,295.05137186223,492.69982282966333,292.6679321690711,nan,nan,nan,nan,18.08483406785293,13.619826321549898,0.055649522319557124,nan,nan,nan,nan
1182,39.40722670579604,0,436.77291301809686,295.05137186223,492.69982282966333,292.6679321690711,nan,nan,nan,nan,18.08483406785293,13.619826321549898,0.055649522319557124,nan,nan,nan,nan
1183,39.44056615309367,0,436.81035485747526,295.08435136707385,492.69982282966333,292.6679321690711,nan,nan,nan,nan,18.08594571071911,13.618796240551015,0.056322725245194535,nan,nan,nan,nan
1184,39.4739056003913,0,436.9896907216495,295.1019473081328,492.69982282966333,292.6679321690711,nan,nan,nan,nan,18.091143174997022,13.618288657203227,0.05681785741312546,nan,nan,nan,nan
1185,39.507245047688926,0,437.04729344729344,295.06039886039883,492.6995161701044,292.75146422205245,nan,nan,nan,nan,18.09276251505854,13.61696867716033,0.054417109625760025,nan,nan,nan,nan
1186,39.540584494986554,0,437.0524822695035,295.1140425531915,492.6995161701044,292.75146422205245,nan,nan,nan,nan,18.092960721442015,13.615278511642884,0.05547042288089293,nan,nan,nan,nan
1187,39.57392394228418,0,436.93923760389794,295.11263972484954,492.6995161701044,292.75146422205245,225.30081300813006,337.5207853965332,243.3658867412682,266.01542895896915,18.089687478823663,13.615292904857952,0.05534921187434581,4.66043775066669,10.817274163481382,5.111006306848652,15.278469062567254
1188,39.60726338958181,0,436.93923760389794,295.11263972484954,492.6995161701044,292.75146422205245,271.7397617882199,308.8583782019905,281.77994038225495,237.4902682798527,18.089687478823663,13.615292904857952,0.05534921187434581,7.064618834385203,12.582973116912626,7.147053869042284,17.17960541745927
1189,39.64060283687944,0,437.0148021633931,295.1750640478224,492.6995161701044,292.75146422205245,307.02763865702093,271.03042107215725,312.7040895061728,201.9043209876543,18.091926982472195,13.61334453067671,0.05663159836522341,8.849593495656562,14.9908149094855,8.75784247303934,19.63232868946193
1190,39.67394228417706,0,437.0148021633931,295.1750640478224,492.69982282966333,292.6679321690711,336.1201883701884,233.8847256347256,339.13240495137046,166.18368700265253,18.09193457204695,13.615989835162338,0.05826790483641118,10.349305578801337,17.456396991350864,10.159995429620174,22.198249645711904
1191,39.70728173147469,0,437.0770762229806,295.07224118316265,492.69982282966333,292.6679321690711,362.9546325878594,206.15931842385515,363.1243643088303,138.6359223300971,18.093641300451154,13.619248401201261,0.05631141167866055,11.821811698168338,19.37154489379446,11.511023165146982,24.25780400906299
1192,39.740621178772315,0,437.0770762229806,295.07224118316265,492.69982282966333,292.6679321690711,386.11297250859104,184.37886597938143,384.45102135561746,116.2787836583101,18.093641300451154,13.619248401201261,0.05631141167866055,13.140971697728702,20.923013977354618,12.760601788092922,25.983739667470836
1193,39.77396062606994,0,437.08177702320313,295.1372382569326,492.69982282966333,292.6679321690711,403.4669561022672,167.66521948866375,400.4750988142292,99.599209486166,18.093835592366016,13.617200141394296,0.05758696447499312,14.151491112892822,22.141575194513177,13.723506406117426,27.303718835968475
1194,39.80730007336757,0,437.08177702320313,295.1372382569326,492.69982282966333,292.6679321690711,416.13488488488485,156.72922922922922,412.6933438985737,89.46328578975171,18.093835592366016,13.617200141394296,0.05758696447499312,14.906068552496981,22.953690669560896,14.48012315112408,28.122221227909083
1195,39.8406395206652,0,437.0770762229806,295.07224118316265,492.69982282966333,292.6679321690711,431.35444610034773,151.76130153999006,427.7523510971787,84.64498432601881,18.093641300451154,13.619248401201261,0.05631141167866055,15.845556048489748,23.334201915322595,15.447186687893993,28.5245169829634
1196,39.87397896796283,0,437.0197255574614,295.1137793024585,492.69982282966333,292.6679321690711,446.1525423728813,153.5593220338983,441.31556319862426,86.36314130123245,18.09202163255035,13.617923485360443,0.05707471973470255,16.776946667681926,23.213075330004212,16.33677815879361,28.399894756168848
1197,39.907318415260455,0,437.0020045819015,295.12943871706756,492.7001257861635,292.7484276729559,451.8283625730994,160.58976608187132,447.204843592331,93.85671039354187,18.091533774279196,13.614876063375124,0.055788333498171756,17.1437295835073,22.69843418722352,16.735327325453014,27.805510625666166
1198,39.94065786255808,0,436.895436164067,295.1967071057192,492.76805031446537,292.6201257861635,453.18298368298366,171.74271561771562,449.7060185185185,104.79662698412699,18.090484106734237,13.61680818895265,0.05945809324222524,17.244958035346812,21.88442416827292,16.917113320962677,26.941379052232733
1199,39.97399730985571,0,436.9256698357822,295.1852492077211,492.76805031446537,292.6201257861635,456.513633834168,182.63856427378965,452.78555231616457,116.40200842241657,18.091347270446494,13.617177409775547,0.05926205294233881,17.46632192722646,21.100923404818484,17.13466463879824,26.03754297110682
1200,40.00733675715334,0,436.7393087287639,295.23462214411245,492.76805031446537,292.6201257861635,457.69116360454944,194.35695538057743,454.7852216748768,128.16748768472905,18.086007670033837,13.615571675431955,0.060054407177445944,17.554059710913254,20.26744194575699,17.280669964916388,25.13303382234374
1201,40.04067620445097,0,436.7459900845727,295.289005540974,492.83545886471614,292.5608902225556,456.6669458403126,206.46203238414293,454.44367588932806,140.72101449275362,18.088204819546156,13.6157529656958,0.06220568490253194,17.507209597262747,19.4166681714649,17.27777543916436,24.17978701466023
1202,40.074015651748596,0,436.705589698566,295.3251390108282,492.83545886471614,292.5608902225556,458.457012282205,217.7980576978006,456.47581953911066,152.3807205452775,18.087070371026165,13.61460322588931,0.0628676409641747,17.6300032957456,18.632582858100676,17.422564096205367,23.30917424142259
1203,40.107355099046224,0,436.6149068322981,295.24755989352263,492.90206313696245,292.49043002734277,460.7605233219567,228.2056313993174,458.7637925338619,162.19127849355797,18.08631184973541,13.61927456254055,0.06258425815470384,17.780994087458307,17.92202023014407,17.57892727409003,22.586355570056003
1204,40.14069454634385,0,436.617994100295,295.28112094395277,492.90206313696245,292.49043002734277,458.63153384747216,237.8846043987432,457.73366336633666,171.8343234323432,18.086431473100646,13.618217322905444,0.06323557877956276,17.664702242503026,17.265924905356748,17.52740903937504,21.881358344564003
1205,40.17403399364148,0,436.62043580683155,295.3044758539458,492.9011613540894,292.57054608351865,458.560606060606,245.53234265734267,458.2424550695151,179.47846727704305,18.08649801929344,13.614943892707139,0.06213756741777206,17.669537260002546,16.753649283273194,17.568851367732737,21.329217010192604
1206,40.20737344093911,0,436.65845070422534,295.30164319248826,492.9011613540894,292.57054608351865,462.4815445769448,251.98069278818852,461.7361246348588,185.52904901006164,18.087593682840605,13.615043202285445,0.06211850241336761,17.909468683486523,16.327575726016967,17.79166187238077,20.898005090021424
1207,40.240712888236736,0,436.7769051774287,295.2876672484002,492.9011613540894,292.57054608351865,463.08484325568014,257.4719585849871,462.28089151098,190.9724680432645,18.091003151043246,13.615514990420145,0.061959154169708895,17.950815299775112,15.965464037299151,17.83133912222476,20.510665522837154
1208,40.274052335534364,0,436.7742782152231,295.254593175853,492.9011613540894,292.57054608351865,458.6456228956229,262.8291245791246,457.923773820681,196.21399562636674,18.090897350830055,13.616556995822574,0.06131583703475837,17.694773857413548,15.61136522008914,17.57066849970632,20.136429262494183
1209,40.30739178283199,0,436.253982566877,295.20949804628793,492.8519058023792,292.49065307113375,455.2677777777778,265.487037037037,456.20532319391634,200.42395437262357,18.07439467151949,13.620359044231012,0.06155624568448899,17.49922391421661,15.435811616166614,17.471158839516622,19.838838813559455
1210,40.34073123012962,0,436.2841726618705,295.23920863309354,492.8519058023792,292.49065307113375,456.2889983579638,266.6358784893267,456.5,203.5,18.075293974818024,13.619430302301815,0.062155334669174334,17.560679313730436,15.361545527332103,17.49318027290424,19.623442816790888
1211,40.37407067742725,0,436.253982566877,295.20949804628793,492.8519058023792,292.49065307113375,456.3837535014006,267.6853408029878,456.50170068027205,205.67721088435374,18.07439467151949,13.620359044231012,0.06155624568448899,17.567531659859014,15.293297633360943,17.496136030544232,19.471300641766046
1212,40.407410124724876,6,436.28390596745027,295.17781796262807,492.87594627594626,292.5697191697191,456.34749455337686,268.714596949891,456.51711156741953,207.64852840520192,18.075928826509838,13.618867851171009,0.059428686206545005,17.566661858945974,15.226366400882057,17.499648663209364,19.33388587333345
1213,40.440749572022504,6,436.34233423342334,295.2406240624062,492.8285991745569,292.8052925467346,457.96419753086417,269.63580246913574,458.2120295698925,209.3820564516129,18.076303587143705,13.609430327812863,0.056182423860620466,17.662631013260658,15.167476769628934,17.604793204803954,19.21448411654223
1214,40.47408901932013,6,437.22939677145285,296.95695270461624,493.2579453067258,294.4488790342449,459.0281385281385,271.12626262626264,460.1263333333333,211.415,18.115936157647724,13.503721563777228,0.05788867820189461,17.726739862386257,15.071424915582076,17.723393985643266,19.074698566515895
1215,40.50742846661776,6,437.34615384615387,299.1655518394649,493.7846839758719,297.72515079989506,460.6033333333333,273.82266666666663,460.4578896418199,214.33010648596323,18.136539202634516,13.331106145029135,0.03681335029497709,17.821993834418883,14.897849720296565,17.74688028996737,18.873134770361926
1216,40.54076791391538,6,437.5944350758853,301.94463181562674,493.9117647058824,300.5030165912519,460.48623853211006,276.6223241590214,460.435602428891,216.57782038990092,18.149826186109905,13.156741599801911,0.036779226529335074,17.818162461320686,14.717177314972941,17.74813175240365,18.717985526536825
1217,40.57410736121301,6,437.5,304.5,494.1993537161322,304.26795923440216,460.3542934415145,279.39012846517915,460.7212825933756,219.3735024665257,18.157646557729628,12.9589587719285,0.013311464402691589,17.813442030720545,14.539103881554125,17.76860207043916,18.5257839891537
1218,40.60744680851064,6,437.43845089903175,307.57316735822957,494.45660102115244,308.07610017019203,461.35915492957747,282.5884194053208,461.812925170068,222.58843537414964,18.165961511400923,12.744427135586715,-0.0007751703288392225,17.875425541585646,14.334652810562785,17.838044292336924,18.306029554975545
1219,40.640786255808266,6,435.7148772552499,312.6962437148772,492.656522764803,312.41448454824246,460.1458333333333,286.6577380952381,460.3292181069958,226.55460588793923,18.06942681653738,12.449869029702812,0.01399860542345541,17.809136784380105,14.074196168971953,17.75319930135358,18.0341398153254
1220,40.674125703105894,6,433.4343086632243,316.9360298336202,490.6130454967502,316.5,457.5199398043641,290.6741911211437,458.5,230.63551701991008,17.94969506238261,12.191645225714076,0.016763200290143807,17.661177970043255,13.817518489397013,17.64816017212775,17.7554904384661
1221,40.70746515040352,6,431.63861386138615,321.6287128712871,488.6683006535947,320.57563025210084,456.24683072334074,294.7501864280387,457.73827160493823,234.4601851851852,17.847578195904045,11.921183089882915,0.02828728761918242,17.5922249152113,13.558963577718874,17.607170513808516,17.49615179705288
1222,40.74080459770115,6,430.97403685092127,325.18146286990503,487.69847232657145,326.22113698973203,455.93295019157085,299.54469987228606,456.63545688545685,238.5,17.804906315432646,11.63932780823857,-0.011352179001274882,17.57981143590037,13.256945025171902,17.546265650748456,17.223267191184288
1223,40.77414404499878,6,429.6135135135135,328.5255255255255,486.6994301994302,330.47839506172835,455.74710424710423,303.55148005148004,456.5964743589743,242.53846153846155,17.74154129952503,11.407278181163278,-0.0283918059958564,17.57388984840869,13.005805716229439,17.54900279107774,16.952406925823666
1224,40.807483492296406,6,428.43027210884355,332.2244897959184,485.33700440528634,335.81277533039645,454.98686679174483,307.5797373358349,456.5,246.5,17.673644786747538,11.132857230827785,-0.05911321897905991,17.53502386180854,12.754140542146317,17.54821489271659,16.687870449423748
1225,40.840822939594034,6,426.89707889707887,336.7310947310947,484.0650579607286,340.4622663827774,454.59447583176393,311.6647834274953,456.43572567783093,250.55502392344496,17.59947891526879,10.856001950257474,-0.06140713793293319,17.517483023174304,12.500252996730437,17.549456249210408,16.418336812213894
1226,40.87416238689166,6,426.31498219665843,340.85675157491096,483.2306268794818,345.5820032384918,454.87207207207206,315.97297297297297,456.4454022988506,254.56736909323115,17.564486209388143,10.578195103694476,-0.08007450006400307,17.538605194129666,12.23406180942526,17.55501378803849,16.1528946461415
1227,40.90750183418929,6,425.58448229251144,345.3890240605569,482.6295784381479,351.02718267680257,454.58787878787876,321.0436363636364,456.2834828846793,259.03954802259886,17.532530187304513,10.279989230906498,-0.09653885021571598,17.528501692163506,11.922053364216739,17.550987393732342,15.858335794794996
1228,40.94084128148692,6,424.0506822612085,349.82762461709825,481.2182107175295,356.291553133515,453.05860805860806,325.5805860805861,455.6511766458147,264.35507893952934,17.455396305295338,9.991171666762732,-0.11120943855741897,17.44698413744342,11.64373617433446,17.520349787966733,15.50989063714596
1229,40.974180728784546,6,422.3613834422658,355.4624183006536,479.56018202502844,361.4398179749715,452.3395375070501,330.4658770445572,454.35727788279775,268.5680529300567,17.368672532422607,9.67185672922163,-0.10211206945775723,17.41228192419097,11.346025921056839,17.449668696811916,15.234737798643238
1230,41.007520176082174,6,420.6832924502589,360.23930226219676,478.0133958472873,366.9254297834338,450.5356550580431,335.3692647871752,453.2679440389294,273.02341849148416,17.285012298699957,9.369753540849054,-0.11447368081491695,17.31641186950044,11.048302710020042,17.391620222798345,14.945335602968408
1231,41.0408596233798,6,419.1176312968917,364.84673097534835,476.6713302242949,371.7570508549855,449.25252525252523,340.0920314253647,452.36285714285714,277.33809523809526,17.21027369855421,9.093337645415783,-0.11782540187151322,17.250193085328874,10.763254514714422,17.344432495457227,14.66653509090198
1232,41.07419907067743,6,417.56658723854906,369.29308975377285,475.0637927280644,376.9919442630089,448.5425361155698,344.36918138041733,451.5125479775612,281.77472689695895,17.128891418709493,8.811294109123608,-0.13178101028253403,17.215964690325432,10.50655932513565,17.300829588780054,14.381300599704522
1233,41.10753851797506,6,415.58822016460897,373.7463991769547,473.32708468002585,381.41327300150823,446.7594666666666,348.4544,450.162401263823,285.711532385466,17.032306710192092,8.553802531321601,-0.13042204818700726,17.12135349435565,10.262006633640917,17.227698554749704,14.129056467969887
1234,41.140877965272686,6,413.8471255478215,377.8290796597061,471.60450160771705,386.06195069667734,445.61713106295144,352.59442724458205,449.5144992526158,289.5829596412556,16.942761659034954,8.301754573243517,-0.14011232034232413,17.063149918135547,10.015563583613957,17.19552395260383,13.882450864364438
1235,41.174217412570314,6,412.94037522487787,381.60344384476997,470.46321467098164,390.93160733549075,445.4890547263681,356.9751243781094,449.4727164887307,293.4905100830368,16.89231528698252,8.053705297504663,-0.15965584855708445,17.062266023823074,9.756442771390908,17.198616583782332,13.63494181942494
1236,41.20755685986794,6,411.453717754173,385.8004552352049,469.1106109324759,395.8664523043944,444.69325735992396,361.22127255460583,448.8847773766546,297.4274969915764,16.820887170120937,7.792724407740966,-0.17177250981623418,17.02394474901021,9.506153827566674,17.17019809446545,13.386356797720328
1237,41.24089630716557,6,409.54853620955316,390.1797637390858,467.0931530371324,400.86241682764535,443.4516445753559,366.17378497790867,447.67022855446714,302.0317601662214,16.72038383071458,7.525904319670538,-0.1824026721242236,16.96202987649541,9.215533431025436,17.106767203916842,13.096736549458502
1238,41.2742357544632,6,408.04122938530736,395.09820089955025,465.9044639132248,406.3218606591572,442.56395891690005,370.93697478991595,447.18961896189614,306.3588358835883,16.654712227466053,7.2323653685171365,-0.1902144151658149,16.91979696122626,8.937592834153083,17.085419721938628,12.826230213238716
1239,41.30757520176083,6,406.51815920398,399.96442786069645,464.09995791245785,412.0073653198653,441.29291553133515,375.56993642143505,446.06541218637994,311.14964157706095,16.572251687888656,6.935491348047257,-0.2046224258505616,16.856359144215816,8.668440220934906,17.02797058524395,12.527933783336278
1240,41.340914649058455,6,404.45802098950526,405.2991004497751,461.9555555555555,417.8761006289308,439.667090754877,380.9020356234097,444.9504979496192,316.0896309314587,16.467095212745598,6.62191927575264,-0.21341990395194646,16.774739108052092,8.360248513635344,16.971580695813916,12.22201312618656
1241,41.37425409635608,6,402.51996081312757,410.33847661033553,460.10494596841227,424.0820864505403,438.8468686868686,386.3135353535353,444.0580344123651,321.3811606882473,16.373585528923485,6.30920248274571,-0.23200772340503165,16.738045708771942,8.049558783399197,16.92871345729807,11.896301604544357
1242,41.407593543653704,6,400.85271884906115,415.66666666666663,458.12909921129096,430.5448318804483,437.67829457364337,391.97596899224806,443.06309420916165,326.32958801498125,16.28508032213327,5.983337362209803,-0.2513622864392649,16.682846109209198,7.7262398610064285,16.87973676075484,11.593331172405131
1243,41.44093299095133,6,398.0647201946472,421.7978102189781,455.6990034573927,437.0276591417531,435.62303865288936,398.0003827018752,441.09875495189584,332.07809847198644,16.155774478609906,5.636570970834563,-0.254843722067583,16.580065607987756,7.384073865405068,16.77736859814742,11.243047910150997
1244,41.47427243824896,6,394.96385249878693,427.99442018437645,452.5220318237454,443.57813137494895,432.7457264957265,403.78917378917373,439.0068434559453,337.695751354434,15.999062456804925,5.28830512763181,-0.2601341722038531,16.432713200136888,7.057022376449911,16.66822090360031,10.902781333922766
1245,41.50761188554659,6,391.8859460749224,434.420901932713,449.7171411265899,450.16131637391476,430.6073684210526,409.85298245614035,437.0016680567139,343.4000556018904,15.854257380032006,4.935277329696056,-0.26068094977107875,16.326915753864355,6.7168731346111565,16.564771663348075,10.559447287777063
1246,41.540951332844216,6,389.04866008462625,440.42947813822286,446.894747235387,456.77942338072666,428.0644605308514,416.05860048259217,434.8884320175438,348.953673245614,15.715811498437642,4.595010905863201,-0.26954047188557356,16.20013403953588,6.370887426154217,16.455632229149252,10.227152734216121
1247,41.574290780141844,6,385.86311609437047,446.40270964727864,443.63184663536776,463.40492957746477,425.60145681581685,422.08324661810616,432.52613051719464,354.590035201733,15.55729515773297,4.257606495458223,-0.2793593549901744,16.078146970017347,6.0371413378002705,16.333363986780352,9.891856880643466
1248,41.60763022743947,6,382.8670813176687,452.0294862934807,440.68101609462866,469.3451619158425,422.8051128818061,427.1547144754316,430.31591639871385,359.39817792068595,15.41206861600805,3.9496982772729585,-0.2832844675547804,15.93712026303706,5.757598444230892,16.218768008462987,9.60736394018814
1249,41.6409696747371,6,380.09617560534053,456.92147544693364,438.00692883895124,474.2492509363296,420.3372937293729,431.8950495049505,428.00681384573454,363.8133006268738,15.27906349147755,3.690255643423524,-0.28236570242276443,15.813817426669614,5.497694282784969,16.09850248144717,9.347313165424247
1250,41.67430912203473,6,378.2381265047056,460.09104836944624,436.2450419527078,478.2950038138825,418.9969574036511,435.3874239350913,426.9323553382233,366.8663406682967,15.191471808959836,3.5002329829491456,-0.2949255739692831,15.748981675816488,5.307179469320881,16.04469833546771,9.168425853681352
1251,41.707648569332356,6,377.0724541639054,462.1000662690524,434.826129283489,480.711253894081,418.1812458581842,437.6000662690523,426.03551912568304,368.7486338797814,15.128401206169482,3.3839673995695,-0.30206868936625253,15.70981820533299,5.186842832280014,15.998601791535894,9.058334426772557
1252,41.740988016629984,6,376.6396396396396,462.55680070314213,434.373348650201,481.2448784223626,417.7218368021143,438.2732077964981,425.53694581280786,369.1050903119869,15.10622915359409,3.357942105766961,-0.3032631315636584,15.686613035462859,5.150225544467123,15.97163726500674,9.037379890799247
1253,41.77432746392761,6,376.58796895213453,462.611254851229,434.33847913093194,481.3123689727463,417.895559724828,437.81081926203876,425.6074074074074,368.49876543209876,15.104088656089344,3.3547420058677218,-0.3033698577168446,15.694955890584836,5.17533351505957,15.974336795154224,9.072716777519291
1254,41.80766691122524,6,376.5325124216893,462.65759343270685,434.303273980471,481.2345395366647,418.38644846396784,437.17743324720067,426.22222222222223,367.14868883482023,15.101714099462775,3.35552687441985,-0.30137462704935497,15.719937535642309,5.209821518506029,16.00579618522299,9.151665926201956
1255,41.84100635852287,6,376.5492104693921,462.65585117888816,434.33847913093194,481.3123689727463,419.4054054054054,436.2406692406692,427.1533168180567,364.8849435728048,15.103135276533969,3.3535595214481426,-0.30249470805557677,15.772614334954755,5.260958300828125,16.05309695729754,9.2842618544932
1256,41.8743458058205,6,376.58031869078377,462.671188630491,434.33847913093194,481.3123689727463,420.80361581920897,433.8664406779661,428.62080986859746,361.320193081255,15.103980051890503,3.3531586838509453,-0.3024135570342231,15.842808458586356,5.390436277354744,16.127888123891367,9.493719892193557
1257,41.907685253118125,6,376.4596153846154,462.7245726495726,434.303273980471,481.2345395366647,422.86767746381804,428.1511601194578,430.24240041928715,355.4415618448637,15.09989479884722,3.3537490835973447,-0.29998905576763524,15.942436770703463,5.7030383544798395,16.20720913411783,9.84056687215909
1258,41.94102470041575,6,376.4596153846154,462.7245726495726,434.303273980471,481.2345395366647,425.6491935483871,419.19220430107526,432.64826175869115,345.9243353783231,15.09989479884722,3.3537490835973447,-0.29998905576763524,16.07525608270385,6.196666436289195,16.324362793563783,10.406676819602538
1259,41.97436414771338,6,376.4596153846154,462.7245726495726,434.303273980471,481.2345395366647,427.9427697684578,405.9755351681957,434.00408997955003,331.61042944785277,15.09989479884722,3.3537490835973447,-0.29998905576763524,16.174927448738664,6.932746728030484,16.37468078806894,11.26811248290159
1260,42.00770359501101,6,376.43048469387753,462.8025085034013,434.303273980471,481.2345395366647,427.54716175842935,390.04886897140415,433.054964539007,315.7816616008105,15.099247547745795,3.351687932212057,-0.29865137246938506,16.12340570710499,7.832197081901731,16.291357836772615,12.235178846388942
1261,42.04104304230864,6,376.424049288294,462.79796048438493,434.303273980471,481.2345395366647,426.5437916935657,372.38110608995044,430.7167543200601,300.0643626346105,15.09907065267091,3.3518071421047697,-0.29868968622913655,16.03396173623445,8.84739171859631,16.126780617455964,13.211260308514522
1262,42.074382489606265,6,376.424049288294,462.79796048438493,434.27364607170097,481.16113653699466,420.15741857659833,356.2605548854041,423.45660818713446,284.71181286549705,15.098236969951676,3.353708617503778,-0.2977156483991746,15.645216022585094,9.787971200779216,15.674236900923889,14.17822455648085
1263,42.10772193690389,6,376.43048469387753,462.8025085034013,434.27364607170097,481.16113653699466,405.8664161970361,342.98580672093505,409.68247228119833,272.22104269874967,15.098413865026561,3.353589407611066,-0.2976771792486084,14.812235787822916,10.57047854167728,14.840608541173463,14.972380228122914
1264,42.14106138420152,6,376.382614213198,462.76163282571906,434.27364607170097,481.16113653699466,390.37256176853055,334.29713914174255,394.8203106332138,264.410513739546,15.097087011760234,3.354662140579285,-0.29807117002302974,13.914299536010468,11.085598149991778,13.947147258182573,15.470663739927668
1265,42.17440083149915,6,376.43048469387753,462.8025085034013,434.26442672741075,481.07839787395596,373.57657068062827,330.7602530541012,378.8551346199666,262.0066714319752,15.098107878827394,3.3557357703698543,-0.2964604728557528,12.953756035162085,11.291710060342657,13.00208534853604,15.61811223517635
1266,42.20774027879678,6,376.510773130545,462.783481199831,434.26442672741075,481.07839787395596,353.458257529816,333.1867798665858,358.92145862552593,264.40018700327255,15.100196792539467,3.356248555143699,-0.29714373998048305,11.827906890878896,11.135758765365054,11.84349641785473,15.45037338979689
1267,42.241079726094405,6,376.422446406053,462.8337536780159,434.26442672741075,481.07839787395596,330.2285191956124,339.3440991265488,337.6196883852691,270.5396600566572,15.097944462432562,3.354909959524008,-0.29594112419840213,10.549503745174539,10.754934913680563,10.628287486708421,15.039934165916481
1268,42.27441917339203,6,376.4987389659521,462.4924337957125,434.3045685279188,481.19872156420377,308.91239048811013,349.4566124322069,317.9504830917874,280.51062801932363,15.100571732501205,3.3608128385258587,-0.30318746477379904,9.409670421536212,10.143035370946404,9.53902724187063,14.388428941391991
1269,42.307758620689654,6,376.6078305519897,462.3915275994865,434.3388101983003,481.1316336166194,292.3789808917197,363.89915074309977,302.44625648628613,294.9098097356066,15.104139229935392,3.365236989678208,-0.30408642647604606,8.573858133758547,9.287155800230185,8.729220498581718,13.46800709838843
1270,42.34109806798728,6,376.5616237706633,462.52019250889305,434.37887377173087,481.04289493575203,279.26924677486477,381.02226383687054,289.5369565217391,311.3289855072464,15.10410146553048,3.364141450445973,-0.3003402277896821,7.955672345850137,8.292477738618615,8.093201670067149,12.439216722068249
1271,42.37443751528491,6,376.57070707070704,462.4448653198653,434.405379984951,480.97046651617757,267.01548492257535,400.720456397718,277.237506065017,330.3309073265405,15.10486262580887,3.368014928168545,-0.3003089350058546,7.411738267549951,7.171737279481418,7.520153787249131,11.273253101705832
1272,42.40777696258254,6,376.79302971990586,462.32435321787466,434.4336937962436,480.937583001328,255.4134382566586,420.0801049233252,266.7913357400722,348.10421179302045,15.111259611436392,3.3720836153366074,-0.30261639239203186,6.91179534691186,6.093038800262998,7.053868668731713,10.205075651093484
1273,42.441116409880166,6,376.77203065134097,462.2567049808429,434.36921032649957,480.7868261199696,247.33798351299936,437.1612766856901,259.33560090702946,365.0836482741244,15.108792644384128,3.3777736535221043,-0.3015702142209454,6.593912720488805,5.16000329625857,6.756041100425587,9.204800842621648
1274,42.474455857177794,6,376.7923673997413,462.1170763260026,434.421602126044,480.6455960516325,241.97937710437708,451.0486111111111,254.5460886895864,377.7957149975087,15.110376537377508,3.3851377302919894,-0.3014063215483097,6.403261773022563,4.413845819402144,6.580023438874388,8.468087507712701
1275,42.50779530447542,6,376.81493506493507,462.184632034632,434.4843159486016,480.5837112622827,236.48417591450882,462.3503904644471,249.18937125748502,389.30763473053895,15.112673700945582,3.384970791679949,-0.29922708414614196,6.190602136413223,3.8141064651946044,6.367144896007827,7.80910227979792
1276,42.54113475177305,6,376.8191466320121,462.19536495559885,434.4843159486016,480.5837112622827,231.50043975373788,470.99626209322776,245.00078308535632,397.8373792743409,15.11280154448855,3.3846878539703322,-0.2990825553229984,5.988847429160244,3.3597740370872287,6.199181631080293,7.325922600632784
1277,42.57447419907068,6,376.8191466320121,462.19536495559885,434.5262660619803,480.58484504913076,228.49705758722152,476.1809583858764,242.17600409311842,402.955231517012,15.113902437647262,3.3846634336221495,-0.2988956903767606,5.867945193382535,3.0892421137243193,6.08228145447521,7.037995043688722
1278,42.60781364636831,6,376.8191466320121,462.19536495559885,434.561136192626,480.5144845748683,224.13372093023256,480.78811369509043,238.5326114978087,407.26450116009283,15.114762356513207,3.3864948503232166,-0.29765229508099567,5.673019978117153,2.849642481058502,5.916114376769132,6.796337183640625
1279,42.641153093665935,6,376.8191466320121,462.19536495559885,434.561136192626,480.5144845748683,219.37620849096257,484.2656578394283,234.5305857957491,411.01892172109893,15.114762356513207,3.3864948503232166,-0.29765229508099567,5.450596729573155,2.669204021506758,5.727413195655635,6.586425495634316
1280,42.67449254096356,6,376.80800173950854,462.1282887584257,434.561136192626,480.5144845748683,214.79830839297333,487.8937323790934,230.44013713080167,414.4754746835443,15.114363940914846,3.3882651352942967,-0.298629614595879,5.239360062011927,2.481744814129406,5.532550787729148,6.39378433523548
1281,42.70783198826119,0,376.80800173950854,462.1282887584257,434.61408504176154,480.3733864844343,211.01822222222222,491.48533333333336,226.64397622906534,418.23933009184225,15.11564331951304,3.3919361460396242,-0.2962200591896553,5.069858429160127,2.2970366454485847,5.3564594005711745,6.18504505183085
1282,42.74117143555882,0,376.81274382314695,462.0736887732986,434.61114302125213,480.36147807773307,208.71723834652593,494.4287598944591,224.46279640228946,421.6056146088852,15.115597270843363,3.3936880230735045,-0.2969155825800916,4.972505900263937,2.146348125695628,5.2645253145438895,5.999450452046535
1283,42.77451088285645,0,376.81274382314695,462.0736887732986,434.6449399656947,480.4433009338669,206.05213903743316,495.75579322638146,221.98830409356722,423.2004253056884,15.116546832725898,3.391566841511864,-0.2980001547650863,4.84484143028057,2.078203788010828,5.144040276487098,5.91129925459876
1284,42.807850330154075,0,376.8255208333333,462.05490451388886,434.6449399656947,480.4433009338669,204.45219818562455,497.3914863921842,220.58145989453232,424.1942825423258,15.116854911561578,3.392064737937697,-0.2983511101876522,4.774474307048751,1.9947068270410282,5.076286600599786,5.856485007336798
1285,42.8411897774517,0,376.8969027507039,461.9324236517219,434.68925904652497,480.497032356883,206.70481927710844,497.74810352521195,222.1907064195541,425.0999194198227,15.119752654343364,3.393919694171011,-0.30118409179822325,4.89305061085738,1.9770819048010626,5.169013638117472,5.807489195070841
1286,42.87452922474933,0,376.9381667755279,461.990855649902,434.68925904652497,480.497032356883,212.21350324167224,498.88016990833887,226.2614583333333,425.2479166666666,15.120932698355627,3.392381387330245,-0.30049044664838526,5.1847612287272895,1.9208098586450801,5.387529053954897,5.800672817469176
1287,42.90786867204696,0,376.9982467674775,462.0190664036818,434.65551067512985,480.41507982304284,217.31360544217688,499.187074829932,229.974043715847,425.577868852459,15.12161415072627,3.3937684578513236,-0.2992664622362853,5.449398010372891,1.9063340690991846,5.588234965006643,5.78380600394638
1288,42.94120811934459,0,377.00087546509076,461.9973736047275,434.68925904652497,480.497032356883,219.88742487286174,499.19440591770683,231.940447318782,425.2285098356238,15.122598194294014,3.392217443042165,-0.30069916751434067,5.5819138628865534,1.906512663900879,5.690765625347534,5.803503058359819
1289,42.974547566642215,0,376.9982467674775,462.0190664036818,434.72260536398466,480.35574712643677,220.83088749126486,499.2730025623107,232.4894043528064,425.15578465063,15.123327873812848,3.395317610461965,-0.2980340442818465,5.631019812153157,1.9027279444113194,5.7195748065012255,5.8076479888279415
1290,43.00788701393984,0,377.00087546509076,461.9973736047275,434.7410373760488,480.44565217391306,220.8036881419234,499.26960784313724,232.35555555555555,425.2689458689458,15.123916354971868,3.3935580844886335,-0.2996629057044977,5.6295963066561985,1.9028943067533868,5.713234170117036,5.801423112967195
1291,43.04122646123747,0,376.99956169186936,461.9598948060487,434.72372199885126,480.3453953666475,220.7939733707078,499.2688624153235,232.52260600954787,424.9019938219601,15.12329205204031,3.397150040130458,-0.298787545602284,5.629091117745183,1.9029300373790492,5.719530559893854,5.821528148753903
1292,43.0745659085351,0,377.0625272331154,461.92636165577335,434.74213836477986,480.43529635982463,220.81432236995565,499.2600886400746,232.44648829431438,425.005016722408,15.125454572015734,3.395711393599507,-0.30089461417949714,5.630077525852416,1.903379388308672,5.716201315903315,5.815873705733496
1293,43.10790535583273,0,376.980520901729,461.9929962792733,434.72372199885126,480.3453953666475,220.76113455227377,499.2834036568214,232.49066447007135,425.11065348709496,15.122840784073226,3.396273025898841,-0.29818508746395045,5.627501947083431,1.9021855032936874,5.719318793117622,5.810114559687452
1294,43.141244803130355,0,376.8656618610747,461.9746614242027,434.6966590736522,480.3923690205011,220.65425158116656,499.28859217615366,232.4401214128035,425.07339955849886,15.119106802269979,3.3955189367533034,-0.2987528521486251,5.622036886268654,1.9018995035977153,5.7163511693964875,5.812134607236548
1295,43.174584250427976,0,376.87380793967617,461.8744732756708,434.62693798449607,480.61143410852713,220.4801012192316,499.3917644352427,232.21654695397712,425.6296887470072,15.117507111218924,3.3924693173332168,-0.3040037265169686,5.613791087532696,1.8966298740248417,5.70839361312117,5.781673607083992
1296,43.207923697725604,0,376.8542404913772,462.2896291046539,434.5910592808552,480.6969873663751,220.3956602031394,499.39958448753464,232.13794954374663,425.618625872249,15.116760909179652,3.379274069284643,-0.29901398374558524,5.609499697611742,1.8962152618656836,5.704115771865438,5.782253369714786
1297,43.24126314502323,0,376.5630372492837,462.40162368672395,434.5492985575973,480.85378383718626,220.1109573241061,499.50911188004613,231.869344042838,425.6077643908969,15.108275705188241,3.3722021145913024,-0.29846174136390696,5.595610083788687,1.8906004118885193,5.689689480362126,5.7827630090963655
1298,43.27460259232086,0,376.69961519961515,462.31649831649827,434.3240356083086,481.22334322453014,219.95303867403314,499.5140423572743,231.69610248023983,425.8579994548923,15.10612884055373,3.364848543475593,-0.3071608588977724,5.587517713337838,1.8903166945917933,5.682232435145032,5.7690437304771605
1299,43.30794203961849,0,376.4456495541094,462.66305133767173,434.3572558323448,481.2609727164887,219.89171828401007,499.4911676990135,231.540548098434,426.3861856823266,15.100865969989254,3.35469185229357,-0.30100148633974133,5.584202733626588,1.8914634959773318,5.677718184124273,5.740162629177571
1300,43.34128148691612,0,376.55572365103376,462.81568330811893,434.4297619047619,481.2674603174603,219.58247540608554,499.5756119881034,231.29332229580572,426.3040838852097,15.105913873408173,3.350517319999761,-0.2989489809791167,5.5688777033719425,1.8871157687485296,5.663927252220331,5.744566713374522
1301,43.374620934213745,0,376.61488185017595,463.0656108597285,434.41090398877526,481.6077370214472,219.49260523321954,499.5417519908987,231.16029900332225,426.3887043189369,15.107633036331467,3.335097394720326,-0.30067497182856423,5.564016878167478,1.8888133984255346,5.657432718672012,5.739907273381634
1302,43.40796038151137,0,376.19647798742136,462.737358490566,433.8793969849246,482.0209380234505,219.3894952251023,499.5384265575261,231.0965058236273,426.4134775374376,15.082475006224776,3.3329262219402285,-0.31250007376305355,5.55868770748451,1.8889600037706866,5.654204684915228,5.7385355672499605
1303,43.441299828809,0,377.9232,461.8962666666666,434.48809523809524,481.9638528138528,219.3970420932878,499.54675767918087,231.06978037253262,426.39505143174864,15.142650982923918,3.356918979223577,-0.330403584761909,5.559134208319617,1.8885391950311614,5.652645152447016,5.739532828186303
1304,43.47463927610663,0,380.26129541864134,455.66319115323853,437.50818505338077,473.3053380782918,219.3605627410937,499.53846153846155,231.0505134610047,426.38939772411874,15.26770459139613,3.7483336263398845,-0.29051489659393187,5.557199110443827,1.888952054832634,5.651575730571395,5.7398353912253235
1305,43.50797872340426,0,385.0197172619047,443.89322916666663,442.7405112316034,459.10999225406664,219.3578231292517,499.60725623582766,230.9576107899807,426.34929810074317,15.504652797537467,4.438556060285356,-0.2516262979576078,5.557538321942508,1.8854634246393238,5.646326639689263,5.741994967494116
1306,43.541318170701885,0,393.4737423991155,427.7987838584853,452.0053900709219,438.1316312056737,nan,nan,nan,nan,15.94183530186093,5.44063073798402,-0.17069516373326243,nan,nan,nan,nan
1307,43.57465761799951,0,404.87733773377335,406.1215621562156,464.08742290158216,411.92652185572535,nan,nan,nan,nan,16.534846068422492,6.764579529281722,-0.09391059183737056,nan,nan,nan,nan
1308,43.60799706529714,0,414.80277777777775,380.6944444444444,473.88966318234606,384.30516840882694,nan,nan,nan,nan,17.034916277738695,8.270217285747163,-0.05660743588688659,nan,nan,nan,nan
1309,43.64133651259477,0,423.4573913043478,356.0527536231884,483.1849710982659,356.1230388109001,nan,nan,nan,nan,17.500360300960843,9.812118526438638,0.006281276286783622,nan,nan,nan,nan
1310,43.6746759598924,0,431.5970302099334,332.36149513568864,490.5130293159609,330.21036916395224,nan,nan,nan,nan,17.909791653852267,11.300398120878304,0.047205543613464414,nan,nan,nan,nan
1311,43.708015407190025,0,438.36021505376345,311.5439068100358,496.9815116911364,308.0413268080478,nan,nan,nan,nan,18.268499896380526,12.623133732494704,0.07330045383361034,nan,nan,nan,nan
1312,43.74135485448765,0,442.5804143126177,295.271186440678,501.1335858585858,290.8272727272727,nan,nan,nan,nan,18.49778791737119,13.675038235063564,0.09186327404357116,nan,nan,nan,nan
1313,43.77469430178528,0,444.8269873079492,283.9919839679359,503.2067805383022,278.89906832298135,nan,nan,nan,nan,18.615969888849143,14.415219499786879,0.105059161642082,nan,nan,nan,nan
1314,43.80803374908291,0,445.6744114002478,276.432156133829,503.09919709919706,272.65915565915566,nan,nan,nan,nan,18.63255977388537,14.85921240807625,0.08202620199040174,nan,nan,nan,nan
1315,43.84137319638054,0,444.5,274.5,501.79076838032057,270.4179104477612,nan,nan,nan,nan,18.558613948615974,14.993461697434007,0.08826624851023218,nan,nan,nan,nan
1316,43.874712643678166,0,442.50580270793034,275.2098646034816,499.6955922865013,271.703305785124,nan,nan,nan,nan,18.439217241997333,14.927698273903456,0.07729283375261495,nan,nan,nan,nan
1317,43.908052090975794,0,439.9491469816273,278.498031496063,497.0307610713338,275.0816759480244,nan,nan,nan,nan,18.288959698116333,14.711098620063087,0.07548011269987247,nan,nan,nan,nan
1318,43.94139153827342,0,436.353734781178,282.0779861796644,493.6207926167209,279.5,nan,nan,nan,nan,18.087524640566716,14.452060275862951,0.058974979314299576,nan,nan,nan,nan
1319,43.97473098557105,0,434.26784544859197,286.2953503601833,491.21814724259707,283.4183645748438,nan,nan,nan,nan,17.96080027828188,14.190603381229696,0.06477962756517588,nan,nan,nan,nan
1320,44.00807043286868,0,431.6927354883559,288.74139728884256,488.0203217612193,287.3000282246683,nan,nan,nan,nan,17.795598107587345,13.987354448008112,0.037335688916628126,nan,nan,nan,nan
1321,44.0414098801663,0,429.0834885164494,292.64183736809434,485.79135285913526,290.1609483960948,nan,nan,nan,nan,17.659514130068125,13.77151060881749,0.057030700917096645,nan,nan,nan,nan
1322,44.07474932746393,0,428.51827136955825,292.6533206228154,484.2435786435786,291.215873015873,nan,nan,nan,nan,17.59839014772607,13.737108866680488,0.03739793906536498,nan,nan,nan,nan
1323,44.108088774761555,0,428.49445471349355,293.40511398644486,484.636173393124,291.39701046337814,nan,nan,nan,nan,17.60990229599764,13.707710223141763,0.04826937984266768,nan,nan,nan,nan
1324,44.14142822205918,0,428.5251310514955,293.58032685784764,484.9944395668715,291.65730172666076,nan,nan,nan,nan,17.621404142579774,13.694029419765933,0.04638716894742413,nan,nan,nan,nan
1325,44.17476766935681,0,428.5,293.5,484.96871345029234,291.66315789473686,nan,nan,nan,nan,17.619848724445074,13.696366865212264,0.04472303525613369,nan,nan,nan,nan
1326,44.20810711665444,0,428.44424460431657,293.41007194244605,484.72778269855326,291.09565987599643,nan,nan,nan,nan,17.611071388960536,13.717120915030968,0.054119207047391385,nan,nan,nan,nan
1327,44.24144656395207,0,428.32397342995165,293.1564009661835,484.00201845444053,290.7004036908881,nan,nan,nan,nan,17.58620412492105,13.737445833327842,0.057400740148105776,nan,nan,nan,nan
1328,44.274786011249695,0,428.32397342995165,293.1564009661835,483.9828687572589,290.60772357723573,nan,nan,nan,nan,17.585633806119702,13.74038151254669,0.0592370733981277,nan,nan,nan,nan
1329,44.30812545854732,0,428.3345377898223,293.19241192411926,483.9828687572589,290.60772357723573,nan,nan,nan,nan,17.58597670217965,13.739246691630946,0.05995171714665058,nan,nan,nan,nan
1330,44.34146490584495,0,428.3087878787878,293.1115151515151,484.05311513063447,290.75911570485215,nan,nan,nan,nan,17.587210800668345,13.737010733773861,0.05531461363544769,nan,nan,nan,nan
1331,44.37480435314258,0,428.34233423342334,293.2406240624062,484.14004629629625,290.74565972222223,nan,nan,nan,nan,17.590836568564,13.733391195590919,0.05805598728187002,nan,nan,nan,nan
1332,44.40814380044021,0,428.3318291215403,293.20457280385074,483.93637145313846,290.74921180854113,nan,nan,nan,nan,17.584583186020875,13.734359922312454,0.0574493572621186,nan,nan,nan,nan
1333,44.441483247737835,0,428.29984779299843,293.05418569254186,483.9744022503516,290.97496483825597,nan,nan,nan,nan,17.58464113695269,13.731951069339189,0.050011512726315675,nan,nan,nan,nan
1334,44.47482269503546,0,428.26128550074736,293.2762331838565,483.94821477241754,290.8329245025892,499.2059496567506,168.9237223493516,476.2764227642276,114.89593495934959,17.58297519201971,13.729424869871789,0.057137763559186525,20.10401285607125,22.126055199768455,18.64089560738139,26.176421229004248
1335,44.50816214233309,0,428.4012797074954,293.43266301035953,483.9117806731813,291.0344733984799,487.63408521303256,194.38847117794484,484.56827309236945,154.08032128514057,17.58615879776958,13.718118078358,0.056393259737108424,19.389007690753065,20.28724199076954,19.18757291580579,23.206391054188426
1336,44.54150158963072,0,428.34233423342334,293.2406240624062,483.97948308020244,290.9485744737543,nan,nan,nan,nan,17.58620687950207,13.726910853085023,0.05421105735914301,nan,nan,nan,nan
1337,44.57484103692835,0,428.3845695561513,293.3318439082514,483.89131607335486,291.11839266450914,nan,nan,nan,nan,17.584990120610225,13.718630842446125,0.052764342980728345,nan,nan,nan,nan
1338,44.608180484225976,0,428.34233423342334,293.2406240624062,483.97948308020244,290.9485744737543,nan,nan,nan,nan,17.58620687950207,13.726910853085023,0.05421105735914301,nan,nan,nan,nan
1339,44.641519931523604,0,428.4736200060994,293.4443427874352,484.2252675541634,291.12424954320016,nan,nan,nan,nan,17.59737482837414,13.715005010017848,0.054657469171380736,nan,nan,nan,nan
1340,44.67485937882123,0,428.42294883439297,293.35392067817133,484.15115667718186,291.13590956887487,nan,nan,nan,nan,17.593666901979027,13.717457773022304,0.05267936263810413,nan,nan,nan,nan
1341,44.70819882611886,0,428.4021739130435,293.3188405797101,484.2396825396825,291.21455026455027,nan,nan,nan,nan,17.59561114708824,13.716090078658494,0.05036984785705271,nan,nan,nan,nan
1342,44.74153827341649,0,428.44424460431657,293.41007194244605,484.2396825396825,291.21455026455027,nan,nan,nan,nan,17.596922108282282,13.71321973146772,0.05218349370104406,nan,nan,nan,nan
1343,44.774877720714116,0,428.4661921708185,293.45640569395016,484.1352925602329,291.23643102991787,nan,nan,nan,nan,17.594578292712015,13.711040415926625,0.05275878132999027,nan,nan,nan,nan
1344,44.808217168011744,0,428.4404022478557,293.42176870748295,484.22983976884683,291.3251904386656,nan,nan,nan,nan,17.59655423871656,13.709338315833875,0.05024905012584105,nan,nan,nan,nan
1345,44.84155661530937,0,428.4404022478557,293.42176870748295,484.2387028176501,291.4859117490696,nan,nan,nan,nan,17.596835725194072,13.70424505393467,0.04709392691825434,nan,nan,nan,nan
1346,44.874896062607,0,428.4661921708185,293.45640569395016,484.23847167325425,291.6297760210803,nan,nan,nan,nan,17.59763221443134,13.698597502224061,0.04496899013875589,nan,nan,nan,nan
1347,44.90823550990462,0,428.4661921708185,293.45640569395016,484.23847167325425,291.6297760210803,nan,nan,nan,nan,17.59763221443134,13.698597502224061,0.04496899013875589,nan,nan,nan,nan
1348,44.94157495720225,0,428.4661921708185,293.45640569395016,484.23847167325425,291.6297760210803,nan,nan,nan,nan,17.59763221443134,13.698597502224061,0.04496899013875589,nan,nan,nan,nan
1349,44.97491440449988,0,428.5978260869565,293.6811594202899,484.31238544121493,291.624247185127,nan,nan,nan,nan,17.603814039057525,13.691730211550563,0.04951297312744812,nan,nan,nan,nan
1350,45.008253851797505,0,428.4413988657845,294.2366099558916,484.2651574290918,291.70153525891226,nan,nan,nan,nan,17.598510389559546,13.671694291033582,0.05876398831439353,nan,nan,nan,nan
1351,45.04159329909513,0,430.5,294.5,486.1115548455804,292.5495207667732,nan,nan,nan,nan,17.711939332960533,13.637556047739915,0.04745330534647748,nan,nan,nan,nan
1352,45.07493274639276,0,431.7248441674087,295.104482042149,487.6725758796669,293.1745903840988,nan,nan,nan,nan,17.793263783321116,13.599443595320166,0.04679022701297543,nan,nan,nan,nan
1353,45.10827219369039,0,430.5,294.5,486.34407776925036,292.9874648247633,nan,nan,nan,nan,17.71873486591167,13.623753076193562,0.03872620635564539,nan,nan,nan,nan
1354,45.14161164098802,0,428.7080996884735,294.4299065420561,484.89583333333326,291.89082278481015,nan,nan,nan,nan,17.624742456119527,13.6598357579579,0.058509501254992206,nan,nan,nan,nan
1355,45.174951088285646,0,428.6456766917293,294.57142857142856,484.7557988011467,291.8704717227,nan,nan,nan,nan,17.619019521604056,13.655962414217498,0.061720180088557584,nan,nan,nan,nan
1356,45.208290535583274,0,429.2304526748971,294.1031746031746,484.98334634400203,291.4361176164455,nan,nan,nan,nan,17.641975396445677,13.684719282751411,0.06141762833796058,nan,nan,nan,nan
1357,45.2416299828809,0,429.4270020237063,293.79531656548136,485.2810666666666,291.3416,nan,nan,nan,nan,17.655967989137856,13.697565284324595,0.057167419634893836,nan,nan,nan,nan
1358,45.27496943017853,0,429.3147067000278,293.56185710314145,485.3171314741036,291.28499335989375,nan,nan,nan,nan,17.653522327674096,13.706711508232091,0.05360237969464493,nan,nan,nan,nan
1359,45.30830887747616,0,429.536017529444,293.5499863051219,485.58232608111734,291.3486435670158,nan,nan,nan,nan,17.667612743652285,13.705197689213737,0.052095232676973274,nan,nan,nan,nan
1360,45.341648324773786,0,429.47863945578223,293.4680272108843,485.6490525753936,291.2679476914865,nan,nan,nan,nan,17.66779659284137,13.710347483264503,0.05198008440678835,nan,nan,nan,nan
1361,45.374987772071414,0,430.5713856327021,293.62548842801317,485.9823451910408,291.75942028985503,nan,nan,nan,nan,17.709279199422895,13.690172599649058,0.04596916618667305,nan,nan,nan,nan
1362,45.40832721936904,0,431.57130657557644,294.0697409621406,486.62048952813524,291.6424425939944,nan,nan,nan,nan,17.757128049814334,13.680290412344203,0.05732508867739437,nan,nan,nan,nan
